id,hdr_path,ldr_path,height,width,tmqi_q,tmqi_s,tmqi_n,tmqi2_q,tmqi2_s,tmqi2_n,nlpd
a2808,/mnt/data_disk/HDRData/1000hdr/HDRtest/a2808-20080516_072208__MG_0018.exr,/mnt/data_disk/ZQL/TIP_TMO_result/dnn/UnCL/a2808.png,341,512,0.9384340018751987,0.8402149012778088,0.859800606350039,0.5124865172726366,0.8313536392433456,0.1936193953019277,0.19298546016216278
a2824,/mnt/data_disk/HDRData/1000hdr/HDRtest/a2824-dvf_035.exr,/mnt/data_disk/ZQL/TIP_TMO_result/dnn/UnCL/a2824.png,341,512,0.7432038251852793,0.7319488534392574,0.02524113668445524,0.3066416292846282,0.6132832585692563,5.57788379209942e-17,0.08746729046106339
a2854,/mnt/data_disk/HDRData/1000hdr/HDRtest/a2854-NKIM_MG_7374.exr,/mnt/data_disk/ZQL/TIP_TMO_result/dnn/UnCL/a2854.png,341,512,0.8909035818592355,0.8935342111621393,0.471697503474813,0.42748883510314667,0.8376728105737786,0.0173048596325147,0.29548928141593933
a2861,/mnt/data_disk/HDRData/1000hdr/HDRtest/a2861-IMG_4397.exr,/mnt/data_disk/ZQL/TIP_TMO_result/dnn/UnCL/a2861.png,341,512,0.715338909803864,0.6137799644883913,0.05313525579939132,0.3126499837543287,0.6252999675086574,4.1275929453741504e-25,0.16661827266216278
a2862,/mnt/data_disk/HDRData/1000hdr/HDRtest/a2862-_DSC0055.exr,/mnt/data_disk/ZQL/TIP_TMO_result/dnn/UnCL/a2862.png,340,512,0.9124607252859042,0.8585698858431673,0.6571042734953922,0.5341447040865013,0.8983307107832167,0.16995869738978578,0.18484589457511902
a2876,/mnt/data_disk/HDRData/1000hdr/HDRtest/a2876-jn_20080130_Las_Vegas_0082.exr,/mnt/data_disk/ZQL/TIP_TMO_result/dnn/UnCL/a2876.png,341,512,0.7062643557308672,0.6362749728632393,0.011021773011473272,0.3304638462998994,0.6609276925997988,4.693841210507959e-28,0.17014575004577637
a2883,/mnt/data_disk/HDRData/1000hdr/HDRtest/a2883-_DSC0008-2.exr,/mnt/data_disk/ZQL/TIP_TMO_result/dnn/UnCL/a2883.png,340,512,0.8744735889665594,0.79455293803235,0.5342355327751627,0.37432851196244765,0.705801739867663,0.04285528405723232,0.08151213824748993
a2913,/mnt/data_disk/HDRData/1000hdr/HDRtest/a2913-IMG_0138.exr,/mnt/data_disk/ZQL/TIP_TMO_result/dnn/UnCL/a2913.png,341,512,0.8661560024213586,0.7524669298178719,0.5578180244875162,0.7153024988632521,0.8669777348429207,0.5636272628835836,0.22770565748214722
a2933,/mnt/data_disk/HDRData/1000hdr/HDRtest/a2933-_I2E7313.exr,/mnt/data_disk/ZQL/TIP_TMO_result/dnn/UnCL/a2933.png,341,512,0.7055133306125361,0.5994210936016375,0.039064042856890274,0.34723762270474534,0.6944752454094907,7.656881551765111e-33,0.18418918550014496
a2956,/mnt/data_disk/HDRData/1000hdr/HDRtest/a2956-KE_-0035.exr,/mnt/data_disk/ZQL/TIP_TMO_result/dnn/UnCL/a2956.png,340,512,0.8728505197503752,0.8722603005430296,0.40261577126109227,0.6087830538472189,0.9145994473027504,0.30296666039168724,0.16513952612876892
a2986,/mnt/data_disk/HDRData/1000hdr/HDRtest/a2986-_DGW6325.exr,/mnt/data_disk/ZQL/TIP_TMO_result/dnn/UnCL/a2986.png,341,512,0.8084010995518308,0.7716667473330235,0.22024788086349645,0.6526426916452579,0.847414447967722,0.4578709353227939,0.26900601387023926
a3267,/mnt/data_disk/HDRData/1000hdr/HDRtest/a3267-WP_CRW_0087.exr,/mnt/data_disk/ZQL/TIP_TMO_result/dnn/UnCL/a3267.png,341,512,0.9154121527604214,0.8190798259163052,0.7456812654887576,0.48381796202039484,0.8917465470386567,0.0758893770021329,0.20728375017642975
a3285,/mnt/data_disk/HDRData/1000hdr/HDRtest/a3285-CRW_0291.exr,/mnt/data_disk/ZQL/TIP_TMO_result/dnn/UnCL/a3285.png,341,512,0.8832205806964097,0.8074882018274369,0.5644162822901585,0.4986101229972764,0.8949082189543404,0.1023120270402125,0.33412185311317444
a3288,/mnt/data_disk/HDRData/1000hdr/HDRtest/a3288-KE_-0049.exr,/mnt/data_disk/ZQL/TIP_TMO_result/dnn/UnCL/a3288.png,340,512,0.8364351952107497,0.7618410371227513,0.3736621472979959,0.43572095699159935,0.8290028317947257,0.04243908218847304,0.17404036223888397
a3306,/mnt/data_disk/HDRData/1000hdr/HDRtest/a3306-IMG_4969.exr,/mnt/data_disk/ZQL/TIP_TMO_result/dnn/UnCL/a3306.png,341,512,0.8197413554713852,0.7761777690724037,0.26738734360431976,0.42141717293582936,0.8414688167736843,0.0013655290979743735,0.19736161828041077
a3312,/mnt/data_disk/HDRData/1000hdr/HDRtest/a3312-IMG_1063.exr,/mnt/data_disk/ZQL/TIP_TMO_result/dnn/UnCL/a3312.png,341,512,0.8395634084813246,0.7641557880632703,0.3867624734765913,0.40315052274351953,0.8062969041549676,4.1413320715302295e-06,0.18698915839195251
a3315,/mnt/data_disk/HDRData/1000hdr/HDRtest/a3315-MB_20030906_022.exr,/mnt/data_disk/ZQL/TIP_TMO_result/dnn/UnCL/a3315.png,341,512,0.828507830167214,0.7860432086750085,0.29637794712743,0.43884101304678197,0.8231029709939205,0.05457905509964349,0.3065846860408783
a3316,/mnt/data_disk/HDRData/1000hdr/HDRtest/a3316-20051225_163230__MG_1390.exr,/mnt/data_disk/ZQL/TIP_TMO_result/dnn/UnCL/a3316.png,341,512,0.9557115881702298,0.8956959800202899,0.875690079216765,0.6332243012056041,0.8542210724929789,0.4122275299182294,0.13033010065555573
a3318,/mnt/data_disk/HDRData/1000hdr/HDRtest/a3318-JI2E5722.exr,/mnt/data_disk/ZQL/TIP_TMO_result/dnn/UnCL/a3318.png,341,512,0.9134906045377409,0.8869836714413487,0.6160839696209988,0.6236560283333801,0.8209132370146262,0.42639881965213405,0.12840422987937927
a3321,/mnt/data_disk/HDRData/1000hdr/HDRtest/a3321-DSC_0054.exr,/mnt/data_disk/ZQL/TIP_TMO_result/dnn/UnCL/a3321.png,340,512,0.8620612046261842,0.9046761799682372,0.3012817210197725,0.388260904135186,0.7765063817158265,1.542655454544698e-05,0.10317816585302353
a3325,/mnt/data_disk/HDRData/1000hdr/HDRtest/a3325-050819_154342__MG_5227.exr,/mnt/data_disk/ZQL/TIP_TMO_result/dnn/UnCL/a3325.png,341,512,0.9018168399079313,0.8627960987034712,0.5843061611947068,0.9588058101638361,0.9201135120558978,0.9974981082717747,0.08610205352306366
a3337,/mnt/data_disk/HDRData/1000hdr/HDRtest/a3337-dgw_112.exr,/mnt/data_disk/ZQL/TIP_TMO_result/dnn/UnCL/a3337.png,341,512,0.79814778606446,0.7286133117326453,0.23212914150623218,0.4026847346619419,0.7973259853209654,0.008043484002918266,0.36057373881340027
a3339,/mnt/data_disk/HDRData/1000hdr/HDRtest/a3339-_MG_7202.exr,/mnt/data_disk/ZQL/TIP_TMO_result/dnn/UnCL/a3339.png,341,512,0.8663184647062414,0.8169852351238418,0.4504580394104052,0.40634688850089523,0.8126937769391828,6.260772932725782e-11,0.19358615577220917
a3341,/mnt/data_disk/HDRData/1000hdr/HDRtest/a3341-jmac_DSC2590.exr,/mnt/data_disk/ZQL/TIP_TMO_result/dnn/UnCL/a3341.png,340,512,0.8640702655440698,0.8105248493863985,0.4480485359115046,0.432414328832362,0.8648242257672746,4.4318974494658175e-06,0.10433313250541687
a3344,/mnt/data_disk/HDRData/1000hdr/HDRtest/a3344-NKIM_MG_6348.exr,/mnt/data_disk/ZQL/TIP_TMO_result/dnn/UnCL/a3344.png,341,512,0.8634064481254318,0.8766482595571401,0.3460253818677096,0.36903182135656803,0.7372039270998435,0.0008597156132925949,0.08059893548488617
a3345,/mnt/data_disk/HDRData/1000hdr/HDRtest/a3345-20080514_105211__MG_9917.exr,/mnt/data_disk/ZQL/TIP_TMO_result/dnn/UnCL/a3345.png,341,512,0.9013356429117171,0.8707302202214198,0.5684694957205872,0.43063240870887387,0.7551619893584864,0.1061028280592613,0.1532323956489563
a3351,/mnt/data_disk/HDRData/1000hdr/HDRtest/a3351-KE_-1722.exr,/mnt/data_disk/ZQL/TIP_TMO_result/dnn/UnCL/a3351.png,340,512,0.8979212910639721,0.7579056176059743,0.7465039445750051,0.36872193266061715,0.7234823981012785,0.013961467219955887,0.14096179604530334
a3356,/mnt/data_disk/HDRData/1000hdr/HDRtest/a3356-_DSC9981.exr,/mnt/data_disk/ZQL/TIP_TMO_result/dnn/UnCL/a3356.png,341,512,0.859134885705157,0.797311438092225,0.4414225332423765,0.37996984659259897,0.7565477266906085,0.003391966494589441,0.17016808688640594
a3360,/mnt/data_disk/HDRData/1000hdr/HDRtest/a3360-IMG_0017.exr,/mnt/data_disk/ZQL/TIP_TMO_result/dnn/UnCL/a3360.png,341,512,0.8343287107915076,0.8221671195867415,0.27451139162083804,0.8511060935120736,0.8960940265496918,0.8061181604744554,0.18183894455432892
a3365,/mnt/data_disk/HDRData/1000hdr/HDRtest/a3365-jn_20071207_Xmas_House_0124.exr,/mnt/data_disk/ZQL/TIP_TMO_result/dnn/UnCL/a3365.png,341,512,0.8390114141074462,0.7745493729479684,0.36755231409674716,0.3879242435943756,0.7709569783777165,0.004891508811034712,0.09120102226734161
a3366,/mnt/data_disk/HDRData/1000hdr/HDRtest/a3366-Ja_Pe-6.exr,/mnt/data_disk/ZQL/TIP_TMO_result/dnn/UnCL/a3366.png,288,512,0.8622328732633042,0.7770285566037881,0.49226094918104074,0.4495284337221698,0.8789628631552633,0.02009400428907622,0.2336464375257492
a3369,/mnt/data_disk/HDRData/1000hdr/HDRtest/a3369-IMG_0004.exr,/mnt/data_disk/ZQL/TIP_TMO_result/dnn/UnCL/a3369.png,341,512,0.7965383688571349,0.7830781693838238,0.1542362371753107,0.4416180024612904,0.8521446464885237,0.031091358434057123,0.26605838537216187
a3371,/mnt/data_disk/HDRData/1000hdr/HDRtest/a3371-07-12-01-at-11h32m58s-_MG_8498.exr,/mnt/data_disk/ZQL/TIP_TMO_result/dnn/UnCL/a3371.png,341,512,0.9605612502165046,0.8485205053352992,0.9976026865367024,0.5078765090408947,0.8022121543761265,0.2135408637056629,0.2206534445285797
a3382,/mnt/data_disk/HDRData/1000hdr/HDRtest/a3382-IMG_4032.exr,/mnt/data_disk/ZQL/TIP_TMO_result/dnn/UnCL/a3382.png,341,512,0.9384305982351432,0.8302208362283524,0.8786106868202829,0.4592975938025343,0.7587010235823596,0.15989416402270903,0.1618136465549469
a3388,/mnt/data_disk/HDRData/1000hdr/HDRtest/a3388-jmac_DSC2214.exr,/mnt/data_disk/ZQL/TIP_TMO_result/dnn/UnCL/a3388.png,340,512,0.9511392863813778,0.8726223872012349,0.8863755336768373,0.9046309496894214,0.8485144354938746,0.9607474638849682,0.13159093260765076
a3390,/mnt/data_disk/HDRData/1000hdr/HDRtest/a3390-dgw_070.exr,/mnt/data_disk/ZQL/TIP_TMO_result/dnn/UnCL/a3390.png,341,512,0.8169612642567666,0.7285463319587095,0.32404579691471835,0.49022765860012346,0.8274527398448167,0.15300257735543024,0.23029333353042603
a3391,/mnt/data_disk/HDRData/1000hdr/HDRtest/a3391-050904_125814__I2E8654.exr,/mnt/data_disk/ZQL/TIP_TMO_result/dnn/UnCL/a3391.png,341,512,0.8469587445361643,0.7444598573303629,0.45990102348516326,0.3911807012795649,0.78231260458133,4.879797779977906e-05,0.21648834645748138
a3393,/mnt/data_disk/HDRData/1000hdr/HDRtest/a3393-_DSC0057.exr,/mnt/data_disk/ZQL/TIP_TMO_result/dnn/UnCL/a3393.png,340,512,0.7677372283835362,0.8401948704714913,0.010605775981400495,0.9373134082309924,0.8817030158259502,0.9929238006360345,0.13762539625167847
a3394,/mnt/data_disk/HDRData/1000hdr/HDRtest/a3394-_DGW6419.exr,/mnt/data_disk/ZQL/TIP_TMO_result/dnn/UnCL/a3394.png,341,512,0.8293459546483404,0.7773637050032544,0.31320808999330796,0.3827378338690782,0.7593547022241316,0.006120965514024888,0.33453285694122314
a3400,/mnt/data_disk/HDRData/1000hdr/HDRtest/a3400-07-11-04-at-17h36m14s-_MG_4004.exr,/mnt/data_disk/ZQL/TIP_TMO_result/dnn/UnCL/a3400.png,341,512,0.8592406974908453,0.6587055735720422,0.6956645980987114,0.3801564941235626,0.760312977734332,1.051279320145246e-08,0.21036465466022491
a3401,/mnt/data_disk/HDRData/1000hdr/HDRtest/a3401-20061111_122429__E6B5415.exr,/mnt/data_disk/ZQL/TIP_TMO_result/dnn/UnCL/a3401.png,341,512,0.8507695921765052,0.8722394494264033,0.2878766502120411,0.7392466227787051,0.9102773741506053,0.5682158714068051,0.1206040233373642
a3402,/mnt/data_disk/HDRData/1000hdr/HDRtest/a3402-jmac_DSC3153.exr,/mnt/data_disk/ZQL/TIP_TMO_result/dnn/UnCL/a3402.png,340,512,0.878065130148126,0.8303156835971975,0.49624833490552694,0.7155010118641918,0.8971560145146691,0.5338460092137145,0.15940327942371368
a3413,/mnt/data_disk/HDRData/1000hdr/HDRtest/a3413-20041217_193556__E6B0485.exr,/mnt/data_disk/ZQL/TIP_TMO_result/dnn/UnCL/a3413.png,341,512,0.8641987364614712,0.8057737898528221,0.4563453626354771,0.4257566019056941,0.8501049347247086,0.0014082690866795598,0.1462242156267166
a3414,/mnt/data_disk/HDRData/1000hdr/HDRtest/a3414-DSC_0002.exr,/mnt/data_disk/ZQL/TIP_TMO_result/dnn/UnCL/a3414.png,340,512,0.893541080065797,0.8473212179996442,0.5597909036974743,0.4422287965376616,0.8743668872573424,0.010090705817980918,0.16819167137145996
a3415,/mnt/data_disk/HDRData/1000hdr/HDRtest/a3415-jmac_DSC6092.exr,/mnt/data_disk/ZQL/TIP_TMO_result/dnn/UnCL/a3415.png,340,512,0.9006780601054469,0.8963798912097236,0.5239596497449546,0.4200745340722745,0.7985534433410343,0.0415956248035148,0.12451044470071793
a3416,/mnt/data_disk/HDRData/1000hdr/HDRtest/a3416-IMG_4746.exr,/mnt/data_disk/ZQL/TIP_TMO_result/dnn/UnCL/a3416.png,341,512,0.8954917754004454,0.7458499970768169,0.754062366367293,0.4343678604220651,0.8427774426771397,0.025958278166990485,0.22374674677848816
a3418,/mnt/data_disk/HDRData/1000hdr/HDRtest/a3418-2004-02-07 16-53-50 CRW_3754.exr,/mnt/data_disk/ZQL/TIP_TMO_result/dnn/UnCL/a3418.png,341,512,0.9086399319111792,0.8411080656718853,0.6630862527765278,0.8623932203335414,0.8300651298651055,0.8947213108019773,0.09311513602733612
a3422,/mnt/data_disk/HDRData/1000hdr/HDRtest/a3422-WP_CRW_0302.exr,/mnt/data_disk/ZQL/TIP_TMO_result/dnn/UnCL/a3422.png,341,512,0.8753499019237236,0.8426671895561956,0.46115843322947125,0.38527734764413424,0.7538890280767127,0.016665667211555837,0.17427948117256165
a3424,/mnt/data_disk/HDRData/1000hdr/HDRtest/a3424-CRW_0163.exr,/mnt/data_disk/ZQL/TIP_TMO_result/dnn/UnCL/a3424.png,341,512,0.9044931248521242,0.799675855123325,0.7105278589820971,0.42696174704166984,0.8415833429888523,0.0123401510944874,0.25907188653945923
a3431,/mnt/data_disk/HDRData/1000hdr/HDRtest/a3431-_DSC0103-3.exr,/mnt/data_disk/ZQL/TIP_TMO_result/dnn/UnCL/a3431.png,340,512,0.8357268808550276,0.8008561159296367,0.31129116880674185,0.9405984536403831,0.8863942802128443,0.994802627067922,0.11738324165344238
a3432,/mnt/data_disk/HDRData/1000hdr/HDRtest/a3432-jmac_DSC3184.exr,/mnt/data_disk/ZQL/TIP_TMO_result/dnn/UnCL/a3432.png,340,512,0.9086586523855485,0.8246743374574951,0.6920624732493953,0.9359578428162387,0.8754491183999414,0.996466567232536,0.11850681155920029
a3433,/mnt/data_disk/HDRData/1000hdr/HDRtest/a3433-NKIM_MG_8213.exr,/mnt/data_disk/ZQL/TIP_TMO_result/dnn/UnCL/a3433.png,341,512,0.8841897691625371,0.826831261910644,0.537788446513668,0.5327729441367184,0.8133847453219875,0.2521611429514494,0.23656302690505981
a3439,/mnt/data_disk/HDRData/1000hdr/HDRtest/a3439-IMG_3798.exr,/mnt/data_disk/ZQL/TIP_TMO_result/dnn/UnCL/a3439.png,341,512,0.8178911027396929,0.6998874348691734,0.375077372014336,0.7976651434000708,0.9632120296727315,0.6321182571274101,0.11550948768854141
a3441,/mnt/data_disk/HDRData/1000hdr/HDRtest/a3441-dgw_064.exr,/mnt/data_disk/ZQL/TIP_TMO_result/dnn/UnCL/a3441.png,341,512,0.884308773506804,0.747566349646114,0.6787524451713808,0.40526958265258045,0.7779363696532667,0.03260279565189419,0.26539576053619385
a3444,/mnt/data_disk/HDRData/1000hdr/HDRtest/a3444-WP_CRW_6313.exr,/mnt/data_disk/ZQL/TIP_TMO_result/dnn/UnCL/a3444.png,341,512,0.8885398569216235,0.818351825638023,0.5780252832530853,0.4228196220368228,0.829790688644893,0.01584855542875248,0.1427808403968811
a3446,/mnt/data_disk/HDRData/1000hdr/HDRtest/a3446-050730_134124__MG_3716.exr,/mnt/data_disk/ZQL/TIP_TMO_result/dnn/UnCL/a3446.png,341,512,0.9671741140212834,0.9018134717636433,0.943718407005192,0.5480382409854335,0.8606553729104249,0.23542110906044214,0.1932612806558609
a3448,/mnt/data_disk/HDRData/1000hdr/HDRtest/a3448-IMG_0113.exr,/mnt/data_disk/ZQL/TIP_TMO_result/dnn/UnCL/a3448.png,341,512,0.8238928099569972,0.7738114336974019,0.291079625262674,0.4418893967945721,0.883778501913625,2.9167551934675234e-07,0.20483572781085968
a3449,/mnt/data_disk/HDRData/1000hdr/HDRtest/a3449-jmac_DSC2669.exr,/mnt/data_disk/ZQL/TIP_TMO_result/dnn/UnCL/a3449.png,340,512,0.9123862469765799,0.9079603455758949,0.5756585535866742,0.7516310340443864,0.8967712001761677,0.6064908679126049,0.11602747440338135
a3451,/mnt/data_disk/HDRData/1000hdr/HDRtest/a3451-IMG_1088.exr,/mnt/data_disk/ZQL/TIP_TMO_result/dnn/UnCL/a3451.png,341,512,0.9094903463523223,0.8127780110549951,0.7187843545975731,0.40635311355726894,0.7993656437166193,0.013340583397918548,0.2635995149612427
a3452,/mnt/data_disk/HDRData/1000hdr/HDRtest/a3452-IMG_1205.exr,/mnt/data_disk/ZQL/TIP_TMO_result/dnn/UnCL/a3452.png,341,512,0.8034141555146608,0.9194037032534796,0.04612739685764784,0.3535415553040287,0.7070831106076688,3.8859566013028517e-13,0.07296141237020493
a3456,/mnt/data_disk/HDRData/1000hdr/HDRtest/a3456-DSC_0006-1-2.exr,/mnt/data_disk/ZQL/TIP_TMO_result/dnn/UnCL/a3456.png,340,512,0.9420570870624702,0.8400890354466576,0.8847458212555113,0.6893488958841556,0.8665805495311555,0.5121172422371558,0.13337917625904083
a3457,/mnt/data_disk/HDRData/1000hdr/HDRtest/a3457-NKIM_025.exr,/mnt/data_disk/ZQL/TIP_TMO_result/dnn/UnCL/a3457.png,341,512,0.9259645185737675,0.865130725843302,0.7319406854917646,0.4995741460586009,0.8686654144482059,0.13048287766899594,0.1841888278722763
a3460,/mnt/data_disk/HDRData/1000hdr/HDRtest/a3460-20080514_105637__MG_9928.exr,/mnt/data_disk/ZQL/TIP_TMO_result/dnn/UnCL/a3460.png,341,512,0.8654297935679436,0.8170157937509624,0.445418286096621,0.46209030850841004,0.8747749958248713,0.04940562119194875,0.16946500539779663
a3462,/mnt/data_disk/HDRData/1000hdr/HDRtest/a3462-dgw_051.exr,/mnt/data_disk/ZQL/TIP_TMO_result/dnn/UnCL/a3462.png,341,512,0.9170005348870587,0.72686474133114,0.9380633910044788,0.38880676469130754,0.7570527678071253,0.020560761575489833,0.29402828216552734
a3464,/mnt/data_disk/HDRData/1000hdr/HDRtest/a3464-tc_DSC2199.exr,/mnt/data_disk/ZQL/TIP_TMO_result/dnn/UnCL/a3464.png,340,512,0.8945427014777168,0.6936884838954935,0.8543127106805218,0.6906393778017288,0.7243173945086908,0.6569613610947669,0.15146797895431519
a3465,/mnt/data_disk/HDRData/1000hdr/HDRtest/a3465-20060619_114622__MG_9153.exr,/mnt/data_disk/ZQL/TIP_TMO_result/dnn/UnCL/a3465.png,341,512,0.957278193484196,0.8672766120772711,0.9387257185011348,0.8926466995776564,0.7929599431850283,0.9923334559702846,0.16422586143016815
a3466,/mnt/data_disk/HDRData/1000hdr/HDRtest/a3466-IMG_3941.exr,/mnt/data_disk/ZQL/TIP_TMO_result/dnn/UnCL/a3466.png,341,512,0.9296196390314256,0.8610659640331645,0.7629360798124544,0.8787889234499817,0.9109194297801314,0.846658417119832,0.16532856225967407
a3468,/mnt/data_disk/HDRData/1000hdr/HDRtest/a3468-IMG_4793.exr,/mnt/data_disk/ZQL/TIP_TMO_result/dnn/UnCL/a3468.png,341,512,0.8673128731241629,0.8697798532983203,0.3763480132181151,0.8648500634946443,0.9033988992413705,0.8263012277479183,0.13884373009204865
a3470,/mnt/data_disk/HDRData/1000hdr/HDRtest/a3470-IMG_0835.exr,/mnt/data_disk/ZQL/TIP_TMO_result/dnn/UnCL/a3470.png,341,512,0.8501037085574218,0.7776901246621937,0.4226527577355884,0.41945620753561935,0.8370747803948085,0.0018376346764301331,0.2386821210384369
a3474,/mnt/data_disk/HDRData/1000hdr/HDRtest/a3474-jmac_MG_1125.exr,/mnt/data_disk/ZQL/TIP_TMO_result/dnn/UnCL/a3474.png,341,512,0.9662654899636984,0.9054094791296378,0.9308326831563221,0.7780300993855348,0.8543325829858416,0.701727615785228,0.10807288438081741
a3477,/mnt/data_disk/HDRData/1000hdr/HDRtest/a3477-_DSC0048.exr,/mnt/data_disk/ZQL/TIP_TMO_result/dnn/UnCL/a3477.png,340,512,0.8160809711167961,0.7784829505456958,0.24669724597365172,0.5454166036763192,0.870159218372692,0.2206739889799464,0.17825549840927124
a3483,/mnt/data_disk/HDRData/1000hdr/HDRtest/a3483-_DSC0023-1.exr,/mnt/data_disk/ZQL/TIP_TMO_result/dnn/UnCL/a3483.png,340,512,0.9122919726821428,0.8041970780442641,0.7527227570072018,0.3933165990424644,0.7069023756553745,0.07973082242955436,0.09995416551828384
a3486,/mnt/data_disk/HDRData/1000hdr/HDRtest/a3486-jmac_DSC3897.exr,/mnt/data_disk/ZQL/TIP_TMO_result/dnn/UnCL/a3486.png,343,512,0.8225363989096808,0.7385228737066454,0.33718135434935587,0.451301661697363,0.8722189898594441,0.030384333535281877,0.20047742128372192
a3491,/mnt/data_disk/HDRData/1000hdr/HDRtest/a3491-DSC_0091.exr,/mnt/data_disk/ZQL/TIP_TMO_result/dnn/UnCL/a3491.png,340,512,0.9548493399467408,0.8397696689608158,0.974214798858751,0.8511264074242532,0.8738757191693308,0.8283770956791755,0.16347439587116241
a3493,/mnt/data_disk/HDRData/1000hdr/HDRtest/a3493-IMG_0279.exr,/mnt/data_disk/ZQL/TIP_TMO_result/dnn/UnCL/a3493.png,341,512,0.829194481959055,0.7564261591344482,0.34396750580673247,0.41518689379812507,0.8303737604943333,2.7101916836081847e-08,0.20807403326034546
a3499,/mnt/data_disk/HDRData/1000hdr/HDRtest/a3499-jn_2007_12_11__BU_CRUISE_019.exr,/mnt/data_disk/ZQL/TIP_TMO_result/dnn/UnCL/a3499.png,341,512,0.8537315921091073,0.7373811989878556,0.5110731712478992,0.8008071379128943,0.7820313892086425,0.8195828866171461,0.12310909479856491
a3503,/mnt/data_disk/HDRData/1000hdr/HDRtest/a3503-050731_155906__I2E5378.exr,/mnt/data_disk/ZQL/TIP_TMO_result/dnn/UnCL/a3503.png,341,512,0.9606458824868863,0.865479830401238,0.9656762071455433,0.6940035338717985,0.8372583006028781,0.5507487671407187,0.16564199328422546
a3504,/mnt/data_disk/HDRData/1000hdr/HDRtest/a3504-IMG_0903.exr,/mnt/data_disk/ZQL/TIP_TMO_result/dnn/UnCL/a3504.png,341,512,0.8389207733797144,0.8742510153420456,0.22865183847846957,0.9327664021261542,0.9213354569632325,0.944197347289076,0.15653064846992493
a3505,/mnt/data_disk/HDRData/1000hdr/HDRtest/a3505-CRW_0288.exr,/mnt/data_disk/ZQL/TIP_TMO_result/dnn/UnCL/a3505.png,341,512,0.8511654143249665,0.8337489769147095,0.3430741121634802,0.3716513918413659,0.7432119261173249,9.085756540693133e-05,0.2281094342470169
a3508,/mnt/data_disk/HDRData/1000hdr/HDRtest/a3508-NKIM_095.exr,/mnt/data_disk/ZQL/TIP_TMO_result/dnn/UnCL/a3508.png,341,512,0.8568332335712904,0.7950106642331486,0.43225730070761353,0.5248529427763273,0.8948826478483856,0.15482323770426906,0.2937995195388794
a3509,/mnt/data_disk/HDRData/1000hdr/HDRtest/a3509-_DGW6337.exr,/mnt/data_disk/ZQL/TIP_TMO_result/dnn/UnCL/a3509.png,341,512,0.9030193646169876,0.8117870709615467,0.6791979403613336,0.5264815613795523,0.8301985712784757,0.22276455148062888,0.3622336983680725
a3510,/mnt/data_disk/HDRData/1000hdr/HDRtest/a3510-JI2E4365.exr,/mnt/data_disk/ZQL/TIP_TMO_result/dnn/UnCL/a3510.png,341,512,0.9285982373138975,0.8076163110956321,0.8548302804347577,0.6963403174193539,0.8508776801085544,0.5418029547301534,0.25700441002845764
a3511,/mnt/data_disk/HDRData/1000hdr/HDRtest/a3511-jmac_MG_0542.exr,/mnt/data_disk/ZQL/TIP_TMO_result/dnn/UnCL/a3511.png,341,512,0.8633741278475655,0.8358921860753271,0.4049531699116132,0.42607520984278674,0.8416090393707332,0.010541380314840304,0.11873047053813934
a3512,/mnt/data_disk/HDRData/1000hdr/HDRtest/a3512-LSstone_060805_9380.exr,/mnt/data_disk/ZQL/TIP_TMO_result/dnn/UnCL/a3512.png,341,512,0.8694636923990479,0.832979216967168,0.44306699090200913,0.4094964285424333,0.813772981384555,0.005219875700311538,0.14059168100357056
a3521,/mnt/data_disk/HDRData/1000hdr/HDRtest/a3521-JI2E5091.exr,/mnt/data_disk/ZQL/TIP_TMO_result/dnn/UnCL/a3521.png,341,512,0.9295567814460223,0.7545182260641299,0.9677364490200313,0.41052084965206903,0.8165175208639966,0.00452417844014141,0.1536722034215927
a3522,/mnt/data_disk/HDRData/1000hdr/HDRtest/a3522-IMG_4772.exr,/mnt/data_disk/ZQL/TIP_TMO_result/dnn/UnCL/a3522.png,341,512,0.9349851450285263,0.8625479752534088,0.7956990745223267,0.7832794752399622,0.8525250329442343,0.7140339175356901,0.11987404525279999
a3525,/mnt/data_disk/HDRData/1000hdr/HDRtest/a3525-IMG_0713.exr,/mnt/data_disk/ZQL/TIP_TMO_result/dnn/UnCL/a3525.png,341,512,0.8272196931922675,0.9216757373339645,0.12557507340991794,0.43780239345183825,0.8756047789868809,7.91679552963476e-09,0.18122051656246185
a3529,/mnt/data_disk/HDRData/1000hdr/HDRtest/a3529-WP_CRW_0659.exr,/mnt/data_disk/ZQL/TIP_TMO_result/dnn/UnCL/a3529.png,341,512,0.9377990313929787,0.8700607017976135,0.8009363121606976,0.5563332055812107,0.8963468914889925,0.2163195196734289,0.16154949367046356
a3531,/mnt/data_disk/HDRData/1000hdr/HDRtest/a3531-07-06-30-at-04h02m08s-_MG_1936.exr,/mnt/data_disk/ZQL/TIP_TMO_result/dnn/UnCL/a3531.png,341,512,0.7776270023685702,0.7562090384261821,0.11079941258145601,0.33281215319784957,0.6656243063956765,2.260606775248121e-14,0.17814750969409943
a3540,/mnt/data_disk/HDRData/1000hdr/HDRtest/a3540-07-12-02-at-14h05m14s-_MG_8949.exr,/mnt/data_disk/ZQL/TIP_TMO_result/dnn/UnCL/a3540.png,341,512,0.9314263172303946,0.7821370500405943,0.9242556693039361,0.681851586009045,0.7968758547923813,0.5668273172257089,0.2307463139295578
a3541,/mnt/data_disk/HDRData/1000hdr/HDRtest/a3541-IMG_4107.exr,/mnt/data_disk/ZQL/TIP_TMO_result/dnn/UnCL/a3541.png,341,512,0.9424618915127914,0.8095726173154552,0.9464394705628453,0.7065972061550789,0.7645916240577956,0.6486027882523622,0.12721174955368042
a3545,/mnt/data_disk/HDRData/1000hdr/HDRtest/a3545-jmac_DSC0491.exr,/mnt/data_disk/ZQL/TIP_TMO_result/dnn/UnCL/a3545.png,340,512,0.9064357158083259,0.8232422146255893,0.6804681772560469,0.4416157227704163,0.7887731990924368,0.09445824644839569,0.10529807955026627
a3548,/mnt/data_disk/HDRData/1000hdr/HDRtest/a3548-CRW_0993.exr,/mnt/data_disk/ZQL/TIP_TMO_result/dnn/UnCL/a3548.png,341,512,0.8711191628991419,0.8452297584087354,0.43345537026003494,0.8076797505617624,0.9221900850836315,0.6931694160398933,0.12589846551418304
a3549,/mnt/data_disk/HDRData/1000hdr/HDRtest/a3549-KE_-2455.exr,/mnt/data_disk/ZQL/TIP_TMO_result/dnn/UnCL/a3549.png,340,512,0.9396932212458274,0.9028607115686825,0.7560029191081623,0.9069373852200135,0.8301107032776741,0.9837640671623529,0.11648192256689072
a3557,/mnt/data_disk/HDRData/1000hdr/HDRtest/a3557-IMG_1507.exr,/mnt/data_disk/ZQL/TIP_TMO_result/dnn/UnCL/a3557.png,341,512,0.9544891522673646,0.906651712543461,0.8478491768205173,0.7139822507634886,0.7484600749088489,0.6795044266181284,0.09434296190738678
a3563,/mnt/data_disk/HDRData/1000hdr/HDRtest/a3563-07-11-30-at-15h55m08s-_MG_8326.exr,/mnt/data_disk/ZQL/TIP_TMO_result/dnn/UnCL/a3563.png,341,512,0.8805738928465053,0.8774784020492892,0.4374846254431562,0.6357854697718922,0.8867388385379025,0.38483210100588194,0.17046009004116058
a3571,/mnt/data_disk/HDRData/1000hdr/HDRtest/a3571-IMG_0290.exr,/mnt/data_disk/ZQL/TIP_TMO_result/dnn/UnCL/a3571.png,341,512,0.8128502386741828,0.6880291995738916,0.36811009582110765,0.34108220426982133,0.6821450895218913,1.9319017751265002e-05,0.07766272872686386
a3575,/mnt/data_disk/HDRData/1000hdr/HDRtest/a3575-IMG_0834.exr,/mnt/data_disk/ZQL/TIP_TMO_result/dnn/UnCL/a3575.png,341,512,0.8873545793127661,0.7513882634318875,0.6908665130691558,0.4298450546840269,0.8548122626007307,0.004877846767323054,0.232146218419075
a3576,/mnt/data_disk/HDRData/1000hdr/HDRtest/a3576-LS051026_day_15_LL003.exr,/mnt/data_disk/ZQL/TIP_TMO_result/dnn/UnCL/a3576.png,341,512,0.8773805657044227,0.8317196413643664,0.49004302407423034,0.8471256579618337,0.8793843967304483,0.8148669191932191,0.17531585693359375
a3585,/mnt/data_disk/HDRData/1000hdr/HDRtest/a3585-IMG_4211.exr,/mnt/data_disk/ZQL/TIP_TMO_result/dnn/UnCL/a3585.png,341,512,0.8453733779732642,0.6403301281232249,0.6463027578563824,0.36193709603973173,0.6955479541388392,0.02832623794062424,0.13988500833511353
a3586,/mnt/data_disk/HDRData/1000hdr/HDRtest/a3586-IMG_4591.exr,/mnt/data_disk/ZQL/TIP_TMO_result/dnn/UnCL/a3586.png,341,512,0.8528504790923161,0.7725292730642098,0.4463143265447188,0.4690204385389699,0.672632303861303,0.26540857321663686,0.18989437818527222
a3588,/mnt/data_disk/HDRData/1000hdr/HDRtest/a3588-CRW_0983.exr,/mnt/data_disk/ZQL/TIP_TMO_result/dnn/UnCL/a3588.png,341,512,0.835967248075495,0.8674730649224572,0.2234397187935769,0.46671525440391437,0.9299097830664169,0.0035207257414117776,0.14777083694934845
a3591,/mnt/data_disk/HDRData/1000hdr/HDRtest/a3591-07-11-30-at-16h19m33s-_MG_8384.exr,/mnt/data_disk/ZQL/TIP_TMO_result/dnn/UnCL/a3591.png,341,512,0.9333847143349419,0.8756599455640364,0.7618613632472913,0.4965996344567163,0.8996479927860502,0.0935512761273824,0.19979169964790344
a3593,/mnt/data_disk/HDRData/1000hdr/HDRtest/a3593-_DSC5689.exr,/mnt/data_disk/ZQL/TIP_TMO_result/dnn/UnCL/a3593.png,341,512,0.7830120155565525,0.7825794909426517,0.10215781172987105,0.42903949282095255,0.8580156583699716,6.332727193346324e-05,0.25366100668907166
a3600,/mnt/data_disk/HDRData/1000hdr/HDRtest/a3600-JI2E3496.exr,/mnt/data_disk/ZQL/TIP_TMO_result/dnn/UnCL/a3600.png,341,512,0.9446035729019073,0.8093959849244173,0.9617814391877041,0.46194167485813076,0.7859765670527544,0.13790678266350703,0.2246297150850296
a3602,/mnt/data_disk/HDRData/1000hdr/HDRtest/a3602-_DSC9759.exr,/mnt/data_disk/ZQL/TIP_TMO_result/dnn/UnCL/a3602.png,341,512,0.8486831469872057,0.727533603706711,0.49906649734193514,0.3502430571224025,0.694123629955045,0.006362484289760068,0.14985467493534088
a3605,/mnt/data_disk/HDRData/1000hdr/HDRtest/a3605-IMG_2772.exr,/mnt/data_disk/ZQL/TIP_TMO_result/dnn/UnCL/a3605.png,341,512,0.8625723892801269,0.8101252437608455,0.44028835192828736,0.9316036464689283,0.9075092167918826,0.9556980761459742,0.1170613020658493
a3608,/mnt/data_disk/HDRData/1000hdr/HDRtest/a3608-NKIM_MG_7004.exr,/mnt/data_disk/ZQL/TIP_TMO_result/dnn/UnCL/a3608.png,341,512,0.9535905677005573,0.8767074876524883,0.8956878412409933,0.4290695655396928,0.8540536950573104,0.004085436022075089,0.12262125313282013
a3609,/mnt/data_disk/HDRData/1000hdr/HDRtest/a3609-IMG_1702.exr,/mnt/data_disk/ZQL/TIP_TMO_result/dnn/UnCL/a3609.png,341,512,0.9439741528918537,0.8784075731160202,0.8272617189562742,0.7706625313987043,0.7384511960540293,0.8028738667433795,0.1483030468225479
a3613,/mnt/data_disk/HDRData/1000hdr/HDRtest/a3613-_DSC3264.exr,/mnt/data_disk/ZQL/TIP_TMO_result/dnn/UnCL/a3613.png,341,512,0.840069631391304,0.7864761477036989,0.35489138147371585,0.37902800690737404,0.7580310441068571,2.4969707891007044e-05,0.2140776515007019
a3623,/mnt/data_disk/HDRData/1000hdr/HDRtest/a3623-20051220_201437__MG_9239.exr,/mnt/data_disk/ZQL/TIP_TMO_result/dnn/UnCL/a3623.png,341,512,0.8562902356615177,0.7752225882789398,0.4612789060450208,0.4265960932878657,0.8503785956916421,0.002813590884089275,0.29083701968193054
a3624,/mnt/data_disk/HDRData/1000hdr/HDRtest/a3624-DSC_0070.exr,/mnt/data_disk/ZQL/TIP_TMO_result/dnn/UnCL/a3624.png,340,512,0.9111246901944724,0.9121370530033939,0.5615102584724241,0.6491440438210002,0.8868212230580518,0.41146686458394865,0.11831533908843994
a3628,/mnt/data_disk/HDRData/1000hdr/HDRtest/a3628-_DSC9996.exr,/mnt/data_disk/ZQL/TIP_TMO_result/dnn/UnCL/a3628.png,341,512,0.8302510076611204,0.7567199093580034,0.34902064583481557,0.357490663195886,0.7149813140250629,1.2366709077570684e-08,0.1968172937631607
a3633,/mnt/data_disk/HDRData/1000hdr/HDRtest/a3633-JI2E3892.exr,/mnt/data_disk/ZQL/TIP_TMO_result/dnn/UnCL/a3633.png,341,512,0.881355674154864,0.7925469781685842,0.5788495591414269,0.38251365326592746,0.7563926798886434,0.008634626643211433,0.13422594964504242
a3634,/mnt/data_disk/HDRData/1000hdr/HDRtest/a3634-IMG_4959.exr,/mnt/data_disk/ZQL/TIP_TMO_result/dnn/UnCL/a3634.png,341,512,0.9077169556064424,0.7917756413081747,0.7460118504345188,0.6722969277915697,0.6464751908467947,0.6981186647363447,0.2623070776462555
a3635,/mnt/data_disk/HDRData/1000hdr/HDRtest/a3635-IMG_4031.exr,/mnt/data_disk/ZQL/TIP_TMO_result/dnn/UnCL/a3635.png,341,512,0.932783998077498,0.7684286796517437,0.9615850128374924,0.39604198168770915,0.791315912177675,0.0007680511977433101,0.2682555019855499
a3636,/mnt/data_disk/HDRData/1000hdr/HDRtest/a3636-20041222_195608__E6B6989.exr,/mnt/data_disk/ZQL/TIP_TMO_result/dnn/UnCL/a3636.png,341,512,0.8139735326923497,0.7843170229434513,0.22895926116608842,0.3924991698078968,0.7849980235956553,3.160201382489561e-07,0.12545476853847504
a3641,/mnt/data_disk/HDRData/1000hdr/HDRtest/a3641-_DSC4628.exr,/mnt/data_disk/ZQL/TIP_TMO_result/dnn/UnCL/a3641.png,341,512,0.8823330163065526,0.83219416575352,0.5180665710531864,0.48498184093027974,0.9051876138540043,0.06477606800655523,0.2918400764465332
a3644,/mnt/data_disk/HDRData/1000hdr/HDRtest/a3644-jmac_MG_5959.exr,/mnt/data_disk/ZQL/TIP_TMO_result/dnn/UnCL/a3644.png,341,512,0.9021395421239873,0.8195558629303064,0.6598490378500917,0.4893471707384461,0.8993921158172771,0.07930222565961513,0.21578985452651978
a3649,/mnt/data_disk/HDRData/1000hdr/HDRtest/a3649-WP_CRW_0691.exr,/mnt/data_disk/ZQL/TIP_TMO_result/dnn/UnCL/a3649.png,341,512,0.9188570550418125,0.896888103074661,0.6330954646749138,0.6103711255604549,0.9022153826130649,0.31852686850784484,0.09111881256103516
a3654,/mnt/data_disk/HDRData/1000hdr/HDRtest/a3654-IMG_0777.exr,/mnt/data_disk/ZQL/TIP_TMO_result/dnn/UnCL/a3654.png,341,512,0.9588201325812912,0.85522093760416,0.9723845615376396,0.8690694584638691,0.7716321135252674,0.9665068034024707,0.16924333572387695
a3658,/mnt/data_disk/HDRData/1000hdr/HDRtest/a3658-jmac_MG_0418.exr,/mnt/data_disk/ZQL/TIP_TMO_result/dnn/UnCL/a3658.png,341,512,0.9463877926965206,0.8571957866574469,0.8823572476918298,0.5958548085688001,0.7878935875488489,0.40381602958875135,0.1350792944431305
a3670,/mnt/data_disk/HDRData/1000hdr/HDRtest/a3670-jmac_MG_5917.exr,/mnt/data_disk/ZQL/TIP_TMO_result/dnn/UnCL/a3670.png,341,512,0.88881392377747,0.8948423842736682,0.4578742857604941,0.3879982939666187,0.7742215993945513,0.001774988538686189,0.11711010336875916
a3673,/mnt/data_disk/HDRData/1000hdr/HDRtest/a3673-_DSC1109.exr,/mnt/data_disk/ZQL/TIP_TMO_result/dnn/UnCL/a3673.png,341,512,0.8500397807491351,0.8207435053165003,0.35611611246649144,0.4947748530266084,0.8679081612992497,0.121641544753967,0.34215614199638367
a3677,/mnt/data_disk/HDRData/1000hdr/HDRtest/a3677-IMG_4696.exr,/mnt/data_disk/ZQL/TIP_TMO_result/dnn/UnCL/a3677.png,341,512,0.8597214809849052,0.8404547026196365,0.378424769554763,0.655306878966171,0.8676297633747494,0.4429839945575926,0.17063625156879425
a3686,/mnt/data_disk/HDRData/1000hdr/HDRtest/a3686-jmac_MG_0353.exr,/mnt/data_disk/ZQL/TIP_TMO_result/dnn/UnCL/a3686.png,341,512,0.9306083287365011,0.8404317254233149,0.8067380270469264,0.4580630588768931,0.8903444246238122,0.02578169312997389,0.30374783277511597
a3688,/mnt/data_disk/HDRData/1000hdr/HDRtest/a3688-jmac_MG_1424.exr,/mnt/data_disk/ZQL/TIP_TMO_result/dnn/UnCL/a3688.png,341,512,0.8788770387991245,0.9014911197781413,0.3932352847887146,0.45942948553379437,0.9067428497157971,0.012116121351791662,0.1814047247171402
a3689,/mnt/data_disk/HDRData/1000hdr/HDRtest/a3689-JI2E3798.exr,/mnt/data_disk/ZQL/TIP_TMO_result/dnn/UnCL/a3689.png,341,512,0.857968304164997,0.7127666374725256,0.5809651945137396,0.3782933365508273,0.7244702174748522,0.03211645562680242,0.11691246926784515
a3696,/mnt/data_disk/HDRData/1000hdr/HDRtest/a3696-jmac_DSC1242.exr,/mnt/data_disk/ZQL/TIP_TMO_result/dnn/UnCL/a3696.png,343,512,0.841246915657681,0.8618951460953357,0.2551860669633691,0.8119327338644274,0.8982986726256489,0.725566795103206,0.1734425574541092
a3697,/mnt/data_disk/HDRData/1000hdr/HDRtest/a3697-07-11-24-at-16h05m35s-_MG_6729.exr,/mnt/data_disk/ZQL/TIP_TMO_result/dnn/UnCL/a3697.png,341,512,0.94277678166104,0.8256439483147712,0.9172616133925248,0.7427991598227661,0.8058368577763964,0.679761461869136,0.17359644174575806
a3700,/mnt/data_disk/HDRData/1000hdr/HDRtest/a3700-tc_DSC1892.exr,/mnt/data_disk/ZQL/TIP_TMO_result/dnn/UnCL/a3700.png,340,512,0.8722035650726291,0.803443023597711,0.5060413423657056,0.7181791784227424,0.8314954775408703,0.6048628793046145,0.12995600700378418
a3706,/mnt/data_disk/HDRData/1000hdr/HDRtest/a3706-dgw_065.exr,/mnt/data_disk/ZQL/TIP_TMO_result/dnn/UnCL/a3706.png,341,512,0.8922009625298174,0.7852578727352812,0.6587000320616795,0.43766820034825454,0.8472214669699243,0.02811493372658483,0.3185603618621826
a3707,/mnt/data_disk/HDRData/1000hdr/HDRtest/a3707-NKIM_121.exr,/mnt/data_disk/ZQL/TIP_TMO_result/dnn/UnCL/a3707.png,341,512,0.8529676085313539,0.5387749754202961,0.9334932253422523,0.3238385153242908,0.6476769794831044,5.116547717071713e-08,0.2339158058166504
a3710,/mnt/data_disk/HDRData/1000hdr/HDRtest/a3710-07-11-20-at-16h52m05s-_MG_5742.exr,/mnt/data_disk/ZQL/TIP_TMO_result/dnn/UnCL/a3710.png,341,512,0.868160453480782,0.7921692572889959,0.501253566671663,0.36895833501094566,0.7294552479506631,0.008461422071228195,0.10031520575284958
a3712,/mnt/data_disk/HDRData/1000hdr/HDRtest/a3712-IMG_4852.exr,/mnt/data_disk/ZQL/TIP_TMO_result/dnn/UnCL/a3712.png,341,512,0.9554868936936457,0.8553821373310697,0.9486976837140446,0.642464532068446,0.8540382146693408,0.43089084946755113,0.13370586931705475
a3715,/mnt/data_disk/HDRData/1000hdr/HDRtest/a3715-_MG_7773.exr,/mnt/data_disk/ZQL/TIP_TMO_result/dnn/UnCL/a3715.png,341,512,0.8367616272342352,0.7409125874331778,0.40906950777648987,0.37571295263642596,0.7514259045927085,6.801433398935792e-10,0.25059983134269714
a3716,/mnt/data_disk/HDRData/1000hdr/HDRtest/a3716-IMG_0301.exr,/mnt/data_disk/ZQL/TIP_TMO_result/dnn/UnCL/a3716.png,341,512,0.8992160548554335,0.8261158443008432,0.630138244186714,0.30956497227593927,0.6092088419501203,0.009921102601758307,0.08462607115507126
a3719,/mnt/data_disk/HDRData/1000hdr/HDRtest/a3719-07-11-29-at-15h43m28s-_MG_8075.exr,/mnt/data_disk/ZQL/TIP_TMO_result/dnn/UnCL/a3719.png,341,512,0.914264509797525,0.8769071135299409,0.6375002136670637,0.46714936361199605,0.9342987041997675,2.3024224588051687e-08,0.33660411834716797
a3720,/mnt/data_disk/HDRData/1000hdr/HDRtest/a3720-jmac_MG_0851.exr,/mnt/data_disk/ZQL/TIP_TMO_result/dnn/UnCL/a3720.png,341,512,0.9347562135207231,0.8572173588152177,0.8037848795112558,0.7969119627479301,0.9006908951640101,0.69313303033185,0.1794176697731018
a3721,/mnt/data_disk/HDRData/1000hdr/HDRtest/a3721-KE_-01.exr,/mnt/data_disk/ZQL/TIP_TMO_result/dnn/UnCL/a3721.png,340,512,0.91644500669857,0.8061897325397864,0.776267981987847,0.48528303765143704,0.8775326562264079,0.09303341907646621,0.23090456426143646
a3724,/mnt/data_disk/HDRData/1000hdr/HDRtest/a3724-20060101_092918__E6B0305.exr,/mnt/data_disk/ZQL/TIP_TMO_result/dnn/UnCL/a3724.png,341,512,0.8636297486729654,0.8693945066701791,0.35737894500245293,0.5093043252321334,0.9071973078456937,0.11141134261857302,0.2685668170452118
a3727,/mnt/data_disk/HDRData/1000hdr/HDRtest/a3727-2004-01-18 11-49-42 CRW_2889.exr,/mnt/data_disk/ZQL/TIP_TMO_result/dnn/UnCL/a3727.png,341,512,0.8505694497529205,0.8919388230761526,0.26135270556246004,0.3172238080021533,0.6344178125150648,2.9803489241724372e-05,0.15442906320095062
a3729,/mnt/data_disk/HDRData/1000hdr/HDRtest/a3729-07-11-24-at-21h39m19s-_MG_6853.exr,/mnt/data_disk/ZQL/TIP_TMO_result/dnn/UnCL/a3729.png,341,512,0.9109269740391267,0.7498532608086043,0.8487870687328501,0.5388360693020997,0.6827963482755488,0.3948757903286507,0.1540554016828537
a3730,/mnt/data_disk/HDRData/1000hdr/HDRtest/a3730-IMG_0113.exr,/mnt/data_disk/ZQL/TIP_TMO_result/dnn/UnCL/a3730.png,341,512,0.8476068934952552,0.805213365327709,0.3663732643226852,0.549132134813944,0.843702449890988,0.2545618197369,0.24677598476409912
a3732,/mnt/data_disk/HDRData/1000hdr/HDRtest/a3732-_DGW6272.exr,/mnt/data_disk/ZQL/TIP_TMO_result/dnn/UnCL/a3732.png,341,512,0.9421820745581203,0.9029796711447329,0.7721298190294219,0.9698009730427566,0.9450870849072526,0.9945148611782607,0.12118911743164062
a3733,/mnt/data_disk/HDRData/1000hdr/HDRtest/a3733-WP_CRW_4827.exr,/mnt/data_disk/ZQL/TIP_TMO_result/dnn/UnCL/a3733.png,341,512,0.8896312160809672,0.8039418323848257,0.6094802300952993,0.6000278079369918,0.8424795327522108,0.35757608312177297,0.1680016964673996
a3735,/mnt/data_disk/HDRData/1000hdr/HDRtest/a3735-_MG_7825.exr,/mnt/data_disk/ZQL/TIP_TMO_result/dnn/UnCL/a3735.png,341,512,0.768705720213241,0.7918403457829304,0.046203425927179985,0.9057456354516297,0.8418124341528184,0.969678836750441,0.20580951869487762
a3737,/mnt/data_disk/HDRData/1000hdr/HDRtest/a3737-dgw_022.exr,/mnt/data_disk/ZQL/TIP_TMO_result/dnn/UnCL/a3737.png,341,512,0.8646738334485564,0.7923621355890472,0.4808199701674571,0.535310578498842,0.8474920608030445,0.2231290961946395,0.20309165120124817
a3739,/mnt/data_disk/HDRData/1000hdr/HDRtest/a3739-KE_-0068.exr,/mnt/data_disk/ZQL/TIP_TMO_result/dnn/UnCL/a3739.png,340,512,0.7785389875677312,0.8218767610127878,0.0500832477593856,0.5928431208568867,0.9059629383974038,0.27972330331636963,0.12285459786653519
a3740,/mnt/data_disk/HDRData/1000hdr/HDRtest/a3740-_DSC1411.exr,/mnt/data_disk/ZQL/TIP_TMO_result/dnn/UnCL/a3740.png,341,512,0.80976508259547,0.7712545527439464,0.2270590403372733,0.2850114049966705,0.5696440995410523,0.000378710452288687,0.12431146204471588
a3742,/mnt/data_disk/HDRData/1000hdr/HDRtest/a3742-IMG_0206.exr,/mnt/data_disk/ZQL/TIP_TMO_result/dnn/UnCL/a3742.png,341,512,0.7976094649823376,0.7121202091144501,0.25335751445026516,0.40822230076757154,0.8164264163837786,1.818515136451245e-05,0.26630493998527527
a3743,/mnt/data_disk/HDRData/1000hdr/HDRtest/a3743-DSC_0038.exr,/mnt/data_disk/ZQL/TIP_TMO_result/dnn/UnCL/a3743.png,340,512,0.9344242553167572,0.8763706898517168,0.7674360016371778,0.49632000815512023,0.6115174343036585,0.38112258200658194,0.11259682476520538
a3744,/mnt/data_disk/HDRData/1000hdr/HDRtest/a3744-NKIM_MG_6757.exr,/mnt/data_disk/ZQL/TIP_TMO_result/dnn/UnCL/a3744.png,341,512,0.769124753202924,0.7354077216903336,0.10238040528676848,0.4232589333267113,0.8465178666534223,2.3133058367092073e-16,0.19793784618377686
a3749,/mnt/data_disk/HDRData/1000hdr/HDRtest/a3749-IMG_4592.exr,/mnt/data_disk/ZQL/TIP_TMO_result/dnn/UnCL/a3749.png,341,512,0.8334170560544621,0.6868415860939848,0.48390184000310943,0.4029096917808882,0.8057805646580712,3.881890370511911e-05,0.23768211901187897
a3750,/mnt/data_disk/HDRData/1000hdr/HDRtest/a3750-IMG_4253.exr,/mnt/data_disk/ZQL/TIP_TMO_result/dnn/UnCL/a3750.png,341,512,0.7717696795238767,0.7335517780145568,0.11429017866406069,0.37272260148605496,0.7454452029696913,2.4185809824303778e-12,0.19969473779201508
a3753,/mnt/data_disk/HDRData/1000hdr/HDRtest/a3753-dgw_073.exr,/mnt/data_disk/ZQL/TIP_TMO_result/dnn/UnCL/a3753.png,341,512,0.7738504130462117,0.7720140175520848,0.08064556989040818,0.542082015450992,0.8480263645568369,0.236137666345147,0.42938172817230225
a3754,/mnt/data_disk/HDRData/1000hdr/HDRtest/a3754-050731_151704__I2E5362.exr,/mnt/data_disk/ZQL/TIP_TMO_result/dnn/UnCL/a3754.png,341,512,0.9013670110198825,0.8901414559715523,0.537744167965911,0.42827243964420214,0.7873401390626453,0.06920474022575895,0.12825220823287964
a3756,/mnt/data_disk/HDRData/1000hdr/HDRtest/a3756-jmac_MG_5949.exr,/mnt/data_disk/ZQL/TIP_TMO_result/dnn/UnCL/a3756.png,341,512,0.9556471414647315,0.8471013687945174,0.9656587803088242,0.7664780006933273,0.7711452857887138,0.7618107155979408,0.13792504370212555
a3760,/mnt/data_disk/HDRData/1000hdr/HDRtest/a3760-IMG_2504.exr,/mnt/data_disk/ZQL/TIP_TMO_result/dnn/UnCL/a3760.png,341,512,0.9369762727472661,0.9177335660790191,0.7132428169429289,0.5227616642618155,0.9392699144161321,0.10625341410749894,0.09074784815311432
a3764,/mnt/data_disk/HDRData/1000hdr/HDRtest/a3764-20060618_093109__MG_8792.exr,/mnt/data_disk/ZQL/TIP_TMO_result/dnn/UnCL/a3764.png,341,512,0.8346767931013915,0.8582136393897297,0.22902581689959495,0.9132195865830721,0.8728117895512225,0.9536273836149216,0.18059949576854706
a3766,/mnt/data_disk/HDRData/1000hdr/HDRtest/a3766-20041219_194831__E6B5558.exr,/mnt/data_disk/ZQL/TIP_TMO_result/dnn/UnCL/a3766.png,341,512,0.7004718961851426,0.5905300953484137,0.03384948166680057,0.27651256662974943,0.5530251332594989,1.0614560055415744e-31,0.10568136721849442
a3769,/mnt/data_disk/HDRData/1000hdr/HDRtest/a3769-IMG_3943.exr,/mnt/data_disk/ZQL/TIP_TMO_result/dnn/UnCL/a3769.png,341,512,0.9262038170755266,0.8502254681275387,0.7598729136768402,0.884693604152033,0.879551300111569,0.889835908192497,0.12070532143115997
a3771,/mnt/data_disk/HDRData/1000hdr/HDRtest/a3771-07-06-01-at-13h03m06-s_MG_1256.exr,/mnt/data_disk/ZQL/TIP_TMO_result/dnn/UnCL/a3771.png,341,512,0.8905726319775453,0.7848664366694047,0.6491974426334555,0.5637322119352468,0.8172394234949859,0.31022500037550776,0.25559645891189575
a3772,/mnt/data_disk/HDRData/1000hdr/HDRtest/a3772-dgw_123.exr,/mnt/data_disk/ZQL/TIP_TMO_result/dnn/UnCL/a3772.png,341,512,0.8738730038942706,0.8537173089635627,0.43586985642640474,0.787853351946442,0.875052799562743,0.7006539043301411,0.21944454312324524
a3774,/mnt/data_disk/HDRData/1000hdr/HDRtest/a3774-_DSC0017.exr,/mnt/data_disk/ZQL/TIP_TMO_result/dnn/UnCL/a3774.png,340,512,0.9455544794138677,0.8319803432176401,0.9242981965336562,0.7127603577821291,0.8421607657262578,0.5833599498380003,0.16567495465278625
a3778,/mnt/data_disk/HDRData/1000hdr/HDRtest/a3778-IMG_4838.exr,/mnt/data_disk/ZQL/TIP_TMO_result/dnn/UnCL/a3778.png,341,512,0.8926582403396431,0.7690251828650455,0.6914735535913489,0.7026509158407492,0.7545056308706187,0.6507962008108796,0.2834528386592865
a3780,/mnt/data_disk/HDRData/1000hdr/HDRtest/a3780-JI2E3902.exr,/mnt/data_disk/ZQL/TIP_TMO_result/dnn/UnCL/a3780.png,341,512,0.9420399869763448,0.843904972995158,0.8774498895174893,0.8876990758031993,0.9258395031100327,0.8495586484963659,0.14177238941192627
a3781,/mnt/data_disk/HDRData/1000hdr/HDRtest/a3781-2004-06-24 06-45-08 CRW_2040.exr,/mnt/data_disk/ZQL/TIP_TMO_result/dnn/UnCL/a3781.png,341,512,0.8674514958251918,0.8747683745012608,0.36995605743395055,0.9406089377263056,0.9169573297288027,0.9642605457238084,0.10113165527582169
a3783,/mnt/data_disk/HDRData/1000hdr/HDRtest/a3783-KE_-0052.exr,/mnt/data_disk/ZQL/TIP_TMO_result/dnn/UnCL/a3783.png,340,512,0.8269121318734001,0.7701701616857048,0.31151151756871176,0.4389746234473379,0.8750769114144732,0.0028723354802026153,0.14762815833091736
a3786,/mnt/data_disk/HDRData/1000hdr/HDRtest/a3786-_I2E8191.exr,/mnt/data_disk/ZQL/TIP_TMO_result/dnn/UnCL/a3786.png,341,512,0.8122178507571737,0.8733972880692491,0.1167551957575736,0.6550893146620206,0.8951290360528249,0.4150495932712162,0.17429588735103607
a3796,/mnt/data_disk/HDRData/1000hdr/HDRtest/a3796-NKIM_MG_7319.exr,/mnt/data_disk/ZQL/TIP_TMO_result/dnn/UnCL/a3796.png,341,512,0.9214997937889151,0.8447010601707349,0.7390492372564448,0.5703826214824818,0.8008232495320516,0.33994199343291187,0.25890401005744934
a3798,/mnt/data_disk/HDRData/1000hdr/HDRtest/a3798-IMG_2539.exr,/mnt/data_disk/ZQL/TIP_TMO_result/dnn/UnCL/a3798.png,341,512,0.9528414997395449,0.8223262373468613,0.9942334685447617,0.8341705913819251,0.8543435899570239,0.8139975928068263,0.20913155376911163
a3800,/mnt/data_disk/HDRData/1000hdr/HDRtest/a3800-dgw_090.exr,/mnt/data_disk/ZQL/TIP_TMO_result/dnn/UnCL/a3800.png,341,512,0.903412377175377,0.8295995778873061,0.6502485871465177,0.7153090936493751,0.7990662170226318,0.6315519702761185,0.16719990968704224
a3804,/mnt/data_disk/HDRData/1000hdr/HDRtest/a3804-_DSC3608.exr,/mnt/data_disk/ZQL/TIP_TMO_result/dnn/UnCL/a3804.png,343,512,0.9200787436734416,0.7400766431217916,0.9316490005362064,0.6275748666736591,0.7983918213324797,0.4567579120148385,0.10243375599384308
a3816,/mnt/data_disk/HDRData/1000hdr/HDRtest/a3816-jmac_DSC3118.exr,/mnt/data_disk/ZQL/TIP_TMO_result/dnn/UnCL/a3816.png,340,512,0.8301406786373161,0.8884059937199748,0.1729088739298581,0.47585046707168943,0.9469198289249504,0.004781105218428505,0.1544266641139984
a3820,/mnt/data_disk/HDRData/1000hdr/HDRtest/a3820-dgw_025.exr,/mnt/data_disk/ZQL/TIP_TMO_result/dnn/UnCL/a3820.png,341,512,0.7063662183956256,0.5717941209262475,0.07135617818123553,0.2985453801735432,0.597086889482898,3.870864188367217e-06,0.10857352614402771
a3822,/mnt/data_disk/HDRData/1000hdr/HDRtest/a3822-07-11-21-at-09h53m21s-_MG_5852.exr,/mnt/data_disk/ZQL/TIP_TMO_result/dnn/UnCL/a3822.png,341,512,0.8707803747161051,0.9015275848771294,0.35012114159065405,0.4566275517381806,0.904074886486505,0.0091802169898562,0.13858574628829956
a3827,/mnt/data_disk/HDRData/1000hdr/HDRtest/a3827-JI2E3823.exr,/mnt/data_disk/ZQL/TIP_TMO_result/dnn/UnCL/a3827.png,341,512,0.8839808625724728,0.7473835837277126,0.6770204968162478,0.4900644548577948,0.7388256848781778,0.24130322483741187,0.13421209156513214
a3830,/mnt/data_disk/HDRData/1000hdr/HDRtest/a3830-LS_060715_8670.exr,/mnt/data_disk/ZQL/TIP_TMO_result/dnn/UnCL/a3830.png,341,512,0.8367364219124506,0.7236396245129347,0.43785781121267553,0.4240329770088097,0.8474284295004683,0.0006375245171511032,0.2205883264541626
a3832,/mnt/data_disk/HDRData/1000hdr/HDRtest/a3832-20060613_091536__MG_7749.exr,/mnt/data_disk/ZQL/TIP_TMO_result/dnn/UnCL/a3832.png,341,512,0.8944983805792741,0.8377752723886819,0.5813774217667803,0.39532399352694225,0.7704058067885962,0.020242180265288373,0.21732427179813385
a3833,/mnt/data_disk/HDRData/1000hdr/HDRtest/a3833-_DSC0003-2.exr,/mnt/data_disk/ZQL/TIP_TMO_result/dnn/UnCL/a3833.png,340,512,0.865765130005203,0.8836484992672613,0.34858994042817815,0.6726994990426498,0.9393805687291295,0.4060184293561703,0.11814709007740021
a3834,/mnt/data_disk/HDRData/1000hdr/HDRtest/a3834-IMG_0007.exr,/mnt/data_disk/ZQL/TIP_TMO_result/dnn/UnCL/a3834.png,341,512,0.7910142189317563,0.7010643898003169,0.23845303722932998,0.4256631220148575,0.8373556412047872,0.01397060282492774,0.2372843325138092
a3846,/mnt/data_disk/HDRData/1000hdr/HDRtest/a3846-IMG_3087.exr,/mnt/data_disk/ZQL/TIP_TMO_result/dnn/UnCL/a3846.png,341,512,0.8635445197625966,0.862496623681265,0.36675170477151703,0.9162400945941245,0.8356979753222608,0.9967822138659881,0.1169484406709671
a3847,/mnt/data_disk/HDRData/1000hdr/HDRtest/a3847-NKIM_MG_6113.exr,/mnt/data_disk/ZQL/TIP_TMO_result/dnn/UnCL/a3847.png,341,512,0.7871995431239059,0.6075985816105417,0.372979168235782,0.3816834298447282,0.7633668590647924,6.246639559776051e-10,0.19567501544952393
a3848,/mnt/data_disk/HDRData/1000hdr/HDRtest/a3848-DSC_0024.exr,/mnt/data_disk/ZQL/TIP_TMO_result/dnn/UnCL/a3848.png,340,512,0.8840689682356462,0.8842977294974356,0.4468708702757059,0.38497380174304163,0.7667001535762232,0.0032474499098599893,0.08879779279232025
a3851,/mnt/data_disk/HDRData/1000hdr/HDRtest/a3851-IMG_3430.exr,/mnt/data_disk/ZQL/TIP_TMO_result/dnn/UnCL/a3851.png,341,512,0.9319085769077106,0.8325070004940045,0.8301012270235498,0.5834632603525952,0.8002488946776973,0.3666776260274931,0.11267855763435364
a3862,/mnt/data_disk/HDRData/1000hdr/HDRtest/a3862-JI2E0423.exr,/mnt/data_disk/ZQL/TIP_TMO_result/dnn/UnCL/a3862.png,341,512,0.9334744391612428,0.8556215744574026,0.7981434113267397,0.6328267608729317,0.7909375441083069,0.47471597763755635,0.103615902364254
a3863,/mnt/data_disk/HDRData/1000hdr/HDRtest/a3863-IMG_1159.exr,/mnt/data_disk/ZQL/TIP_TMO_result/dnn/UnCL/a3863.png,341,512,0.845695539244975,0.8179484399145732,0.3375524086483659,0.43497573658140837,0.8688697973308297,0.0010816758319870173,0.20265717804431915
a3864,/mnt/data_disk/HDRData/1000hdr/HDRtest/a3864-_DSC1992.exr,/mnt/data_disk/ZQL/TIP_TMO_result/dnn/UnCL/a3864.png,341,512,0.7988053404502068,0.5934647678122685,0.4638981134525439,0.3013013592236151,0.5525832064095164,0.05001951203771378,0.1135474368929863
a3872,/mnt/data_disk/HDRData/1000hdr/HDRtest/a3872-IMG_4058.exr,/mnt/data_disk/ZQL/TIP_TMO_result/dnn/UnCL/a3872.png,341,512,0.9329747459558596,0.8244734902994197,0.8523757102328035,0.5720876910698842,0.8581793950127222,0.2859959871270461,0.21546804904937744
a3877,/mnt/data_disk/HDRData/1000hdr/HDRtest/a3877-KE_-0019.exr,/mnt/data_disk/ZQL/TIP_TMO_result/dnn/UnCL/a3877.png,340,512,0.827825422297535,0.7667800148084797,0.3211906053498814,0.3900626008477654,0.7801251988237689,2.871761979409986e-09,0.185642808675766
a3879,/mnt/data_disk/HDRData/1000hdr/HDRtest/a3879-IMG_0091.exr,/mnt/data_disk/ZQL/TIP_TMO_result/dnn/UnCL/a3879.png,341,512,0.8945719816978355,0.8278289308465028,0.5986024361157456,0.7482344632897235,0.918099183123082,0.578369743456365,0.19360853731632233
a3890,/mnt/data_disk/HDRData/1000hdr/HDRtest/a3890-IMG_4308.exr,/mnt/data_disk/ZQL/TIP_TMO_result/dnn/UnCL/a3890.png,341,512,0.9143290633721295,0.7697243520775965,0.8321341683147846,0.820963024225831,0.8490573363782017,0.7928687120734602,0.1359747350215912
a3893,/mnt/data_disk/HDRData/1000hdr/HDRtest/a3893-_DGW6301.exr,/mnt/data_disk/ZQL/TIP_TMO_result/dnn/UnCL/a3893.png,341,512,0.9059427728865113,0.7656238075210392,0.7842223089274037,0.4158251513509539,0.8315705880134411,7.971468846665906e-05,0.27143019437789917
a3899,/mnt/data_disk/HDRData/1000hdr/HDRtest/a3899-jmac_DSC2259.exr,/mnt/data_disk/ZQL/TIP_TMO_result/dnn/UnCL/a3899.png,340,512,0.8841720185942658,0.887740326010889,0.4423262730908215,0.648723209211879,0.9008768659348025,0.3965695524889554,0.13601210713386536
a3900,/mnt/data_disk/HDRData/1000hdr/HDRtest/a3900-jmac_DSC5843.exr,/mnt/data_disk/ZQL/TIP_TMO_result/dnn/UnCL/a3900.png,340,512,0.896547486839931,0.916701248984709,0.46932744414294436,0.41553908672250334,0.7915134132760878,0.03956476016891881,0.15114742517471313
a3902,/mnt/data_disk/HDRData/1000hdr/HDRtest/a3902-jmac_DSC3970.exr,/mnt/data_disk/ZQL/TIP_TMO_result/dnn/UnCL/a3902.png,340,512,0.9473806492184482,0.8175026747999867,0.9652438747162277,0.8261975854752985,0.8122953460253122,0.8400998249252849,0.10277292877435684
a3903,/mnt/data_disk/HDRData/1000hdr/HDRtest/a3903-IMG_2386.exr,/mnt/data_disk/ZQL/TIP_TMO_result/dnn/UnCL/a3903.png,341,512,0.8995079739079392,0.811014547928679,0.6584095580169316,0.9050428711499822,0.8117966040872113,0.998289138212753,0.11688676476478577
a3906,/mnt/data_disk/HDRData/1000hdr/HDRtest/a3906-LS051025_day_3_LL003.exr,/mnt/data_disk/ZQL/TIP_TMO_result/dnn/UnCL/a3906.png,341,512,0.9234786128116607,0.8031009817861909,0.8289203858540726,0.46855272266569137,0.8433284465117883,0.09377699881959439,0.19482336938381195
a3911,/mnt/data_disk/HDRData/1000hdr/HDRtest/a3911-07-07-01-at-10h50m55s-_MG_2028.exr,/mnt/data_disk/ZQL/TIP_TMO_result/dnn/UnCL/a3911.png,341,512,0.8092877300883512,0.7240346186393322,0.29232466612657654,0.4245929330709382,0.848863829946892,0.0003220361949843823,0.18233166635036469
a3913,/mnt/data_disk/HDRData/1000hdr/HDRtest/a3913-IMG_0289.exr,/mnt/data_disk/ZQL/TIP_TMO_result/dnn/UnCL/a3913.png,341,512,0.8998167103474553,0.6818180928687656,0.9161727302223982,0.5559656672969676,0.6890983586900141,0.42283297590392116,0.10796384513378143
a3914,/mnt/data_disk/HDRData/1000hdr/HDRtest/a3914-DSC_0002-1.exr,/mnt/data_disk/ZQL/TIP_TMO_result/dnn/UnCL/a3914.png,340,512,0.8716158696224222,0.8196373303072594,0.4762857928803067,0.5118135478063064,0.8270268181999872,0.19660027741262542,0.15247367322444916
a3919,/mnt/data_disk/HDRData/1000hdr/HDRtest/a3919-KE_-1608.exr,/mnt/data_disk/ZQL/TIP_TMO_result/dnn/UnCL/a3919.png,340,512,0.7542609872727383,0.7227561031491724,0.06456477005565397,0.3765316316635734,0.7530632633268521,2.9466036375657963e-13,0.1512836068868637
a3923,/mnt/data_disk/HDRData/1000hdr/HDRtest/a3923-_DSC0095.exr,/mnt/data_disk/ZQL/TIP_TMO_result/dnn/UnCL/a3923.png,340,512,0.9383203096048569,0.8270008642757842,0.8839823350867411,0.7221282546749594,0.8008532997203442,0.6434032096295748,0.1398351639509201
a3924,/mnt/data_disk/HDRData/1000hdr/HDRtest/a3924-_DSC6358.exr,/mnt/data_disk/ZQL/TIP_TMO_result/dnn/UnCL/a3924.png,341,512,0.6834414652371412,0.5579535958486792,0.0206362660731004,0.3281724757318708,0.6563449514637416,7.784166508278527e-37,0.22216394543647766
a3926,/mnt/data_disk/HDRData/1000hdr/HDRtest/a3926-dgw_077.exr,/mnt/data_disk/ZQL/TIP_TMO_result/dnn/UnCL/a3926.png,341,512,0.8155999519079652,0.6504717645004423,0.4493860952806124,0.3492707570840711,0.6985415116493763,2.518765928921962e-09,0.18791796267032623
a3927,/mnt/data_disk/HDRData/1000hdr/HDRtest/a3927-IMG_6048.exr,/mnt/data_disk/ZQL/TIP_TMO_result/dnn/UnCL/a3927.png,341,512,0.7946610511679778,0.7678987825500461,0.16481317344611562,0.5868547640652966,0.7632071678140498,0.4105023603165432,0.20407947897911072
a3930,/mnt/data_disk/HDRData/1000hdr/HDRtest/a3930-IMG_5083.exr,/mnt/data_disk/ZQL/TIP_TMO_result/dnn/UnCL/a3930.png,341,512,0.9038251625571333,0.8449680269667664,0.6263936770677,0.42358478286991397,0.8446188941875711,0.0025506715522569078,0.2098570466041565
a3931,/mnt/data_disk/HDRData/1000hdr/HDRtest/a3931-_DGW6259.exr,/mnt/data_disk/ZQL/TIP_TMO_result/dnn/UnCL/a3931.png,341,512,0.7423234990123533,0.44901343413422623,0.4592943352524772,0.32050604361553664,0.6410120872310531,2.0205272986043178e-14,0.3166467547416687
a3940,/mnt/data_disk/HDRData/1000hdr/HDRtest/a3940-20050602_180025__MG_2820.exr,/mnt/data_disk/ZQL/TIP_TMO_result/dnn/UnCL/a3940.png,341,512,0.8335145250178391,0.8699348163240153,0.2092839782213339,0.9578015402284237,0.9197377327444423,0.9958653477124051,0.15191073715686798
a3943,/mnt/data_disk/HDRData/1000hdr/HDRtest/a3943-_DSC0054.exr,/mnt/data_disk/ZQL/TIP_TMO_result/dnn/UnCL/a3943.png,340,512,0.867984112648035,0.8239614417740547,0.44883845837605546,0.6682161424269082,0.8547871501735098,0.4816451346803066,0.13420629501342773
a3947,/mnt/data_disk/HDRData/1000hdr/HDRtest/a3947-jmac_MG_1444.exr,/mnt/data_disk/ZQL/TIP_TMO_result/dnn/UnCL/a3947.png,341,512,0.8861807301384375,0.8650984364190282,0.4881239871151832,0.43873714627001575,0.7163084329774366,0.1611658595625949,0.13800913095474243
a3948,/mnt/data_disk/HDRData/1000hdr/HDRtest/a3948-_DSC0045.exr,/mnt/data_disk/ZQL/TIP_TMO_result/dnn/UnCL/a3948.png,340,512,0.8140654397964415,0.7032498233657712,0.34933660030823555,0.43463129619203056,0.8439114982448994,0.025351094139161697,0.18258410692214966
a3954,/mnt/data_disk/HDRData/1000hdr/HDRtest/a3954-_MG_0841.exr,/mnt/data_disk/ZQL/TIP_TMO_result/dnn/UnCL/a3954.png,341,512,0.9015109784748233,0.8991661574734984,0.5245476075215094,0.5620816116302224,0.7971214508677789,0.3270417723926659,0.22656548023223877
a3958,/mnt/data_disk/HDRData/1000hdr/HDRtest/a3958-_DSC3890.exr,/mnt/data_disk/ZQL/TIP_TMO_result/dnn/UnCL/a3958.png,341,512,0.9221205652672834,0.9101043494304051,0.6318674367857201,0.9630894368172092,0.9380945865498741,0.9880842870845442,0.10057725757360458
a3961,/mnt/data_disk/HDRData/1000hdr/HDRtest/a3961-_DSC0049.exr,/mnt/data_disk/ZQL/TIP_TMO_result/dnn/UnCL/a3961.png,340,512,0.8712449415407453,0.7921336514172939,0.5193080402721814,0.32002114627929,0.6193313450020795,0.020710947556500523,0.11052273213863373
a3963,/mnt/data_disk/HDRData/1000hdr/HDRtest/a3963-jmac_DSC3835.exr,/mnt/data_disk/ZQL/TIP_TMO_result/dnn/UnCL/a3963.png,340,512,0.8133245526950321,0.8286118289493182,0.17041712176309362,0.8828494840223146,0.8939509590465186,0.8717480089981106,0.18490204215049744
a3964,/mnt/data_disk/HDRData/1000hdr/HDRtest/a3964-NKIM_MG_6716.exr,/mnt/data_disk/ZQL/TIP_TMO_result/dnn/UnCL/a3964.png,341,512,0.7662010679875808,0.7534393732617596,0.07332574006372082,0.39805127692013365,0.7961025538402673,5.110728481677011e-21,0.16679878532886505
a3970,/mnt/data_disk/HDRData/1000hdr/HDRtest/a3970-WP_Amanda_3rd_bday014.exr,/mnt/data_disk/ZQL/TIP_TMO_result/dnn/UnCL/a3970.png,341,512,0.8366790624713539,0.7947253746828771,0.32503302194443523,0.4455047336241039,0.8641286374604296,0.02688082978777833,0.091814786195755
a3973,/mnt/data_disk/HDRData/1000hdr/HDRtest/a3973-DSC_0068-2.exr,/mnt/data_disk/ZQL/TIP_TMO_result/dnn/UnCL/a3973.png,340,512,0.9377867346983347,0.86341904289124,0.8127903485981981,0.4897982582452349,0.7244626044139901,0.2551339120764796,0.10049109905958176
a3975,/mnt/data_disk/HDRData/1000hdr/HDRtest/a3975-jmac_MG_5721.exr,/mnt/data_disk/ZQL/TIP_TMO_result/dnn/UnCL/a3975.png,341,512,0.9348059690452393,0.9045051758827164,0.7214500307992494,0.884137173151781,0.9068441655025008,0.8614301808010612,0.12122935056686401
a3976,/mnt/data_disk/HDRData/1000hdr/HDRtest/a3976-Ja_Pe-10.exr,/mnt/data_disk/ZQL/TIP_TMO_result/dnn/UnCL/a3976.png,288,512,0.9585193323289365,0.8828949629078116,0.918299450941749,0.48126502797412296,0.9251288350337632,0.03740122091448277,0.1632222831249237
a3991,/mnt/data_disk/HDRData/1000hdr/HDRtest/a3991-DSC_0005-2.exr,/mnt/data_disk/ZQL/TIP_TMO_result/dnn/UnCL/a3991.png,340,512,0.9392993250242357,0.8323059289601251,0.8805938604612931,0.8613454613520048,0.8003600777283917,0.9223308449756181,0.1432405263185501
a3992,/mnt/data_disk/HDRData/1000hdr/HDRtest/a3992-KE_-0044.exr,/mnt/data_disk/ZQL/TIP_TMO_result/dnn/UnCL/a3992.png,340,512,0.881065959861477,0.662840386909339,0.8299157638937203,0.8960578512080197,0.7932485822742544,0.9988671201417849,0.10167621821165085
a3993,/mnt/data_disk/HDRData/1000hdr/HDRtest/a3993-IMG_2812.exr,/mnt/data_disk/ZQL/TIP_TMO_result/dnn/UnCL/a3993.png,341,512,0.728004397514817,0.6203797056303321,0.08708774096327165,0.33208029744069767,0.6641605947755495,1.058458399213455e-10,0.1489049792289734
a3995,/mnt/data_disk/HDRData/1000hdr/HDRtest/a3995-IMG_0187.exr,/mnt/data_disk/ZQL/TIP_TMO_result/dnn/UnCL/a3995.png,341,512,0.8470502345144412,0.7191878823100116,0.5043974968410527,0.4327721074947593,0.8624192540017874,0.003124960987731197,0.1762537956237793
a4001,/mnt/data_disk/HDRData/1000hdr/HDRtest/a4001-jn_20070824_0168.exr,/mnt/data_disk/ZQL/TIP_TMO_result/dnn/UnCL/a4001.png,341,512,0.8851115787039756,0.8091366160423206,0.5729937293587708,0.4673051279347793,0.7606784672327307,0.17393178863682784,0.1328095942735672
a4003,/mnt/data_disk/HDRData/1000hdr/HDRtest/a4003-NKIM_MG_6603.exr,/mnt/data_disk/ZQL/TIP_TMO_result/dnn/UnCL/a4003.png,341,512,0.960086005104656,0.852677287674182,0.986200329462137,0.4986178581819305,0.8413131382504399,0.15592257811342117,0.18166802823543549
a4004,/mnt/data_disk/HDRData/1000hdr/HDRtest/a4004-050812_113412__MG_3770.exr,/mnt/data_disk/ZQL/TIP_TMO_result/dnn/UnCL/a4004.png,341,512,0.9450216595818095,0.8679055682029915,0.8533284428467235,0.3807894898055275,0.6358979473789326,0.1256810322321224,0.09311369061470032
a4007,/mnt/data_disk/HDRData/1000hdr/HDRtest/a4007-_MG_7167.exr,/mnt/data_disk/ZQL/TIP_TMO_result/dnn/UnCL/a4007.png,341,512,0.908756976661456,0.8031941775176529,0.7315764480780291,0.7420024542065636,0.8443303811658666,0.6396745272472607,0.24357318878173828
a4008,/mnt/data_disk/HDRData/1000hdr/HDRtest/a4008-dgw_019.exr,/mnt/data_disk/ZQL/TIP_TMO_result/dnn/UnCL/a4008.png,341,512,0.9286372680118136,0.7791262615189511,0.9109931805088394,0.506917538476769,0.7265119823824469,0.2873230945710912,0.20216387510299683
a4009,/mnt/data_disk/HDRData/1000hdr/HDRtest/a4009-jmac_MG_7717.exr,/mnt/data_disk/ZQL/TIP_TMO_result/dnn/UnCL/a4009.png,341,512,0.9536012473896827,0.8520557266586188,0.9418595808807091,0.5085170316145144,0.9022482195771008,0.11478584365192802,0.25394296646118164
a4013,/mnt/data_disk/HDRData/1000hdr/HDRtest/a4013-_I2E6911.exr,/mnt/data_disk/ZQL/TIP_TMO_result/dnn/UnCL/a4013.png,341,512,0.8082923927716427,0.8149523519982591,0.16530591929478855,0.42190425523476904,0.8438085013419373,9.127600809888806e-09,0.2742362916469574
a4014,/mnt/data_disk/HDRData/1000hdr/HDRtest/a4014-JI2E4114.exr,/mnt/data_disk/ZQL/TIP_TMO_result/dnn/UnCL/a4014.png,341,512,0.9541650803446161,0.8289360841897697,0.99055530522548,0.4389496843626256,0.8775951485522528,0.00030422017299831935,0.2240268886089325
a4017,/mnt/data_disk/HDRData/1000hdr/HDRtest/a4017-DSC_0023.exr,/mnt/data_disk/ZQL/TIP_TMO_result/dnn/UnCL/a4017.png,340,512,0.9144346973803297,0.848867846564167,0.6862838126900528,0.9316768465300606,0.8740691514682475,0.9892845415918736,0.13343796133995056
a4020,/mnt/data_disk/HDRData/1000hdr/HDRtest/a4020-IMG_3763.exr,/mnt/data_disk/ZQL/TIP_TMO_result/dnn/UnCL/a4020.png,341,512,0.8346004149933957,0.7501058523266119,0.38245230577103045,0.7710067973195818,0.8022742877947412,0.7397393068444224,0.13014952838420868
a4025,/mnt/data_disk/HDRData/1000hdr/HDRtest/a4025-IMG_5601.exr,/mnt/data_disk/ZQL/TIP_TMO_result/dnn/UnCL/a4025.png,341,512,0.8625649284017483,0.8139728415451553,0.4341936928518887,0.39993504640194927,0.7956340258324075,0.004236066971491081,0.19243808090686798
a4026,/mnt/data_disk/HDRData/1000hdr/HDRtest/a4026-NKIM_MG_6632.exr,/mnt/data_disk/ZQL/TIP_TMO_result/dnn/UnCL/a4026.png,341,512,0.7792894989026766,0.9009621939740442,0.002875312738391629,0.4513714978018267,0.902625540081083,0.0001174555225704777,0.16948610544204712
a4027,/mnt/data_disk/HDRData/1000hdr/HDRtest/a4027-IMG_2393.exr,/mnt/data_disk/ZQL/TIP_TMO_result/dnn/UnCL/a4027.png,341,512,0.8649239773614357,0.8132285726712454,0.44855966032079164,0.9236607416180787,0.8544754587871504,0.9928460244490068,0.14483024179935455
a4028,/mnt/data_disk/HDRData/1000hdr/HDRtest/a4028-060810_105728__MG_6096.exr,/mnt/data_disk/ZQL/TIP_TMO_result/dnn/UnCL/a4028.png,341,512,0.8584202776172087,0.8048525050721612,0.4255010553918394,0.44530359140369685,0.8732390651199925,0.017368117687401197,0.16971521079540253
a4038,/mnt/data_disk/HDRData/1000hdr/HDRtest/a4038-Ja_Pe-20.exr,/mnt/data_disk/ZQL/TIP_TMO_result/dnn/UnCL/a4038.png,288,512,0.880442146627908,0.8252595827817756,0.5182873473915496,0.44473808335464665,0.8838007931412895,0.00567537356800389,0.1828106939792633
a4040,/mnt/data_disk/HDRData/1000hdr/HDRtest/a4040-IMG_0233.exr,/mnt/data_disk/ZQL/TIP_TMO_result/dnn/UnCL/a4040.png,341,512,0.8421302919122358,0.74428625017299,0.4330990488067184,0.4264873445723676,0.8502238215504103,0.002750867594324808,0.30402669310569763
a4047,/mnt/data_disk/HDRData/1000hdr/HDRtest/a4047-IMG_1285.exr,/mnt/data_disk/ZQL/TIP_TMO_result/dnn/UnCL/a4047.png,341,512,0.8700732741220709,0.9065668493058652,0.3395746062075377,0.700302503558368,0.9427714420312302,0.45783356508550577,0.10261328518390656
a4049,/mnt/data_disk/HDRData/1000hdr/HDRtest/a4049-_DSC3858.exr,/mnt/data_disk/ZQL/TIP_TMO_result/dnn/UnCL/a4049.png,341,512,0.86179203869206,0.6703928325228609,0.687770682257311,0.41580959991556077,0.7899420763099403,0.04167712352118128,0.29976293444633484
a4051,/mnt/data_disk/HDRData/1000hdr/HDRtest/a4051-_DSC0018-3.exr,/mnt/data_disk/ZQL/TIP_TMO_result/dnn/UnCL/a4051.png,340,512,0.8638220763890304,0.8500801246177118,0.38625712292710906,0.9405920279969543,0.9135883979637311,0.9675956580301774,0.13780814409255981
a4052,/mnt/data_disk/HDRData/1000hdr/HDRtest/a4052-20060620_165511__MG_9535.exr,/mnt/data_disk/ZQL/TIP_TMO_result/dnn/UnCL/a4052.png,341,512,0.9224476395494523,0.8653664482174501,0.7088455477174789,0.45287276002208743,0.8799174454392834,0.0258280746048914,0.2023812085390091
a4060,/mnt/data_disk/HDRData/1000hdr/HDRtest/a4060-_DSC5597.exr,/mnt/data_disk/ZQL/TIP_TMO_result/dnn/UnCL/a4060.png,341,512,0.8723284129795825,0.7691844278169817,0.5652466955729879,0.4582763702242103,0.775829340928454,0.14072339951996662,0.22823026776313782
a4064,/mnt/data_disk/HDRData/1000hdr/HDRtest/a4064-07-12-02-at-16h23m18s-_MG_9020.exr,/mnt/data_disk/ZQL/TIP_TMO_result/dnn/UnCL/a4064.png,341,512,0.9601262707268796,0.8756375406987513,0.9429279576669357,0.429724259740584,0.8335467523807436,0.025901767100424328,0.2095080316066742
a4068,/mnt/data_disk/HDRData/1000hdr/HDRtest/a4068-tc_DSC2612.exr,/mnt/data_disk/ZQL/TIP_TMO_result/dnn/UnCL/a4068.png,340,512,0.9082706861966234,0.7393272310746968,0.8521538652277594,0.40692299777162155,0.725318728412669,0.08852726713057411,0.20182430744171143
a4075,/mnt/data_disk/HDRData/1000hdr/HDRtest/a4075-JI2E0444.exr,/mnt/data_disk/ZQL/TIP_TMO_result/dnn/UnCL/a4075.png,341,512,0.8101782082553298,0.7024676112129765,0.3304540553187828,0.414810684880217,0.8295596828444862,6.168691594775515e-05,0.29013949632644653
a4076,/mnt/data_disk/HDRData/1000hdr/HDRtest/a4076-_DGW6244.exr,/mnt/data_disk/ZQL/TIP_TMO_result/dnn/UnCL/a4076.png,341,512,0.8204892842319473,0.6334273948945092,0.5098242749955261,0.41220067608632865,0.819370495896192,0.00503085627646526,0.3400610387325287
a4080,/mnt/data_disk/HDRData/1000hdr/HDRtest/a4080-IMG_3765.exr,/mnt/data_disk/ZQL/TIP_TMO_result/dnn/UnCL/a4080.png,341,512,0.8858516014358134,0.8280732382656952,0.5456012104895983,0.49102283477504327,0.8499227870748842,0.13212288247520226,0.19928909838199615
a4085,/mnt/data_disk/HDRData/1000hdr/HDRtest/a4085-_MG_2385.exr,/mnt/data_disk/ZQL/TIP_TMO_result/dnn/UnCL/a4085.png,341,512,0.9226892713936731,0.867083725916083,0.7074240630722022,0.8638661503928577,0.8753866977198334,0.8523456030658821,0.1301327496767044
a4087,/mnt/data_disk/HDRData/1000hdr/HDRtest/a4087-NKIM_MG_6395.exr,/mnt/data_disk/ZQL/TIP_TMO_result/dnn/UnCL/a4087.png,341,512,0.8772033182948861,0.8382101392807773,0.47870634468655887,0.8461162346249573,0.8966143510964063,0.7956181181535084,0.26452645659446716
a4088,/mnt/data_disk/HDRData/1000hdr/HDRtest/a4088-dvf_041.exr,/mnt/data_disk/ZQL/TIP_TMO_result/dnn/UnCL/a4088.png,341,512,0.856801877171056,0.8375463527843691,0.3671495939424062,0.4123122780205711,0.8224123904227228,0.0022121656184193542,0.08637746423482895
a4091,/mnt/data_disk/HDRData/1000hdr/HDRtest/a4091-_DSC0041.exr,/mnt/data_disk/ZQL/TIP_TMO_result/dnn/UnCL/a4091.png,340,512,0.8086219318159387,0.8005110555367401,0.18416838633620497,0.7956276294426987,0.8122448433880611,0.7790104154973363,0.16075792908668518
a4092,/mnt/data_disk/HDRData/1000hdr/HDRtest/a4092-07-12-03-at-09h35m54s-_MG_9192.exr,/mnt/data_disk/ZQL/TIP_TMO_result/dnn/UnCL/a4092.png,341,512,0.8865277408036893,0.8357211480828007,0.5370239259443063,0.7783300429226567,0.8651112221809903,0.6915488636643232,0.29210972785949707
a4093,/mnt/data_disk/HDRData/1000hdr/HDRtest/a4093-jn_20071117-031.exr,/mnt/data_disk/ZQL/TIP_TMO_result/dnn/UnCL/a4093.png,341,512,0.8703030911291542,0.7953012815957166,0.5084949761286237,0.4447455380815172,0.8378203391122877,0.05167073705074668,0.2869429290294647
a4096,/mnt/data_disk/HDRData/1000hdr/HDRtest/a4096-jmac_MG_0095.exr,/mnt/data_disk/ZQL/TIP_TMO_result/dnn/UnCL/a4096.png,341,512,0.7678329814589607,0.7717602864612002,0.06115268878552008,0.3672133289359723,0.7344266571339775,7.379671014737331e-10,0.16395103931427002
a4097,/mnt/data_disk/HDRData/1000hdr/HDRtest/a4097-20080623_at_14h52m36__MG_9904.exr,/mnt/data_disk/ZQL/TIP_TMO_result/dnn/UnCL/a4097.png,341,512,0.9725062724331238,0.8982448942279025,0.9877588422536139,0.7926382963106391,0.8939183150276585,0.6913582775936196,0.1396719366312027
a4099,/mnt/data_disk/HDRData/1000hdr/HDRtest/a4099-_DSC0014-2.exr,/mnt/data_disk/ZQL/TIP_TMO_result/dnn/UnCL/a4099.png,340,512,0.8666574588563354,0.8664003961749125,0.377707983339396,0.9527768410335218,0.9291162672626577,0.9764374148043858,0.12079402059316635
a4101,/mnt/data_disk/HDRData/1000hdr/HDRtest/a4101-IMG_5823.exr,/mnt/data_disk/ZQL/TIP_TMO_result/dnn/UnCL/a4101.png,341,512,0.8137771948573905,0.7543845631646223,0.2695263068925853,0.31990501427124457,0.6398099257380929,1.0280439627056718e-07,0.1680329591035843
a4102,/mnt/data_disk/HDRData/1000hdr/HDRtest/a4102-07-06-30-at-11h38m56s-_MG_1997.exr,/mnt/data_disk/ZQL/TIP_TMO_result/dnn/UnCL/a4102.png,341,512,0.8963953469654709,0.847290876553354,0.5770241702843767,0.8574650213863376,0.9090068065284139,0.8059232362442613,0.19530890882015228
a4104,/mnt/data_disk/HDRData/1000hdr/HDRtest/a4104-DSC_0260.exr,/mnt/data_disk/ZQL/TIP_TMO_result/dnn/UnCL/a4104.png,340,512,0.9545455044789164,0.8493789130514674,0.9535639520734712,0.4400463487869846,0.8006145470129106,0.07947815056105866,0.08934181183576584
a4105,/mnt/data_disk/HDRData/1000hdr/HDRtest/a4105-07-11-26-at-16h02m57s-_MG_7151.exr,/mnt/data_disk/ZQL/TIP_TMO_result/dnn/UnCL/a4105.png,341,512,0.9432123868586348,0.8121063941305395,0.9466843850582551,0.4475608138689256,0.7996093042102472,0.09551232352760401,0.2293837070465088
a4107,/mnt/data_disk/HDRData/1000hdr/HDRtest/a4107-dvf_018.exr,/mnt/data_disk/ZQL/TIP_TMO_result/dnn/UnCL/a4107.png,341,512,0.7227316377528006,0.6621820010912912,0.028764492610648836,0.3922347207251755,0.784469441450351,1.3135834337482868e-29,0.14637401700019836
a4108,/mnt/data_disk/HDRData/1000hdr/HDRtest/a4108-MB_080329_057.exr,/mnt/data_disk/ZQL/TIP_TMO_result/dnn/UnCL/a4108.png,341,512,0.9474366693574782,0.8687979615369672,0.8681025380625776,0.5408670702398105,0.8133195753984755,0.26841456508114553,0.30512574315071106
a4110,/mnt/data_disk/HDRData/1000hdr/HDRtest/a4110-dgw_069.exr,/mnt/data_disk/ZQL/TIP_TMO_result/dnn/UnCL/a4110.png,341,512,0.8518515159046398,0.7710854920657548,0.44307982562578957,0.4666263868030483,0.8377496928621483,0.0955030807439483,0.2932567000389099
a4113,/mnt/data_disk/HDRData/1000hdr/HDRtest/a4113-IMG_2800.exr,/mnt/data_disk/ZQL/TIP_TMO_result/dnn/UnCL/a4113.png,341,512,0.7934834617512795,0.8299202126394526,0.09154934615198863,0.389758476369901,0.77949251379294,2.443894686204604e-05,0.13822874426841736
a4116,/mnt/data_disk/HDRData/1000hdr/HDRtest/a4116-IMG_2042.exr,/mnt/data_disk/ZQL/TIP_TMO_result/dnn/UnCL/a4116.png,341,512,0.885386722049736,0.8064693962977668,0.5792202665876746,0.9354052370039074,0.8715008470826483,0.9993096269251666,0.11224018037319183
a4117,/mnt/data_disk/HDRData/1000hdr/HDRtest/a4117-050918_141526__MG_5987.exr,/mnt/data_disk/ZQL/TIP_TMO_result/dnn/UnCL/a4117.png,341,512,0.8547740826149453,0.7826769607682278,0.44056663566983145,0.6201551193601915,0.8684642502152187,0.37184598850516426,0.25586745142936707
a4124,/mnt/data_disk/HDRData/1000hdr/HDRtest/a4124-20080709_at_10h04m23__MG_4561.exr,/mnt/data_disk/ZQL/TIP_TMO_result/dnn/UnCL/a4124.png,341,512,0.893608894623776,0.7713281992472321,0.6932378290450126,0.7930639720694406,0.8924674614305121,0.6936604827083689,0.1829148828983307
a4127,/mnt/data_disk/HDRData/1000hdr/HDRtest/a4127-DSC_0152.exr,/mnt/data_disk/ZQL/TIP_TMO_result/dnn/UnCL/a4127.png,340,512,0.8367314436573331,0.910924608862791,0.17579242758302555,0.8764153274801163,0.9234305885576463,0.8294000664025865,0.10218068212270737
a4131,/mnt/data_disk/HDRData/1000hdr/HDRtest/a4131-DSC_0001-2.exr,/mnt/data_disk/ZQL/TIP_TMO_result/dnn/UnCL/a4131.png,340,512,0.9513011895559303,0.8249888484858771,0.9780904650346912,0.8367576026186265,0.8092618574649694,0.8642533477722837,0.11783282458782196
a4134,/mnt/data_disk/HDRData/1000hdr/HDRtest/a4134-IMG_0086.exr,/mnt/data_disk/ZQL/TIP_TMO_result/dnn/UnCL/a4134.png,341,512,0.8054783326687246,0.8704775752871454,0.094796719236307,0.9569345003599776,0.9149406574772259,0.9989283432427294,0.12068696320056915
a4142,/mnt/data_disk/HDRData/1000hdr/HDRtest/a4142-_DGW6275.exr,/mnt/data_disk/ZQL/TIP_TMO_result/dnn/UnCL/a4142.png,341,512,0.9331075245392475,0.8437857100809805,0.8172695346250572,0.5922786529577303,0.7895798868762515,0.39497741903920913,0.2321556955575943
a4143,/mnt/data_disk/HDRData/1000hdr/HDRtest/a4143-LSCRW_0029.exr,/mnt/data_disk/ZQL/TIP_TMO_result/dnn/UnCL/a4143.png,384,512,0.9654297909775953,0.9072463910534394,0.9217012843111108,0.8223691201985699,0.8136840012475363,0.8310542391496035,0.10227841138839722
a4144,/mnt/data_disk/HDRData/1000hdr/HDRtest/a4144-050623_122602__MG_3246.exr,/mnt/data_disk/ZQL/TIP_TMO_result/dnn/UnCL/a4144.png,341,512,0.8985085605799196,0.8835332180888139,0.5312083577903091,0.7567684266334577,0.8001229655581055,0.7134138877088099,0.144442617893219
a4150,/mnt/data_disk/HDRData/1000hdr/HDRtest/a4150-_DGW6309.exr,/mnt/data_disk/ZQL/TIP_TMO_result/dnn/UnCL/a4150.png,341,512,0.9009505161056653,0.718088641190064,0.8463293477886308,0.5255472148244145,0.7508426416889881,0.3002517879598409,0.31631550192832947
a4151,/mnt/data_disk/HDRData/1000hdr/HDRtest/a4151-dvf_026.exr,/mnt/data_disk/ZQL/TIP_TMO_result/dnn/UnCL/a4151.png,341,512,0.8041232459722862,0.7631929098308966,0.21210731798279436,0.4191855232826296,0.8383708499206846,1.9664457459710226e-07,0.2355862706899643
a4154,/mnt/data_disk/HDRData/1000hdr/HDRtest/a4154-IMG_4620.exr,/mnt/data_disk/ZQL/TIP_TMO_result/dnn/UnCL/a4154.png,341,512,0.9526097962771345,0.8267042092639997,0.9839508251531316,0.541848934831618,0.8277092777941577,0.2559885918690783,0.18092302978038788
a4155,/mnt/data_disk/HDRData/1000hdr/HDRtest/a4155-WP_CRW_0237.exr,/mnt/data_disk/ZQL/TIP_TMO_result/dnn/UnCL/a4155.png,341,512,0.9267472702978292,0.8550527544458237,0.754815313189696,0.6579506486444483,0.8392528833736317,0.47664841391526486,0.1579788774251938
a4156,/mnt/data_disk/HDRData/1000hdr/HDRtest/a4156-IMG_0159.exr,/mnt/data_disk/ZQL/TIP_TMO_result/dnn/UnCL/a4156.png,341,512,0.8494191409697354,0.7354567470249118,0.4894296425431481,0.47546975475205944,0.9028528778996474,0.04808663160447152,0.21541395783424377
a4158,/mnt/data_disk/HDRData/1000hdr/HDRtest/a4158-WP_CRW_4109.exr,/mnt/data_disk/ZQL/TIP_TMO_result/dnn/UnCL/a4158.png,341,512,0.9308773065704404,0.8147662845845375,0.8565992160819494,0.8042272594750554,0.7394563075524376,0.8689982113976731,0.12867861986160278
a4160,/mnt/data_disk/HDRData/1000hdr/HDRtest/a4160-jn_20070824_0167.exr,/mnt/data_disk/ZQL/TIP_TMO_result/dnn/UnCL/a4160.png,341,512,0.7932390672657434,0.8196406599252547,0.10096654999045344,0.4286794428663906,0.8573571307058134,1.755026967785996e-06,0.2935309410095215
a4161,/mnt/data_disk/HDRData/1000hdr/HDRtest/a4161-tc_DSC2218.exr,/mnt/data_disk/ZQL/TIP_TMO_result/dnn/UnCL/a4161.png,340,512,0.798329798041081,0.957230792776182,0.010235558466409533,0.4486040934639862,0.8972081869279617,1.0755632178934445e-14,0.19397635757923126
a4167,/mnt/data_disk/HDRData/1000hdr/HDRtest/a4167-IMG_0031.exr,/mnt/data_disk/ZQL/TIP_TMO_result/dnn/UnCL/a4167.png,341,512,0.8897159136801568,0.8624846303451977,0.5127279509530649,0.452957052813338,0.889761763885375,0.016152341741300973,0.21149632334709167
a4170,/mnt/data_disk/HDRData/1000hdr/HDRtest/a4170-jmac_DSC3333.exr,/mnt/data_disk/ZQL/TIP_TMO_result/dnn/UnCL/a4170.png,343,512,0.8448884511130959,0.7561549061051667,0.4287717853278991,0.4260723358469965,0.8516127210352662,0.0005319506587267849,0.17257775366306305
a4174,/mnt/data_disk/HDRData/1000hdr/HDRtest/a4174-dgw_083.exr,/mnt/data_disk/ZQL/TIP_TMO_result/dnn/UnCL/a4174.png,341,512,0.926675914769254,0.8296686550641772,0.800379371824096,0.49636613152062564,0.8744008644487885,0.11833139859246275,0.32968807220458984
a4177,/mnt/data_disk/HDRData/1000hdr/HDRtest/a4177-jmac_DSC1412.exr,/mnt/data_disk/ZQL/TIP_TMO_result/dnn/UnCL/a4177.png,340,512,0.9515859628526926,0.9230637671156418,0.7997987672123745,0.5456952350339966,0.8941777251648653,0.19721274490312807,0.10244559496641159
a4178,/mnt/data_disk/HDRData/1000hdr/HDRtest/a4178-IMG_0487.exr,/mnt/data_disk/ZQL/TIP_TMO_result/dnn/UnCL/a4178.png,341,512,0.9162154090412788,0.8912676044325165,0.6259079063793935,0.8879782887180716,0.9055298077388849,0.8704267696972582,0.09528305381536484
a4184,/mnt/data_disk/HDRData/1000hdr/HDRtest/a4184-jmac_MG_5507.exr,/mnt/data_disk/ZQL/TIP_TMO_result/dnn/UnCL/a4184.png,341,512,0.9062011217081417,0.7958551562854975,0.7285764978268912,0.5324880335847005,0.852796069419852,0.21217999774954918,0.2672497034072876
a4185,/mnt/data_disk/HDRData/1000hdr/HDRtest/a4185-DSC_0055-2.exr,/mnt/data_disk/ZQL/TIP_TMO_result/dnn/UnCL/a4185.png,340,512,0.8726647865006095,0.8455559079171447,0.441578559059205,0.4679714838972432,0.897224634252859,0.03871833354162733,0.19074106216430664
a4188,/mnt/data_disk/HDRData/1000hdr/HDRtest/a4188-_MG_1604.exr,/mnt/data_disk/ZQL/TIP_TMO_result/dnn/UnCL/a4188.png,341,512,0.8868622453616005,0.7720621106142843,0.6492534760511903,0.5771710122823328,0.772277076897377,0.3820649476672886,0.2636086046695709
a4191,/mnt/data_disk/HDRData/1000hdr/HDRtest/a4191-IMG_4849.exr,/mnt/data_disk/ZQL/TIP_TMO_result/dnn/UnCL/a4191.png,341,512,0.8807888326174663,0.8350684845143462,0.5044059068099054,0.4614937011636097,0.9037167327341151,0.019270669593104323,0.178620845079422
a4194,/mnt/data_disk/HDRData/1000hdr/HDRtest/a4194-LS051026_day_1_arive50.exr,/mnt/data_disk/ZQL/TIP_TMO_result/dnn/UnCL/a4194.png,341,512,0.8471732521972795,0.755401994961931,0.44274630017727434,0.6222413727578024,0.8604267168696569,0.38405602864594796,0.16626450419425964
a4197,/mnt/data_disk/HDRData/1000hdr/HDRtest/a4197-_MG_6428.exr,/mnt/data_disk/ZQL/TIP_TMO_result/dnn/UnCL/a4197.png,341,512,0.8437143396313116,0.9148849367666789,0.20178462278039327,0.4781973536211001,0.9563945802441669,1.2699803336729527e-07,0.0891745537519455
a4198,/mnt/data_disk/HDRData/1000hdr/HDRtest/a4198-_DSC6401.exr,/mnt/data_disk/ZQL/TIP_TMO_result/dnn/UnCL/a4198.png,341,512,0.7620870999014937,0.6534841706843916,0.17702547299106094,0.4019213339506784,0.8033564261143764,0.0004862417869803813,0.2814505100250244
a4199,/mnt/data_disk/HDRData/1000hdr/HDRtest/a4199-jmac_MG_5003.exr,/mnt/data_disk/ZQL/TIP_TMO_result/dnn/UnCL/a4199.png,341,512,0.8311722486909547,0.769959433135143,0.33357082269935645,0.4246193754570049,0.8338057916388221,0.015432959275187785,0.31107082962989807
a4201,/mnt/data_disk/HDRData/1000hdr/HDRtest/a4201-_DSC0120.exr,/mnt/data_disk/ZQL/TIP_TMO_result/dnn/UnCL/a4201.png,340,512,0.8541756521137807,0.7874047629759425,0.4296298306397823,0.5238309275986678,0.808584522988557,0.23907733220877855,0.2622310221195221
a4202,/mnt/data_disk/HDRData/1000hdr/HDRtest/a4202-DSC_0439.exr,/mnt/data_disk/ZQL/TIP_TMO_result/dnn/UnCL/a4202.png,343,512,0.9403591722941927,0.8411685128222735,0.8711134493272366,0.5291536669146255,0.8742051593275677,0.18410217450168329,0.17257794737815857
a4204,/mnt/data_disk/HDRData/1000hdr/HDRtest/a4204-_DGW7870.exr,/mnt/data_disk/ZQL/TIP_TMO_result/dnn/UnCL/a4204.png,341,512,0.845934779589423,0.7784463623093228,0.3986197293825065,0.32408856897576244,0.6478605515736809,0.0003165863778438853,0.1228727251291275
a4212,/mnt/data_disk/HDRData/1000hdr/HDRtest/a4212-Duggan_090321_5925.exr,/mnt/data_disk/ZQL/TIP_TMO_result/dnn/UnCL/a4212.png,341,512,0.9014117547232908,0.7769122731409083,0.7329458099791184,0.5611005561087634,0.8781785331634828,0.24402257905404398,0.20964834094047546
a4214,/mnt/data_disk/HDRData/1000hdr/HDRtest/a4214-DSC_0267.exr,/mnt/data_disk/ZQL/TIP_TMO_result/dnn/UnCL/a4214.png,343,512,0.8696804580750319,0.8946676228327134,0.3538080719923546,0.5425141020000539,0.9495908985421266,0.13543730545798124,0.1561676263809204
a4216,/mnt/data_disk/HDRData/1000hdr/HDRtest/a4216-DSC_0118.exr,/mnt/data_disk/ZQL/TIP_TMO_result/dnn/UnCL/a4216.png,343,512,0.9172924620784141,0.8740724620164108,0.6611982212481603,0.4934936755309624,0.9279099269734764,0.059077424088448384,0.1587763875722885
a4220,/mnt/data_disk/HDRData/1000hdr/HDRtest/a4220-Duggan_090305_5359.exr,/mnt/data_disk/ZQL/TIP_TMO_result/dnn/UnCL/a4220.png,341,512,0.9223432119731761,0.8183423763755456,0.792606859435248,0.41583046584459926,0.8316154475946327,4.54840945658862e-05,0.2191808521747589
a4228,/mnt/data_disk/HDRData/1000hdr/HDRtest/a4228-DSC_0037-2.exr,/mnt/data_disk/ZQL/TIP_TMO_result/dnn/UnCL/a4228.png,340,512,0.9085776051970408,0.8818418007420632,0.5943413382780964,0.4199209816349722,0.8366738587846193,0.0031681044853251626,0.09534396231174469
a4230,/mnt/data_disk/HDRData/1000hdr/HDRtest/a4230-Duggan_090426_7798.exr,/mnt/data_disk/ZQL/TIP_TMO_result/dnn/UnCL/a4230.png,341,512,0.7776811951009892,0.6804088872084841,0.20723647541651743,0.41612312802485446,0.8322461846971992,7.135250969232981e-08,0.21589137613773346
a4231,/mnt/data_disk/HDRData/1000hdr/HDRtest/a4231-Duggan_080326_5786.exr,/mnt/data_disk/ZQL/TIP_TMO_result/dnn/UnCL/a4231.png,341,512,0.8954106161061542,0.7824607359133576,0.6840924085077974,0.845387620849965,0.6923103877107937,0.9984648539891363,0.10901317000389099
a4232,/mnt/data_disk/HDRData/1000hdr/HDRtest/a4232-Duggan_090323_6181.exr,/mnt/data_disk/ZQL/TIP_TMO_result/dnn/UnCL/a4232.png,341,512,0.8063282537460253,0.8145556344987638,0.15757598829347974,0.48877260559696467,0.8222128543183933,0.15533235687553598,0.2794949412345886
a4235,/mnt/data_disk/HDRData/1000hdr/HDRtest/a4235-DSC_0433.exr,/mnt/data_disk/ZQL/TIP_TMO_result/dnn/UnCL/a4235.png,343,512,0.9008424757343692,0.8297848355395862,0.6338972168991575,0.38783193533738997,0.7755782470195284,8.562365525158945e-05,0.1833084672689438
a4236,/mnt/data_disk/HDRData/1000hdr/HDRtest/a4236-DSC_0384.exr,/mnt/data_disk/ZQL/TIP_TMO_result/dnn/UnCL/a4236.png,343,512,0.8085091161985056,0.8413043974839262,0.1362151432019758,0.8776699945121567,0.9092507139778039,0.8460892750465093,0.1257317066192627
a4237,/mnt/data_disk/HDRData/1000hdr/HDRtest/a4237-20090417_at_18h06m01__MG_1955.exr,/mnt/data_disk/ZQL/TIP_TMO_result/dnn/UnCL/a4237.png,341,512,0.8096187655153942,0.7431192343607689,0.2656763151000824,0.373759499925398,0.7475189998487025,2.0934157937528474e-12,0.17320936918258667
a4238,/mnt/data_disk/HDRData/1000hdr/HDRtest/a4238-Duggan_090320_5609.exr,/mnt/data_disk/ZQL/TIP_TMO_result/dnn/UnCL/a4238.png,341,512,0.8600892772398907,0.8379600923666212,0.38408162263435386,0.70110731981294,0.889276923900527,0.5129377157253531,0.1703653186559677
a4239,/mnt/data_disk/HDRData/1000hdr/HDRtest/a4239-Duggan_080114_4429.exr,/mnt/data_disk/ZQL/TIP_TMO_result/dnn/UnCL/a4239.png,341,512,0.8443841610336165,0.8062374829802557,0.3479007153302223,0.3936006274876799,0.7843154667367384,0.002885788238621348,0.15333326160907745
a4244,/mnt/data_disk/HDRData/1000hdr/HDRtest/a4244-Duggan_090504_8959.exr,/mnt/data_disk/ZQL/TIP_TMO_result/dnn/UnCL/a4244.png,341,512,0.870111806624376,0.7551427421109645,0.576837036946587,0.6028914190293,0.6724278176482716,0.5333550204103282,0.17856697738170624
a4246,/mnt/data_disk/HDRData/1000hdr/HDRtest/a4246-Duggan_090330_6226.exr,/mnt/data_disk/ZQL/TIP_TMO_result/dnn/UnCL/a4246.png,341,512,0.8570483611505092,0.754708695797745,0.5002063297259212,0.3630482906316802,0.7253364312812239,0.000760149982136497,0.17994849383831024
a4249,/mnt/data_disk/HDRData/1000hdr/HDRtest/a4249-Duggan_090322_6001.exr,/mnt/data_disk/ZQL/TIP_TMO_result/dnn/UnCL/a4249.png,341,512,0.8403479416515045,0.7905041987313259,0.350274229906176,0.4474703662714221,0.854682697350207,0.04025803519263727,0.2392612248659134
a4254,/mnt/data_disk/HDRData/1000hdr/HDRtest/a4254-DSC_0066.exr,/mnt/data_disk/ZQL/TIP_TMO_result/dnn/UnCL/a4254.png,340,512,0.8678896634837735,0.8543190969625637,0.40201146873716026,0.3819783022491572,0.763107185961914,0.0008494185364003859,0.10589037835597992
a4258,/mnt/data_disk/HDRData/1000hdr/HDRtest/a4258-_DSC0012-4.exr,/mnt/data_disk/ZQL/TIP_TMO_result/dnn/UnCL/a4258.png,340,512,0.8812034792020985,0.834412377939903,0.507875939491024,0.4265974515869674,0.8305969516903466,0.022597951483588074,0.07707364112138748
a4262,/mnt/data_disk/HDRData/1000hdr/HDRtest/a4262-DSC_0065.exr,/mnt/data_disk/ZQL/TIP_TMO_result/dnn/UnCL/a4262.png,340,512,0.932384000344102,0.8507866656950221,0.7996539338574854,0.5550078541206346,0.7302408279129948,0.3797748803282743,0.11488454788923264
a4266,/mnt/data_disk/HDRData/1000hdr/HDRtest/a4266-DSC_0426.exr,/mnt/data_disk/ZQL/TIP_TMO_result/dnn/UnCL/a4266.png,343,512,0.8577813187468212,0.7083061275390609,0.5882099548257707,0.44113443723609774,0.834348702658813,0.04792017181338244,0.21839943528175354
a4267,/mnt/data_disk/HDRData/1000hdr/HDRtest/a4267-20090414_at_23h13m08__MG_1367.exr,/mnt/data_disk/ZQL/TIP_TMO_result/dnn/UnCL/a4267.png,341,512,0.8059526707133172,0.5920994029315617,0.50775553599809,0.2922310787105885,0.5844621475756401,9.845536978973576e-09,0.15136347711086273
a4271,/mnt/data_disk/HDRData/1000hdr/HDRtest/a4271-Duggan_090227_5232.exr,/mnt/data_disk/ZQL/TIP_TMO_result/dnn/UnCL/a4271.png,341,512,0.8849375210575504,0.8803992197414677,0.4576091425741396,0.5691178468190183,0.9057071262811581,0.23252856735687866,0.21143805980682373
a4272,/mnt/data_disk/HDRData/1000hdr/HDRtest/a4272-DSC_0398.exr,/mnt/data_disk/ZQL/TIP_TMO_result/dnn/UnCL/a4272.png,343,512,0.7993612379357413,0.5265141558949435,0.6119907663657191,0.2995093749865701,0.5550742746573,0.04394447531584022,0.12501168251037598
a4275,/mnt/data_disk/HDRData/1000hdr/HDRtest/a4275-09-05-12-at-17h46m31s-_MG_8890.exr,/mnt/data_disk/ZQL/TIP_TMO_result/dnn/UnCL/a4275.png,341,512,0.9252260441149187,0.8354145515014294,0.7802163051193356,0.43064067568500936,0.7789128824146924,0.0823684689553263,0.16989760100841522
a4287,/mnt/data_disk/HDRData/1000hdr/HDRtest/a4287-_DSC0083.exr,/mnt/data_disk/ZQL/TIP_TMO_result/dnn/UnCL/a4287.png,340,512,0.8621101885691917,0.8346002681795859,0.40001711888609237,0.716879905410517,0.8710055471280765,0.5627542636929577,0.1446862816810608
a4291,/mnt/data_disk/HDRData/1000hdr/HDRtest/a4291-20090417_at_18h46m58__MG_2026.exr,/mnt/data_disk/ZQL/TIP_TMO_result/dnn/UnCL/a4291.png,341,512,0.9541846964775268,0.8788073791038336,0.895914803265645,0.47837681992421754,0.8992472701668616,0.057506369681573515,0.14862537384033203
a4297,/mnt/data_disk/HDRData/1000hdr/HDRtest/a4297-_DSC0034.exr,/mnt/data_disk/ZQL/TIP_TMO_result/dnn/UnCL/a4297.png,340,512,0.8604726552888879,0.7773819662143561,0.48153960016186526,0.5109773802429339,0.8749998787424947,0.14695488174337315,0.15513740479946136
a4298,/mnt/data_disk/HDRData/1000hdr/HDRtest/a4298-Duggan_090504_9090.exr,/mnt/data_disk/ZQL/TIP_TMO_result/dnn/UnCL/a4298.png,341,512,0.8444716338912476,0.888323377483999,0.23701290030078143,0.4487669258078774,0.8216198567152916,0.07591399490046327,0.15669068694114685
a4302,/mnt/data_disk/HDRData/1000hdr/HDRtest/a4302-20090425_at_17h00m59__MG_0404.exr,/mnt/data_disk/ZQL/TIP_TMO_result/dnn/UnCL/a4302.png,341,512,0.9599997598240751,0.8481930742650854,0.9942576961887435,0.49962164826950617,0.8456709864590898,0.1535723100799225,0.26299741864204407
a4304,/mnt/data_disk/HDRData/1000hdr/HDRtest/a4304-09-05-19-at-18h03m17s-_MG_9540.exr,/mnt/data_disk/ZQL/TIP_TMO_result/dnn/UnCL/a4304.png,341,512,0.861735285804212,0.7429005213038871,0.548483435037266,0.3543927003853836,0.7086787408556119,0.00010665991515538299,0.18742212653160095
a4307,/mnt/data_disk/HDRData/1000hdr/HDRtest/a4307-20050328_161219__MG_0628.exr,/mnt/data_disk/ZQL/TIP_TMO_result/dnn/UnCL/a4307.png,341,512,0.8432581630397467,0.891244200053775,0.22779553736582103,0.7761551512602292,0.9037706643621579,0.6485396381583003,0.1002204641699791
a4308,/mnt/data_disk/HDRData/1000hdr/HDRtest/a4308-Duggan_090209_4996.exr,/mnt/data_disk/ZQL/TIP_TMO_result/dnn/UnCL/a4308.png,341,512,0.9354535965686738,0.8340271193807812,0.8511775634279184,0.8065749718550762,0.8162414763925864,0.796908467317566,0.26635363698005676
a4310,/mnt/data_disk/HDRData/1000hdr/HDRtest/a4310-DSC_0007.exr,/mnt/data_disk/ZQL/TIP_TMO_result/dnn/UnCL/a4310.png,340,512,0.8899144296506845,0.7686814391771665,0.6746867890532927,0.7730901730699455,0.9126821672540583,0.6334981788858328,0.1437608003616333
a4312,/mnt/data_disk/HDRData/1000hdr/HDRtest/a4312-20090417_at_16h32m44__MG_1867.exr,/mnt/data_disk/ZQL/TIP_TMO_result/dnn/UnCL/a4312.png,341,512,0.7677592411699132,0.7344621593991972,0.09845705599991998,0.39136175825599945,0.7827235165090667,2.932227475863756e-12,0.2910279929637909
a4317,/mnt/data_disk/HDRData/1000hdr/HDRtest/a4317-DSC_0224.exr,/mnt/data_disk/ZQL/TIP_TMO_result/dnn/UnCL/a4317.png,343,512,0.871297212182153,0.7930850202282428,0.5180147073355936,0.3827315987755809,0.765463191897532,5.653629746733806e-09,0.13542477786540985
a4318,/mnt/data_disk/HDRData/1000hdr/HDRtest/a4318-Duggan_090321_5920.exr,/mnt/data_disk/ZQL/TIP_TMO_result/dnn/UnCL/a4318.png,341,512,0.9099180903910059,0.8973476592990224,0.5775509355995638,0.833372324420907,0.8993197276172157,0.7674249212245985,0.13679559528827667
a4319,/mnt/data_disk/HDRData/1000hdr/HDRtest/a4319-DSC_0132.exr,/mnt/data_disk/ZQL/TIP_TMO_result/dnn/UnCL/a4319.png,340,512,0.9007073257383538,0.8100755191572893,0.667630902026949,0.6232860161318214,0.8525590744678284,0.3940129577958146,0.16884878277778625
a4323,/mnt/data_disk/HDRData/1000hdr/HDRtest/a4323-DSC_0010.exr,/mnt/data_disk/ZQL/TIP_TMO_result/dnn/UnCL/a4323.png,343,512,0.9298533461424198,0.8168839584442485,0.8456340835680042,0.37396308014780005,0.747651913224864,0.00027424707073606813,0.2239464372396469
a4324,/mnt/data_disk/HDRData/1000hdr/HDRtest/a4324-DSC_0002.exr,/mnt/data_disk/ZQL/TIP_TMO_result/dnn/UnCL/a4324.png,343,512,0.9567182527511646,0.8505244781940007,0.9666062387337193,0.39009775666805047,0.7335961003153988,0.04659941302070215,0.16955114901065826
a4326,/mnt/data_disk/HDRData/1000hdr/HDRtest/a4326-DSC_0461.exr,/mnt/data_disk/ZQL/TIP_TMO_result/dnn/UnCL/a4326.png,343,512,0.7846904265188527,0.7071167646599762,0.20099825960295392,0.37561507292307317,0.7512301447178397,1.128306657859497e-09,0.15974853932857513
a4329,/mnt/data_disk/HDRData/1000hdr/HDRtest/a4329-DSC_0028.exr,/mnt/data_disk/ZQL/TIP_TMO_result/dnn/UnCL/a4329.png,340,512,0.9274247204342002,0.8292417925033421,0.8061549698901359,0.501964885094538,0.7972820408089384,0.20664772938013745,0.09456506371498108
a4331,/mnt/data_disk/HDRData/1000hdr/HDRtest/a4331-_DGW0241.exr,/mnt/data_disk/ZQL/TIP_TMO_result/dnn/UnCL/a4331.png,341,512,0.7737204703403658,0.8029249016435065,0.051650225907459164,0.36427089670506696,0.72854137952104,4.138890939374302e-07,0.1397821605205536
a4335,/mnt/data_disk/HDRData/1000hdr/HDRtest/a4335-Duggan_090123_4520.exr,/mnt/data_disk/ZQL/TIP_TMO_result/dnn/UnCL/a4335.png,341,512,0.8651070643077103,0.8028627116285667,0.4661736250028817,0.4397444539296975,0.8794883929841231,5.148752719985438e-07,0.2715089023113251
a4338,/mnt/data_disk/HDRData/1000hdr/HDRtest/a4338-DSC_0206.exr,/mnt/data_disk/ZQL/TIP_TMO_result/dnn/UnCL/a4338.png,343,512,0.9581639469955952,0.8724674150778479,0.9351743621265362,0.36993349050644797,0.691244341228149,0.048622639784746895,0.11677338182926178
a4339,/mnt/data_disk/HDRData/1000hdr/HDRtest/a4339-Duggan_090111_4244.exr,/mnt/data_disk/ZQL/TIP_TMO_result/dnn/UnCL/a4339.png,341,512,0.8884272661483679,0.7197402468571111,0.759596830889792,0.38458867252620105,0.7691404976166145,3.6847435787566794e-05,0.24015630781650543
a4340,/mnt/data_disk/HDRData/1000hdr/HDRtest/a4340-DSC_0441.exr,/mnt/data_disk/ZQL/TIP_TMO_result/dnn/UnCL/a4340.png,343,512,0.8996966646267516,0.6785722759332868,0.9225128423298191,0.3474748703901773,0.6947952988381852,0.00015444194216942208,0.17394647002220154
a4342,/mnt/data_disk/HDRData/1000hdr/HDRtest/a4342-DSC_0043.exr,/mnt/data_disk/ZQL/TIP_TMO_result/dnn/UnCL/a4342.png,340,512,0.9336328616284539,0.7637944197673155,0.9771275829928655,0.39367463088987625,0.7857841756798472,0.001565086099905348,0.13386499881744385
a4345,/mnt/data_disk/HDRData/1000hdr/HDRtest/a4345-Duggan_080411_5976.exr,/mnt/data_disk/ZQL/TIP_TMO_result/dnn/UnCL/a4345.png,341,512,0.8202965088822589,0.7580558938490826,0.2962068094496294,0.3999298129143421,0.7998573481000837,2.2777286005139497e-06,0.1475936621427536
a4354,/mnt/data_disk/HDRData/1000hdr/HDRtest/a4354-DSC_0347.exr,/mnt/data_disk/ZQL/TIP_TMO_result/dnn/UnCL/a4354.png,343,512,0.9412625324317315,0.8486522431723721,0.8632832019098173,0.45404975157218075,0.8860384224044701,0.022061080739891468,0.2306087166070938
a4356,/mnt/data_disk/HDRData/1000hdr/HDRtest/a4356-_DSC1335.exr,/mnt/data_disk/ZQL/TIP_TMO_result/dnn/UnCL/a4356.png,341,512,0.7461905211426983,0.6054976941598189,0.17816444378606044,0.26145215687615164,0.5229042624555852,5.129671813292072e-08,0.086000457406044
a4357,/mnt/data_disk/HDRData/1000hdr/HDRtest/a4357-Duggan_090124_4645.exr,/mnt/data_disk/ZQL/TIP_TMO_result/dnn/UnCL/a4357.png,341,512,0.894807357736013,0.8258457654310765,0.6034227437057273,0.4995106777770669,0.8697931021254277,0.12922825342870609,0.18054170906543732
a4366,/mnt/data_disk/HDRData/1000hdr/HDRtest/a4366-DSC_0447.exr,/mnt/data_disk/ZQL/TIP_TMO_result/dnn/UnCL/a4366.png,343,512,0.921241245620112,0.9118682015661089,0.6235723174426571,0.7645171618045283,0.8624586323162766,0.66657569129278,0.10456511378288269
a4368,/mnt/data_disk/HDRData/1000hdr/HDRtest/a4368-Duggan_090321_5857.exr,/mnt/data_disk/ZQL/TIP_TMO_result/dnn/UnCL/a4368.png,341,512,0.8567048733451813,0.8338094143155819,0.37212215448531855,0.4364041923565031,0.8728082873543812,9.735862492152178e-08,0.2087794542312622
a4370,/mnt/data_disk/HDRData/1000hdr/HDRtest/a4370-DSC_0080.exr,/mnt/data_disk/ZQL/TIP_TMO_result/dnn/UnCL/a4370.png,340,512,0.8579482093056446,0.84354390427171,0.36447408683183125,0.44300891649695834,0.8713648380569303,0.014652994936986337,0.12433571368455887
a4374,/mnt/data_disk/HDRData/1000hdr/HDRtest/a4374-09-05-19-at-17h54m57s-_MG_9531.exr,/mnt/data_disk/ZQL/TIP_TMO_result/dnn/UnCL/a4374.png,341,512,0.9488795573402315,0.8346757413456716,0.9422317284361713,0.8233106316254688,0.7246543238375412,0.9219669394133965,0.13136957585811615
a4377,/mnt/data_disk/HDRData/1000hdr/HDRtest/a4377-IMG_4929.exr,/mnt/data_disk/ZQL/TIP_TMO_result/dnn/UnCL/a4377.png,341,512,0.8679520492788252,0.859237985522254,0.39509343100654454,0.4323743404998473,0.8456563264348333,0.019092354564861223,0.13474778831005096
a4382,/mnt/data_disk/HDRData/1000hdr/HDRtest/a4382-DSC_0261.exr,/mnt/data_disk/ZQL/TIP_TMO_result/dnn/UnCL/a4382.png,343,512,0.8926931088685687,0.8019637424803107,0.6318647702305402,0.45056568564706817,0.8957556247589195,0.005375746535216833,0.19191241264343262
a4384,/mnt/data_disk/HDRData/1000hdr/HDRtest/a4384-DSC_0322.exr,/mnt/data_disk/ZQL/TIP_TMO_result/dnn/UnCL/a4384.png,343,512,0.8980386819137725,0.7724155445474933,0.7196107935237409,0.44277905738451373,0.8832730577928075,0.002285056976219956,0.14602938294410706
a4385,/mnt/data_disk/HDRData/1000hdr/HDRtest/a4385-_DGW9650.exr,/mnt/data_disk/ZQL/TIP_TMO_result/dnn/UnCL/a4385.png,341,512,0.9144013534861432,0.7908398621915766,0.7917181799990946,0.43001229951057907,0.7847518716203296,0.07527272740082856,0.200815811753273
a4386,/mnt/data_disk/HDRData/1000hdr/HDRtest/a4386-Duggan_090124_4632.exr,/mnt/data_disk/ZQL/TIP_TMO_result/dnn/UnCL/a4386.png,341,512,0.9059954404612209,0.8360623087209869,0.6552120567231571,0.5521157244190726,0.8077959496650962,0.2964354991730492,0.13675294816493988
a4392,/mnt/data_disk/HDRData/1000hdr/HDRtest/a4392-Duggan_090331_6554.exr,/mnt/data_disk/ZQL/TIP_TMO_result/dnn/UnCL/a4392.png,341,512,0.8225329637395027,0.8183223800862603,0.22379193289428892,0.4377027799906052,0.8719190297522627,0.0034865302289477013,0.2476174533367157
a4394,/mnt/data_disk/HDRData/1000hdr/HDRtest/a4394-Duggan_090127_4837.exr,/mnt/data_disk/ZQL/TIP_TMO_result/dnn/UnCL/a4394.png,341,512,0.8182185366532246,0.7517915368366931,0.2951164963321982,0.39204493688820824,0.6998020322090148,0.08428784156740161,0.200140580534935
a4395,/mnt/data_disk/HDRData/1000hdr/HDRtest/a4395-Duggan_090503_8734.exr,/mnt/data_disk/ZQL/TIP_TMO_result/dnn/UnCL/a4395.png,341,512,0.8301856547980524,0.7940953542347348,0.29320960496771714,0.1768962014224373,0.3537901171063069,2.2857385677183917e-06,0.08281460404396057
a4396,/mnt/data_disk/HDRData/1000hdr/HDRtest/a4396-DSC_0073-2.exr,/mnt/data_disk/ZQL/TIP_TMO_result/dnn/UnCL/a4396.png,340,512,0.8728576319779109,0.8156390761890634,0.48986004395516936,0.46659699636351526,0.8448050053773093,0.08838898734972128,0.13222751021385193
a4398,/mnt/data_disk/HDRData/1000hdr/HDRtest/a4398-Duggan_050709_1062.exr,/mnt/data_disk/ZQL/TIP_TMO_result/dnn/UnCL/a4398.png,341,512,0.822622339956363,0.8037818268902016,0.24327858533217772,0.4514566398703754,0.900827444492074,0.002085835248676792,0.15039509534835815
a4399,/mnt/data_disk/HDRData/1000hdr/HDRtest/a4399-Duggan_080410_5879.exr,/mnt/data_disk/ZQL/TIP_TMO_result/dnn/UnCL/a4399.png,341,512,0.9482166622063941,0.8452657945933266,0.9173544381004645,0.8485389251417372,0.7327098727223113,0.9643679775611631,0.10902786254882812
a4409,/mnt/data_disk/HDRData/1000hdr/HDRtest/a4409-Duggan_090503_8738.exr,/mnt/data_disk/ZQL/TIP_TMO_result/dnn/UnCL/a4409.png,341,512,0.9763963617365329,0.9165611824792534,0.9814535683177698,0.8872549240900871,0.7995180261131232,0.974991822067051,0.18569251894950867
a4419,/mnt/data_disk/HDRData/1000hdr/HDRtest/a4419-_DGW0269.exr,/mnt/data_disk/ZQL/TIP_TMO_result/dnn/UnCL/a4419.png,341,512,0.9282660942414622,0.8364076472459598,0.7985361579267399,0.7103736004637535,0.7863214935588582,0.6344257073686488,0.17535808682441711
a4420,/mnt/data_disk/HDRData/1000hdr/HDRtest/a4420-DSC_0054.exr,/mnt/data_disk/ZQL/TIP_TMO_result/dnn/UnCL/a4420.png,343,512,0.7077657827896165,0.5746973798903444,0.0725310576310802,0.27400716307333994,0.5480143261466799,1.396006493755255e-23,0.1862107664346695
a4421,/mnt/data_disk/HDRData/1000hdr/HDRtest/a4421-Duggan_090214_5129.exr,/mnt/data_disk/ZQL/TIP_TMO_result/dnn/UnCL/a4421.png,341,512,0.8023810485039226,0.8940680113937419,0.06310157407339641,0.34508270656694284,0.6901654131286196,5.2661269632296765e-12,0.13374421000480652
a4425,/mnt/data_disk/HDRData/1000hdr/HDRtest/a4425-DSC_0007.exr,/mnt/data_disk/ZQL/TIP_TMO_result/dnn/UnCL/a4425.png,343,512,0.8480027854181995,0.7986786073261692,0.37837693222168506,0.3803311602294238,0.7563958035993601,0.00426651685948749,0.19123472273349762
a4430,/mnt/data_disk/HDRData/1000hdr/HDRtest/a4430-09-05-19-at-19h04m03s-_MG_9559.exr,/mnt/data_disk/ZQL/TIP_TMO_result/dnn/UnCL/a4430.png,341,512,0.9024761922076401,0.7165319042623612,0.8599105733129291,0.33008206049538785,0.6294750788318457,0.030689042158929987,0.12701408565044403
a4431,/mnt/data_disk/HDRData/1000hdr/HDRtest/a4431-Duggan_090330_6282.exr,/mnt/data_disk/ZQL/TIP_TMO_result/dnn/UnCL/a4431.png,341,512,0.9481052808854442,0.8654014945027794,0.8789090984252543,0.8173014759771906,0.741614637623994,0.8929883143303873,0.17886975407600403
a4432,/mnt/data_disk/HDRData/1000hdr/HDRtest/a4432-Duggan_081114_3124.exr,/mnt/data_disk/ZQL/TIP_TMO_result/dnn/UnCL/a4432.png,341,512,0.865158759724961,0.7138405994082849,0.6229501745120205,0.6021660341797987,0.766514431550072,0.4378176368095254,0.17212335765361786
a4433,/mnt/data_disk/HDRData/1000hdr/HDRtest/a4433-Duggan_090504_8957.exr,/mnt/data_disk/ZQL/TIP_TMO_result/dnn/UnCL/a4433.png,341,512,0.789074726473543,0.8582286668687331,0.05163384829336846,0.29278933223073955,0.5855786644614788,3.7250926127341176e-16,0.17390747368335724
a4434,/mnt/data_disk/HDRData/1000hdr/HDRtest/a4434-20090414_at_23h05m38__MG_1365.exr,/mnt/data_disk/ZQL/TIP_TMO_result/dnn/UnCL/a4434.png,341,512,0.7835432552056448,0.647776256687176,0.28471161758026,0.20853023909038212,0.41703970872442175,2.0769456342487673e-05,0.05958019569516182
a4435,/mnt/data_disk/HDRData/1000hdr/HDRtest/a4435-WP_CRW_0591.exr,/mnt/data_disk/ZQL/TIP_TMO_result/dnn/UnCL/a4435.png,341,512,0.868984869887426,0.8367162594470225,0.43462040387678463,0.518178246720092,0.8901789304910704,0.14617756294911366,0.20787952840328217
a4436,/mnt/data_disk/HDRData/1000hdr/HDRtest/a4436-DSC_0153.exr,/mnt/data_disk/ZQL/TIP_TMO_result/dnn/UnCL/a4436.png,343,512,0.9487648823263999,0.8805348250453341,0.8557626652513861,0.8969284443625213,0.9219343478816996,0.871922540843343,0.1381814330816269
a4442,/mnt/data_disk/HDRData/1000hdr/HDRtest/a4442-Duggan_080629_9284.exr,/mnt/data_disk/ZQL/TIP_TMO_result/dnn/UnCL/a4442.png,341,512,0.8240991955151642,0.8028887052139863,0.25145584821158823,0.4257878226789849,0.8441621343893634,0.007413510968606465,0.1506902128458023
a4447,/mnt/data_disk/HDRData/1000hdr/HDRtest/a4447-Duggan_090321_5856.exr,/mnt/data_disk/ZQL/TIP_TMO_result/dnn/UnCL/a4447.png,341,512,0.8884488264954059,0.7596733302212504,0.6821976629031649,0.533605835906432,0.8705821623753889,0.19662950943747493,0.22792430222034454
a4448,/mnt/data_disk/HDRData/1000hdr/HDRtest/a4448-Duggan_080119_4778.exr,/mnt/data_disk/ZQL/TIP_TMO_result/dnn/UnCL/a4448.png,341,512,0.9015882512591502,0.9101310615680609,0.5082037648235744,0.7416344648042985,0.933675055979469,0.5495938736291279,0.10408825427293777
a4449,/mnt/data_disk/HDRData/1000hdr/HDRtest/a4449-DSC_0030.exr,/mnt/data_disk/ZQL/TIP_TMO_result/dnn/UnCL/a4449.png,343,512,0.8256068596485496,0.7153773939712109,0.39067923621624134,0.4207885440926867,0.8415741298574761,2.9583278971803223e-06,0.15965917706489563
a4452,/mnt/data_disk/HDRData/1000hdr/HDRtest/a4452-DSC_0084.exr,/mnt/data_disk/ZQL/TIP_TMO_result/dnn/UnCL/a4452.png,340,512,0.8261063881970394,0.8316230145056894,0.22316217773288305,0.4413595605503381,0.8604443666204217,0.02227475448025449,0.1811365783214569
a4455,/mnt/data_disk/HDRData/1000hdr/HDRtest/a4455-Duggan_080106_4325.exr,/mnt/data_disk/ZQL/TIP_TMO_result/dnn/UnCL/a4455.png,341,512,0.9051090937507045,0.8319950422408494,0.6567170566007061,0.8225198999559402,0.8526165930245638,0.7924232068873166,0.2520957589149475
a4456,/mnt/data_disk/HDRData/1000hdr/HDRtest/a4456-DSC_0472.exr,/mnt/data_disk/ZQL/TIP_TMO_result/dnn/UnCL/a4456.png,343,512,0.8487946760061149,0.7846800491295703,0.40435510537425784,0.4157719799753991,0.831478693598828,6.526635197026539e-05,0.17339514195919037
a4457,/mnt/data_disk/HDRData/1000hdr/HDRtest/a4457-_DSC0012-5.exr,/mnt/data_disk/ZQL/TIP_TMO_result/dnn/UnCL/a4457.png,340,512,0.8448683939276848,0.8486087900764966,0.2903563699064772,0.9309886809882041,0.8981610925246086,0.9638162694517995,0.09909076988697052
a4465,/mnt/data_disk/HDRData/1000hdr/HDRtest/a4465-DSC_0051.exr,/mnt/data_disk/ZQL/TIP_TMO_result/dnn/UnCL/a4465.png,340,512,0.8548135646737356,0.8571296232215272,0.32879374229194175,0.520346301216172,0.8415423564730523,0.19915024595929173,0.11505650728940964
a4466,/mnt/data_disk/HDRData/1000hdr/HDRtest/a4466-20090327_at_11h08m58__MG_0964.exr,/mnt/data_disk/ZQL/TIP_TMO_result/dnn/UnCL/a4466.png,341,512,0.9606073531515028,0.8521108530627532,0.9909804670534583,0.5143518787978905,0.8796790397682436,0.1490247178275374,0.24609138071537018
a4467,/mnt/data_disk/HDRData/1000hdr/HDRtest/a4467-Duggan_090426_7873.exr,/mnt/data_disk/ZQL/TIP_TMO_result/dnn/UnCL/a4467.png,341,512,0.9553197252119421,0.82841907913636,0.9997569294204895,0.41383775465925954,0.8276361910228536,3.931829566554612e-05,0.23855480551719666
a4470,/mnt/data_disk/HDRData/1000hdr/HDRtest/a4470-Duggan_090123_4566.exr,/mnt/data_disk/ZQL/TIP_TMO_result/dnn/UnCL/a4470.png,341,512,0.9459712827093772,0.8466532216131875,0.8992349661092456,0.46950998898710145,0.8838381738939299,0.05518180408027298,0.20812183618545532
a4471,/mnt/data_disk/HDRData/1000hdr/HDRtest/a4471-Duggan_090321_5859.exr,/mnt/data_disk/ZQL/TIP_TMO_result/dnn/UnCL/a4471.png,341,512,0.9095812475625442,0.8199066564046903,0.7064870568430257,0.43040558528215384,0.8608101380270987,1.032537208936926e-06,0.22877566516399384
a4472,/mnt/data_disk/HDRData/1000hdr/HDRtest/a4472-Duggan_090504_9026.exr,/mnt/data_disk/ZQL/TIP_TMO_result/dnn/UnCL/a4472.png,341,512,0.9414082166349351,0.861630775777599,0.8403513969633204,0.4316051670947706,0.849481102276302,0.013729231913239194,0.3036443591117859
a4474,/mnt/data_disk/HDRData/1000hdr/HDRtest/a4474-09-05-19-at-18h56m31s-_MG_9553.exr,/mnt/data_disk/ZQL/TIP_TMO_result/dnn/UnCL/a4474.png,341,512,0.88500293632793,0.7864742346055931,0.6117617256875236,0.39074826546476554,0.7466765881095622,0.03481994281996888,0.13047704100608826
a4476,/mnt/data_disk/HDRData/1000hdr/HDRtest/a4476-IMG_4029.exr,/mnt/data_disk/ZQL/TIP_TMO_result/dnn/UnCL/a4476.png,341,512,0.8998255278209162,0.8044145675887469,0.672187769114923,0.5981597724473885,0.7654590631655876,0.4308604817291894,0.13762260973453522
a4477,/mnt/data_disk/HDRData/1000hdr/HDRtest/a4477-20090327_at_06h09m52__MG_0855.exr,/mnt/data_disk/ZQL/TIP_TMO_result/dnn/UnCL/a4477.png,341,512,0.8373331739957017,0.8178726451312983,0.2952246586350413,0.36902133793080716,0.7251494860237304,0.012893189837883923,0.18852311372756958
a4479,/mnt/data_disk/HDRData/1000hdr/HDRtest/a4479-09-05-19-at-18h39m42s-_MG_9545.exr,/mnt/data_disk/ZQL/TIP_TMO_result/dnn/UnCL/a4479.png,341,512,0.8101474152529219,0.8116509382494238,0.17712811537054904,0.5323096395934399,0.8150049429328781,0.2496143362540018,0.20646050572395325
a4480,/mnt/data_disk/HDRData/1000hdr/HDRtest/a4480-Duggan_090201_4896.exr,/mnt/data_disk/ZQL/TIP_TMO_result/dnn/UnCL/a4480.png,341,512,0.7962527785830136,0.7329508635856168,0.21737335846625763,0.397730890574039,0.7954617722066073,8.941470692942703e-09,0.2331034243106842
a4487,/mnt/data_disk/HDRData/1000hdr/HDRtest/a4487-Duggan_090322_5971.exr,/mnt/data_disk/ZQL/TIP_TMO_result/dnn/UnCL/a4487.png,341,512,0.8344009210675809,0.7535761723776279,0.37585911222804563,0.42761613925739905,0.8341456377775622,0.021086640737235905,0.1803315132856369
