id,hdr_path,ldr_path,height,width,tmqi_q,tmqi_s,tmqi_n,tmqi2_q,tmqi2_s,tmqi2_n,nlpd
a2808,/mnt/data_disk/HDRData/1000hdr/HDRtest/a2808-20080516_072208__MG_0018.exr,/mnt/data_disk/ZQL/TIP_TMO_result/dnn/PUCN/a2808.png,341,512,0.9086857592475244,0.8207177783178247,0.6992971078507036,0.8430474712555627,0.7542234753100467,0.9318714672010785,0.19991596043109894
a2824,/mnt/data_disk/HDRData/1000hdr/HDRtest/a2824-dvf_035.exr,/mnt/data_disk/ZQL/TIP_TMO_result/dnn/PUCN/a2824.png,341,512,0.7569839254463034,0.7838335596302807,0.021492524965581364,0.216112321143496,0.43222464225896384,2.8028118399896268e-11,0.1066635400056839
a2854,/mnt/data_disk/HDRData/1000hdr/HDRtest/a2854-NKIM_MG_7374.exr,/mnt/data_disk/ZQL/TIP_TMO_result/dnn/PUCN/a2854.png,341,512,0.8674940085455805,0.9621328111535995,0.25590653821657405,0.7647873076730256,0.8884114685156596,0.6411631468303918,0.2929419279098511
a2861,/mnt/data_disk/HDRData/1000hdr/HDRtest/a2861-IMG_4397.exr,/mnt/data_disk/ZQL/TIP_TMO_result/dnn/PUCN/a2861.png,341,512,0.7288963728215131,0.7198032267932093,0.00410916386958098,0.22968181229419596,0.4593636245883919,1.6373836369848581e-41,0.15815813839435577
a2862,/mnt/data_disk/HDRData/1000hdr/HDRtest/a2862-_DSC0055.exr,/mnt/data_disk/ZQL/TIP_TMO_result/dnn/PUCN/a2862.png,340,512,0.9289043180294976,0.7867115848638986,0.8977085203955334,0.36243505882895805,0.7166195282495498,0.008250589408366262,0.20877540111541748
a2876,/mnt/data_disk/HDRData/1000hdr/HDRtest/a2876-jn_20080130_Las_Vegas_0082.exr,/mnt/data_disk/ZQL/TIP_TMO_result/dnn/PUCN/a2876.png,341,512,0.6782708651502757,0.5054838246312349,0.06107992152981616,0.2960487759449888,0.5920975509420884,9.478892100387244e-10,0.21305608749389648
a2883,/mnt/data_disk/HDRData/1000hdr/HDRtest/a2883-_DSC0008-2.exr,/mnt/data_disk/ZQL/TIP_TMO_result/dnn/PUCN/a2883.png,340,512,0.8473523813294915,0.8842041739884001,0.2557670277028462,0.8034934807879148,0.6092540597179992,0.9977329018578306,0.0633026510477066
a2913,/mnt/data_disk/HDRData/1000hdr/HDRtest/a2913-IMG_0138.exr,/mnt/data_disk/ZQL/TIP_TMO_result/dnn/PUCN/a2913.png,341,512,0.8568892281486031,0.7937297634444509,0.43460980985456804,0.4413572243433036,0.8805255156299557,0.0021889330566514644,0.22917719185352325
a2933,/mnt/data_disk/HDRData/1000hdr/HDRtest/a2933-_I2E7313.exr,/mnt/data_disk/ZQL/TIP_TMO_result/dnn/PUCN/a2933.png,341,512,0.6886246654782338,0.5590221414568606,0.03241792842700286,0.27832858294404844,0.5566571658880969,2.9152533800262825e-25,0.204027459025383
a2956,/mnt/data_disk/HDRData/1000hdr/HDRtest/a2956-KE_-0035.exr,/mnt/data_disk/ZQL/TIP_TMO_result/dnn/PUCN/a2956.png,340,512,0.9561321242077317,0.8358040005578141,0.9910001943317944,0.3214382079811696,0.6059606798661034,0.03691573609623587,0.18966816365718842
a2986,/mnt/data_disk/HDRData/1000hdr/HDRtest/a2986-_DGW6325.exr,/mnt/data_disk/ZQL/TIP_TMO_result/dnn/PUCN/a2986.png,341,512,0.8339910510850178,0.7988311011074705,0.3054539029284964,0.446974585266988,0.8790109079432404,0.014938262590735578,0.2666829526424408
a3267,/mnt/data_disk/HDRData/1000hdr/HDRtest/a3267-WP_CRW_0087.exr,/mnt/data_disk/ZQL/TIP_TMO_result/dnn/PUCN/a3267.png,341,512,0.9352209723179927,0.8285367467463722,0.8599326261376177,0.8360125382263544,0.8072989988460597,0.8647260776066489,0.2101520150899887
a3285,/mnt/data_disk/HDRData/1000hdr/HDRtest/a3285-CRW_0291.exr,/mnt/data_disk/ZQL/TIP_TMO_result/dnn/PUCN/a3285.png,341,512,0.8417486425485685,0.8570743113369623,0.2638530314236856,0.40325534823519743,0.8065106827021862,1.3768208673661304e-08,0.35005709528923035
a3288,/mnt/data_disk/HDRData/1000hdr/HDRtest/a3288-KE_-0049.exr,/mnt/data_disk/ZQL/TIP_TMO_result/dnn/PUCN/a3288.png,340,512,0.8300023751083166,0.7525039014746625,0.3542698563184668,0.37700726052167927,0.7539133834446268,0.00010113759873172054,0.17327962815761566
a3306,/mnt/data_disk/HDRData/1000hdr/HDRtest/a3306-IMG_4969.exr,/mnt/data_disk/ZQL/TIP_TMO_result/dnn/PUCN/a3306.png,341,512,0.7953053799571058,0.7866975106600564,0.1449385118073725,0.3784379150330961,0.7568758300661789,1.3341319311779043e-14,0.20288795232772827
a3312,/mnt/data_disk/HDRData/1000hdr/HDRtest/a3312-IMG_1063.exr,/mnt/data_disk/ZQL/TIP_TMO_result/dnn/PUCN/a3312.png,341,512,0.7963993265947757,0.7461015521294082,0.20023007197062073,0.3531777667665155,0.7063555335323277,7.033314383388915e-13,0.19402727484703064
a3315,/mnt/data_disk/HDRData/1000hdr/HDRtest/a3315-MB_20030906_022.exr,/mnt/data_disk/ZQL/TIP_TMO_result/dnn/PUCN/a3315.png,341,512,0.8823391394399811,0.7570490068048418,0.6485831712093101,0.49456807112709744,0.7221893244429829,0.26694681781121193,0.314424991607666
a3316,/mnt/data_disk/HDRData/1000hdr/HDRtest/a3316-20051225_163230__MG_1390.exr,/mnt/data_disk/ZQL/TIP_TMO_result/dnn/PUCN/a3316.png,341,512,0.9369414457209136,0.9364557510164466,0.6822430940802369,0.9426413928162698,0.9086382383721319,0.9766445472604076,0.12251436710357666
a3318,/mnt/data_disk/HDRData/1000hdr/HDRtest/a3318-JI2E5722.exr,/mnt/data_disk/ZQL/TIP_TMO_result/dnn/PUCN/a3318.png,341,512,0.8901513352821637,0.9323657462153326,0.41103742651089603,0.9069839273657757,0.822012518818092,0.9919553359134594,0.11143829673528671
a3321,/mnt/data_disk/HDRData/1000hdr/HDRtest/a3321-DSC_0054.exr,/mnt/data_disk/ZQL/TIP_TMO_result/dnn/PUCN/a3321.png,340,512,0.9850604476980377,0.9438714509288496,0.9931549955574507,0.869421785050184,0.8980870820956466,0.8407564880047214,0.09116088598966599
a3325,/mnt/data_disk/HDRData/1000hdr/HDRtest/a3325-050819_154342__MG_5227.exr,/mnt/data_disk/ZQL/TIP_TMO_result/dnn/PUCN/a3325.png,341,512,0.9601761398390177,0.8730428210799501,0.9481300664591472,0.9432766893850902,0.8868867472290083,0.9996666315411722,0.08638646453619003
a3337,/mnt/data_disk/HDRData/1000hdr/HDRtest/a3337-dgw_112.exr,/mnt/data_disk/ZQL/TIP_TMO_result/dnn/PUCN/a3337.png,341,512,0.7862714143860725,0.7436049335050334,0.1598571370150052,0.3788420966306347,0.7576841932612454,2.3939461560476004e-14,0.35931119322776794
a3339,/mnt/data_disk/HDRData/1000hdr/HDRtest/a3339-_MG_7202.exr,/mnt/data_disk/ZQL/TIP_TMO_result/dnn/PUCN/a3339.png,341,512,0.755391467623372,0.7488244915940583,0.04411334063910868,0.33012627489990265,0.6602525497998053,2.4764014795499098e-23,0.2053142488002777
a3341,/mnt/data_disk/HDRData/1000hdr/HDRtest/a3341-jmac_DSC2590.exr,/mnt/data_disk/ZQL/TIP_TMO_result/dnn/PUCN/a3341.png,340,512,0.7900833887734774,0.8441100242057069,0.06676982440831025,0.38552498612702063,0.7710499722540398,1.4552055582315896e-15,0.09392469376325607
a3344,/mnt/data_disk/HDRData/1000hdr/HDRtest/a3344-NKIM_MG_6348.exr,/mnt/data_disk/ZQL/TIP_TMO_result/dnn/PUCN/a3344.png,341,512,0.9843942635009371,0.9531458461557182,0.9718728361615449,0.9110184889190853,0.8365131352372583,0.9855238426009124,0.05210314318537712
a3345,/mnt/data_disk/HDRData/1000hdr/HDRtest/a3345-20080514_105211__MG_9917.exr,/mnt/data_disk/ZQL/TIP_TMO_result/dnn/PUCN/a3345.png,341,512,0.8054465634656287,0.8436578087668071,0.12171835633669058,0.2999590798163549,0.5999181590100447,6.22665070720859e-10,0.17485183477401733
a3351,/mnt/data_disk/HDRData/1000hdr/HDRtest/a3351-KE_-1722.exr,/mnt/data_disk/ZQL/TIP_TMO_result/dnn/PUCN/a3351.png,340,512,0.7737559526056387,0.8260297799606575,0.03340116942644432,0.3629714409828902,0.7259428819656751,1.0522294401329029e-13,0.11600048840045929
a3356,/mnt/data_disk/HDRData/1000hdr/HDRtest/a3356-_DSC9981.exr,/mnt/data_disk/ZQL/TIP_TMO_result/dnn/PUCN/a3356.png,341,512,0.7753420834136259,0.7553162230274105,0.10332037032285031,0.27087382298021234,0.5417476459603936,3.108251696747542e-14,0.19048377871513367
a3360,/mnt/data_disk/HDRData/1000hdr/HDRtest/a3360-IMG_0017.exr,/mnt/data_disk/ZQL/TIP_TMO_result/dnn/PUCN/a3360.png,341,512,0.8979800493210395,0.8243254712265761,0.6255732231841644,0.5270556200697767,0.906006347746819,0.14810489239273428,0.18531307578086853
a3365,/mnt/data_disk/HDRData/1000hdr/HDRtest/a3365-jn_20071207_Xmas_House_0124.exr,/mnt/data_disk/ZQL/TIP_TMO_result/dnn/PUCN/a3365.png,341,512,0.891476892423704,0.7709630908676398,0.6803547286466952,0.7496292977552615,0.7812090492894512,0.7180495462210719,0.11697429418563843
a3366,/mnt/data_disk/HDRData/1000hdr/HDRtest/a3366-Ja_Pe-6.exr,/mnt/data_disk/ZQL/TIP_TMO_result/dnn/PUCN/a3366.png,288,512,0.8168440914601443,0.7458660420033265,0.2970773985933645,0.3884459772784219,0.7768919511885628,3.3682809948715474e-09,0.24977287650108337
a3369,/mnt/data_disk/HDRData/1000hdr/HDRtest/a3369-IMG_0004.exr,/mnt/data_disk/ZQL/TIP_TMO_result/dnn/PUCN/a3369.png,341,512,0.7906803388567104,0.788491516875342,0.12458857829720597,0.4104612694464986,0.8209225388929972,6.356290392163865e-20,0.2869160771369934
a3371,/mnt/data_disk/HDRData/1000hdr/HDRtest/a3371-07-12-01-at-11h32m58s-_MG_8498.exr,/mnt/data_disk/ZQL/TIP_TMO_result/dnn/PUCN/a3371.png,341,512,0.8743177027147327,0.8868443898115318,0.38947851189875965,0.40324272204897693,0.7758731309757548,0.030612313122199027,0.2130085825920105
a3382,/mnt/data_disk/HDRData/1000hdr/HDRtest/a3382-IMG_4032.exr,/mnt/data_disk/ZQL/TIP_TMO_result/dnn/PUCN/a3382.png,341,512,0.8970543983494228,0.8355509476644315,0.6006827253761088,0.6855679489316601,0.8682949596154045,0.5028409382479156,0.16024497151374817
a3388,/mnt/data_disk/HDRData/1000hdr/HDRtest/a3388-jmac_DSC2214.exr,/mnt/data_disk/ZQL/TIP_TMO_result/dnn/PUCN/a3388.png,340,512,0.902823420740859,0.8932236087954472,0.5415500064601008,0.7194716732180994,0.7591493569309623,0.6797939895052364,0.11610784381628036
a3390,/mnt/data_disk/HDRData/1000hdr/HDRtest/a3390-dgw_070.exr,/mnt/data_disk/ZQL/TIP_TMO_result/dnn/PUCN/a3390.png,341,512,0.8555959772415609,0.6365476650167452,0.7192156981089327,0.6389373814124794,0.7006855351384769,0.5771892276864818,0.26378777623176575
a3391,/mnt/data_disk/HDRData/1000hdr/HDRtest/a3391-050904_125814__I2E8654.exr,/mnt/data_disk/ZQL/TIP_TMO_result/dnn/PUCN/a3391.png,341,512,0.7939538439630727,0.6846237741357418,0.2772652061135548,0.3357774245522728,0.6715541353196155,7.137849300880403e-07,0.22822332382202148
a3393,/mnt/data_disk/HDRData/1000hdr/HDRtest/a3393-_DSC0057.exr,/mnt/data_disk/ZQL/TIP_TMO_result/dnn/PUCN/a3393.png,340,512,0.7721384545725152,0.8099650542659277,0.04127159439380991,0.8139691037254241,0.8633966889803664,0.7645415184704818,0.1444283276796341
a3394,/mnt/data_disk/HDRData/1000hdr/HDRtest/a3394-_DGW6419.exr,/mnt/data_disk/ZQL/TIP_TMO_result/dnn/PUCN/a3394.png,341,512,0.7673835896533557,0.6535104004110737,0.2001064801149512,0.3052758724234725,0.610551744846945,8.36552520557893e-18,0.394054651260376
a3400,/mnt/data_disk/HDRData/1000hdr/HDRtest/a3400-07-11-04-at-17h36m14s-_MG_4004.exr,/mnt/data_disk/ZQL/TIP_TMO_result/dnn/PUCN/a3400.png,341,512,0.7767024006878116,0.8501131113024111,0.02407752096151364,0.3467200015273997,0.6934400030547994,4.940408034805275e-26,0.19351905584335327
a3401,/mnt/data_disk/HDRData/1000hdr/HDRtest/a3401-20061111_122429__E6B5415.exr,/mnt/data_disk/ZQL/TIP_TMO_result/dnn/PUCN/a3401.png,341,512,0.896021820858821,0.9271614187273447,0.4510598258898015,0.9104656271629534,0.9467028388604483,0.8742284154654585,0.09715955704450607
a3402,/mnt/data_disk/HDRData/1000hdr/HDRtest/a3402-jmac_DSC3153.exr,/mnt/data_disk/ZQL/TIP_TMO_result/dnn/PUCN/a3402.png,340,512,0.880088451752814,0.865856084882323,0.45225651133337746,0.4644977134782724,0.8689935185480371,0.06000190840850775,0.14543412625789642
a3413,/mnt/data_disk/HDRData/1000hdr/HDRtest/a3413-20041217_193556__E6B0485.exr,/mnt/data_disk/ZQL/TIP_TMO_result/dnn/PUCN/a3413.png,341,512,0.823272714737078,0.7924908117869871,0.2616896929134011,0.39610940309182663,0.7922188061748563,8.796972020206673e-12,0.14995311200618744
a3414,/mnt/data_disk/HDRData/1000hdr/HDRtest/a3414-DSC_0002.exr,/mnt/data_disk/ZQL/TIP_TMO_result/dnn/PUCN/a3414.png,340,512,0.9025799780063826,0.8480042626564721,0.6135680320502978,0.3835025409857353,0.7645288987542043,0.0024761832172662756,0.17904767394065857
a3415,/mnt/data_disk/HDRData/1000hdr/HDRtest/a3415-jmac_DSC6092.exr,/mnt/data_disk/ZQL/TIP_TMO_result/dnn/PUCN/a3415.png,340,512,0.9591090494154713,0.9294515829112323,0.8391683675615036,0.9395185506172414,0.8929687623589914,0.9860683388754915,0.11936883628368378
a3416,/mnt/data_disk/HDRData/1000hdr/HDRtest/a3416-IMG_4746.exr,/mnt/data_disk/ZQL/TIP_TMO_result/dnn/PUCN/a3416.png,341,512,0.8947697704446335,0.7525947615345389,0.7362525615950144,0.6130780974458405,0.8477097956300673,0.37844639926161383,0.22049836814403534
a3418,/mnt/data_disk/HDRData/1000hdr/HDRtest/a3418-2004-02-07 16-53-50 CRW_3754.exr,/mnt/data_disk/ZQL/TIP_TMO_result/dnn/PUCN/a3418.png,341,512,0.8852069540191112,0.9024035209867645,0.4265697360148009,0.7036498124718218,0.8501393629455456,0.5571602619980981,0.07261237502098083
a3422,/mnt/data_disk/HDRData/1000hdr/HDRtest/a3422-WP_CRW_0302.exr,/mnt/data_disk/ZQL/TIP_TMO_result/dnn/PUCN/a3422.png,341,512,0.9312862949680425,0.8849406373872929,0.7320498625198527,0.8293666919050879,0.7722428562919644,0.8864905275182113,0.16083505749702454
a3424,/mnt/data_disk/HDRData/1000hdr/HDRtest/a3424-CRW_0163.exr,/mnt/data_disk/ZQL/TIP_TMO_result/dnn/PUCN/a3424.png,341,512,0.8728576307398282,0.8324629629531242,0.46299898141734436,0.38162475650836736,0.7623391630133318,0.0009103500034029293,0.259100079536438
a3431,/mnt/data_disk/HDRData/1000hdr/HDRtest/a3431-_DSC0103-3.exr,/mnt/data_disk/ZQL/TIP_TMO_result/dnn/PUCN/a3431.png,340,512,0.925757602474451,0.8169624228040566,0.8179376875440251,0.9131122729839262,0.8834109840126236,0.9428135619552287,0.11049900203943253
a3432,/mnt/data_disk/HDRData/1000hdr/HDRtest/a3432-jmac_DSC3184.exr,/mnt/data_disk/ZQL/TIP_TMO_result/dnn/PUCN/a3432.png,340,512,0.9518410006429356,0.8474143375366605,0.9384320427837873,0.945962477841871,0.8926624662607171,0.999262489423025,0.10861431807279587
a3433,/mnt/data_disk/HDRData/1000hdr/HDRtest/a3433-NKIM_MG_8213.exr,/mnt/data_disk/ZQL/TIP_TMO_result/dnn/PUCN/a3433.png,341,512,0.92802531284163,0.7842567101530962,0.8965370610216088,0.5834869749889049,0.786065547189849,0.38090840278796084,0.24963413178920746
a3439,/mnt/data_disk/HDRData/1000hdr/HDRtest/a3439-IMG_3798.exr,/mnt/data_disk/ZQL/TIP_TMO_result/dnn/PUCN/a3439.png,341,512,0.93479554951516,0.7697816961023267,0.9729372316301278,0.7858090292072692,0.9751939398271872,0.5964241185873514,0.11236829310655594
a3441,/mnt/data_disk/HDRData/1000hdr/HDRtest/a3441-dgw_064.exr,/mnt/data_disk/ZQL/TIP_TMO_result/dnn/PUCN/a3441.png,341,512,0.8589640944666659,0.7831582243620685,0.4633778770011207,0.40219968002156276,0.7851663385387544,0.019233021504371065,0.2639175355434418
a3444,/mnt/data_disk/HDRData/1000hdr/HDRtest/a3444-WP_CRW_6313.exr,/mnt/data_disk/ZQL/TIP_TMO_result/dnn/PUCN/a3444.png,341,512,0.8197225205103144,0.8115555197541836,0.21964331783306731,0.31872651685255177,0.6374473494958376,5.6842092659448235e-06,0.1524599939584732
a3446,/mnt/data_disk/HDRData/1000hdr/HDRtest/a3446-050730_134124__MG_3716.exr,/mnt/data_disk/ZQL/TIP_TMO_result/dnn/PUCN/a3446.png,341,512,0.9139158733700954,0.9385083617370966,0.5376542211845472,0.9209234122839667,0.8979692578637517,0.9438775667041815,0.19596052169799805
a3448,/mnt/data_disk/HDRData/1000hdr/HDRtest/a3448-IMG_0113.exr,/mnt/data_disk/ZQL/TIP_TMO_result/dnn/PUCN/a3448.png,341,512,0.8531993287291647,0.7469092395777537,0.4913791028314559,0.44014403915682515,0.8649533907850794,0.01533468752857096,0.21297623217105865
a3449,/mnt/data_disk/HDRData/1000hdr/HDRtest/a3449-jmac_DSC2669.exr,/mnt/data_disk/ZQL/TIP_TMO_result/dnn/PUCN/a3449.png,340,512,0.9383437901239668,0.9479421134021875,0.6726165642694172,0.8420235271034429,0.8797262613942824,0.8043207928126032,0.10403812676668167
a3451,/mnt/data_disk/HDRData/1000hdr/HDRtest/a3451-IMG_1088.exr,/mnt/data_disk/ZQL/TIP_TMO_result/dnn/PUCN/a3451.png,341,512,0.8001859159396517,0.8054916622317332,0.1429431819721462,0.3963118031441074,0.792623154453282,4.5183493285728955e-07,0.2847417891025543
a3452,/mnt/data_disk/HDRData/1000hdr/HDRtest/a3452-IMG_1205.exr,/mnt/data_disk/ZQL/TIP_TMO_result/dnn/PUCN/a3452.png,341,512,0.8715341259068208,0.9714418792130503,0.2641248387393251,0.5393324818774331,0.8625639596642004,0.2161010040906657,0.06128101050853729
a3456,/mnt/data_disk/HDRData/1000hdr/HDRtest/a3456-DSC_0006-1-2.exr,/mnt/data_disk/ZQL/TIP_TMO_result/dnn/PUCN/a3456.png,340,512,0.9528305945189273,0.8652250121828859,0.9117073968389569,0.9159917290374056,0.8329301425917558,0.9990533154830552,0.1306372582912445
a3457,/mnt/data_disk/HDRData/1000hdr/HDRtest/a3457-NKIM_025.exr,/mnt/data_disk/ZQL/TIP_TMO_result/dnn/PUCN/a3457.png,341,512,0.8243998417668214,0.9078114922613183,0.12861085047639,0.42832281898843705,0.8566456379718946,4.979516272828441e-12,0.18179962038993835
a3460,/mnt/data_disk/HDRData/1000hdr/HDRtest/a3460-20080514_105637__MG_9928.exr,/mnt/data_disk/ZQL/TIP_TMO_result/dnn/PUCN/a3460.png,341,512,0.9100448682611282,0.7967781259704584,0.7518506614692511,0.9263438362788108,0.8673530237783617,0.9853346487792599,0.177174910902977
a3462,/mnt/data_disk/HDRData/1000hdr/HDRtest/a3462-dgw_051.exr,/mnt/data_disk/ZQL/TIP_TMO_result/dnn/PUCN/a3462.png,341,512,0.7899498975802863,0.7867629578051809,0.1236901839486915,0.3857644130095982,0.7715288260186832,5.131296448392296e-13,0.2725796699523926
a3464,/mnt/data_disk/HDRData/1000hdr/HDRtest/a3464-tc_DSC2199.exr,/mnt/data_disk/ZQL/TIP_TMO_result/dnn/PUCN/a3464.png,340,512,0.828543487199164,0.7214405715367647,0.39649044792626764,0.3934100329462599,0.7807887004936391,0.006031365398880744,0.13975584506988525
a3465,/mnt/data_disk/HDRData/1000hdr/HDRtest/a3465-20060619_114622__MG_9153.exr,/mnt/data_disk/ZQL/TIP_TMO_result/dnn/PUCN/a3465.png,341,512,0.9110260158251839,0.8963558165837284,0.5858484393065324,0.9061008585617776,0.8138382294361101,0.9983634876874452,0.16474753618240356
a3466,/mnt/data_disk/HDRData/1000hdr/HDRtest/a3466-IMG_3941.exr,/mnt/data_disk/ZQL/TIP_TMO_result/dnn/PUCN/a3466.png,341,512,0.8487044016965555,0.8901604369727868,0.2546810063513893,0.42447747272915026,0.8489458770968145,9.068361486043539e-06,0.16331878304481506
a3468,/mnt/data_disk/HDRData/1000hdr/HDRtest/a3468-IMG_4793.exr,/mnt/data_disk/ZQL/TIP_TMO_result/dnn/PUCN/a3468.png,341,512,0.9308513850724471,0.8728857911635117,0.7501518639542546,0.9493733257640551,0.9080267769944145,0.9907198745336956,0.13009734451770782
a3470,/mnt/data_disk/HDRData/1000hdr/HDRtest/a3470-IMG_0835.exr,/mnt/data_disk/ZQL/TIP_TMO_result/dnn/PUCN/a3470.png,341,512,0.8236363452392228,0.7651200063051179,0.30248222904589617,0.38104225806016256,0.7620628745659062,2.164155441902282e-05,0.2421499788761139
a3474,/mnt/data_disk/HDRData/1000hdr/HDRtest/a3474-jmac_MG_1125.exr,/mnt/data_disk/ZQL/TIP_TMO_result/dnn/PUCN/a3474.png,341,512,0.9057473705913496,0.8980758931057934,0.5513430166403958,0.8566881890641243,0.889306962199616,0.8240694159286325,0.10540438443422318
a3477,/mnt/data_disk/HDRData/1000hdr/HDRtest/a3477-_DSC0048.exr,/mnt/data_disk/ZQL/TIP_TMO_result/dnn/PUCN/a3477.png,340,512,0.8347992049176007,0.7978443820021104,0.3109435815903718,0.4374442698329455,0.8748884814967091,5.816918188749828e-08,0.17986977100372314
a3483,/mnt/data_disk/HDRData/1000hdr/HDRtest/a3483-_DSC0023-1.exr,/mnt/data_disk/ZQL/TIP_TMO_result/dnn/PUCN/a3483.png,340,512,0.896191995975645,0.8001382324479523,0.6569584247940039,0.8786088023163792,0.7625461605593348,0.9946714440734234,0.08472075313329697
a3486,/mnt/data_disk/HDRData/1000hdr/HDRtest/a3486-jmac_DSC3897.exr,/mnt/data_disk/ZQL/TIP_TMO_result/dnn/PUCN/a3486.png,343,512,0.8009500707597619,0.6927914528340642,0.29906126347170525,0.41878791342247484,0.8375758185934947,8.251454935419497e-09,0.21535027027130127
a3491,/mnt/data_disk/HDRData/1000hdr/HDRtest/a3491-DSC_0091.exr,/mnt/data_disk/ZQL/TIP_TMO_result/dnn/PUCN/a3491.png,340,512,0.9152602203283522,0.90618310334075,0.5959318249268477,0.8591208784144236,0.8202143550400345,0.8980274017888128,0.15184113383293152
a3493,/mnt/data_disk/HDRData/1000hdr/HDRtest/a3493-IMG_0279.exr,/mnt/data_disk/ZQL/TIP_TMO_result/dnn/PUCN/a3493.png,341,512,0.748584007731385,0.679767585158596,0.0906565365510039,0.35492586005660315,0.7098517201132063,6.28232979727331e-23,0.23075620830059052
a3499,/mnt/data_disk/HDRData/1000hdr/HDRtest/a3499-jn_2007_12_11__BU_CRUISE_019.exr,/mnt/data_disk/ZQL/TIP_TMO_result/dnn/PUCN/a3499.png,341,512,0.9047626981875141,0.7352333293460638,0.8367977165759386,0.8266721577333898,0.7731917617450852,0.8801525537216943,0.12872694432735443
a3503,/mnt/data_disk/HDRData/1000hdr/HDRtest/a3503-050731_155906__I2E5378.exr,/mnt/data_disk/ZQL/TIP_TMO_result/dnn/PUCN/a3503.png,341,512,0.8954926518067424,0.8156405938277669,0.6252377043802868,0.7521706303572295,0.6750743470246959,0.8292669136897631,0.1603841930627823
a3504,/mnt/data_disk/HDRData/1000hdr/HDRtest/a3504-IMG_0903.exr,/mnt/data_disk/ZQL/TIP_TMO_result/dnn/PUCN/a3504.png,341,512,0.924633229100347,0.8887098536547154,0.6829475301039091,0.9551986806467758,0.9340691122921425,0.9763282490014091,0.15691621601581573
a3505,/mnt/data_disk/HDRData/1000hdr/HDRtest/a3505-CRW_0288.exr,/mnt/data_disk/ZQL/TIP_TMO_result/dnn/PUCN/a3505.png,341,512,0.9112487072938462,0.8843511110134799,0.6065966684200391,0.9189016125906462,0.8538881392136568,0.9839150859676354,0.21914486587047577
a3508,/mnt/data_disk/HDRData/1000hdr/HDRtest/a3508-NKIM_095.exr,/mnt/data_disk/ZQL/TIP_TMO_result/dnn/PUCN/a3508.png,341,512,0.8399774689480279,0.782778106180934,0.36002554752733434,0.4190204663660783,0.838037121656358,3.811075798644846e-06,0.3181957006454468
a3509,/mnt/data_disk/HDRData/1000hdr/HDRtest/a3509-_DGW6337.exr,/mnt/data_disk/ZQL/TIP_TMO_result/dnn/PUCN/a3509.png,341,512,0.8859459407352377,0.852062710227139,0.5072504510004621,0.39925872047556404,0.7914108776887347,0.007106563262393381,0.36005401611328125
a3510,/mnt/data_disk/HDRData/1000hdr/HDRtest/a3510-JI2E4365.exr,/mnt/data_disk/ZQL/TIP_TMO_result/dnn/PUCN/a3510.png,341,512,0.896777212421512,0.7406924265491734,0.7726439480663694,0.5127128145238721,0.6351190895336789,0.39030653951406524,0.2565447986125946
a3511,/mnt/data_disk/HDRData/1000hdr/HDRtest/a3511-jmac_MG_0542.exr,/mnt/data_disk/ZQL/TIP_TMO_result/dnn/PUCN/a3511.png,341,512,0.798050388409961,0.8375563989894206,0.10034189964760606,0.42411951310581614,0.8482390262116323,4.2013727082041644e-18,0.11779914796352386
a3512,/mnt/data_disk/HDRData/1000hdr/HDRtest/a3512-LSstone_060805_9380.exr,/mnt/data_disk/ZQL/TIP_TMO_result/dnn/PUCN/a3512.png,341,512,0.9319937855127158,0.7991089879627683,0.8945059839671788,0.8736479084014628,0.7995408685773578,0.9477549482255678,0.17198042571544647
a3521,/mnt/data_disk/HDRData/1000hdr/HDRtest/a3521-JI2E5091.exr,/mnt/data_disk/ZQL/TIP_TMO_result/dnn/PUCN/a3521.png,341,512,0.7740799732089191,0.7704707000568018,0.08297613961650269,0.3771911618743293,0.7543823225940666,1.154591957286991e-09,0.12991446256637573
a3522,/mnt/data_disk/HDRData/1000hdr/HDRtest/a3522-IMG_4772.exr,/mnt/data_disk/ZQL/TIP_TMO_result/dnn/PUCN/a3522.png,341,512,0.844362283398694,0.9040131266635033,0.21746225920040702,0.40310011518956057,0.8061924251847034,7.805194417784913e-06,0.10228272527456284
a3525,/mnt/data_disk/HDRData/1000hdr/HDRtest/a3525-IMG_0713.exr,/mnt/data_disk/ZQL/TIP_TMO_result/dnn/PUCN/a3525.png,341,512,0.9574465834222432,0.9706171622729298,0.7589120160489004,0.5398078734398618,0.9491211538249178,0.13049459305480585,0.16911640763282776
a3529,/mnt/data_disk/HDRData/1000hdr/HDRtest/a3529-WP_CRW_0659.exr,/mnt/data_disk/ZQL/TIP_TMO_result/dnn/PUCN/a3529.png,341,512,0.909041313393151,0.8542512682392553,0.6430467692966976,0.41220199370705896,0.8086967396801952,0.015707247733922763,0.1678360551595688
a3531,/mnt/data_disk/HDRData/1000hdr/HDRtest/a3531-07-06-30-at-04h02m08s-_MG_1936.exr,/mnt/data_disk/ZQL/TIP_TMO_result/dnn/PUCN/a3531.png,341,512,0.7428565108694533,0.6388883492250578,0.11858723533578515,0.25132274433131485,0.5026454883435415,3.190882355579881e-10,0.21803249418735504
a3540,/mnt/data_disk/HDRData/1000hdr/HDRtest/a3540-07-12-02-at-14h05m14s-_MG_8949.exr,/mnt/data_disk/ZQL/TIP_TMO_result/dnn/PUCN/a3540.png,341,512,0.8771884482260655,0.8860355590807931,0.4062201103580133,0.46448432818250346,0.7934268661282478,0.13554179023675916,0.21550269424915314
a3541,/mnt/data_disk/HDRData/1000hdr/HDRtest/a3541-IMG_4107.exr,/mnt/data_disk/ZQL/TIP_TMO_result/dnn/PUCN/a3541.png,341,512,0.9108844053538904,0.8674819232218234,0.6322127409664726,0.9031935268686849,0.8088109957157759,0.997576058021594,0.119050033390522
a3545,/mnt/data_disk/HDRData/1000hdr/HDRtest/a3545-jmac_DSC0491.exr,/mnt/data_disk/ZQL/TIP_TMO_result/dnn/PUCN/a3545.png,340,512,0.9168552070607604,0.8855855558341129,0.6392322104005339,0.8901775681535049,0.8208914680414214,0.9594636682655884,0.0885472446680069
a3548,/mnt/data_disk/HDRData/1000hdr/HDRtest/a3548-CRW_0993.exr,/mnt/data_disk/ZQL/TIP_TMO_result/dnn/PUCN/a3548.png,341,512,0.9315735385454281,0.8549736106149652,0.7867060415194789,0.7612967902623976,0.9090362586625618,0.6135573218622334,0.12634138762950897
a3549,/mnt/data_disk/HDRData/1000hdr/HDRtest/a3549-KE_-2455.exr,/mnt/data_disk/ZQL/TIP_TMO_result/dnn/PUCN/a3549.png,340,512,0.9822672144117661,0.9356524358891817,0.9882089130052167,0.8814886039592306,0.789986129966718,0.9729910779517431,0.11952415853738785
a3557,/mnt/data_disk/HDRData/1000hdr/HDRtest/a3557-IMG_1507.exr,/mnt/data_disk/ZQL/TIP_TMO_result/dnn/PUCN/a3557.png,341,512,0.8033008225857969,0.9244923014359723,0.04204640388295915,0.434735163446611,0.8694660360875465,4.290805675501594e-06,0.09185011684894562
a3563,/mnt/data_disk/HDRData/1000hdr/HDRtest/a3563-07-11-30-at-15h55m08s-_MG_8326.exr,/mnt/data_disk/ZQL/TIP_TMO_result/dnn/PUCN/a3563.png,341,512,0.8368113046907047,0.7973948332015351,0.3218084577316704,0.388274030681047,0.7741487899205672,0.0023992714415267125,0.19408811628818512
a3571,/mnt/data_disk/HDRData/1000hdr/HDRtest/a3571-IMG_0290.exr,/mnt/data_disk/ZQL/TIP_TMO_result/dnn/PUCN/a3571.png,341,512,0.8369328132041737,0.8413242362449884,0.2614042812464296,0.9092160516113631,0.8450492896612313,0.9733828135614949,0.05309853330254555
a3575,/mnt/data_disk/HDRData/1000hdr/HDRtest/a3575-IMG_0834.exr,/mnt/data_disk/ZQL/TIP_TMO_result/dnn/PUCN/a3575.png,341,512,0.7903982610724373,0.7839711123145977,0.12856124164801555,0.3873066535520107,0.7746133071038551,1.6634698756698057e-13,0.22722992300987244
a3576,/mnt/data_disk/HDRData/1000hdr/HDRtest/a3576-LS051026_day_15_LL003.exr,/mnt/data_disk/ZQL/TIP_TMO_result/dnn/PUCN/a3576.png,341,512,0.8945862214602358,0.899003475561666,0.48453328133933815,0.7589683197556958,0.9255024538052999,0.5924341857060916,0.16483628749847412
a3585,/mnt/data_disk/HDRData/1000hdr/HDRtest/a3585-IMG_4211.exr,/mnt/data_disk/ZQL/TIP_TMO_result/dnn/PUCN/a3585.png,341,512,0.7588161068282538,0.791899694776532,0.020361671304334677,0.3395798783245328,0.6791597566490652,3.200743337642924e-16,0.12853026390075684
a3586,/mnt/data_disk/HDRData/1000hdr/HDRtest/a3586-IMG_4591.exr,/mnt/data_disk/ZQL/TIP_TMO_result/dnn/PUCN/a3586.png,341,512,0.9550518401494719,0.8811806030515397,0.8975243955042689,0.8570787093799088,0.8127083814889244,0.9014490372708933,0.16571098566055298
a3588,/mnt/data_disk/HDRData/1000hdr/HDRtest/a3588-CRW_0983.exr,/mnt/data_disk/ZQL/TIP_TMO_result/dnn/PUCN/a3588.png,341,512,0.9190178143316737,0.817674535688412,0.7718746327809475,0.42542303238330653,0.8491482572061548,0.0016978075604582716,0.17902711033821106
a3591,/mnt/data_disk/HDRData/1000hdr/HDRtest/a3591-07-11-30-at-16h19m33s-_MG_8384.exr,/mnt/data_disk/ZQL/TIP_TMO_result/dnn/PUCN/a3591.png,341,512,0.809861417163457,0.766407054500882,0.23407981107365144,0.3456458382891515,0.6903156152387327,0.0009760613395703371,0.21408794820308685
a3593,/mnt/data_disk/HDRData/1000hdr/HDRtest/a3593-_DSC5689.exr,/mnt/data_disk/ZQL/TIP_TMO_result/dnn/PUCN/a3593.png,341,512,0.888464306323085,0.7116054355153103,0.7763035933598078,0.4599796918319295,0.8159447496149134,0.10401463404894566,0.2929275929927826
a3600,/mnt/data_disk/HDRData/1000hdr/HDRtest/a3600-JI2E3496.exr,/mnt/data_disk/ZQL/TIP_TMO_result/dnn/PUCN/a3600.png,341,512,0.8571732305260347,0.8711272556880962,0.3215201637267357,0.3921418221720083,0.7477749056328948,0.03650873871112177,0.21407830715179443
a3602,/mnt/data_disk/HDRData/1000hdr/HDRtest/a3602-_DSC9759.exr,/mnt/data_disk/ZQL/TIP_TMO_result/dnn/PUCN/a3602.png,341,512,0.8668731060137709,0.9052266496778875,0.32490185144038153,0.6653434251350119,0.7706731164974531,0.5600137337725708,0.13477079570293427
a3605,/mnt/data_disk/HDRData/1000hdr/HDRtest/a3605-IMG_2772.exr,/mnt/data_disk/ZQL/TIP_TMO_result/dnn/PUCN/a3605.png,341,512,0.9428803031142121,0.8456037583449372,0.8800068894289822,0.9677685286718047,0.936147797221953,0.9993892601216565,0.10621646046638489
a3608,/mnt/data_disk/HDRData/1000hdr/HDRtest/a3608-NKIM_MG_7004.exr,/mnt/data_disk/ZQL/TIP_TMO_result/dnn/PUCN/a3608.png,341,512,0.8009944028329655,0.895939345962435,0.057217518379263865,0.4115409338227316,0.8230818676454627,6.077929157912197e-16,0.1099863052368164
a3609,/mnt/data_disk/HDRData/1000hdr/HDRtest/a3609-IMG_1702.exr,/mnt/data_disk/ZQL/TIP_TMO_result/dnn/PUCN/a3609.png,341,512,0.8963434689506375,0.9259088295065041,0.45468862385668596,0.9047988745257918,0.8123225239406394,0.997275225110944,0.14473873376846313
a3613,/mnt/data_disk/HDRData/1000hdr/HDRtest/a3613-_DSC3264.exr,/mnt/data_disk/ZQL/TIP_TMO_result/dnn/PUCN/a3613.png,341,512,0.7826037123201909,0.7539176821981476,0.132526059923867,0.3225526863645262,0.645105372729051,1.3977005896524252e-15,0.2353556603193283
a3623,/mnt/data_disk/HDRData/1000hdr/HDRtest/a3623-20051220_201437__MG_9239.exr,/mnt/data_disk/ZQL/TIP_TMO_result/dnn/PUCN/a3623.png,341,512,0.8414691976142238,0.7840775787660825,0.36592120154524965,0.4017665672790018,0.8035323043157485,8.302422550246358e-07,0.29450294375419617
a3624,/mnt/data_disk/HDRData/1000hdr/HDRtest/a3624-DSC_0070.exr,/mnt/data_disk/ZQL/TIP_TMO_result/dnn/PUCN/a3624.png,340,512,0.9791052164215045,0.9255809872606628,0.9841231684856748,0.8871711361199728,0.8803847461803891,0.8939575260595566,0.12086504697799683
a3628,/mnt/data_disk/HDRData/1000hdr/HDRtest/a3628-_DSC9996.exr,/mnt/data_disk/ZQL/TIP_TMO_result/dnn/PUCN/a3628.png,341,512,0.7417976678935969,0.6915097274424702,0.055927574275966285,0.23513910436017424,0.4702782087203485,2.7685361028268127e-21,0.21302731335163116
a3633,/mnt/data_disk/HDRData/1000hdr/HDRtest/a3633-JI2E3892.exr,/mnt/data_disk/ZQL/TIP_TMO_result/dnn/PUCN/a3633.png,341,512,0.7864723722266329,0.846056443759754,0.05379616357645107,0.3170011889452912,0.6340023496375461,2.8253036320851177e-08,0.11563687771558762
a3634,/mnt/data_disk/HDRData/1000hdr/HDRtest/a3634-IMG_4959.exr,/mnt/data_disk/ZQL/TIP_TMO_result/dnn/PUCN/a3634.png,341,512,0.9245429151593858,0.8846645498407425,0.6891989910654344,0.8864638161117366,0.7811128078260883,0.9918148243973849,0.23997598886489868
a3635,/mnt/data_disk/HDRData/1000hdr/HDRtest/a3635-IMG_4031.exr,/mnt/data_disk/ZQL/TIP_TMO_result/dnn/PUCN/a3635.png,341,512,0.808592104182711,0.8218090378903634,0.1585240140072492,0.38429408246787733,0.7685881647371678,1.985868233276659e-10,0.25809451937675476
a3636,/mnt/data_disk/HDRData/1000hdr/HDRtest/a3636-20041222_195608__E6B6989.exr,/mnt/data_disk/ZQL/TIP_TMO_result/dnn/PUCN/a3636.png,341,512,0.7670160896864,0.8317386159270317,0.01378139922734734,0.3005818314507471,0.6011636629014941,4.726421546225674e-19,0.11476973444223404
a3641,/mnt/data_disk/HDRData/1000hdr/HDRtest/a3641-_DSC4628.exr,/mnt/data_disk/ZQL/TIP_TMO_result/dnn/PUCN/a3641.png,341,512,0.8994417208974473,0.8213937652604995,0.6397405434847679,0.43463632347984044,0.8624345643122676,0.006838082647413305,0.3025391101837158
a3644,/mnt/data_disk/HDRData/1000hdr/HDRtest/a3644-jmac_MG_5959.exr,/mnt/data_disk/ZQL/TIP_TMO_result/dnn/PUCN/a3644.png,341,512,0.8955284080444186,0.8091167891038819,0.636876955350562,0.4822433724710001,0.8684732569975339,0.09601348794446632,0.220846489071846
a3649,/mnt/data_disk/HDRData/1000hdr/HDRtest/a3649-WP_CRW_0691.exr,/mnt/data_disk/ZQL/TIP_TMO_result/dnn/PUCN/a3649.png,341,512,0.9572904186885007,0.9444487493763917,0.8013328734890378,0.9581517273669942,0.9185603171068515,0.9977431376271368,0.07660045474767685
a3654,/mnt/data_disk/HDRData/1000hdr/HDRtest/a3654-IMG_0777.exr,/mnt/data_disk/ZQL/TIP_TMO_result/dnn/PUCN/a3654.png,341,512,0.9363589948481393,0.8984729180306169,0.741764557454395,0.9337320144536192,0.8677309705826823,0.999733058324556,0.1715601235628128
a3658,/mnt/data_disk/HDRData/1000hdr/HDRtest/a3658-jmac_MG_0418.exr,/mnt/data_disk/ZQL/TIP_TMO_result/dnn/PUCN/a3658.png,341,512,0.8610167519760566,0.8982671469682071,0.3044724909506246,0.41209038522280483,0.7800287012208222,0.044152069224787455,0.12663264572620392
a3670,/mnt/data_disk/HDRData/1000hdr/HDRtest/a3670-jmac_MG_5917.exr,/mnt/data_disk/ZQL/TIP_TMO_result/dnn/PUCN/a3670.png,341,512,0.8931901859538941,0.9563002566244326,0.39448419054789835,0.6820660631707881,0.9264753295607977,0.43765679678077857,0.10297828912734985
a3673,/mnt/data_disk/HDRData/1000hdr/HDRtest/a3673-_DSC1109.exr,/mnt/data_disk/ZQL/TIP_TMO_result/dnn/PUCN/a3673.png,341,512,0.8401330472849443,0.846847388946915,0.26952494149749245,0.41774968733713935,0.8354993687698334,5.90444525703086e-09,0.342073529958725
a3677,/mnt/data_disk/HDRData/1000hdr/HDRtest/a3677-IMG_4696.exr,/mnt/data_disk/ZQL/TIP_TMO_result/dnn/PUCN/a3677.png,341,512,0.9158245673863672,0.8786230507381299,0.6443678481515374,0.9299717924326435,0.8967561984185458,0.9631873864467412,0.15662159025669098
a3686,/mnt/data_disk/HDRData/1000hdr/HDRtest/a3686-jmac_MG_0353.exr,/mnt/data_disk/ZQL/TIP_TMO_result/dnn/PUCN/a3686.png,341,512,0.8253761074208279,0.810632108246281,0.24711245515014368,0.37531501084615015,0.7506300193305562,2.361744167363489e-09,0.3241347372531891
a3688,/mnt/data_disk/HDRData/1000hdr/HDRtest/a3688-jmac_MG_1424.exr,/mnt/data_disk/ZQL/TIP_TMO_result/dnn/PUCN/a3688.png,341,512,0.9862080611789783,0.9468715327807729,0.9958920091096336,0.9613201985772679,0.9263489303992264,0.9962914667553096,0.1584262251853943
a3689,/mnt/data_disk/HDRData/1000hdr/HDRtest/a3689-JI2E3798.exr,/mnt/data_disk/ZQL/TIP_TMO_result/dnn/PUCN/a3689.png,341,512,0.8555053368115593,0.775102589918898,0.4570361422705641,0.8973560119813278,0.8018213614303359,0.9928906625323196,0.09762846678495407
a3696,/mnt/data_disk/HDRData/1000hdr/HDRtest/a3696-jmac_DSC1242.exr,/mnt/data_disk/ZQL/TIP_TMO_result/dnn/PUCN/a3696.png,343,512,0.9170102896413569,0.9036256849815689,0.6107505559149105,0.9649643036804807,0.9304169622537436,0.9995116451072177,0.16023017466068268
a3697,/mnt/data_disk/HDRData/1000hdr/HDRtest/a3697-07-11-24-at-16h05m35s-_MG_6729.exr,/mnt/data_disk/ZQL/TIP_TMO_result/dnn/PUCN/a3697.png,341,512,0.933240545877382,0.8802477940235797,0.7528953540658646,0.9420099020304502,0.8920153880064627,0.9920044160544377,0.16041168570518494
a3700,/mnt/data_disk/HDRData/1000hdr/HDRtest/a3700-tc_DSC1892.exr,/mnt/data_disk/ZQL/TIP_TMO_result/dnn/PUCN/a3700.png,340,512,0.9315902481268643,0.8428572378638323,0.8088360492628216,0.8052730039671832,0.75695530930523,0.8535906986291362,0.13144265115261078
a3706,/mnt/data_disk/HDRData/1000hdr/HDRtest/a3706-dgw_065.exr,/mnt/data_disk/ZQL/TIP_TMO_result/dnn/PUCN/a3706.png,341,512,0.8756237644372752,0.7905296000670421,0.5479106621395783,0.48157916039921866,0.848765243685318,0.11439307711311925,0.31189805269241333
a3707,/mnt/data_disk/HDRData/1000hdr/HDRtest/a3707-NKIM_121.exr,/mnt/data_disk/ZQL/TIP_TMO_result/dnn/PUCN/a3707.png,341,512,0.7554764664694572,0.7738919116487105,0.024759987181976674,0.3124516401465702,0.6249032802931404,1.1135433653504088e-25,0.21839259564876556
a3710,/mnt/data_disk/HDRData/1000hdr/HDRtest/a3710-07-11-20-at-16h52m05s-_MG_5742.exr,/mnt/data_disk/ZQL/TIP_TMO_result/dnn/PUCN/a3710.png,341,512,0.8917853040990646,0.8510647847752849,0.5432050819385303,0.8848131233446249,0.9146629321629215,0.8549633145263283,0.08892345428466797
a3712,/mnt/data_disk/HDRData/1000hdr/HDRtest/a3712-IMG_4852.exr,/mnt/data_disk/ZQL/TIP_TMO_result/dnn/PUCN/a3712.png,341,512,0.8370975015563186,0.905771472280187,0.1831538489788578,0.40329929490449573,0.8065844271228869,1.4162686104534038e-05,0.11509028822183609
a3715,/mnt/data_disk/HDRData/1000hdr/HDRtest/a3715-_MG_7773.exr,/mnt/data_disk/ZQL/TIP_TMO_result/dnn/PUCN/a3715.png,341,512,0.7620455516175999,0.7712930785819733,0.044164293391748405,0.310259717880962,0.620519435761924,4.717880797463578e-19,0.2473803609609604
a3716,/mnt/data_disk/HDRData/1000hdr/HDRtest/a3716-IMG_0301.exr,/mnt/data_disk/ZQL/TIP_TMO_result/dnn/PUCN/a3716.png,341,512,0.7952227392407687,0.8042433253135278,0.12473812419017742,0.3007763700377763,0.6015527393288514,7.467011935117042e-10,0.0778171718120575
a3719,/mnt/data_disk/HDRData/1000hdr/HDRtest/a3719-07-11-29-at-15h43m28s-_MG_8075.exr,/mnt/data_disk/ZQL/TIP_TMO_result/dnn/PUCN/a3719.png,341,512,0.8038681508409233,0.8527514007019825,0.10638543851493452,0.4350838796076398,0.8701677592152796,2.4268382689127675e-18,0.36523866653442383
a3720,/mnt/data_disk/HDRData/1000hdr/HDRtest/a3720-jmac_MG_0851.exr,/mnt/data_disk/ZQL/TIP_TMO_result/dnn/PUCN/a3720.png,341,512,0.8463091098103042,0.8914223145245497,0.24177383562158913,0.37807128186993305,0.7552918696304342,0.0008506941094319606,0.1895800083875656
a3721,/mnt/data_disk/HDRData/1000hdr/HDRtest/a3721-KE_-01.exr,/mnt/data_disk/ZQL/TIP_TMO_result/dnn/PUCN/a3721.png,340,512,0.9202345016868058,0.7832834494816243,0.8453489735486953,0.45283874990515893,0.5526804735576093,0.3529970262527085,0.22910268604755402
a3724,/mnt/data_disk/HDRData/1000hdr/HDRtest/a3724-20060101_092918__E6B0305.exr,/mnt/data_disk/ZQL/TIP_TMO_result/dnn/PUCN/a3724.png,341,512,0.9492202628237949,0.9298374577333943,0.7726114292421531,0.8440364306025184,0.9455521780201064,0.7425206831849305,0.2581605613231659
a3727,/mnt/data_disk/HDRData/1000hdr/HDRtest/a3727-2004-01-18 11-49-42 CRW_2889.exr,/mnt/data_disk/ZQL/TIP_TMO_result/dnn/PUCN/a3727.png,341,512,0.8784516253335565,0.9448476544270896,0.3319312540064316,0.5929098288080676,0.7258797517597055,0.4599399058564297,0.15484659373760223
a3729,/mnt/data_disk/HDRData/1000hdr/HDRtest/a3729-07-11-24-at-21h39m19s-_MG_6853.exr,/mnt/data_disk/ZQL/TIP_TMO_result/dnn/PUCN/a3729.png,341,512,0.8209712741397446,0.8026241433903324,0.23708546402925598,0.33412490760435043,0.6654889770887191,0.002760838119981687,0.13379301130771637
a3730,/mnt/data_disk/HDRData/1000hdr/HDRtest/a3730-IMG_0113.exr,/mnt/data_disk/ZQL/TIP_TMO_result/dnn/PUCN/a3730.png,341,512,0.8694483821413622,0.7851916314206838,0.5204914190624609,0.4090066829484364,0.8083492132989522,0.009664152597920602,0.2683604955673218
a3732,/mnt/data_disk/HDRData/1000hdr/HDRtest/a3732-_DGW6272.exr,/mnt/data_disk/ZQL/TIP_TMO_result/dnn/PUCN/a3732.png,341,512,0.9432031132905799,0.9038924091501368,0.7772818398372732,0.6992333167434447,0.9225616465016281,0.47590498698526124,0.12897218763828278
a3733,/mnt/data_disk/HDRData/1000hdr/HDRtest/a3733-WP_CRW_4827.exr,/mnt/data_disk/ZQL/TIP_TMO_result/dnn/PUCN/a3733.png,341,512,0.9058150320558168,0.8061899543217642,0.7071254231360355,0.8211244311445348,0.698451019361819,0.9437978429272507,0.17654846608638763
a3735,/mnt/data_disk/HDRData/1000hdr/HDRtest/a3735-_MG_7825.exr,/mnt/data_disk/ZQL/TIP_TMO_result/dnn/PUCN/a3735.png,341,512,0.8023033084432054,0.7952043826760447,0.1636895766162502,0.9214008796453294,0.8555058170466974,0.9872959422439613,0.2027166187763214
a3737,/mnt/data_disk/HDRData/1000hdr/HDRtest/a3737-dgw_022.exr,/mnt/data_disk/ZQL/TIP_TMO_result/dnn/PUCN/a3737.png,341,512,0.849986792331186,0.7709179909040152,0.4329474409243123,0.33956675130032077,0.6785246482349072,0.0006088543657343547,0.21663601696491241
a3739,/mnt/data_disk/HDRData/1000hdr/HDRtest/a3739-KE_-0068.exr,/mnt/data_disk/ZQL/TIP_TMO_result/dnn/PUCN/a3739.png,340,512,0.8515147332940274,0.901492258165898,0.253847323003899,0.976888866239483,0.9544044735910058,0.9993732588879601,0.09685502201318741
a3740,/mnt/data_disk/HDRData/1000hdr/HDRtest/a3740-_DSC1411.exr,/mnt/data_disk/ZQL/TIP_TMO_result/dnn/PUCN/a3740.png,341,512,0.822474390878487,0.6542629544457249,0.48135578225488757,0.5673405961863529,0.49538258499467663,0.6392986073780291,0.15942102670669556
a3742,/mnt/data_disk/HDRData/1000hdr/HDRtest/a3742-IMG_0206.exr,/mnt/data_disk/ZQL/TIP_TMO_result/dnn/PUCN/a3742.png,341,512,0.8111012126345337,0.6379044141303026,0.44750660876498305,0.3329823896531703,0.6659462002768324,1.8579029508146207e-05,0.2875874936580658
a3743,/mnt/data_disk/HDRData/1000hdr/HDRtest/a3743-DSC_0038.exr,/mnt/data_disk/ZQL/TIP_TMO_result/dnn/PUCN/a3743.png,340,512,0.8664896863328595,0.8905272742085788,0.3428600592124457,0.8750285552677178,0.775454336098461,0.9746027744369746,0.1022602990269661
a3744,/mnt/data_disk/HDRData/1000hdr/HDRtest/a3744-NKIM_MG_6757.exr,/mnt/data_disk/ZQL/TIP_TMO_result/dnn/PUCN/a3744.png,341,512,0.7706207101785449,0.6479684678877564,0.22294801944377757,0.38371165811878744,0.767423299627547,1.661002791127301e-08,0.21964626014232635
a3749,/mnt/data_disk/HDRData/1000hdr/HDRtest/a3749-IMG_4592.exr,/mnt/data_disk/ZQL/TIP_TMO_result/dnn/PUCN/a3749.png,341,512,0.7932631668928747,0.6632282640996311,0.3079235443444577,0.40386485535547234,0.8077296817481892,2.8962755530436295e-08,0.24047471582889557
a3750,/mnt/data_disk/HDRData/1000hdr/HDRtest/a3750-IMG_4253.exr,/mnt/data_disk/ZQL/TIP_TMO_result/dnn/PUCN/a3750.png,341,512,0.7448088290155331,0.6864516675426809,0.07055969428879094,0.27954451656721485,0.5590890331333767,1.0530188501034507e-12,0.21682322025299072
a3753,/mnt/data_disk/HDRData/1000hdr/HDRtest/a3753-dgw_073.exr,/mnt/data_disk/ZQL/TIP_TMO_result/dnn/PUCN/a3753.png,341,512,0.8199501212312098,0.804798372190501,0.22947317602080108,0.4398516918224045,0.8530836806959172,0.026619702948891842,0.4202716648578644
a3754,/mnt/data_disk/HDRData/1000hdr/HDRtest/a3754-050731_151704__I2E5362.exr,/mnt/data_disk/ZQL/TIP_TMO_result/dnn/PUCN/a3754.png,341,512,0.9273361203057042,0.9485284555327298,0.6031722859874797,0.8807001606353843,0.8234278658630343,0.9379724554077342,0.10362901538610458
a3756,/mnt/data_disk/HDRData/1000hdr/HDRtest/a3756-jmac_MG_5949.exr,/mnt/data_disk/ZQL/TIP_TMO_result/dnn/PUCN/a3756.png,341,512,0.8596286519348902,0.8993557152030569,0.2961024897028087,0.4918572886215218,0.890367220726875,0.0933473565161685,0.12783631682395935
a3760,/mnt/data_disk/HDRData/1000hdr/HDRtest/a3760-IMG_2504.exr,/mnt/data_disk/ZQL/TIP_TMO_result/dnn/PUCN/a3760.png,341,512,0.9398567867890213,0.9718990032063016,0.644325164001523,0.9713718721247886,0.9525344128876584,0.9902093313619189,0.08295975625514984
a3764,/mnt/data_disk/HDRData/1000hdr/HDRtest/a3764-20060618_093109__MG_8792.exr,/mnt/data_disk/ZQL/TIP_TMO_result/dnn/PUCN/a3764.png,341,512,0.904526771275384,0.8692010285063231,0.590276767226802,0.9161136126322391,0.8875619929874177,0.9446652322770605,0.182259202003479
a3766,/mnt/data_disk/HDRData/1000hdr/HDRtest/a3766-20041219_194831__E6B5558.exr,/mnt/data_disk/ZQL/TIP_TMO_result/dnn/PUCN/a3766.png,341,512,0.6331143359090382,0.4468258369185129,0.007589966682070233,0.09996911526010563,0.19993823052021126,1.1930598494820313e-32,0.11131894588470459
a3769,/mnt/data_disk/HDRData/1000hdr/HDRtest/a3769-IMG_3943.exr,/mnt/data_disk/ZQL/TIP_TMO_result/dnn/PUCN/a3769.png,341,512,0.9291216162182396,0.9189502895782701,0.6612675666146506,0.9615014951498593,0.945168360570953,0.9778346297287654,0.09810865670442581
a3771,/mnt/data_disk/HDRData/1000hdr/HDRtest/a3771-07-06-01-at-13h03m06-s_MG_1256.exr,/mnt/data_disk/ZQL/TIP_TMO_result/dnn/PUCN/a3771.png,341,512,0.8979393059762291,0.855202148930362,0.573305507414217,0.5544962398408374,0.8824311589664094,0.22656132071526527,0.23377542197704315
a3772,/mnt/data_disk/HDRData/1000hdr/HDRtest/a3772-dgw_123.exr,/mnt/data_disk/ZQL/TIP_TMO_result/dnn/PUCN/a3772.png,341,512,0.922228975920113,0.8529978253890893,0.7290610956085722,0.8785785822291016,0.8326164286427656,0.9245407358154375,0.22406379878520966
a3774,/mnt/data_disk/HDRData/1000hdr/HDRtest/a3774-_DSC0017.exr,/mnt/data_disk/ZQL/TIP_TMO_result/dnn/PUCN/a3774.png,340,512,0.9213761770759689,0.837389844726288,0.7513540905454521,0.4933560168831386,0.7334399363782386,0.2532720973880387,0.17492055892944336
a3778,/mnt/data_disk/HDRData/1000hdr/HDRtest/a3778-IMG_4838.exr,/mnt/data_disk/ZQL/TIP_TMO_result/dnn/PUCN/a3778.png,341,512,0.9189564324905098,0.7796487481640832,0.8438280776649276,0.7934399822262057,0.9141228160530976,0.6727571483993138,0.2872300148010254
a3780,/mnt/data_disk/HDRData/1000hdr/HDRtest/a3780-JI2E3902.exr,/mnt/data_disk/ZQL/TIP_TMO_result/dnn/PUCN/a3780.png,341,512,0.8638483857778535,0.9120237630902132,0.30063172274607514,0.45011449794849145,0.8798109026613874,0.020418093235595482,0.13763734698295593
a3781,/mnt/data_disk/HDRData/1000hdr/HDRtest/a3781-2004-06-24 06-45-08 CRW_2040.exr,/mnt/data_disk/ZQL/TIP_TMO_result/dnn/PUCN/a3781.png,341,512,0.9333234302697092,0.878898140466238,0.7557914663058707,0.9271608716077308,0.8839930779753687,0.9703286652400928,0.10081804543733597
a3783,/mnt/data_disk/HDRData/1000hdr/HDRtest/a3783-KE_-0052.exr,/mnt/data_disk/ZQL/TIP_TMO_result/dnn/PUCN/a3783.png,340,512,0.8529579757424874,0.7368854026710507,0.5074346361537304,0.33978740778472005,0.6780051244479411,0.00156969112149893,0.16243141889572144
a3786,/mnt/data_disk/HDRData/1000hdr/HDRtest/a3786-_I2E8191.exr,/mnt/data_disk/ZQL/TIP_TMO_result/dnn/PUCN/a3786.png,341,512,0.8171736378001313,0.8416912308657697,0.17139754679727084,0.8833176712787729,0.8661381937384286,0.9004971488191171,0.18434667587280273
a3796,/mnt/data_disk/HDRData/1000hdr/HDRtest/a3796-NKIM_MG_7319.exr,/mnt/data_disk/ZQL/TIP_TMO_result/dnn/PUCN/a3796.png,341,512,0.9098963683596399,0.7510419879750381,0.8394326455559928,0.3230492856908696,0.6352517942929068,0.010846777088832386,0.28615742921829224
a3798,/mnt/data_disk/HDRData/1000hdr/HDRtest/a3798-IMG_2539.exr,/mnt/data_disk/ZQL/TIP_TMO_result/dnn/PUCN/a3798.png,341,512,0.9528098438021634,0.8768578809757683,0.8900509311466913,0.9557625072989999,0.9166626581279664,0.9948623564700333,0.2038366049528122
a3800,/mnt/data_disk/HDRData/1000hdr/HDRtest/a3800-dgw_090.exr,/mnt/data_disk/ZQL/TIP_TMO_result/dnn/PUCN/a3800.png,341,512,0.8400064537188268,0.8443126961754288,0.27228321554618845,0.39316723866805026,0.7863333145106245,1.1628254760695859e-06,0.15956825017929077
a3804,/mnt/data_disk/HDRData/1000hdr/HDRtest/a3804-_DSC3608.exr,/mnt/data_disk/ZQL/TIP_TMO_result/dnn/PUCN/a3804.png,343,512,0.7946041173925225,0.6946253395887539,0.2650825689012254,0.3845591529858136,0.76911531281669,2.993154937218839e-06,0.10380041599273682
a3816,/mnt/data_disk/HDRData/1000hdr/HDRtest/a3816-jmac_DSC3118.exr,/mnt/data_disk/ZQL/TIP_TMO_result/dnn/PUCN/a3816.png,340,512,0.8975273173173395,0.9402807600175118,0.4406679378950943,0.804748983770029,0.9445695351143192,0.6649284324257387,0.12564300000667572
a3820,/mnt/data_disk/HDRData/1000hdr/HDRtest/a3820-dgw_025.exr,/mnt/data_disk/ZQL/TIP_TMO_result/dnn/PUCN/a3820.png,341,512,0.6018967605411751,0.3807551136324586,0.005311933456281002,0.24636224432807696,0.4927244886561539,2.6213782079285704e-22,0.11263473331928253
a3822,/mnt/data_disk/HDRData/1000hdr/HDRtest/a3822-07-11-21-at-09h53m21s-_MG_5852.exr,/mnt/data_disk/ZQL/TIP_TMO_result/dnn/PUCN/a3822.png,341,512,0.9246069647990887,0.862392830827531,0.727940701090222,0.6635859870012496,0.8615898218407485,0.46558215216175075,0.15635450184345245
a3827,/mnt/data_disk/HDRData/1000hdr/HDRtest/a3827-JI2E3823.exr,/mnt/data_disk/ZQL/TIP_TMO_result/dnn/PUCN/a3827.png,341,512,0.8637238539213152,0.8354004639075249,0.40760475963027504,0.891017896021761,0.8061472969252028,0.975888495118319,0.1144447773694992
a3830,/mnt/data_disk/HDRData/1000hdr/HDRtest/a3830-LS_060715_8670.exr,/mnt/data_disk/ZQL/TIP_TMO_result/dnn/PUCN/a3830.png,341,512,0.7655553827346404,0.7501502550829989,0.07443291676076587,0.41394668708004917,0.8278933741600983,9.34086153884327e-21,0.22281156480312347
a3832,/mnt/data_disk/HDRData/1000hdr/HDRtest/a3832-20060613_091536__MG_7749.exr,/mnt/data_disk/ZQL/TIP_TMO_result/dnn/PUCN/a3832.png,341,512,0.9263260146287067,0.9102933877539974,0.6578246753754946,0.9556983651504605,0.9276853220041695,0.9837114082967513,0.2077917754650116
a3833,/mnt/data_disk/HDRData/1000hdr/HDRtest/a3833-_DSC0003-2.exr,/mnt/data_disk/ZQL/TIP_TMO_result/dnn/PUCN/a3833.png,340,512,0.9046382628910977,0.8671855719632733,0.5942624059884243,0.46761693753580463,0.8960881742264325,0.039145700845176754,0.1247498020529747
a3834,/mnt/data_disk/HDRData/1000hdr/HDRtest/a3834-IMG_0007.exr,/mnt/data_disk/ZQL/TIP_TMO_result/dnn/PUCN/a3834.png,341,512,0.8307783191826208,0.6958557655243629,0.4527088488998716,0.43817955641510925,0.8394360838277224,0.03692302900249607,0.24057935178279877
a3846,/mnt/data_disk/HDRData/1000hdr/HDRtest/a3846-IMG_3087.exr,/mnt/data_disk/ZQL/TIP_TMO_result/dnn/PUCN/a3846.png,341,512,0.9305423957037372,0.9019652931852729,0.6983392870747678,0.9545305694214762,0.9096497643815097,0.9994113744614427,0.1008821353316307
a3847,/mnt/data_disk/HDRData/1000hdr/HDRtest/a3847-NKIM_MG_6113.exr,/mnt/data_disk/ZQL/TIP_TMO_result/dnn/PUCN/a3847.png,341,512,0.7609081184523816,0.5950435863152205,0.26179035102459747,0.38906676373044974,0.7781335017988613,2.566203812435316e-08,0.19343766570091248
a3848,/mnt/data_disk/HDRData/1000hdr/HDRtest/a3848-DSC_0024.exr,/mnt/data_disk/ZQL/TIP_TMO_result/dnn/PUCN/a3848.png,340,512,0.8967120943155213,0.9182927654729102,0.4679173807102626,0.6242504561472562,0.8303387102226994,0.418162202071813,0.07393119484186172
a3851,/mnt/data_disk/HDRData/1000hdr/HDRtest/a3851-IMG_3430.exr,/mnt/data_disk/ZQL/TIP_TMO_result/dnn/PUCN/a3851.png,341,512,0.8081083471882053,0.8539290229469163,0.1211515605784654,0.2901812642920156,0.5803563924029521,6.136181079081164e-06,0.10014977306127548
a3862,/mnt/data_disk/HDRData/1000hdr/HDRtest/a3862-JI2E0423.exr,/mnt/data_disk/ZQL/TIP_TMO_result/dnn/PUCN/a3862.png,341,512,0.9099544018228664,0.9197285082633162,0.542768393014141,0.8279429982626134,0.8430470908704453,0.8128389056547815,0.08119778335094452
a3863,/mnt/data_disk/HDRData/1000hdr/HDRtest/a3863-IMG_1159.exr,/mnt/data_disk/ZQL/TIP_TMO_result/dnn/PUCN/a3863.png,341,512,0.8120355697180791,0.7409609143242754,0.28058149810320715,0.3881569368517793,0.7763138733620665,3.414921754137096e-10,0.2347942292690277
a3864,/mnt/data_disk/HDRData/1000hdr/HDRtest/a3864-_DSC1992.exr,/mnt/data_disk/ZQL/TIP_TMO_result/dnn/PUCN/a3864.png,341,512,0.7874725816361181,0.719030368806188,0.19702376825411116,0.8827433926872092,0.8271393453384355,0.9383474400359829,0.09762786328792572
a3872,/mnt/data_disk/HDRData/1000hdr/HDRtest/a3872-IMG_4058.exr,/mnt/data_disk/ZQL/TIP_TMO_result/dnn/PUCN/a3872.png,341,512,0.8816115727135175,0.8433459998022063,0.495941968503885,0.5624829941682374,0.7898141720077226,0.33515181632875213,0.20681442320346832
a3877,/mnt/data_disk/HDRData/1000hdr/HDRtest/a3877-KE_-0019.exr,/mnt/data_disk/ZQL/TIP_TMO_result/dnn/PUCN/a3877.png,340,512,0.7685474704434725,0.7992148741225406,0.03976723378744636,0.27756487002883007,0.5551297400576601,1.0737451516009658e-26,0.1960819810628891
a3879,/mnt/data_disk/HDRData/1000hdr/HDRtest/a3879-IMG_0091.exr,/mnt/data_disk/ZQL/TIP_TMO_result/dnn/PUCN/a3879.png,341,512,0.9214410057247385,0.8560177653474556,0.7186606985610147,0.8786200815665006,0.9266482741886197,0.8305918889443816,0.19141682982444763
a3890,/mnt/data_disk/HDRData/1000hdr/HDRtest/a3890-IMG_4308.exr,/mnt/data_disk/ZQL/TIP_TMO_result/dnn/PUCN/a3890.png,341,512,0.892047430396017,0.6614370581868904,0.9078208179170393,0.7760952285670351,0.63471533372232,0.91747512341175,0.16390495002269745
a3893,/mnt/data_disk/HDRData/1000hdr/HDRtest/a3893-_DGW6301.exr,/mnt/data_disk/ZQL/TIP_TMO_result/dnn/PUCN/a3893.png,341,512,0.8058179116814972,0.9024705014434861,0.06703237208138528,0.40817412392359825,0.8163482478471965,2.3420295391325875e-18,0.24967096745967865
a3899,/mnt/data_disk/HDRData/1000hdr/HDRtest/a3899-jmac_DSC2259.exr,/mnt/data_disk/ZQL/TIP_TMO_result/dnn/PUCN/a3899.png,340,512,0.8712617579240244,0.9235714130269725,0.32298086212647203,0.4479644863968101,0.8954118589440675,0.0005171138495526761,0.12139036506414413
a3900,/mnt/data_disk/HDRData/1000hdr/HDRtest/a3900-jmac_DSC5843.exr,/mnt/data_disk/ZQL/TIP_TMO_result/dnn/PUCN/a3900.png,340,512,0.9786311322907119,0.968939722268757,0.9041325975345437,0.9484920287499254,0.8976402613825957,0.9993437961172552,0.13732056319713593
a3902,/mnt/data_disk/HDRData/1000hdr/HDRtest/a3902-jmac_DSC3970.exr,/mnt/data_disk/ZQL/TIP_TMO_result/dnn/PUCN/a3902.png,340,512,0.8195523241632756,0.8629456916649051,0.15706431702574528,0.41374975521051743,0.8272133029935389,0.00028620742749597115,0.08146502822637558
a3903,/mnt/data_disk/HDRData/1000hdr/HDRtest/a3903-IMG_2386.exr,/mnt/data_disk/ZQL/TIP_TMO_result/dnn/PUCN/a3903.png,341,512,0.9012018953737537,0.8584611152320729,0.5877038144922619,0.9285492760089498,0.8619114445013999,0.9951871075164995,0.11170079559087753
a3906,/mnt/data_disk/HDRData/1000hdr/HDRtest/a3906-LS051025_day_3_LL003.exr,/mnt/data_disk/ZQL/TIP_TMO_result/dnn/PUCN/a3906.png,341,512,0.7803115060759243,0.8748745949110814,0.01701887901197396,0.3535482153130856,0.7070964306261712,2.247235106425944e-28,0.18673640489578247
a3911,/mnt/data_disk/HDRData/1000hdr/HDRtest/a3911-07-07-01-at-10h50m55s-_MG_2028.exr,/mnt/data_disk/ZQL/TIP_TMO_result/dnn/PUCN/a3911.png,341,512,0.7977709117644814,0.6463833433702703,0.35959651176308244,0.39606963054571764,0.7921240537535024,1.5207337932947186e-05,0.20833948254585266
a3913,/mnt/data_disk/HDRData/1000hdr/HDRtest/a3913-IMG_0289.exr,/mnt/data_disk/ZQL/TIP_TMO_result/dnn/PUCN/a3913.png,341,512,0.7795379572486576,0.8491987539197184,0.031793289531169035,0.3891366476825866,0.778273295353272,1.1901179712922484e-11,0.09271395951509476
a3914,/mnt/data_disk/HDRData/1000hdr/HDRtest/a3914-DSC_0002-1.exr,/mnt/data_disk/ZQL/TIP_TMO_result/dnn/PUCN/a3914.png,340,512,0.9282132412079829,0.8240712359989267,0.8210511881257602,0.9163599085897587,0.8369079446760035,0.9958118725035138,0.16022323071956635
a3919,/mnt/data_disk/HDRData/1000hdr/HDRtest/a3919-KE_-1608.exr,/mnt/data_disk/ZQL/TIP_TMO_result/dnn/PUCN/a3919.png,340,512,0.8843086865993419,0.678023094120491,0.8188439957613397,0.8557836279250927,0.7146928153700728,0.9968744404801125,0.1867486536502838
a3923,/mnt/data_disk/HDRData/1000hdr/HDRtest/a3923-_DSC0095.exr,/mnt/data_disk/ZQL/TIP_TMO_result/dnn/PUCN/a3923.png,340,512,0.8346612856145591,0.8711265531640959,0.2130131486370559,0.38120651816019474,0.7622282434526291,0.00018479286776035405,0.1340576708316803
a3924,/mnt/data_disk/HDRData/1000hdr/HDRtest/a3924-_DSC6358.exr,/mnt/data_disk/ZQL/TIP_TMO_result/dnn/PUCN/a3924.png,341,512,0.6398856510564787,0.421830368454799,0.05040411556109796,0.2610423818848403,0.5220847637696806,1.6397871943425966e-25,0.249129056930542
a3926,/mnt/data_disk/HDRData/1000hdr/HDRtest/a3926-dgw_077.exr,/mnt/data_disk/ZQL/TIP_TMO_result/dnn/PUCN/a3926.png,341,512,0.7106465476665831,0.5892242670292056,0.06509352832068217,0.2992552942455351,0.5985105884910702,2.3794047540771385e-23,0.1984845995903015
a3927,/mnt/data_disk/HDRData/1000hdr/HDRtest/a3927-IMG_6048.exr,/mnt/data_disk/ZQL/TIP_TMO_result/dnn/PUCN/a3927.png,341,512,0.889352027627374,0.7798019223334975,0.6507338397956809,0.6536386127866378,0.8243464148276061,0.4829308107456696,0.18862301111221313
a3930,/mnt/data_disk/HDRData/1000hdr/HDRtest/a3930-IMG_5083.exr,/mnt/data_disk/ZQL/TIP_TMO_result/dnn/PUCN/a3930.png,341,512,0.7739567529807124,0.7660934600442073,0.08699129822823501,0.35750577960374397,0.7150115592074879,9.020510800558107e-22,0.23594364523887634
a3931,/mnt/data_disk/HDRData/1000hdr/HDRtest/a3931-_DGW6259.exr,/mnt/data_disk/ZQL/TIP_TMO_result/dnn/PUCN/a3931.png,341,512,0.7197471818374048,0.6200722302073923,0.060083046028935494,0.27605636566809677,0.5521127313361935,7.724788291808528e-28,0.3007128834724426
a3940,/mnt/data_disk/HDRData/1000hdr/HDRtest/a3940-20050602_180025__MG_2820.exr,/mnt/data_disk/ZQL/TIP_TMO_result/dnn/PUCN/a3940.png,341,512,0.9398967654106547,0.8910071857162126,0.777835836327715,0.5017791159189284,0.9384239067676116,0.0651343250702454,0.1689160317182541
a3943,/mnt/data_disk/HDRData/1000hdr/HDRtest/a3943-_DSC0054.exr,/mnt/data_disk/ZQL/TIP_TMO_result/dnn/PUCN/a3943.png,340,512,0.9210278605738076,0.8231855809995801,0.7749474976926909,0.6570947665126488,0.7558467420951306,0.5583427909301669,0.12124428153038025
a3947,/mnt/data_disk/HDRData/1000hdr/HDRtest/a3947-jmac_MG_1444.exr,/mnt/data_disk/ZQL/TIP_TMO_result/dnn/PUCN/a3947.png,341,512,0.8531765500590723,0.89442762301182,0.2707641821984744,0.9047926285352356,0.8511464667775338,0.9584387902929373,0.13647274672985077
a3948,/mnt/data_disk/HDRData/1000hdr/HDRtest/a3948-_DSC0045.exr,/mnt/data_disk/ZQL/TIP_TMO_result/dnn/PUCN/a3948.png,340,512,0.8077706435381249,0.7069951734588795,0.3110033530094391,0.5470812426427908,0.8422830674432891,0.2518794178422925,0.1670605093240738
a3954,/mnt/data_disk/HDRData/1000hdr/HDRtest/a3954-_MG_0841.exr,/mnt/data_disk/ZQL/TIP_TMO_result/dnn/PUCN/a3954.png,341,512,0.9640504925992363,0.9183134804602614,0.8923362929462494,0.9038298448041002,0.8325315511100275,0.9751281384981729,0.22189757227897644
a3958,/mnt/data_disk/HDRData/1000hdr/HDRtest/a3958-_DSC3890.exr,/mnt/data_disk/ZQL/TIP_TMO_result/dnn/PUCN/a3958.png,341,512,0.9633069408058887,0.9420501971183892,0.8457704675928046,0.9589205305882806,0.9189629449286043,0.9988781162479571,0.08347927778959274
a3961,/mnt/data_disk/HDRData/1000hdr/HDRtest/a3961-_DSC0049.exr,/mnt/data_disk/ZQL/TIP_TMO_result/dnn/PUCN/a3961.png,340,512,0.7241782276137412,0.6725326106305948,0.024086509615798272,0.2833896393229694,0.566779271493467,7.1524718454192855e-09,0.10211827605962753
a3963,/mnt/data_disk/HDRData/1000hdr/HDRtest/a3963-jmac_DSC3835.exr,/mnt/data_disk/ZQL/TIP_TMO_result/dnn/PUCN/a3963.png,340,512,0.8619053485224659,0.858397300487152,0.36395410421252494,0.9553816283797187,0.9196792118325733,0.9910840449268642,0.16896305978298187
a3964,/mnt/data_disk/HDRData/1000hdr/HDRtest/a3964-NKIM_MG_6716.exr,/mnt/data_disk/ZQL/TIP_TMO_result/dnn/PUCN/a3964.png,341,512,0.7512851451316893,0.6934062738717233,0.084987631796368,0.35400687680186393,0.7080137536037279,1.1356914270674662e-17,0.1882379949092865
a3970,/mnt/data_disk/HDRData/1000hdr/HDRtest/a3970-WP_Amanda_3rd_bday014.exr,/mnt/data_disk/ZQL/TIP_TMO_result/dnn/PUCN/a3970.png,341,512,0.8104292958368174,0.7989837029308267,0.19396729949784772,0.3509615178653174,0.701707948384811,0.00021508734582380862,0.11053084582090378
a3973,/mnt/data_disk/HDRData/1000hdr/HDRtest/a3973-DSC_0068-2.exr,/mnt/data_disk/ZQL/TIP_TMO_result/dnn/PUCN/a3973.png,340,512,0.9318337041354793,0.8886477452257995,0.7292250930985802,0.9318938112502329,0.8649665161605196,0.9988211063399463,0.08198894560337067
a3975,/mnt/data_disk/HDRData/1000hdr/HDRtest/a3975-jmac_MG_5721.exr,/mnt/data_disk/ZQL/TIP_TMO_result/dnn/PUCN/a3975.png,341,512,0.9378845955587487,0.9248958651014116,0.7071909429868408,0.8820397625162101,0.8986909826087552,0.8653885424236649,0.11520562320947647
a3976,/mnt/data_disk/HDRData/1000hdr/HDRtest/a3976-Ja_Pe-10.exr,/mnt/data_disk/ZQL/TIP_TMO_result/dnn/PUCN/a3976.png,288,512,0.9545079107533857,0.895117997886742,0.8685203217825642,0.9581012279445419,0.9207761150031661,0.9954263408859176,0.1549672931432724
a3991,/mnt/data_disk/HDRData/1000hdr/HDRtest/a3991-DSC_0005-2.exr,/mnt/data_disk/ZQL/TIP_TMO_result/dnn/PUCN/a3991.png,340,512,0.8761645828163621,0.8892625454514544,0.39599764916670893,0.48633966303058235,0.8247698736622919,0.14790945239887274,0.12710615992546082
a3992,/mnt/data_disk/HDRData/1000hdr/HDRtest/a3992-KE_-0044.exr,/mnt/data_disk/ZQL/TIP_TMO_result/dnn/PUCN/a3992.png,340,512,0.7320494522383892,0.5792943952401535,0.15733804400896054,0.558035480424608,0.6497017266929083,0.46636923415630777,0.08291233330965042
a3993,/mnt/data_disk/HDRData/1000hdr/HDRtest/a3993-IMG_2812.exr,/mnt/data_disk/ZQL/TIP_TMO_result/dnn/PUCN/a3993.png,341,512,0.8210101409459943,0.6553491276126313,0.4709492197713697,0.3968238647131325,0.7354846888697814,0.058163040556483726,0.12029284238815308
a3995,/mnt/data_disk/HDRData/1000hdr/HDRtest/a3995-IMG_0187.exr,/mnt/data_disk/ZQL/TIP_TMO_result/dnn/PUCN/a3995.png,341,512,0.7715165745271315,0.7460386657844175,0.09945164416024191,0.38518647537716694,0.7703729507543315,2.2935095549307733e-15,0.1717446744441986
a4001,/mnt/data_disk/HDRData/1000hdr/HDRtest/a4001-jn_20070824_0168.exr,/mnt/data_disk/ZQL/TIP_TMO_result/dnn/PUCN/a4001.png,341,512,0.8605105588670048,0.8106881649388467,0.42792776920614933,0.45952664928833986,0.8100255489190533,0.10902774965762643,0.11645691096782684
a4003,/mnt/data_disk/HDRData/1000hdr/HDRtest/a4003-NKIM_MG_6603.exr,/mnt/data_disk/ZQL/TIP_TMO_result/dnn/PUCN/a4003.png,341,512,0.8203443619766982,0.9089615741710674,0.1119339290852485,0.3936695030839744,0.7873384915413022,5.14626646622564e-07,0.172735795378685
a4004,/mnt/data_disk/HDRData/1000hdr/HDRtest/a4004-050812_113412__MG_3770.exr,/mnt/data_disk/ZQL/TIP_TMO_result/dnn/PUCN/a4004.png,341,512,0.8963172107850186,0.9222049928016716,0.4599364575490259,0.5372700884653744,0.9059615884057899,0.16857858852495886,0.09598661959171295
a4007,/mnt/data_disk/HDRData/1000hdr/HDRtest/a4007-_MG_7167.exr,/mnt/data_disk/ZQL/TIP_TMO_result/dnn/PUCN/a4007.png,341,512,0.9366162389085149,0.8403394422823343,0.8472494076605608,0.9284812865927495,0.8624107252145969,0.9945518479709021,0.22794876992702484
a4008,/mnt/data_disk/HDRData/1000hdr/HDRtest/a4008-dgw_019.exr,/mnt/data_disk/ZQL/TIP_TMO_result/dnn/PUCN/a4008.png,341,512,0.8473785992576486,0.8877175141058595,0.2514525509280199,0.379668794214923,0.7515682175099648,0.00776937091988121,0.185830757021904
a4009,/mnt/data_disk/HDRData/1000hdr/HDRtest/a4009-jmac_MG_7717.exr,/mnt/data_disk/ZQL/TIP_TMO_result/dnn/PUCN/a4009.png,341,512,0.879780866312496,0.8684417872003964,0.44660962435602886,0.4054460476170336,0.8102677330681822,0.000624362165885029,0.2651315927505493
a4013,/mnt/data_disk/HDRData/1000hdr/HDRtest/a4013-_I2E6911.exr,/mnt/data_disk/ZQL/TIP_TMO_result/dnn/PUCN/a4013.png,341,512,0.9135428303414627,0.7685669486997189,0.8291273587120997,0.3014003970159446,0.6027608259933396,3.996803854966771e-05,0.3021036684513092
a4014,/mnt/data_disk/HDRData/1000hdr/HDRtest/a4014-JI2E4114.exr,/mnt/data_disk/ZQL/TIP_TMO_result/dnn/PUCN/a4014.png,341,512,0.8086357804495314,0.8848090765476194,0.09240264721586204,0.3493730912567388,0.6987461825134264,5.1340078882689205e-14,0.22145427763462067
a4017,/mnt/data_disk/HDRData/1000hdr/HDRtest/a4017-DSC_0023.exr,/mnt/data_disk/ZQL/TIP_TMO_result/dnn/PUCN/a4017.png,340,512,0.9285191925590727,0.8961448341597862,0.6951858741884857,0.9104725063792869,0.8927279777116737,0.9282170350469,0.11933101713657379
a4020,/mnt/data_disk/HDRData/1000hdr/HDRtest/a4020-IMG_3763.exr,/mnt/data_disk/ZQL/TIP_TMO_result/dnn/PUCN/a4020.png,341,512,0.8800631247594048,0.7741488198726997,0.6033801007210362,0.9119728468757408,0.8259322078987501,0.9980134858527314,0.1183902844786644
a4025,/mnt/data_disk/HDRData/1000hdr/HDRtest/a4025-IMG_5601.exr,/mnt/data_disk/ZQL/TIP_TMO_result/dnn/PUCN/a4025.png,341,512,0.8349457291509151,0.7620793745495621,0.3653788389544416,0.36738193229901844,0.7347638497371619,1.4860875010435692e-08,0.20855452120304108
a4026,/mnt/data_disk/HDRData/1000hdr/HDRtest/a4026-NKIM_MG_6632.exr,/mnt/data_disk/ZQL/TIP_TMO_result/dnn/PUCN/a4026.png,341,512,0.838889689872676,0.957041261647816,0.13599327212998713,0.9837286149502118,0.96883896159952,0.9986182683009035,0.14919105172157288
a4027,/mnt/data_disk/HDRData/1000hdr/HDRtest/a4027-IMG_2393.exr,/mnt/data_disk/ZQL/TIP_TMO_result/dnn/PUCN/a4027.png,341,512,0.9341831482018216,0.8428680425453543,0.826168570308767,0.9472142463070873,0.8971792912572604,0.9972492013569142,0.14578045904636383
a4028,/mnt/data_disk/HDRData/1000hdr/HDRtest/a4028-060810_105728__MG_6096.exr,/mnt/data_disk/ZQL/TIP_TMO_result/dnn/PUCN/a4028.png,341,512,0.905444917132548,0.7922574456836078,0.7303536897119665,0.6024511088466908,0.8224327626463422,0.38246945504703944,0.1823413223028183
a4038,/mnt/data_disk/HDRData/1000hdr/HDRtest/a4038-Ja_Pe-20.exr,/mnt/data_disk/ZQL/TIP_TMO_result/dnn/PUCN/a4038.png,288,512,0.8884535905606794,0.8074883667512484,0.5961086536218734,0.5318349963915052,0.8744350027138337,0.18923499006917666,0.18991205096244812
a4040,/mnt/data_disk/HDRData/1000hdr/HDRtest/a4040-IMG_0233.exr,/mnt/data_disk/ZQL/TIP_TMO_result/dnn/PUCN/a4040.png,341,512,0.8702132280647231,0.7602839058647074,0.5682685518304372,0.42374456290233825,0.8471767954463617,0.000312330358314845,0.3154183328151703
a4047,/mnt/data_disk/HDRData/1000hdr/HDRtest/a4047-IMG_1285.exr,/mnt/data_disk/ZQL/TIP_TMO_result/dnn/PUCN/a4047.png,341,512,0.9782705266396181,0.9488983342366973,0.9365187904156165,0.9815723199600379,0.976609944062841,0.9865346958572347,0.08938959985971451
a4049,/mnt/data_disk/HDRData/1000hdr/HDRtest/a4049-_DSC3858.exr,/mnt/data_disk/ZQL/TIP_TMO_result/dnn/PUCN/a4049.png,341,512,0.7934834736774737,0.7013494758626344,0.24965503245342116,0.3770477255508004,0.7540954510928534,8.747420756819566e-12,0.30344727635383606
a4051,/mnt/data_disk/HDRData/1000hdr/HDRtest/a4051-_DSC0018-3.exr,/mnt/data_disk/ZQL/TIP_TMO_result/dnn/PUCN/a4051.png,340,512,0.8956420512123155,0.8653841001532331,0.5430275587552729,0.46262282951292033,0.8927097348614257,0.03253592416441495,0.1394869089126587
a4052,/mnt/data_disk/HDRData/1000hdr/HDRtest/a4052-20060620_165511__MG_9535.exr,/mnt/data_disk/ZQL/TIP_TMO_result/dnn/PUCN/a4052.png,341,512,0.8153673757866634,0.8170520149786633,0.19319243299978742,0.34745420146802913,0.694908385296858,1.7639200254986395e-08,0.22870641946792603
a4060,/mnt/data_disk/HDRData/1000hdr/HDRtest/a4060-_DSC5597.exr,/mnt/data_disk/ZQL/TIP_TMO_result/dnn/PUCN/a4060.png,341,512,0.8797391555207954,0.7294285061705326,0.6844379571176312,0.4252902393072736,0.7174252605764687,0.1331552180380785,0.2387498915195465
a4064,/mnt/data_disk/HDRData/1000hdr/HDRtest/a4064-07-12-02-at-16h23m18s-_MG_9020.exr,/mnt/data_disk/ZQL/TIP_TMO_result/dnn/PUCN/a4064.png,341,512,0.8772972086830354,0.9051394821450816,0.3795940414230183,0.47713372084919203,0.818814692732175,0.13545274896620907,0.20819124579429626
a4068,/mnt/data_disk/HDRData/1000hdr/HDRtest/a4068-tc_DSC2612.exr,/mnt/data_disk/ZQL/TIP_TMO_result/dnn/PUCN/a4068.png,340,512,0.7796403848315764,0.7834016152028613,0.0892274356516402,0.30586558122345403,0.6117311623722144,7.469366990315039e-11,0.18047088384628296
a4075,/mnt/data_disk/HDRData/1000hdr/HDRtest/a4075-JI2E0444.exr,/mnt/data_disk/ZQL/TIP_TMO_result/dnn/PUCN/a4075.png,341,512,0.7382539931996878,0.6166117820285625,0.1298484884489381,0.36185751021792795,0.7237150204358559,4.516870694996657e-21,0.32102128863334656
a4076,/mnt/data_disk/HDRData/1000hdr/HDRtest/a4076-_DGW6244.exr,/mnt/data_disk/ZQL/TIP_TMO_result/dnn/PUCN/a4076.png,341,512,0.7934433390493659,0.796525975279374,0.1263646871458349,0.40588705637125705,0.8117741127425139,2.389536798911822e-16,0.33131468296051025
a4080,/mnt/data_disk/HDRData/1000hdr/HDRtest/a4080-IMG_3765.exr,/mnt/data_disk/ZQL/TIP_TMO_result/dnn/PUCN/a4080.png,341,512,0.8664830912572368,0.7725753118884549,0.5245922551377794,0.4032154983034713,0.806344598160196,8.639844674663729e-05,0.20842640101909637
a4085,/mnt/data_disk/HDRData/1000hdr/HDRtest/a4085-_MG_2385.exr,/mnt/data_disk/ZQL/TIP_TMO_result/dnn/PUCN/a4085.png,341,512,0.9351282298950094,0.8527392172129764,0.814398252305685,0.8631379981438592,0.7988066022608404,0.927469394026878,0.1388632208108902
a4087,/mnt/data_disk/HDRData/1000hdr/HDRtest/a4087-NKIM_MG_6395.exr,/mnt/data_disk/ZQL/TIP_TMO_result/dnn/PUCN/a4087.png,341,512,0.9346722594446284,0.8753584903658869,0.77084737822656,0.9620712610156248,0.9256853835222936,0.998457138508956,0.25932905077934265
a4088,/mnt/data_disk/HDRData/1000hdr/HDRtest/a4088-dvf_041.exr,/mnt/data_disk/ZQL/TIP_TMO_result/dnn/PUCN/a4088.png,341,512,0.839823869556096,0.8177445436355587,0.3078714940201073,0.4178667854472716,0.8354647475670022,0.00026882332754112287,0.10696802288293839
a4091,/mnt/data_disk/HDRData/1000hdr/HDRtest/a4091-_DSC0041.exr,/mnt/data_disk/ZQL/TIP_TMO_result/dnn/PUCN/a4091.png,340,512,0.8527480490868201,0.7780165450744821,0.4368005455088914,0.8841704883374628,0.7739237657604405,0.9944172109144851,0.16508638858795166
a4092,/mnt/data_disk/HDRData/1000hdr/HDRtest/a4092-07-12-03-at-09h35m54s-_MG_9192.exr,/mnt/data_disk/ZQL/TIP_TMO_result/dnn/PUCN/a4092.png,341,512,0.918314240124158,0.8567676638194596,0.6972859003408526,0.9263763750728854,0.898985436802862,0.9537673133429088,0.28497669100761414
a4093,/mnt/data_disk/HDRData/1000hdr/HDRtest/a4093-jn_20071117-031.exr,/mnt/data_disk/ZQL/TIP_TMO_result/dnn/PUCN/a4093.png,341,512,0.840996366141463,0.7860367337449103,0.3604333046735997,0.41129558496208835,0.8225911656911978,4.232978848585749e-09,0.30866971611976624
a4096,/mnt/data_disk/HDRData/1000hdr/HDRtest/a4096-jmac_MG_0095.exr,/mnt/data_disk/ZQL/TIP_TMO_result/dnn/PUCN/a4096.png,341,512,0.7491747524652823,0.7245556400699724,0.047317083126400435,0.23639883886999052,0.47279764515075234,3.2589228714912584e-08,0.19315224885940552
a4097,/mnt/data_disk/HDRData/1000hdr/HDRtest/a4097-20080623_at_14h52m36__MG_9904.exr,/mnt/data_disk/ZQL/TIP_TMO_result/dnn/PUCN/a4097.png,341,512,0.9235988000061209,0.9350346043268845,0.601311618829103,0.9695006647652503,0.9531627582996116,0.985838571230889,0.12418379634618759
a4099,/mnt/data_disk/HDRData/1000hdr/HDRtest/a4099-_DSC0014-2.exr,/mnt/data_disk/ZQL/TIP_TMO_result/dnn/PUCN/a4099.png,340,512,0.9479025367988899,0.8742452166916247,0.8613208955535597,0.9387733660756203,0.9027892600019172,0.9747574721493235,0.11739637702703476
a4101,/mnt/data_disk/HDRData/1000hdr/HDRtest/a4101-IMG_5823.exr,/mnt/data_disk/ZQL/TIP_TMO_result/dnn/PUCN/a4101.png,341,512,0.7200466954451064,0.6797332926842837,0.010247792229618552,0.24725908908504304,0.4945181781700861,3.755704479169095e-23,0.16352754831314087
a4102,/mnt/data_disk/HDRData/1000hdr/HDRtest/a4102-07-06-30-at-11h38m56s-_MG_1997.exr,/mnt/data_disk/ZQL/TIP_TMO_result/dnn/PUCN/a4102.png,341,512,0.9435712970802124,0.8721388582817509,0.8358402104974373,0.9423602282024964,0.9123001659232731,0.9724202904817197,0.18726295232772827
a4104,/mnt/data_disk/HDRData/1000hdr/HDRtest/a4104-DSC_0260.exr,/mnt/data_disk/ZQL/TIP_TMO_result/dnn/PUCN/a4104.png,340,512,0.8425390974906452,0.8750363230833677,0.24454597085207147,0.338355746887227,0.6547541840607451,0.021957309713708954,0.07483905553817749
a4105,/mnt/data_disk/HDRData/1000hdr/HDRtest/a4105-07-11-26-at-16h02m57s-_MG_7151.exr,/mnt/data_disk/ZQL/TIP_TMO_result/dnn/PUCN/a4105.png,341,512,0.7688473559658899,0.628701001089019,0.24456563302225404,0.302532970709713,0.6050659413625455,5.688050346553291e-11,0.2532549500465393
a4107,/mnt/data_disk/HDRData/1000hdr/HDRtest/a4107-dvf_018.exr,/mnt/data_disk/ZQL/TIP_TMO_result/dnn/PUCN/a4107.png,341,512,0.7094505956846352,0.6228008039131994,0.028246141385269537,0.3794539511884666,0.7589079023769332,3.379844558375027e-22,0.1664382368326187
a4108,/mnt/data_disk/HDRData/1000hdr/HDRtest/a4108-MB_080329_057.exr,/mnt/data_disk/ZQL/TIP_TMO_result/dnn/PUCN/a4108.png,341,512,0.9314941566027491,0.9147037556718586,0.6832250978443685,0.6487810957363873,0.7918439724793451,0.5057182189934294,0.28906574845314026
a4110,/mnt/data_disk/HDRData/1000hdr/HDRtest/a4110-dgw_069.exr,/mnt/data_disk/ZQL/TIP_TMO_result/dnn/PUCN/a4110.png,341,512,0.8252139341641295,0.7607399976574735,0.31694877942722444,0.38816204083476474,0.776324076995984,4.673545409912853e-09,0.31158068776130676
a4113,/mnt/data_disk/HDRData/1000hdr/HDRtest/a4113-IMG_2800.exr,/mnt/data_disk/ZQL/TIP_TMO_result/dnn/PUCN/a4113.png,341,512,0.8422197040121182,0.8107205987491807,0.330122170888754,0.3675098995506026,0.7316582083695811,0.003361590731624112,0.15895171463489532
a4116,/mnt/data_disk/HDRData/1000hdr/HDRtest/a4116-IMG_2042.exr,/mnt/data_disk/ZQL/TIP_TMO_result/dnn/PUCN/a4116.png,341,512,0.9073274067285504,0.8149295227653536,0.7010005348964178,0.9418966425966608,0.8952523493746658,0.9885409358186558,0.10207732766866684
a4117,/mnt/data_disk/HDRData/1000hdr/HDRtest/a4117-050918_141526__MG_5987.exr,/mnt/data_disk/ZQL/TIP_TMO_result/dnn/PUCN/a4117.png,341,512,0.8534515025144107,0.8427877129348313,0.34199513367567286,0.4337674174775791,0.8670258803127218,0.0005089546424363577,0.2438488006591797
a4124,/mnt/data_disk/HDRData/1000hdr/HDRtest/a4124-20080709_at_10h04m23__MG_4561.exr,/mnt/data_disk/ZQL/TIP_TMO_result/dnn/PUCN/a4124.png,341,512,0.8364587823198216,0.806938555549617,0.30627208034931314,0.4404644845299889,0.8804908863760383,0.0004380826839393988,0.18009623885154724
a4127,/mnt/data_disk/HDRData/1000hdr/HDRtest/a4127-DSC_0152.exr,/mnt/data_disk/ZQL/TIP_TMO_result/dnn/PUCN/a4127.png,340,512,0.9494921825817999,0.9311038600295173,0.7722623941751715,0.9645753495856528,0.9349611013759536,0.9941895977953522,0.09847565740346909
a4131,/mnt/data_disk/HDRData/1000hdr/HDRtest/a4131-DSC_0001-2.exr,/mnt/data_disk/ZQL/TIP_TMO_result/dnn/PUCN/a4131.png,340,512,0.8722392694617038,0.8781894798344642,0.39069540425714827,0.7732167205940552,0.8268726005096823,0.7195608406784281,0.10499972850084305
a4134,/mnt/data_disk/HDRData/1000hdr/HDRtest/a4134-IMG_0086.exr,/mnt/data_disk/ZQL/TIP_TMO_result/dnn/PUCN/a4134.png,341,512,0.88240756039206,0.8786469575399997,0.44599602535138194,0.9537502106329308,0.922988465120261,0.9845119561456004,0.11913494020700455
a4142,/mnt/data_disk/HDRData/1000hdr/HDRtest/a4142-_DGW6275.exr,/mnt/data_disk/ZQL/TIP_TMO_result/dnn/PUCN/a4142.png,341,512,0.9002493850456506,0.9131558591190017,0.49585871707830015,0.904998157867601,0.8813116379745849,0.9286846777606171,0.2148004025220871
a4143,/mnt/data_disk/HDRData/1000hdr/HDRtest/a4143-LSCRW_0029.exr,/mnt/data_disk/ZQL/TIP_TMO_result/dnn/PUCN/a4143.png,384,512,0.8058382965960756,0.8978267077371912,0.07107179951555903,0.35799876141483405,0.7159971106273951,4.1220227302516443e-07,0.10325394570827484
a4144,/mnt/data_disk/HDRData/1000hdr/HDRtest/a4144-050623_122602__MG_3246.exr,/mnt/data_disk/ZQL/TIP_TMO_result/dnn/PUCN/a4144.png,341,512,0.9073944382782336,0.9302367403847428,0.5117454266885576,0.6135012216785228,0.870615512660832,0.3563869306962136,0.13281875848770142
a4150,/mnt/data_disk/HDRData/1000hdr/HDRtest/a4150-_DGW6309.exr,/mnt/data_disk/ZQL/TIP_TMO_result/dnn/PUCN/a4150.png,341,512,0.8386713195543435,0.6966720695871833,0.4963238133697492,0.3719705858375085,0.7439411698361279,1.8388891807023718e-09,0.33578503131866455
a4151,/mnt/data_disk/HDRData/1000hdr/HDRtest/a4151-dvf_026.exr,/mnt/data_disk/ZQL/TIP_TMO_result/dnn/PUCN/a4151.png,341,512,0.7849899358772525,0.7027175317438262,0.20845992897110868,0.3608483612821907,0.7216967210875969,1.476784538778025e-09,0.26392561197280884
a4154,/mnt/data_disk/HDRData/1000hdr/HDRtest/a4154-IMG_4620.exr,/mnt/data_disk/ZQL/TIP_TMO_result/dnn/PUCN/a4154.png,341,512,0.843773612861753,0.8662670855385509,0.2616255611235786,0.4162780813976452,0.8313422769084479,0.0012138858868425805,0.17043374478816986
a4155,/mnt/data_disk/HDRData/1000hdr/HDRtest/a4155-WP_CRW_0237.exr,/mnt/data_disk/ZQL/TIP_TMO_result/dnn/PUCN/a4155.png,341,512,0.8352975141680433,0.8503311812138422,0.2419133127388557,0.38751602762434634,0.7750320184829012,3.676579149588773e-08,0.16198493540287018
a4156,/mnt/data_disk/HDRData/1000hdr/HDRtest/a4156-IMG_0159.exr,/mnt/data_disk/ZQL/TIP_TMO_result/dnn/PUCN/a4156.png,341,512,0.880678123714057,0.7640305555532738,0.6254197509033221,0.6917624324840386,0.86092877225878,0.5225960927092972,0.20752273499965668
a4158,/mnt/data_disk/HDRData/1000hdr/HDRtest/a4158-WP_CRW_4109.exr,/mnt/data_disk/ZQL/TIP_TMO_result/dnn/PUCN/a4158.png,341,512,0.8582944960972185,0.9003802618889891,0.28815144357086336,0.36928291355068715,0.7385230878327286,4.273926864570617e-05,0.10014922171831131
a4160,/mnt/data_disk/HDRData/1000hdr/HDRtest/a4160-jn_20070824_0167.exr,/mnt/data_disk/ZQL/TIP_TMO_result/dnn/PUCN/a4160.png,341,512,0.8628682934341069,0.7535654644321895,0.5363008729586026,0.3824263706474182,0.7648527386241797,2.670656744925369e-09,0.33182692527770996
a4161,/mnt/data_disk/HDRData/1000hdr/HDRtest/a4161-tc_DSC2218.exr,/mnt/data_disk/ZQL/TIP_TMO_result/dnn/PUCN/a4161.png,340,512,0.8592036668523026,0.9822774572530799,0.19479943157017465,0.4696396713469835,0.9327639807669923,0.006515361926974694,0.17452672123908997
a4167,/mnt/data_disk/HDRData/1000hdr/HDRtest/a4167-IMG_0031.exr,/mnt/data_disk/ZQL/TIP_TMO_result/dnn/PUCN/a4167.png,341,512,0.8414358005064579,0.8291600465073682,0.29996025781588825,0.40611918870084385,0.8122383200332589,5.73684287307355e-08,0.23452410101890564
a4170,/mnt/data_disk/HDRData/1000hdr/HDRtest/a4170-jmac_DSC3333.exr,/mnt/data_disk/ZQL/TIP_TMO_result/dnn/PUCN/a4170.png,343,512,0.8285054282164503,0.7260766324932746,0.38862768238524953,0.3579764466505973,0.7159428912544855,1.0002046709118483e-05,0.18070873618125916
a4174,/mnt/data_disk/HDRData/1000hdr/HDRtest/a4174-dgw_083.exr,/mnt/data_disk/ZQL/TIP_TMO_result/dnn/PUCN/a4174.png,341,512,0.9479021419454181,0.8398268880490835,0.9255367895491549,0.9317018863947973,0.8767835106785024,0.9866202621110923,0.32593202590942383
a4177,/mnt/data_disk/HDRData/1000hdr/HDRtest/a4177-jmac_DSC1412.exr,/mnt/data_disk/ZQL/TIP_TMO_result/dnn/PUCN/a4177.png,340,512,0.9062025035987173,0.9662336314356262,0.45260406328257397,0.9281108284299847,0.9133126004459875,0.9429090564139819,0.10732334852218628
a4178,/mnt/data_disk/HDRData/1000hdr/HDRtest/a4178-IMG_0487.exr,/mnt/data_disk/ZQL/TIP_TMO_result/dnn/PUCN/a4178.png,341,512,0.9274697312388079,0.9482919283075022,0.6043578636377914,0.9423701811646916,0.9538547467781465,0.9308856155512366,0.08839187771081924
a4184,/mnt/data_disk/HDRData/1000hdr/HDRtest/a4184-jmac_MG_5507.exr,/mnt/data_disk/ZQL/TIP_TMO_result/dnn/PUCN/a4184.png,341,512,0.8503903135707779,0.7464410610522617,0.4760485641018879,0.36776179065248255,0.7355132976179093,1.0283687055804777e-05,0.2859326899051666
a4185,/mnt/data_disk/HDRData/1000hdr/HDRtest/a4185-DSC_0055-2.exr,/mnt/data_disk/ZQL/TIP_TMO_result/dnn/PUCN/a4185.png,340,512,0.8329294695219224,0.8634044316035024,0.21459327859118368,0.42270603938339996,0.8454120787522884,1.4511555145167011e-11,0.19294820725917816
a4188,/mnt/data_disk/HDRData/1000hdr/HDRtest/a4188-_MG_1604.exr,/mnt/data_disk/ZQL/TIP_TMO_result/dnn/PUCN/a4188.png,341,512,0.7729379327544972,0.721960668585808,0.13240514494026417,0.28310581570722754,0.5662116314063271,8.127941141894962e-12,0.2887488901615143
a4191,/mnt/data_disk/HDRData/1000hdr/HDRtest/a4191-IMG_4849.exr,/mnt/data_disk/ZQL/TIP_TMO_result/dnn/PUCN/a4191.png,341,512,0.8710880216438218,0.8405122247484877,0.4405123037136867,0.4143507818794307,0.8240388724637976,0.004662691295063855,0.18452665209770203
a4194,/mnt/data_disk/HDRData/1000hdr/HDRtest/a4194-LS051026_day_1_arive50.exr,/mnt/data_disk/ZQL/TIP_TMO_result/dnn/PUCN/a4194.png,341,512,0.8165006633327146,0.7687650915748078,0.26220192470651055,0.4062633253781672,0.8125266349040309,1.5852303489655548e-08,0.1681869477033615
a4197,/mnt/data_disk/HDRData/1000hdr/HDRtest/a4197-_MG_6428.exr,/mnt/data_disk/ZQL/TIP_TMO_result/dnn/PUCN/a4197.png,341,512,0.9529826607733383,0.9664660324951514,0.7365587467119272,0.499542029525602,0.9805761193269716,0.018507939724232342,0.08366508036851883
a4198,/mnt/data_disk/HDRData/1000hdr/HDRtest/a4198-_DSC6401.exr,/mnt/data_disk/ZQL/TIP_TMO_result/dnn/PUCN/a4198.png,341,512,0.7872124516835829,0.5880832271095585,0.4098282434104449,0.3970427152790779,0.7938532104388228,0.00023222011933304255,0.2936328947544098
a4199,/mnt/data_disk/HDRData/1000hdr/HDRtest/a4199-jmac_MG_5003.exr,/mnt/data_disk/ZQL/TIP_TMO_result/dnn/PUCN/a4199.png,341,512,0.8430320707375792,0.7932958492503637,0.36015904361241996,0.41275253640297943,0.8254146221848491,9.045062110981797e-05,0.30861520767211914
a4201,/mnt/data_disk/HDRData/1000hdr/HDRtest/a4201-_DSC0120.exr,/mnt/data_disk/ZQL/TIP_TMO_result/dnn/PUCN/a4201.png,340,512,0.8021037088656388,0.774893483753022,0.18791939114148154,0.2684663199975054,0.5369326399950095,1.377648697360158e-15,0.2797969877719879
a4202,/mnt/data_disk/HDRData/1000hdr/HDRtest/a4202-DSC_0439.exr,/mnt/data_disk/ZQL/TIP_TMO_result/dnn/PUCN/a4202.png,343,512,0.9054964494028194,0.8614804677606341,0.6089460044894448,0.81789422314292,0.8898238351351136,0.7459646111507264,0.16823342442512512
a4204,/mnt/data_disk/HDRData/1000hdr/HDRtest/a4204-_DGW7870.exr,/mnt/data_disk/ZQL/TIP_TMO_result/dnn/PUCN/a4204.png,341,512,0.9056846907022721,0.8665767206821966,0.6016585079396009,0.8796380999328968,0.8736840462326406,0.885592153633153,0.10412231832742691
a4212,/mnt/data_disk/HDRData/1000hdr/HDRtest/a4212-Duggan_090321_5925.exr,/mnt/data_disk/ZQL/TIP_TMO_result/dnn/PUCN/a4212.png,341,512,0.9057788513860243,0.8045874616967598,0.7098113010284555,0.9562850802415768,0.9201523686581305,0.9924177918250229,0.18834662437438965
a4214,/mnt/data_disk/HDRData/1000hdr/HDRtest/a4214-DSC_0267.exr,/mnt/data_disk/ZQL/TIP_TMO_result/dnn/PUCN/a4214.png,343,512,0.9142475486372368,0.8627732346546502,0.6611785825429815,0.9674803728968613,0.9463930255743552,0.9885677202193673,0.18201731145381927
a4216,/mnt/data_disk/HDRData/1000hdr/HDRtest/a4216-DSC_0118.exr,/mnt/data_disk/ZQL/TIP_TMO_result/dnn/PUCN/a4216.png,343,512,0.8248229365737783,0.8837741331853003,0.15576387947400322,0.44059084411648664,0.8811816881731911,5.97821758967869e-11,0.16736716032028198
a4220,/mnt/data_disk/HDRData/1000hdr/HDRtest/a4220-Duggan_090305_5359.exr,/mnt/data_disk/ZQL/TIP_TMO_result/dnn/PUCN/a4220.png,341,512,0.814868085797148,0.78382874161511,0.23375838649833722,0.344732827880702,0.6894656557604617,9.42219624780292e-13,0.2330789417028427
a4228,/mnt/data_disk/HDRData/1000hdr/HDRtest/a4228-DSC_0037-2.exr,/mnt/data_disk/ZQL/TIP_TMO_result/dnn/PUCN/a4228.png,340,512,0.9322746860538862,0.9363421421695413,0.6529844113974782,0.6975717857077756,0.8858441656178783,0.5092994057976729,0.08897552639245987
a4230,/mnt/data_disk/HDRData/1000hdr/HDRtest/a4230-Duggan_090426_7798.exr,/mnt/data_disk/ZQL/TIP_TMO_result/dnn/PUCN/a4230.png,341,512,0.7682242569310134,0.6590302619329477,0.19583394610391924,0.4073890800017117,0.8147781600020115,1.4118343202024624e-12,0.22125472128391266
a4231,/mnt/data_disk/HDRData/1000hdr/HDRtest/a4231-Duggan_080326_5786.exr,/mnt/data_disk/ZQL/TIP_TMO_result/dnn/PUCN/a4231.png,341,512,0.9175344057125185,0.788711230261995,0.8166622562039517,0.88179573991368,0.8251956255800081,0.938395854247352,0.10839226096868515
a4232,/mnt/data_disk/HDRData/1000hdr/HDRtest/a4232-Duggan_090323_6181.exr,/mnt/data_disk/ZQL/TIP_TMO_result/dnn/PUCN/a4232.png,341,512,0.8149729794598294,0.8121442261816745,0.1975458246677043,0.892789161928931,0.8226818610836404,0.9628964627742217,0.26928362250328064
a4235,/mnt/data_disk/HDRData/1000hdr/HDRtest/a4235-DSC_0433.exr,/mnt/data_disk/ZQL/TIP_TMO_result/dnn/PUCN/a4235.png,343,512,0.7857601961425751,0.8127159834165779,0.08143125036518059,0.2881387172366377,0.5762774344732754,1.7968523988218062e-17,0.19617311656475067
a4236,/mnt/data_disk/HDRData/1000hdr/HDRtest/a4236-DSC_0384.exr,/mnt/data_disk/ZQL/TIP_TMO_result/dnn/PUCN/a4236.png,343,512,0.8572378434940837,0.886489673434284,0.301125773858811,0.9729239769348388,0.9492772588024283,0.9965706950672494,0.10352479666471481
a4237,/mnt/data_disk/HDRData/1000hdr/HDRtest/a4237-20090417_at_18h06m01__MG_1955.exr,/mnt/data_disk/ZQL/TIP_TMO_result/dnn/PUCN/a4237.png,341,512,0.7453062140479307,0.7162999439570923,0.0434597930946906,0.23580391313926263,0.47160782627852527,1.4328870231619483e-19,0.17607781291007996
a4238,/mnt/data_disk/HDRData/1000hdr/HDRtest/a4238-Duggan_090320_5609.exr,/mnt/data_disk/ZQL/TIP_TMO_result/dnn/PUCN/a4238.png,341,512,0.9192372408941871,0.8736483948803901,0.6741853422961199,0.9493217849132909,0.920740862615073,0.9779027072115088,0.15843667089939117
a4239,/mnt/data_disk/HDRData/1000hdr/HDRtest/a4239-Duggan_080114_4429.exr,/mnt/data_disk/ZQL/TIP_TMO_result/dnn/PUCN/a4239.png,341,512,0.7886306179776961,0.8273379321854605,0.07727129301673989,0.33443055055968496,0.6688609888813909,1.1223797902596151e-07,0.15347668528556824
a4244,/mnt/data_disk/HDRData/1000hdr/HDRtest/a4244-Duggan_090504_8959.exr,/mnt/data_disk/ZQL/TIP_TMO_result/dnn/PUCN/a4244.png,341,512,0.9336318382391343,0.887661906688554,0.7425916434658939,0.7979340560591888,0.8090783581502952,0.7867897539680825,0.15332846343517303
a4246,/mnt/data_disk/HDRData/1000hdr/HDRtest/a4246-Duggan_090330_6226.exr,/mnt/data_disk/ZQL/TIP_TMO_result/dnn/PUCN/a4246.png,341,512,0.8194028781762586,0.7213716774800324,0.3479687774827762,0.38012834785196586,0.7602566045136866,9.119024510858102e-08,0.17489838600158691
a4249,/mnt/data_disk/HDRData/1000hdr/HDRtest/a4249-Duggan_090322_6001.exr,/mnt/data_disk/ZQL/TIP_TMO_result/dnn/PUCN/a4249.png,341,512,0.8774654438722806,0.7897315364646087,0.5602869951110669,0.8559535296302451,0.857542359000035,0.8543647002604552,0.23669910430908203
a4254,/mnt/data_disk/HDRData/1000hdr/HDRtest/a4254-DSC_0066.exr,/mnt/data_disk/ZQL/TIP_TMO_result/dnn/PUCN/a4254.png,340,512,0.921781879726402,0.9354767638899468,0.5895345619088602,0.9252972639100899,0.8598075909427212,0.9907869368774587,0.08405764400959015
a4258,/mnt/data_disk/HDRData/1000hdr/HDRtest/a4258-_DSC0012-4.exr,/mnt/data_disk/ZQL/TIP_TMO_result/dnn/PUCN/a4258.png,340,512,0.9229370621078776,0.8825031819129545,0.6826431464930487,0.9419948174730728,0.8964004117475856,0.9875892231985601,0.057710375636816025
a4262,/mnt/data_disk/HDRData/1000hdr/HDRtest/a4262-DSC_0065.exr,/mnt/data_disk/ZQL/TIP_TMO_result/dnn/PUCN/a4262.png,340,512,0.9137460528825712,0.9081299262121624,0.5836237718738844,0.8867183708469835,0.8020086288179615,0.9714281128760055,0.09199031442403793
a4266,/mnt/data_disk/HDRData/1000hdr/HDRtest/a4266-DSC_0426.exr,/mnt/data_disk/ZQL/TIP_TMO_result/dnn/PUCN/a4266.png,343,512,0.8431004532189672,0.7217459271822242,0.4770928043490116,0.3875963778074355,0.746039350199051,0.029153405415819962,0.21270962059497833
a4267,/mnt/data_disk/HDRData/1000hdr/HDRtest/a4267-20090414_at_23h13m08__MG_1367.exr,/mnt/data_disk/ZQL/TIP_TMO_result/dnn/PUCN/a4267.png,341,512,0.7056987738214086,0.5753269596964304,0.06506922275425328,0.3005135318665223,0.6010270627050847,1.0279599636365681e-09,0.14416289329528809
a4271,/mnt/data_disk/HDRData/1000hdr/HDRtest/a4271-Duggan_090227_5232.exr,/mnt/data_disk/ZQL/TIP_TMO_result/dnn/PUCN/a4271.png,341,512,0.9234950166459848,0.9018078856159365,0.6539766613914788,0.9036125293300017,0.9068204442749573,0.9004046143850462,0.20628207921981812
a4272,/mnt/data_disk/HDRData/1000hdr/HDRtest/a4272-DSC_0398.exr,/mnt/data_disk/ZQL/TIP_TMO_result/dnn/PUCN/a4272.png,343,512,0.7111386039493345,0.6389422468496705,0.019332928496290137,0.24752234626583017,0.49504469234617554,1.8548478960441196e-10,0.11467428505420685
a4275,/mnt/data_disk/HDRData/1000hdr/HDRtest/a4275-09-05-12-at-17h46m31s-_MG_8890.exr,/mnt/data_disk/ZQL/TIP_TMO_result/dnn/PUCN/a4275.png,341,512,0.8848753004525004,0.8612288046739879,0.4866312474321681,0.5046860873467858,0.7729041090116984,0.23646806568187306,0.16087697446346283
a4287,/mnt/data_disk/HDRData/1000hdr/HDRtest/a4287-_DSC0083.exr,/mnt/data_disk/ZQL/TIP_TMO_result/dnn/PUCN/a4287.png,340,512,0.9215567089767175,0.8585091797821348,0.7150469209320557,0.6748929200621814,0.8324806825399174,0.5173051575844454,0.13157154619693756
a4291,/mnt/data_disk/HDRData/1000hdr/HDRtest/a4291-20090417_at_18h46m58__MG_2026.exr,/mnt/data_disk/ZQL/TIP_TMO_result/dnn/PUCN/a4291.png,341,512,0.8571831252559496,0.9251429883857416,0.2515684272235455,0.45986619506544113,0.8623849626234551,0.057347427507427114,0.13105855882167816
a4297,/mnt/data_disk/HDRData/1000hdr/HDRtest/a4297-_DSC0034.exr,/mnt/data_disk/ZQL/TIP_TMO_result/dnn/PUCN/a4297.png,340,512,0.8585423274975033,0.7919295796240421,0.4467369984203684,0.39923054800843033,0.7973517085473661,0.001109387469494533,0.15274235606193542
a4298,/mnt/data_disk/HDRData/1000hdr/HDRtest/a4298-Duggan_090504_9090.exr,/mnt/data_disk/ZQL/TIP_TMO_result/dnn/PUCN/a4298.png,341,512,0.7982669364592462,0.8892491573054041,0.05427686721058123,0.3773675528513265,0.7547167318885707,1.8373814082270205e-05,0.16503728926181793
a4302,/mnt/data_disk/HDRData/1000hdr/HDRtest/a4302-20090425_at_17h00m59__MG_0404.exr,/mnt/data_disk/ZQL/TIP_TMO_result/dnn/PUCN/a4302.png,341,512,0.8724332976037856,0.8865199491894353,0.3798159383330806,0.46998986746442906,0.8231770920338812,0.11680264289497694,0.2529744803905487
a4304,/mnt/data_disk/HDRData/1000hdr/HDRtest/a4304-09-05-19-at-18h03m17s-_MG_9540.exr,/mnt/data_disk/ZQL/TIP_TMO_result/dnn/PUCN/a4304.png,341,512,0.7783728693728438,0.7096243727298361,0.17017725981986248,0.31324834301692805,0.6264951908394353,1.495194420792391e-06,0.18943652510643005
a4307,/mnt/data_disk/HDRData/1000hdr/HDRtest/a4307-20050328_161219__MG_0628.exr,/mnt/data_disk/ZQL/TIP_TMO_result/dnn/PUCN/a4307.png,341,512,0.8786040285710668,0.8505630786857801,0.4673483670585699,0.9351145216769619,0.8748731138676303,0.9953559294862935,0.1176762729883194
a4308,/mnt/data_disk/HDRData/1000hdr/HDRtest/a4308-Duggan_090209_4996.exr,/mnt/data_disk/ZQL/TIP_TMO_result/dnn/PUCN/a4308.png,341,512,0.9376786313927878,0.8777185617558132,0.7865188398452039,0.867968453612021,0.838063295427765,0.897873611796277,0.25378766655921936
a4310,/mnt/data_disk/HDRData/1000hdr/HDRtest/a4310-DSC_0007.exr,/mnt/data_disk/ZQL/TIP_TMO_result/dnn/PUCN/a4310.png,340,512,0.843741079566327,0.8283098680013877,0.31274117372978105,0.46328559995765545,0.9228690029791244,0.0037021969361864795,0.13155794143676758
a4312,/mnt/data_disk/HDRData/1000hdr/HDRtest/a4312-20090417_at_16h32m44__MG_1867.exr,/mnt/data_disk/ZQL/TIP_TMO_result/dnn/PUCN/a4312.png,341,512,0.7327920340054428,0.6344697456640621,0.08720082241947964,0.3397615553647973,0.6795231107295946,5.874410722653115e-23,0.3288992941379547
a4317,/mnt/data_disk/HDRData/1000hdr/HDRtest/a4317-DSC_0224.exr,/mnt/data_disk/ZQL/TIP_TMO_result/dnn/PUCN/a4317.png,343,512,0.725281699740002,0.6816361127351055,0.019862519175173152,0.25597001410069375,0.5119400282013875,1.8782382353935992e-26,0.14524134993553162
a4318,/mnt/data_disk/HDRData/1000hdr/HDRtest/a4318-Duggan_090321_5920.exr,/mnt/data_disk/ZQL/TIP_TMO_result/dnn/PUCN/a4318.png,341,512,0.954259347760852,0.9443326600037198,0.7814345134100416,0.9477184000989053,0.9070557872662589,0.9883810129315517,0.12641781568527222
a4319,/mnt/data_disk/HDRData/1000hdr/HDRtest/a4319-DSC_0132.exr,/mnt/data_disk/ZQL/TIP_TMO_result/dnn/PUCN/a4319.png,340,512,0.9466089314633359,0.8063624671621423,0.9819386916898267,0.784752503363759,0.8170592856969677,0.7524457210305502,0.17817942798137665
a4323,/mnt/data_disk/HDRData/1000hdr/HDRtest/a4323-DSC_0010.exr,/mnt/data_disk/ZQL/TIP_TMO_result/dnn/PUCN/a4323.png,343,512,0.803496935487652,0.8049223402219154,0.15712574412033353,0.31605511707382916,0.6321102341471361,5.222828827067441e-13,0.21284300088882446
a4324,/mnt/data_disk/HDRData/1000hdr/HDRtest/a4324-DSC_0002.exr,/mnt/data_disk/ZQL/TIP_TMO_result/dnn/PUCN/a4324.png,343,512,0.8429156942548879,0.8780006196919443,0.24258797776736282,0.35938983636629146,0.7187792295611316,4.431714512990009e-07,0.14831700921058655
a4326,/mnt/data_disk/HDRData/1000hdr/HDRtest/a4326-DSC_0461.exr,/mnt/data_disk/ZQL/TIP_TMO_result/dnn/PUCN/a4326.png,343,512,0.7535356739988194,0.636107344712468,0.16515493086719282,0.2741919555685633,0.5483839111356137,1.5129083543344609e-12,0.17632460594177246
a4329,/mnt/data_disk/HDRData/1000hdr/HDRtest/a4329-DSC_0028.exr,/mnt/data_disk/ZQL/TIP_TMO_result/dnn/PUCN/a4329.png,340,512,0.9187643704455716,0.8865666562756023,0.6495272316177043,0.943174986695619,0.8970779670599294,0.9892720063313087,0.0818227231502533
a4331,/mnt/data_disk/HDRData/1000hdr/HDRtest/a4331-_DGW0241.exr,/mnt/data_disk/ZQL/TIP_TMO_result/dnn/PUCN/a4331.png,341,512,0.7725001791774007,0.7626760326635277,0.08542280033664909,0.28565736768233846,0.5713144596118251,2.757528517731214e-07,0.16902226209640503
a4335,/mnt/data_disk/HDRData/1000hdr/HDRtest/a4335-Duggan_090123_4520.exr,/mnt/data_disk/ZQL/TIP_TMO_result/dnn/PUCN/a4335.png,341,512,0.8188687717242439,0.7994406647152624,0.23152305676034732,0.34308037415403875,0.6861607482895923,1.8485163594783177e-11,0.27974754571914673
a4338,/mnt/data_disk/HDRData/1000hdr/HDRtest/a4338-DSC_0206.exr,/mnt/data_disk/ZQL/TIP_TMO_result/dnn/PUCN/a4338.png,343,512,0.7656058405079907,0.8166638834288029,0.01981010576390123,0.3569149436569037,0.7138298873138073,1.3706189853795538e-16,0.11011747270822525
a4339,/mnt/data_disk/HDRData/1000hdr/HDRtest/a4339-Duggan_090111_4244.exr,/mnt/data_disk/ZQL/TIP_TMO_result/dnn/PUCN/a4339.png,341,512,0.7733515967441873,0.7704940647442118,0.08046000937545021,0.39460895352798553,0.7892179070559711,1.4320052808286638e-20,0.23684342205524445
a4340,/mnt/data_disk/HDRData/1000hdr/HDRtest/a4340-DSC_0441.exr,/mnt/data_disk/ZQL/TIP_TMO_result/dnn/PUCN/a4340.png,343,512,0.7784629636347313,0.62912293763627,0.2903356993582293,0.30002403309737763,0.6000473784224172,6.877723380592801e-07,0.16927388310432434
a4342,/mnt/data_disk/HDRData/1000hdr/HDRtest/a4342-DSC_0043.exr,/mnt/data_disk/ZQL/TIP_TMO_result/dnn/PUCN/a4342.png,340,512,0.8170835301753859,0.7017838720368855,0.3676306744882593,0.374058266577487,0.7481056847160177,1.084843895624808e-05,0.13644671440124512
a4345,/mnt/data_disk/HDRData/1000hdr/HDRtest/a4345-Duggan_080411_5976.exr,/mnt/data_disk/ZQL/TIP_TMO_result/dnn/PUCN/a4345.png,341,512,0.8341845985930906,0.7066562673052909,0.4528928229483713,0.39911686271784275,0.796888506424935,0.001345219010750486,0.16210784018039703
a4354,/mnt/data_disk/HDRData/1000hdr/HDRtest/a4354-DSC_0347.exr,/mnt/data_disk/ZQL/TIP_TMO_result/dnn/PUCN/a4354.png,343,512,0.801283869433767,0.8515064462802088,0.09818511515037308,0.3586654015340138,0.717330803068027,5.361101931314092e-16,0.22315143048763275
a4356,/mnt/data_disk/HDRData/1000hdr/HDRtest/a4356-_DSC1335.exr,/mnt/data_disk/ZQL/TIP_TMO_result/dnn/PUCN/a4356.png,341,512,0.7090359042681416,0.5506818117457118,0.1077053019417012,0.5291811705005101,0.625605182185106,0.43275715881591414,0.0665334165096283
a4357,/mnt/data_disk/HDRData/1000hdr/HDRtest/a4357-Duggan_090124_4645.exr,/mnt/data_disk/ZQL/TIP_TMO_result/dnn/PUCN/a4357.png,341,512,0.8516568434577659,0.8544612702830925,0.3163840462550592,0.4015028934500789,0.8029903562045146,1.543069564317419e-05,0.18679532408714294
a4366,/mnt/data_disk/HDRData/1000hdr/HDRtest/a4366-DSC_0447.exr,/mnt/data_disk/ZQL/TIP_TMO_result/dnn/PUCN/a4366.png,343,512,0.9729559415885805,0.934939405212036,0.9242660247154433,0.9317426136656886,0.8921140211163872,0.9713712062149901,0.09488486498594284
a4368,/mnt/data_disk/HDRData/1000hdr/HDRtest/a4368-Duggan_090321_5857.exr,/mnt/data_disk/ZQL/TIP_TMO_result/dnn/PUCN/a4368.png,341,512,0.8038054090805441,0.841470909721438,0.11774068008919171,0.37323282612412967,0.7464656522479731,2.8617196898125676e-13,0.21604633331298828
a4370,/mnt/data_disk/HDRData/1000hdr/HDRtest/a4370-DSC_0080.exr,/mnt/data_disk/ZQL/TIP_TMO_result/dnn/PUCN/a4370.png,340,512,0.8969045755801266,0.8253123350626581,0.6172270271846453,0.47900316615317295,0.8270043644246347,0.1310019678817112,0.13390982151031494
a4374,/mnt/data_disk/HDRData/1000hdr/HDRtest/a4374-09-05-19-at-17h54m57s-_MG_9531.exr,/mnt/data_disk/ZQL/TIP_TMO_result/dnn/PUCN/a4374.png,341,512,0.8744778104188919,0.8919955599000792,0.38300281168917893,0.40878657647322414,0.7963311300459703,0.021242022900477973,0.10669168829917908
a4377,/mnt/data_disk/HDRData/1000hdr/HDRtest/a4377-IMG_4929.exr,/mnt/data_disk/ZQL/TIP_TMO_result/dnn/PUCN/a4377.png,341,512,0.9709641139700679,0.9250725645820721,0.9280189488430721,0.9697188307367988,0.9405530460306739,0.9988846154429237,0.11195153743028641
a4382,/mnt/data_disk/HDRData/1000hdr/HDRtest/a4382-DSC_0261.exr,/mnt/data_disk/ZQL/TIP_TMO_result/dnn/PUCN/a4382.png,343,512,0.8641085724183074,0.8049323500427747,0.4571844823512038,0.5496968670086683,0.9026591112640556,0.19673462275328082,0.17513032257556915
a4384,/mnt/data_disk/HDRData/1000hdr/HDRtest/a4384-DSC_0322.exr,/mnt/data_disk/ZQL/TIP_TMO_result/dnn/PUCN/a4384.png,343,512,0.8247704840960874,0.757736659897432,0.3192072431075223,0.43522874944772216,0.8630172418545353,0.007440257040909052,0.1435331255197525
a4385,/mnt/data_disk/HDRData/1000hdr/HDRtest/a4385-_DGW9650.exr,/mnt/data_disk/ZQL/TIP_TMO_result/dnn/PUCN/a4385.png,341,512,0.8292898223886409,0.8638096307459542,0.1977949993824494,0.38537202021493644,0.7707440231585552,1.7271317706531272e-08,0.18528340756893158
a4386,/mnt/data_disk/HDRData/1000hdr/HDRtest/a4386-Duggan_090124_4632.exr,/mnt/data_disk/ZQL/TIP_TMO_result/dnn/PUCN/a4386.png,341,512,0.8548627301802821,0.8656262959105638,0.3172975492709794,0.40680615748398385,0.813610311719892,2.003248075788724e-06,0.1287587732076645
a4392,/mnt/data_disk/HDRData/1000hdr/HDRtest/a4392-Duggan_090331_6554.exr,/mnt/data_disk/ZQL/TIP_TMO_result/dnn/PUCN/a4392.png,341,512,0.8790537264025876,0.8094808578898439,0.5362047776603579,0.5482731549604778,0.8602554763742121,0.23629083354674346,0.25930705666542053
a4394,/mnt/data_disk/HDRData/1000hdr/HDRtest/a4394-Duggan_090127_4837.exr,/mnt/data_disk/ZQL/TIP_TMO_result/dnn/PUCN/a4394.png,341,512,0.900161311260887,0.6928098768140427,0.894545275831535,0.49151405457224784,0.7435335290963079,0.2394945800481878,0.2318257987499237
a4395,/mnt/data_disk/HDRData/1000hdr/HDRtest/a4395-Duggan_090503_8734.exr,/mnt/data_disk/ZQL/TIP_TMO_result/dnn/PUCN/a4395.png,341,512,0.8036594216765258,0.8358646566329919,0.12310554705326697,0.44302333675227185,0.8858423783214191,0.00020429518312463913,0.0873199850320816
a4396,/mnt/data_disk/HDRData/1000hdr/HDRtest/a4396-DSC_0073-2.exr,/mnt/data_disk/ZQL/TIP_TMO_result/dnn/PUCN/a4396.png,340,512,0.8276907783796935,0.8210352471746577,0.2442348986609611,0.4100484921826861,0.8200969826206974,1.7446747670736671e-09,0.13457930088043213
a4398,/mnt/data_disk/HDRData/1000hdr/HDRtest/a4398-Duggan_050709_1062.exr,/mnt/data_disk/ZQL/TIP_TMO_result/dnn/PUCN/a4398.png,341,512,0.8568643523956735,0.7735160810345494,0.46736138775690395,0.4878157530412594,0.7895308199823058,0.18610068610021305,0.1704622358083725
a4399,/mnt/data_disk/HDRData/1000hdr/HDRtest/a4399-Duggan_080410_5879.exr,/mnt/data_disk/ZQL/TIP_TMO_result/dnn/PUCN/a4399.png,341,512,0.8993376260870715,0.8653929897400592,0.5650960818576649,0.8074806745127474,0.841814925647484,0.7731464233780109,0.11001422256231308
a4409,/mnt/data_disk/HDRData/1000hdr/HDRtest/a4409-Duggan_090503_8738.exr,/mnt/data_disk/ZQL/TIP_TMO_result/dnn/PUCN/a4409.png,341,512,0.9392352932322827,0.9404956862150613,0.6902781351010328,0.9553680505409572,0.9144985238623027,0.9962375772196116,0.20104250311851501
a4419,/mnt/data_disk/HDRData/1000hdr/HDRtest/a4419-_DGW0269.exr,/mnt/data_disk/ZQL/TIP_TMO_result/dnn/PUCN/a4419.png,341,512,0.8185791925282161,0.8040099468087284,0.22418837813663978,0.45172248462217446,0.6316783045276755,0.2717666647166734,0.19274064898490906
a4420,/mnt/data_disk/HDRData/1000hdr/HDRtest/a4420-DSC_0054.exr,/mnt/data_disk/ZQL/TIP_TMO_result/dnn/PUCN/a4420.png,343,512,0.6765878186237704,0.4963981689334926,0.06714723404641376,0.2315459286171476,0.4630918572342952,2.1944036660075536e-17,0.2141297310590744
a4421,/mnt/data_disk/HDRData/1000hdr/HDRtest/a4421-Duggan_090214_5129.exr,/mnt/data_disk/ZQL/TIP_TMO_result/dnn/PUCN/a4421.png,341,512,0.9078728952836324,0.974450025649612,0.4504803550916344,0.4341734744339779,0.8560476662506934,0.012299282617262406,0.11493317037820816
a4425,/mnt/data_disk/HDRData/1000hdr/HDRtest/a4425-DSC_0007.exr,/mnt/data_disk/ZQL/TIP_TMO_result/dnn/PUCN/a4425.png,343,512,0.9291783883529829,0.8656868789454465,0.7518730937172172,0.9213329813679471,0.8459884669558524,0.9966774957800417,0.16644726693630219
a4430,/mnt/data_disk/HDRData/1000hdr/HDRtest/a4430-09-05-19-at-19h04m03s-_MG_9559.exr,/mnt/data_disk/ZQL/TIP_TMO_result/dnn/PUCN/a4430.png,341,512,0.7675208936582455,0.8243752406608147,0.01925871793694633,0.35829772819135586,0.7165954563827117,5.133475658294329e-20,0.10525375604629517
a4431,/mnt/data_disk/HDRData/1000hdr/HDRtest/a4431-Duggan_090330_6282.exr,/mnt/data_disk/ZQL/TIP_TMO_result/dnn/PUCN/a4431.png,341,512,0.8722337144576153,0.9261946051905403,0.32449372015842565,0.8706463923029606,0.8156042615389656,0.9256885230669555,0.1783524602651596
a4432,/mnt/data_disk/HDRData/1000hdr/HDRtest/a4432-Duggan_081114_3124.exr,/mnt/data_disk/ZQL/TIP_TMO_result/dnn/PUCN/a4432.png,341,512,0.7818561237320579,0.758731970509491,0.1240409389492694,0.36677545252321475,0.7335425997697169,8.305276712628132e-06,0.16382379829883575
a4433,/mnt/data_disk/HDRData/1000hdr/HDRtest/a4433-Duggan_090504_8957.exr,/mnt/data_disk/ZQL/TIP_TMO_result/dnn/PUCN/a4433.png,341,512,0.8706050478305805,0.9511049440156182,0.284439488167052,0.41587273633804794,0.8317447254627934,7.4721330243251e-07,0.15854881703853607
a4434,/mnt/data_disk/HDRData/1000hdr/HDRtest/a4434-20090414_at_23h05m38__MG_1365.exr,/mnt/data_disk/ZQL/TIP_TMO_result/dnn/PUCN/a4434.png,341,512,0.7551828298070217,0.6764489593180856,0.11880358266915822,0.8815476206639592,0.7651611825631623,0.997934058764756,0.048015329986810684
a4435,/mnt/data_disk/HDRData/1000hdr/HDRtest/a4435-WP_CRW_0591.exr,/mnt/data_disk/ZQL/TIP_TMO_result/dnn/PUCN/a4435.png,341,512,0.90337978991322,0.8255638680691328,0.6570885382708982,0.755985921201831,0.8218314156856675,0.6901404267179942,0.2078121155500412
a4436,/mnt/data_disk/HDRData/1000hdr/HDRtest/a4436-DSC_0153.exr,/mnt/data_disk/ZQL/TIP_TMO_result/dnn/PUCN/a4436.png,343,512,0.880365599164196,0.9096672657049077,0.38972868061369054,0.5340319177958903,0.7726043323533733,0.2954595032384072,0.13888058066368103
a4442,/mnt/data_disk/HDRData/1000hdr/HDRtest/a4442-Duggan_080629_9284.exr,/mnt/data_disk/ZQL/TIP_TMO_result/dnn/PUCN/a4442.png,341,512,0.8450671720065493,0.7837788867284927,0.3855823648323584,0.3620565322528069,0.7236437932944105,0.00046927121120325687,0.17644117772579193
a4447,/mnt/data_disk/HDRData/1000hdr/HDRtest/a4447-Duggan_090321_5856.exr,/mnt/data_disk/ZQL/TIP_TMO_result/dnn/PUCN/a4447.png,341,512,0.8653991841765332,0.7544850071011577,0.5497135795267841,0.4169341228795637,0.8130954639875796,0.02077278177154783,0.2354094535112381
a4448,/mnt/data_disk/HDRData/1000hdr/HDRtest/a4448-Duggan_080119_4778.exr,/mnt/data_disk/ZQL/TIP_TMO_result/dnn/PUCN/a4448.png,341,512,0.9885619727931174,0.9575562844282247,0.9934545958295686,0.9449028389237537,0.8933371831278074,0.9964684947197,0.08286464214324951
a4449,/mnt/data_disk/HDRData/1000hdr/HDRtest/a4449-DSC_0030.exr,/mnt/data_disk/ZQL/TIP_TMO_result/dnn/PUCN/a4449.png,343,512,0.7665186591793035,0.6803270645262912,0.15907858372209116,0.3327121953516079,0.6654241186856142,2.7201760153444756e-07,0.16591420769691467
a4452,/mnt/data_disk/HDRData/1000hdr/HDRtest/a4452-DSC_0084.exr,/mnt/data_disk/ZQL/TIP_TMO_result/dnn/PUCN/a4452.png,340,512,0.8667620963621652,0.7567397763498379,0.5538572155568097,0.8904241683034246,0.8202573302590166,0.9605910063478326,0.21513517200946808
a4455,/mnt/data_disk/HDRData/1000hdr/HDRtest/a4455-Duggan_080106_4325.exr,/mnt/data_disk/ZQL/TIP_TMO_result/dnn/PUCN/a4455.png,341,512,0.96145910826051,0.9029501754122006,0.9020330467813928,0.9307550226078511,0.8781132273419604,0.983396817873742,0.2377384752035141
a4456,/mnt/data_disk/HDRData/1000hdr/HDRtest/a4456-DSC_0472.exr,/mnt/data_disk/ZQL/TIP_TMO_result/dnn/PUCN/a4456.png,343,512,0.8085136847398232,0.735690264518545,0.27115116547793816,0.47598958223999444,0.7921111419282835,0.15986802255170543,0.18076618015766144
a4457,/mnt/data_disk/HDRData/1000hdr/HDRtest/a4457-_DSC0012-5.exr,/mnt/data_disk/ZQL/TIP_TMO_result/dnn/PUCN/a4457.png,340,512,0.9293267828489862,0.887977792408829,0.7141918197943281,0.9566182086559936,0.9154686533720101,0.9977677639399771,0.0806950181722641
a4465,/mnt/data_disk/HDRData/1000hdr/HDRtest/a4465-DSC_0051.exr,/mnt/data_disk/ZQL/TIP_TMO_result/dnn/PUCN/a4465.png,340,512,0.8375242032459729,0.845841762167095,0.2582909711555987,0.4024701097018143,0.6234462833963593,0.18149393600726924,0.12353263050317764
a4466,/mnt/data_disk/HDRData/1000hdr/HDRtest/a4466-20090327_at_11h08m58__MG_0964.exr,/mnt/data_disk/ZQL/TIP_TMO_result/dnn/PUCN/a4466.png,341,512,0.8324795251200885,0.8282415619887016,0.2574122148988402,0.35184570689538275,0.7035598495616048,0.00013156422916071563,0.25816863775253296
a4467,/mnt/data_disk/HDRData/1000hdr/HDRtest/a4467-Duggan_090426_7873.exr,/mnt/data_disk/ZQL/TIP_TMO_result/dnn/PUCN/a4467.png,341,512,0.7713966364435374,0.7556755910021389,0.08878967526880033,0.3226096765991436,0.6452193531982872,3.290294121946566e-20,0.25426504015922546
a4470,/mnt/data_disk/HDRData/1000hdr/HDRtest/a4470-Duggan_090123_4566.exr,/mnt/data_disk/ZQL/TIP_TMO_result/dnn/PUCN/a4470.png,341,512,0.8454477233934192,0.9112283135905416,0.21383860816589106,0.4055125483711855,0.8110181952940554,6.901448315579063e-06,0.19784417748451233
a4471,/mnt/data_disk/HDRData/1000hdr/HDRtest/a4471-Duggan_090321_5859.exr,/mnt/data_disk/ZQL/TIP_TMO_result/dnn/PUCN/a4471.png,341,512,0.8180639256900804,0.8730321176308758,0.13994413160175329,0.3748018166837546,0.7496036333674764,3.288381603686163e-14,0.22177156805992126
a4472,/mnt/data_disk/HDRData/1000hdr/HDRtest/a4472-Duggan_090504_9026.exr,/mnt/data_disk/ZQL/TIP_TMO_result/dnn/PUCN/a4472.png,341,512,0.8959402501560176,0.9134519017042293,0.4706730451541437,0.6157158101894895,0.8418007781317739,0.38963084224720507,0.2938024699687958
a4474,/mnt/data_disk/HDRData/1000hdr/HDRtest/a4474-09-05-19-at-18h56m31s-_MG_9553.exr,/mnt/data_disk/ZQL/TIP_TMO_result/dnn/PUCN/a4474.png,341,512,0.848215947119505,0.8406938895726367,0.318052793437368,0.8952448591162536,0.9087605604112948,0.8817291578212123,0.12330782413482666
a4476,/mnt/data_disk/HDRData/1000hdr/HDRtest/a4476-IMG_4029.exr,/mnt/data_disk/ZQL/TIP_TMO_result/dnn/PUCN/a4476.png,341,512,0.8215253006855211,0.8126124644295999,0.22654208768730813,0.433474580592373,0.8655467121841032,0.001402449000642818,0.14239399135112762
a4477,/mnt/data_disk/HDRData/1000hdr/HDRtest/a4477-20090327_at_06h09m52__MG_0855.exr,/mnt/data_disk/ZQL/TIP_TMO_result/dnn/PUCN/a4477.png,341,512,0.842975345370288,0.8202901390628311,0.3202183173990713,0.34364591115680365,0.6730987528089003,0.01419306950470705,0.20461063086986542
a4479,/mnt/data_disk/HDRData/1000hdr/HDRtest/a4479-09-05-19-at-18h39m42s-_MG_9545.exr,/mnt/data_disk/ZQL/TIP_TMO_result/dnn/PUCN/a4479.png,341,512,0.8200368770149772,0.7005268842971885,0.38549787347982745,0.34492630550813824,0.6886935407159686,0.0011590703003079518,0.2205187827348709
a4480,/mnt/data_disk/HDRData/1000hdr/HDRtest/a4480-Duggan_090201_4896.exr,/mnt/data_disk/ZQL/TIP_TMO_result/dnn/PUCN/a4480.png,341,512,0.751828209567785,0.7306827093446935,0.04963373799047027,0.34314703936622154,0.6862940787324431,1.3426911716368823e-21,0.24284130334854126
a4487,/mnt/data_disk/HDRData/1000hdr/HDRtest/a4487-Duggan_090322_5971.exr,/mnt/data_disk/ZQL/TIP_TMO_result/dnn/PUCN/a4487.png,341,512,0.8682122102296386,0.7351292426609362,0.6017410933872391,0.4124972316651424,0.8121697423449544,0.012824720985330367,0.1909206658601761
