id,hdr_path,ldr_path,height,width,tmqi_q,tmqi_s,tmqi_n,tmqi2_q,tmqi2_s,tmqi2_n,nlpd
a2808,/mnt/data_disk/HDRData/1000hdr/HDRtest/a2808-20080516_072208__MG_0018.exr,/mnt/data_disk/ZQL/TIP_TMO_result/tradition/Reinhard(Global)/a2808.png,341,512,0.9092784094577456,0.8059212695402931,0.7299392896725345,0.6570399758483983,0.804734910095264,0.5093450416015327,0.20380014181137085
a2824,/mnt/data_disk/HDRData/1000hdr/HDRtest/a2824-dvf_035.exr,/mnt/data_disk/ZQL/TIP_TMO_result/tradition/Reinhard(Global)/a2824.png,341,512,0.8764783949293853,0.7568982111559289,0.6124966996648389,0.6026218466186788,0.8235033444394385,0.3817403487979191,0.13404646515846252
a2854,/mnt/data_disk/HDRData/1000hdr/HDRtest/a2854-NKIM_MG_7374.exr,/mnt/data_disk/ZQL/TIP_TMO_result/tradition/Reinhard(Global)/a2854.png,341,512,0.8826260869155611,0.9294005980569123,0.3744732794084785,0.6165387915063156,0.8936189414139867,0.3394586415986447,0.3000948429107666
a2861,/mnt/data_disk/HDRData/1000hdr/HDRtest/a2861-IMG_4397.exr,/mnt/data_disk/ZQL/TIP_TMO_result/tradition/Reinhard(Global)/a2861.png,341,512,nan,nan,0.23536480760630477,0.3381744696895873,0.6763489393791702,4.465643283046331e-15,0.18359892070293427
a2862,/mnt/data_disk/HDRData/1000hdr/HDRtest/a2862-_DSC0055.exr,/mnt/data_disk/ZQL/TIP_TMO_result/tradition/Reinhard(Global)/a2862.png,340,512,0.9504427378630859,0.84503865827797,0.9332314177566109,0.8185852199897965,0.8738105276471155,0.7633599123324775,0.19633333384990692
a2876,/mnt/data_disk/HDRData/1000hdr/HDRtest/a2876-jn_20080130_Las_Vegas_0082.exr,/mnt/data_disk/ZQL/TIP_TMO_result/tradition/Reinhard(Global)/a2876.png,341,512,0.7332172612132754,0.399900622995141,0.5325088626229039,0.5529091460359278,0.6204651948794176,0.4853530971924379,0.2503191828727722
a2883,/mnt/data_disk/HDRData/1000hdr/HDRtest/a2883-_DSC0008-2.exr,/mnt/data_disk/ZQL/TIP_TMO_result/tradition/Reinhard(Global)/a2883.png,340,512,0.830636363755174,0.8322141446804218,0.24344047806583746,0.5777280916923039,0.7127141993192344,0.4427419840653733,0.07032337784767151
a2913,/mnt/data_disk/HDRData/1000hdr/HDRtest/a2913-IMG_0138.exr,/mnt/data_disk/ZQL/TIP_TMO_result/tradition/Reinhard(Global)/a2913.png,341,512,0.8960069597083371,0.7606718130675786,0.7287606528388015,0.7076279994914452,0.8881680212343571,0.5270879777485333,0.2280859798192978
a2933,/mnt/data_disk/HDRData/1000hdr/HDRtest/a2933-_I2E7313.exr,/mnt/data_disk/ZQL/TIP_TMO_result/tradition/Reinhard(Global)/a2933.png,341,512,0.7729936306445437,0.3412576930862018,0.9769358336987969,0.34483070634062796,0.648696924488805,0.04096448819245096,0.23631706833839417
a2956,/mnt/data_disk/HDRData/1000hdr/HDRtest/a2956-KE_-0035.exr,/mnt/data_disk/ZQL/TIP_TMO_result/tradition/Reinhard(Global)/a2956.png,340,512,0.9479661829010139,0.8578790397724183,0.8919030702264393,0.66096050171007,0.6954943217774339,0.6264266816427062,0.17988640069961548
a2986,/mnt/data_disk/HDRData/1000hdr/HDRtest/a2986-_DGW6325.exr,/mnt/data_disk/ZQL/TIP_TMO_result/tradition/Reinhard(Global)/a2986.png,341,512,0.7985018493689269,0.7516129171986478,0.2022673436993497,0.7543857316872716,0.8409275672774549,0.6678438960970884,0.26749634742736816
a3267,/mnt/data_disk/HDRData/1000hdr/HDRtest/a3267-WP_CRW_0087.exr,/mnt/data_disk/ZQL/TIP_TMO_result/tradition/Reinhard(Global)/a3267.png,341,512,0.9030155497342083,0.8097859196035986,0.6827593633008181,0.6611037262336484,0.8568055008863005,0.4654019515809964,0.21908700466156006
a3285,/mnt/data_disk/HDRData/1000hdr/HDRtest/a3285-CRW_0291.exr,/mnt/data_disk/ZQL/TIP_TMO_result/tradition/Reinhard(Global)/a3285.png,341,512,0.916527258365361,0.8198917210722892,0.7514705931405642,0.7989102307343061,0.8841312230405352,0.7136892384280771,0.3439566493034363
a3288,/mnt/data_disk/HDRData/1000hdr/HDRtest/a3288-KE_-0049.exr,/mnt/data_disk/ZQL/TIP_TMO_result/tradition/Reinhard(Global)/a3288.png,340,512,0.816481228697133,0.7138019279427281,0.34486908985440645,0.6749269715906638,0.8128375043631126,0.5370164388182149,0.18942545354366302
a3306,/mnt/data_disk/HDRData/1000hdr/HDRtest/a3306-IMG_4969.exr,/mnt/data_disk/ZQL/TIP_TMO_result/tradition/Reinhard(Global)/a3306.png,341,512,0.8398689029133125,0.7305848463494163,0.44354333820510194,0.8834118217535725,0.8159075904049257,0.9509160531022194,0.21198785305023193
a3312,/mnt/data_disk/HDRData/1000hdr/HDRtest/a3312-IMG_1063.exr,/mnt/data_disk/ZQL/TIP_TMO_result/tradition/Reinhard(Global)/a3312.png,341,512,0.8641299370821255,0.6556244580370717,0.7336061284116283,0.719139104705983,0.7381241591916762,0.7001540502202898,0.22184817492961884
a3315,/mnt/data_disk/HDRData/1000hdr/HDRtest/a3315-MB_20030906_022.exr,/mnt/data_disk/ZQL/TIP_TMO_result/tradition/Reinhard(Global)/a3315.png,341,512,0.8323988609959545,0.7539979263976343,0.3645553708796993,0.7663403731006005,0.7775688675996438,0.7551118786015573,0.31090930104255676
a3316,/mnt/data_disk/HDRData/1000hdr/HDRtest/a3316-20051225_163230__MG_1390.exr,/mnt/data_disk/ZQL/TIP_TMO_result/tradition/Reinhard(Global)/a3316.png,341,512,0.9243018867972156,0.9218970673778493,0.6264247440926219,0.6312324643356899,0.873404494541921,0.3890604341294588,0.12849760055541992
a3318,/mnt/data_disk/HDRData/1000hdr/HDRtest/a3318-JI2E5722.exr,/mnt/data_disk/ZQL/TIP_TMO_result/tradition/Reinhard(Global)/a3318.png,341,512,0.8766023428726366,0.890284725489718,0.39690396552812995,0.7011029043873889,0.7945519467633269,0.607653862011451,0.12435512989759445
a3321,/mnt/data_disk/HDRData/1000hdr/HDRtest/a3321-DSC_0054.exr,/mnt/data_disk/ZQL/TIP_TMO_result/tradition/Reinhard(Global)/a3321.png,340,512,0.9578610728053388,0.9378038049108952,0.816425603564225,0.5428266359925904,0.9411695368027424,0.14448373518243848,0.09888722747564316
a3325,/mnt/data_disk/HDRData/1000hdr/HDRtest/a3325-050819_154342__MG_5227.exr,/mnt/data_disk/ZQL/TIP_TMO_result/tradition/Reinhard(Global)/a3325.png,341,512,0.8857528889059079,0.8356568574478997,0.5325463310495722,0.47235609937230677,0.9002737909739147,0.0444384077706988,0.10445210337638855
a3337,/mnt/data_disk/HDRData/1000hdr/HDRtest/a3337-dgw_112.exr,/mnt/data_disk/ZQL/TIP_TMO_result/tradition/Reinhard(Global)/a3337.png,341,512,0.754375238779326,0.6776089873463821,0.11432940714408903,0.8256485363027823,0.7663279098626131,0.8849691627429517,0.3595176637172699
a3339,/mnt/data_disk/HDRData/1000hdr/HDRtest/a3339-_MG_7202.exr,/mnt/data_disk/ZQL/TIP_TMO_result/tradition/Reinhard(Global)/a3339.png,341,512,0.9238329778038765,0.7240588093378609,0.9920616678601352,0.7083933203383921,0.7372799935757053,0.679506647101079,0.2118067890405655
a3341,/mnt/data_disk/HDRData/1000hdr/HDRtest/a3341-jmac_DSC2590.exr,/mnt/data_disk/ZQL/TIP_TMO_result/tradition/Reinhard(Global)/a3341.png,340,512,0.9085725130375073,0.7398765902561752,0.8530784098308836,0.7481638237401333,0.805895574501382,0.6904320729788845,0.12075235694646835
a3344,/mnt/data_disk/HDRData/1000hdr/HDRtest/a3344-NKIM_MG_6348.exr,/mnt/data_disk/ZQL/TIP_TMO_result/tradition/Reinhard(Global)/a3344.png,341,512,0.941421743260576,0.9243843410238789,0.7308435806464478,0.5466515339638914,0.8720727119420888,0.22123035598569402,0.06492538005113602
a3345,/mnt/data_disk/HDRData/1000hdr/HDRtest/a3345-20080514_105211__MG_9917.exr,/mnt/data_disk/ZQL/TIP_TMO_result/tradition/Reinhard(Global)/a3345.png,341,512,0.9289522017066334,0.8505003638783699,0.777445212136703,0.7041404936620022,0.7793991137791536,0.6288818735448506,0.17658521234989166
a3351,/mnt/data_disk/HDRData/1000hdr/HDRtest/a3351-KE_-1722.exr,/mnt/data_disk/ZQL/TIP_TMO_result/tradition/Reinhard(Global)/a3351.png,340,512,0.9083545083720778,0.8046241609222341,0.7263423763509415,0.8319508735900498,0.7624031007605282,0.9014986464195714,0.13549721240997314
a3356,/mnt/data_disk/HDRData/1000hdr/HDRtest/a3356-_DSC9981.exr,/mnt/data_disk/ZQL/TIP_TMO_result/tradition/Reinhard(Global)/a3356.png,341,512,0.9297955955037317,0.7431121954713561,0.9934401150386449,0.7189252855849708,0.6269215232500255,0.8109290479199162,0.19309411942958832
a3360,/mnt/data_disk/HDRData/1000hdr/HDRtest/a3360-IMG_0017.exr,/mnt/data_disk/ZQL/TIP_TMO_result/tradition/Reinhard(Global)/a3360.png,341,512,0.8613429683778854,0.800900409167865,0.448061212570736,0.6105816108912605,0.8968011075322728,0.3243621142502482,0.19071994721889496
a3365,/mnt/data_disk/HDRData/1000hdr/HDRtest/a3365-jn_20071207_Xmas_House_0124.exr,/mnt/data_disk/ZQL/TIP_TMO_result/tradition/Reinhard(Global)/a3365.png,341,512,0.870838085354203,0.714563836713935,0.6569507865216238,0.666982830878088,0.7521644018023211,0.5818012599538548,0.12999668717384338
a3366,/mnt/data_disk/HDRData/1000hdr/HDRtest/a3366-Ja_Pe-6.exr,/mnt/data_disk/ZQL/TIP_TMO_result/tradition/Reinhard(Global)/a3366.png,288,512,0.8602474746091066,0.7266981952356315,0.5689177503028209,0.712578637796355,0.8504701084780811,0.5746871671146287,0.24532626569271088
a3369,/mnt/data_disk/HDRData/1000hdr/HDRtest/a3369-IMG_0004.exr,/mnt/data_disk/ZQL/TIP_TMO_result/tradition/Reinhard(Global)/a3369.png,341,512,0.7947991930738992,0.7648406743976872,0.16917968744356526,0.7222846919128547,0.828032999923768,0.6165363839019414,0.27282050251960754
a3371,/mnt/data_disk/HDRData/1000hdr/HDRtest/a3371-07-12-01-at-11h32m58s-_MG_8498.exr,/mnt/data_disk/ZQL/TIP_TMO_result/tradition/Reinhard(Global)/a3371.png,341,512,0.9294656629694237,0.8454173318815041,0.7900364511701248,0.8187351530252616,0.7461403159016722,0.891329990148851,0.22091911733150482
a3382,/mnt/data_disk/HDRData/1000hdr/HDRtest/a3382-IMG_4032.exr,/mnt/data_disk/ZQL/TIP_TMO_result/tradition/Reinhard(Global)/a3382.png,341,512,0.9475781227858399,0.851068575898467,0.9019831898675892,0.7659511382516482,0.8921734896448804,0.639728786858416,0.16323256492614746
a3388,/mnt/data_disk/HDRData/1000hdr/HDRtest/a3388-jmac_DSC2214.exr,/mnt/data_disk/ZQL/TIP_TMO_result/tradition/Reinhard(Global)/a3388.png,340,512,0.9445734077299096,0.8768582565373935,0.8340745573128993,0.705333397234182,0.7843360000544555,0.6263307944139086,0.14317373931407928
a3390,/mnt/data_disk/HDRData/1000hdr/HDRtest/a3390-dgw_070.exr,/mnt/data_disk/ZQL/TIP_TMO_result/tradition/Reinhard(Global)/a3390.png,341,512,0.8322522795245848,0.6610131356547297,0.5253575088919284,0.7654827119220894,0.7479546734854341,0.7830107503587447,0.25376206636428833
a3391,/mnt/data_disk/HDRData/1000hdr/HDRtest/a3391-050904_125814__I2E8654.exr,/mnt/data_disk/ZQL/TIP_TMO_result/tradition/Reinhard(Global)/a3391.png,341,512,0.9060222058691028,0.6819747269350518,0.9590442948026192,0.7483421815562237,0.8086181151796608,0.6880662479327865,0.2295171171426773
a3393,/mnt/data_disk/HDRData/1000hdr/HDRtest/a3393-_DSC0057.exr,/mnt/data_disk/ZQL/TIP_TMO_result/tradition/Reinhard(Global)/a3393.png,340,512,0.7665272924876739,0.8000530787641293,0.03364558416794769,0.6646601417026194,0.8669225902633816,0.4623976931418573,0.14922969043254852
a3394,/mnt/data_disk/HDRData/1000hdr/HDRtest/a3394-_DGW6419.exr,/mnt/data_disk/ZQL/TIP_TMO_result/tradition/Reinhard(Global)/a3394.png,341,512,0.8817339116689268,0.7022769147163691,0.7511564062912527,0.7433636858998564,0.7124209013412891,0.7743064704584236,0.36915984749794006
a3400,/mnt/data_disk/HDRData/1000hdr/HDRtest/a3400-07-11-04-at-17h36m14s-_MG_4004.exr,/mnt/data_disk/ZQL/TIP_TMO_result/tradition/Reinhard(Global)/a3400.png,341,512,0.8927495533587355,0.6510928273376401,0.9361378630835138,0.4220738299794349,0.6751106002644708,0.16903705969439897,0.2057138830423355
a3401,/mnt/data_disk/HDRData/1000hdr/HDRtest/a3401-20061111_122429__E6B5415.exr,/mnt/data_disk/ZQL/TIP_TMO_result/tradition/Reinhard(Global)/a3401.png,341,512,0.8656496904709915,0.879373434854664,0.3539459125686564,0.6011264563362395,0.9326686650347924,0.2695842476376865,0.11713411659002304
a3402,/mnt/data_disk/HDRData/1000hdr/HDRtest/a3402-jmac_DSC3153.exr,/mnt/data_disk/ZQL/TIP_TMO_result/tradition/Reinhard(Global)/a3402.png,340,512,0.8643588319783428,0.8237714346672633,0.42889357968478087,0.6125752602031946,0.8886563423158627,0.33649417809052673,0.1628182828426361
a3413,/mnt/data_disk/HDRData/1000hdr/HDRtest/a3413-20041217_193556__E6B0485.exr,/mnt/data_disk/ZQL/TIP_TMO_result/tradition/Reinhard(Global)/a3413.png,341,512,0.9102393648184786,0.7490088664479722,0.8458401980377894,0.6286543997125331,0.7539393880578678,0.5033694113671986,0.16064371168613434
a3414,/mnt/data_disk/HDRData/1000hdr/HDRtest/a3414-DSC_0002.exr,/mnt/data_disk/ZQL/TIP_TMO_result/tradition/Reinhard(Global)/a3414.png,340,512,0.9296518811133792,0.8333995708521368,0.8133183838219447,0.6736399379170381,0.844800915317024,0.5024789605170523,0.1832360029220581
a3415,/mnt/data_disk/HDRData/1000hdr/HDRtest/a3415-jmac_DSC6092.exr,/mnt/data_disk/ZQL/TIP_TMO_result/tradition/Reinhard(Global)/a3415.png,340,512,0.9340543589298023,0.8885728401534234,0.7437703855215954,0.7361198854120456,0.8638582732110016,0.6083814976130898,0.12139683961868286
a3416,/mnt/data_disk/HDRData/1000hdr/HDRtest/a3416-IMG_4746.exr,/mnt/data_disk/ZQL/TIP_TMO_result/tradition/Reinhard(Global)/a3416.png,341,512,0.8839260966010776,0.7225899715332628,0.7246317593593331,0.5276315013035185,0.833770005760396,0.22149299684664117,0.22735735774040222
a3418,/mnt/data_disk/HDRData/1000hdr/HDRtest/a3418-2004-02-07 16-53-50 CRW_3754.exr,/mnt/data_disk/ZQL/TIP_TMO_result/tradition/Reinhard(Global)/a3418.png,341,512,0.9312931095788497,0.8523059605315734,0.7896614372380188,0.5579669969084708,0.883856424589453,0.23207756922748865,0.08593687415122986
a3422,/mnt/data_disk/HDRData/1000hdr/HDRtest/a3422-WP_CRW_0302.exr,/mnt/data_disk/ZQL/TIP_TMO_result/tradition/Reinhard(Global)/a3422.png,341,512,0.9527036373008584,0.8786562863841626,0.8860284030960806,0.7994294311094443,0.8684343207787717,0.7304245414401168,0.15778027474880219
a3424,/mnt/data_disk/HDRData/1000hdr/HDRtest/a3424-CRW_0163.exr,/mnt/data_disk/ZQL/TIP_TMO_result/tradition/Reinhard(Global)/a3424.png,341,512,0.9144332942595113,0.7835773166914008,0.8058449316823738,0.7724533758074283,0.8173356757528139,0.7275710758620428,0.26241424679756165
a3431,/mnt/data_disk/HDRData/1000hdr/HDRtest/a3431-_DSC0103-3.exr,/mnt/data_disk/ZQL/TIP_TMO_result/tradition/Reinhard(Global)/a3431.png,340,512,0.8906425312492197,0.7938894101511917,0.6334477410038651,0.5808643478835369,0.8926131663006164,0.26911552946645745,0.11927053332328796
a3432,/mnt/data_disk/HDRData/1000hdr/HDRtest/a3432-jmac_DSC3184.exr,/mnt/data_disk/ZQL/TIP_TMO_result/tradition/Reinhard(Global)/a3432.png,340,512,0.9193721221600215,0.8173121227348937,0.7748777951819217,0.5607085614546152,0.9137925945884614,0.20762452832076903,0.12291008979082108
a3433,/mnt/data_disk/HDRData/1000hdr/HDRtest/a3433-NKIM_MG_8213.exr,/mnt/data_disk/ZQL/TIP_TMO_result/tradition/Reinhard(Global)/a3433.png,341,512,0.8865642455577525,0.7984892881031478,0.6001956767975885,0.8329654033364414,0.8357559370113631,0.8301748696615198,0.23993857204914093
a3439,/mnt/data_disk/HDRData/1000hdr/HDRtest/a3439-IMG_3798.exr,/mnt/data_disk/ZQL/TIP_TMO_result/tradition/Reinhard(Global)/a3439.png,341,512,0.9056086582107812,0.7274667881556857,0.8584534987074404,0.5750150953543641,0.9663156919707905,0.1837144987379377,0.120832160115242
a3441,/mnt/data_disk/HDRData/1000hdr/HDRtest/a3441-dgw_064.exr,/mnt/data_disk/ZQL/TIP_TMO_result/tradition/Reinhard(Global)/a3441.png,341,512,0.9220794960198608,0.8057268414911715,0.8145461205906303,0.8271310881019447,0.7781704946427627,0.8760916815611268,0.2543143033981323
a3444,/mnt/data_disk/HDRData/1000hdr/HDRtest/a3444-WP_CRW_6313.exr,/mnt/data_disk/ZQL/TIP_TMO_result/tradition/Reinhard(Global)/a3444.png,341,512,0.9352554862853953,0.7705136803151829,0.9746676336021601,0.8447515324139211,0.7127416192382893,0.9767614455895529,0.16569368541240692
a3446,/mnt/data_disk/HDRData/1000hdr/HDRtest/a3446-050730_134124__MG_3716.exr,/mnt/data_disk/ZQL/TIP_TMO_result/tradition/Reinhard(Global)/a3446.png,341,512,0.9132032081861239,0.9195123858973772,0.5625009424364553,0.6712052075023195,0.856320935750116,0.486089479254523,0.2008514106273651
a3448,/mnt/data_disk/HDRData/1000hdr/HDRtest/a3448-IMG_0113.exr,/mnt/data_disk/ZQL/TIP_TMO_result/tradition/Reinhard(Global)/a3448.png,341,512,0.834689874979651,0.6965099397865927,0.473729699551915,0.7346959511181238,0.8635810427560563,0.6058108594801913,0.2304338663816452
a3449,/mnt/data_disk/HDRData/1000hdr/HDRtest/a3449-jmac_DSC2669.exr,/mnt/data_disk/ZQL/TIP_TMO_result/tradition/Reinhard(Global)/a3449.png,340,512,0.9493999509174913,0.9271840755990315,0.7782889485267253,0.6655289870865919,0.8946256649280591,0.4364323092451247,0.11876427382230759
a3451,/mnt/data_disk/HDRData/1000hdr/HDRtest/a3451-IMG_1088.exr,/mnt/data_disk/ZQL/TIP_TMO_result/tradition/Reinhard(Global)/a3451.png,341,512,0.9364869642805749,0.8043403616778699,0.9152155795422059,0.8444431585783654,0.8399588456559611,0.8489274715007696,0.2810697853565216
a3452,/mnt/data_disk/HDRData/1000hdr/HDRtest/a3452-IMG_1205.exr,/mnt/data_disk/ZQL/TIP_TMO_result/tradition/Reinhard(Global)/a3452.png,341,512,0.8585072631298298,0.9651628705346837,0.21066506893509873,0.513125281859391,0.9259702843050772,0.10028027941370479,0.06643106788396835
a3456,/mnt/data_disk/HDRData/1000hdr/HDRtest/a3456-DSC_0006-1-2.exr,/mnt/data_disk/ZQL/TIP_TMO_result/tradition/Reinhard(Global)/a3456.png,340,512,0.9316719228648496,0.8514644495244482,0.7936951518279921,0.5657984455118195,0.9515513333195881,0.1800455577040508,0.1426403820514679
a3457,/mnt/data_disk/HDRData/1000hdr/HDRtest/a3457-NKIM_025.exr,/mnt/data_disk/ZQL/TIP_TMO_result/tradition/Reinhard(Global)/a3457.png,341,512,0.9334519969488975,0.8827087671086142,0.7499946266900989,0.7089790458764405,0.8933957342804567,0.5245623574724243,0.1729142814874649
a3460,/mnt/data_disk/HDRData/1000hdr/HDRtest/a3460-20080514_105637__MG_9928.exr,/mnt/data_disk/ZQL/TIP_TMO_result/tradition/Reinhard(Global)/a3460.png,341,512,0.8680362442618699,0.7608794404245839,0.5541566906908676,0.6293352112239954,0.8668139233567472,0.3918564990912436,0.19109702110290527
a3462,/mnt/data_disk/HDRData/1000hdr/HDRtest/a3462-dgw_051.exr,/mnt/data_disk/ZQL/TIP_TMO_result/tradition/Reinhard(Global)/a3462.png,341,512,0.8925965821850661,0.7262194525480657,0.7739688446138231,0.8269316294418201,0.7961592879634255,0.8577039709202148,0.27989116311073303
a3464,/mnt/data_disk/HDRData/1000hdr/HDRtest/a3464-tc_DSC2199.exr,/mnt/data_disk/ZQL/TIP_TMO_result/tradition/Reinhard(Global)/a3464.png,340,512,0.8795619023178831,0.6693360519176184,0.8057744301907649,0.6912646664408674,0.8176767638279494,0.5648525690537853,0.15791361033916473
a3465,/mnt/data_disk/HDRData/1000hdr/HDRtest/a3465-20060619_114622__MG_9153.exr,/mnt/data_disk/ZQL/TIP_TMO_result/tradition/Reinhard(Global)/a3465.png,341,512,0.8971414240021233,0.8821599671239747,0.5253053334293694,0.6257763204114554,0.8379247901113571,0.41362785071155356,0.1743125021457672
a3466,/mnt/data_disk/HDRData/1000hdr/HDRtest/a3466-IMG_3941.exr,/mnt/data_disk/ZQL/TIP_TMO_result/tradition/Reinhard(Global)/a3466.png,341,512,0.9414639856890569,0.8539511237001326,0.8548307542194407,0.7207343730864386,0.9050263105777627,0.5364424355951146,0.17430776357650757
a3468,/mnt/data_disk/HDRData/1000hdr/HDRtest/a3468-IMG_4793.exr,/mnt/data_disk/ZQL/TIP_TMO_result/tradition/Reinhard(Global)/a3468.png,341,512,0.8830879412972529,0.8519225499579031,0.49090593717146946,0.5626174954157812,0.8993515731676065,0.22588341766395584,0.13875272870063782
a3470,/mnt/data_disk/HDRData/1000hdr/HDRtest/a3470-IMG_0835.exr,/mnt/data_disk/ZQL/TIP_TMO_result/tradition/Reinhard(Global)/a3470.png,341,512,0.8452042805409451,0.712699485170445,0.5052799579834814,0.801880403518626,0.846047711034766,0.7577130960024862,0.252017617225647
a3474,/mnt/data_disk/HDRData/1000hdr/HDRtest/a3474-jmac_MG_1125.exr,/mnt/data_disk/ZQL/TIP_TMO_result/tradition/Reinhard(Global)/a3474.png,341,512,0.9175849272950314,0.8668006956571565,0.675377957918318,0.7374960764151868,0.8752313798048033,0.5997607730255702,0.10447893291711807
a3477,/mnt/data_disk/HDRData/1000hdr/HDRtest/a3477-_DSC0048.exr,/mnt/data_disk/ZQL/TIP_TMO_result/tradition/Reinhard(Global)/a3477.png,340,512,0.8500430137423567,0.751222331177493,0.465936945594401,0.7602242413789133,0.8501295998717499,0.6703188828860768,0.18929673731327057
a3483,/mnt/data_disk/HDRData/1000hdr/HDRtest/a3483-_DSC0023-1.exr,/mnt/data_disk/ZQL/TIP_TMO_result/tradition/Reinhard(Global)/a3483.png,340,512,0.8970534874622655,0.8164468271511555,0.6335118361409646,0.5691753555622285,0.8992926566322025,0.23905805449225456,0.0962180346250534
a3486,/mnt/data_disk/HDRData/1000hdr/HDRtest/a3486-jmac_DSC3897.exr,/mnt/data_disk/ZQL/TIP_TMO_result/tradition/Reinhard(Global)/a3486.png,343,512,0.8237927145395669,0.6697251543691284,0.46021977632932787,0.692723342307944,0.8445893886804045,0.5408572959354835,0.22046305239200592
a3491,/mnt/data_disk/HDRData/1000hdr/HDRtest/a3491-DSC_0091.exr,/mnt/data_disk/ZQL/TIP_TMO_result/tradition/Reinhard(Global)/a3491.png,340,512,0.9510524936281791,0.8717050480480079,0.8874680411667736,0.7173638971091787,0.8835925108432836,0.5511352833750739,0.1661495566368103
a3493,/mnt/data_disk/HDRData/1000hdr/HDRtest/a3493-IMG_0279.exr,/mnt/data_disk/ZQL/TIP_TMO_result/tradition/Reinhard(Global)/a3493.png,341,512,0.8686088442898299,0.6467434635623872,0.7820424427995649,0.7233914978158484,0.7379157899022375,0.7088672057294595,0.23057593405246735
a3499,/mnt/data_disk/HDRData/1000hdr/HDRtest/a3499-jn_2007_12_11__BU_CRUISE_019.exr,/mnt/data_disk/ZQL/TIP_TMO_result/tradition/Reinhard(Global)/a3499.png,341,512,0.8489631006612314,0.6797020180111235,0.5893168470851878,0.608111332432403,0.7689212790145313,0.44730138585027457,0.15058493614196777
a3503,/mnt/data_disk/HDRData/1000hdr/HDRtest/a3503-050731_155906__I2E5378.exr,/mnt/data_disk/ZQL/TIP_TMO_result/tradition/Reinhard(Global)/a3503.png,341,512,0.9149232010277841,0.7928420243630743,0.7913676405020468,0.7038842543460959,0.7126510273358251,0.6951174813563668,0.17016011476516724
a3504,/mnt/data_disk/HDRData/1000hdr/HDRtest/a3504-IMG_0903.exr,/mnt/data_disk/ZQL/TIP_TMO_result/tradition/Reinhard(Global)/a3504.png,341,512,0.8943659410109097,0.8734294453476452,0.5227026469257929,0.682598447934167,0.9264719684921099,0.4387249273762242,0.16414563357830048
a3505,/mnt/data_disk/HDRData/1000hdr/HDRtest/a3505-CRW_0288.exr,/mnt/data_disk/ZQL/TIP_TMO_result/tradition/Reinhard(Global)/a3505.png,341,512,0.8845800738267182,0.8634634942322346,0.4814620687043768,0.5455805908010127,0.92157866462677,0.16958251697525561,0.22747908532619476
a3508,/mnt/data_disk/HDRData/1000hdr/HDRtest/a3508-NKIM_095.exr,/mnt/data_disk/ZQL/TIP_TMO_result/tradition/Reinhard(Global)/a3508.png,341,512,0.8965545723037479,0.7701024863798392,0.7144068627966687,0.8485561987044097,0.8810769825059974,0.8160354149028218,0.309184730052948
a3509,/mnt/data_disk/HDRData/1000hdr/HDRtest/a3509-_DGW6337.exr,/mnt/data_disk/ZQL/TIP_TMO_result/tradition/Reinhard(Global)/a3509.png,341,512,0.9104514462842157,0.8202107025244414,0.7115272906412737,0.7764097999906732,0.8371417475279932,0.715677852453353,0.35578659176826477
a3510,/mnt/data_disk/HDRData/1000hdr/HDRtest/a3510-JI2E4365.exr,/mnt/data_disk/ZQL/TIP_TMO_result/tradition/Reinhard(Global)/a3510.png,341,512,0.91226708908252,0.7372099320795192,0.8837142677543697,0.7717178472943784,0.6662024756510793,0.8772332189376777,0.25801393389701843
a3511,/mnt/data_disk/HDRData/1000hdr/HDRtest/a3511-jmac_MG_0542.exr,/mnt/data_disk/ZQL/TIP_TMO_result/tradition/Reinhard(Global)/a3511.png,341,512,0.8759457633932171,0.8151089829813115,0.508626054088769,0.776283663637477,0.8288710147947271,0.7236963124802269,0.12770357728004456
a3512,/mnt/data_disk/HDRData/1000hdr/HDRtest/a3512-LSstone_060805_9380.exr,/mnt/data_disk/ZQL/TIP_TMO_result/tradition/Reinhard(Global)/a3512.png,341,512,0.8953328668420516,0.7444230634749516,0.7558172933834785,0.6361364435103949,0.7592361882547864,0.5130366987660034,0.18278826773166656
a3521,/mnt/data_disk/HDRData/1000hdr/HDRtest/a3521-JI2E5091.exr,/mnt/data_disk/ZQL/TIP_TMO_result/tradition/Reinhard(Global)/a3521.png,341,512,0.9125679370941762,0.7249218894114425,0.9114250936259061,0.7577588297543966,0.8072895139322271,0.708228145576566,0.14932610094547272
a3522,/mnt/data_disk/HDRData/1000hdr/HDRtest/a3522-IMG_4772.exr,/mnt/data_disk/ZQL/TIP_TMO_result/tradition/Reinhard(Global)/a3522.png,341,512,0.9465362872894265,0.8584237862785156,0.881092124817811,0.783400312925786,0.8544040041301674,0.7123966217214048,0.12753112614154816
a3525,/mnt/data_disk/HDRData/1000hdr/HDRtest/a3525-IMG_0713.exr,/mnt/data_disk/ZQL/TIP_TMO_result/tradition/Reinhard(Global)/a3525.png,341,512,0.9630501287034376,0.9576662480392476,0.8174776942153703,0.5671156795330172,0.9687394822152532,0.1654918768507813,0.18321630358695984
a3529,/mnt/data_disk/HDRData/1000hdr/HDRtest/a3529-WP_CRW_0659.exr,/mnt/data_disk/ZQL/TIP_TMO_result/tradition/Reinhard(Global)/a3529.png,341,512,0.9578960930640055,0.8643598539153067,0.9485277478878583,0.7772102474665912,0.852397341470838,0.7020231534623443,0.1629141867160797
a3531,/mnt/data_disk/HDRData/1000hdr/HDRtest/a3531-07-06-30-at-04h02m08s-_MG_1936.exr,/mnt/data_disk/ZQL/TIP_TMO_result/tradition/Reinhard(Global)/a3531.png,341,512,0.872201264414809,0.5795859235670758,0.9636036745103637,0.8112942927243889,0.6792541685988951,0.9433344168498828,0.2320653200149536
a3540,/mnt/data_disk/HDRData/1000hdr/HDRtest/a3540-07-12-02-at-14h05m14s-_MG_8949.exr,/mnt/data_disk/ZQL/TIP_TMO_result/tradition/Reinhard(Global)/a3540.png,341,512,0.9470237315142338,0.8028783453033601,0.9918632508562779,0.8672463131308412,0.768386506340482,0.9661061199212004,0.22691130638122559
a3541,/mnt/data_disk/HDRData/1000hdr/HDRtest/a3541-IMG_4107.exr,/mnt/data_disk/ZQL/TIP_TMO_result/tradition/Reinhard(Global)/a3541.png,341,512,0.933502943408829,0.845417437193097,0.8169187539191307,0.8253162034775257,0.8035034104754349,0.8471289964796165,0.12507981061935425
a3545,/mnt/data_disk/HDRData/1000hdr/HDRtest/a3545-jmac_DSC0491.exr,/mnt/data_disk/ZQL/TIP_TMO_result/tradition/Reinhard(Global)/a3545.png,340,512,0.9436135152477174,0.858753484221367,0.8605591140155212,0.5877062651168269,0.9406465029221567,0.2347660273114971,0.09922779351472855
a3548,/mnt/data_disk/HDRData/1000hdr/HDRtest/a3548-CRW_0993.exr,/mnt/data_disk/ZQL/TIP_TMO_result/tradition/Reinhard(Global)/a3548.png,341,512,0.9338912638958524,0.8396305953958875,0.8301932719749945,0.6608349633754043,0.9279877375386042,0.3936821892122042,0.13284096121788025
a3549,/mnt/data_disk/HDRData/1000hdr/HDRtest/a3549-KE_-2455.exr,/mnt/data_disk/ZQL/TIP_TMO_result/tradition/Reinhard(Global)/a3549.png,340,512,0.9643317330299067,0.9386139587451089,0.8586410236931961,0.577860061238531,0.909636571768838,0.24608355070822394,0.12604999542236328
a3557,/mnt/data_disk/HDRData/1000hdr/HDRtest/a3557-IMG_1507.exr,/mnt/data_disk/ZQL/TIP_TMO_result/tradition/Reinhard(Global)/a3557.png,341,512,0.8990778460569038,0.9440665625185775,0.4439559821735445,0.8110735610117004,0.919273812331493,0.7028733096919076,0.09388449043035507
a3563,/mnt/data_disk/HDRData/1000hdr/HDRtest/a3563-07-11-30-at-15h55m08s-_MG_8326.exr,/mnt/data_disk/ZQL/TIP_TMO_result/tradition/Reinhard(Global)/a3563.png,341,512,0.9404992589563218,0.8156861313672705,0.920797883560767,0.8393428380573676,0.8106194596232265,0.8680662164915088,0.19429123401641846
a3571,/mnt/data_disk/HDRData/1000hdr/HDRtest/a3571-IMG_0290.exr,/mnt/data_disk/ZQL/TIP_TMO_result/tradition/Reinhard(Global)/a3571.png,341,512,0.8630380331410961,0.7789104213627436,0.49375280282664713,0.5514563244507245,0.8393312143702143,0.2635814345312347,0.05921396240592003
a3575,/mnt/data_disk/HDRData/1000hdr/HDRtest/a3575-IMG_0834.exr,/mnt/data_disk/ZQL/TIP_TMO_result/tradition/Reinhard(Global)/a3575.png,341,512,0.8821703449675987,0.688872193628732,0.7816778743623238,0.7679963276327884,0.7960142775532165,0.7399783777123601,0.23959161341190338
a3576,/mnt/data_disk/HDRData/1000hdr/HDRtest/a3576-LS051026_day_15_LL003.exr,/mnt/data_disk/ZQL/TIP_TMO_result/tradition/Reinhard(Global)/a3576.png,341,512,0.8623543326890775,0.8422449631222764,0.389920007035436,0.614015379684808,0.8808115308284596,0.3472192285411565,0.1767798811197281
a3585,/mnt/data_disk/HDRData/1000hdr/HDRtest/a3585-IMG_4211.exr,/mnt/data_disk/ZQL/TIP_TMO_result/tradition/Reinhard(Global)/a3585.png,341,512,0.800683995284323,0.5622733013451172,0.5394947983436229,0.6582705044613526,0.5538453133818572,0.762695695540848,0.14419187605381012
a3586,/mnt/data_disk/HDRData/1000hdr/HDRtest/a3586-IMG_4591.exr,/mnt/data_disk/ZQL/TIP_TMO_result/tradition/Reinhard(Global)/a3586.png,341,512,0.8806458960404548,0.7781351126560448,0.599845170566623,0.6610444439198293,0.8008666975371723,0.5212221903024863,0.17376559972763062
a3588,/mnt/data_disk/HDRData/1000hdr/HDRtest/a3588-CRW_0983.exr,/mnt/data_disk/ZQL/TIP_TMO_result/tradition/Reinhard(Global)/a3588.png,341,512,0.9414211228387384,0.824141164859109,0.9107880719784408,0.7744945971646688,0.9040851683509741,0.6449040259783635,0.1761653572320938
a3591,/mnt/data_disk/HDRData/1000hdr/HDRtest/a3591-07-11-30-at-16h19m33s-_MG_8384.exr,/mnt/data_disk/ZQL/TIP_TMO_result/tradition/Reinhard(Global)/a3591.png,341,512,0.9062352290241023,0.7325593484049074,0.8522130400417122,0.775680293024253,0.7295527999309832,0.8218077861175228,0.21447524428367615
a3593,/mnt/data_disk/HDRData/1000hdr/HDRtest/a3593-_DSC5689.exr,/mnt/data_disk/ZQL/TIP_TMO_result/tradition/Reinhard(Global)/a3593.png,341,512,0.8864159738288483,0.7107401824034175,0.7645906281506236,0.6999444258660834,0.873297626236627,0.5265912254955398,0.29331815242767334
a3600,/mnt/data_disk/HDRData/1000hdr/HDRtest/a3600-JI2E3496.exr,/mnt/data_disk/ZQL/TIP_TMO_result/tradition/Reinhard(Global)/a3600.png,341,512,0.9365640548210832,0.8183033071607172,0.8886071414507162,0.7046683827795244,0.8174234328280382,0.5919133327310104,0.21449315547943115
a3602,/mnt/data_disk/HDRData/1000hdr/HDRtest/a3602-_DSC9759.exr,/mnt/data_disk/ZQL/TIP_TMO_result/tradition/Reinhard(Global)/a3602.png,341,512,0.9074348053992113,0.8242508348536587,0.6850239620297448,0.6687026194462412,0.7184888712887197,0.6189163676037627,0.138769268989563
a3605,/mnt/data_disk/HDRData/1000hdr/HDRtest/a3605-IMG_2772.exr,/mnt/data_disk/ZQL/TIP_TMO_result/tradition/Reinhard(Global)/a3605.png,341,512,0.9151526223103581,0.8195735751633815,0.7430898168630914,0.5964519104573643,0.9101236099923029,0.28278021092242583,0.1178625151515007
a3608,/mnt/data_disk/HDRData/1000hdr/HDRtest/a3608-NKIM_MG_7004.exr,/mnt/data_disk/ZQL/TIP_TMO_result/tradition/Reinhard(Global)/a3608.png,341,512,0.9414658532099665,0.8197979174622698,0.919498599469262,0.7357275223404299,0.7959843760356338,0.6754706686452261,0.10931035131216049
a3609,/mnt/data_disk/HDRData/1000hdr/HDRtest/a3609-IMG_1702.exr,/mnt/data_disk/ZQL/TIP_TMO_result/tradition/Reinhard(Global)/a3609.png,341,512,0.8900502489971486,0.9079941081270002,0.44541139791496304,0.6102985501568065,0.8315103746105589,0.389086725703054,0.15144267678260803
a3613,/mnt/data_disk/HDRData/1000hdr/HDRtest/a3613-_DSC3264.exr,/mnt/data_disk/ZQL/TIP_TMO_result/tradition/Reinhard(Global)/a3613.png,341,512,0.9144754344821936,0.7175951798741009,0.9402345491798616,0.7339609715040744,0.6833036144579094,0.7846183285502393,0.2399507611989975
a3623,/mnt/data_disk/HDRData/1000hdr/HDRtest/a3623-20051220_201437__MG_9239.exr,/mnt/data_disk/ZQL/TIP_TMO_result/tradition/Reinhard(Global)/a3623.png,341,512,0.8367955151935179,0.735869733166308,0.4175935051005952,0.7141893529928958,0.8081206874351449,0.6202580185506467,0.2932285666465759
a3624,/mnt/data_disk/HDRData/1000hdr/HDRtest/a3624-DSC_0070.exr,/mnt/data_disk/ZQL/TIP_TMO_result/tradition/Reinhard(Global)/a3624.png,340,512,0.9680506685058553,0.9291919728303365,0.9005496326240268,0.6900325484318249,0.9310120764594476,0.44905302040420225,0.1191730722784996
a3628,/mnt/data_disk/HDRData/1000hdr/HDRtest/a3628-_DSC9996.exr,/mnt/data_disk/ZQL/TIP_TMO_result/tradition/Reinhard(Global)/a3628.png,341,512,0.8821137681560922,0.6721216417415599,0.8168217804111167,0.2960842630497681,0.583070222151468,0.009098303948068253,0.20925098657608032
a3633,/mnt/data_disk/HDRData/1000hdr/HDRtest/a3633-JI2E3892.exr,/mnt/data_disk/ZQL/TIP_TMO_result/tradition/Reinhard(Global)/a3633.png,341,512,0.8256660589404686,0.6996649160116443,0.4175887796697839,0.8168579324145968,0.7175207360397599,0.9161951287894339,0.1281471997499466
a3634,/mnt/data_disk/HDRData/1000hdr/HDRtest/a3634-IMG_4959.exr,/mnt/data_disk/ZQL/TIP_TMO_result/tradition/Reinhard(Global)/a3634.png,341,512,0.9224492254077057,0.8234131654041087,0.7839088698720285,0.7988228037608069,0.7468684286135535,0.8507771789080605,0.24496494233608246
a3635,/mnt/data_disk/HDRData/1000hdr/HDRtest/a3635-IMG_4031.exr,/mnt/data_disk/ZQL/TIP_TMO_result/tradition/Reinhard(Global)/a3635.png,341,512,0.9247058698401742,0.78836595288223,0.8657250785158804,0.8721162548666128,0.8422326156928274,0.9019998940403982,0.2546844184398651
a3636,/mnt/data_disk/HDRData/1000hdr/HDRtest/a3636-20041222_195608__E6B6989.exr,/mnt/data_disk/ZQL/TIP_TMO_result/tradition/Reinhard(Global)/a3636.png,341,512,0.8345649151999814,0.7019950464961875,0.46324930235740075,0.3837416128410113,0.7399755343550922,0.027507691326930452,0.13757821917533875
a3641,/mnt/data_disk/HDRData/1000hdr/HDRtest/a3641-_DSC4628.exr,/mnt/data_disk/ZQL/TIP_TMO_result/tradition/Reinhard(Global)/a3641.png,341,512,0.8793049098996031,0.8154048180606297,0.5278239224482392,0.7617367966585404,0.8860143616583566,0.6374592316587243,0.2949872612953186
a3644,/mnt/data_disk/HDRData/1000hdr/HDRtest/a3644-jmac_MG_5959.exr,/mnt/data_disk/ZQL/TIP_TMO_result/tradition/Reinhard(Global)/a3644.png,341,512,0.8744621474792096,0.7854570526131471,0.5496948213810914,0.6651052690768251,0.8781619838209952,0.452048554332655,0.2233026921749115
a3649,/mnt/data_disk/HDRData/1000hdr/HDRtest/a3649-WP_CRW_0691.exr,/mnt/data_disk/ZQL/TIP_TMO_result/tradition/Reinhard(Global)/a3649.png,341,512,0.9597010329287082,0.928541255399596,0.8447426504643964,0.5532920407708677,0.9593944555693494,0.1471896259723859,0.08780322968959808
a3654,/mnt/data_disk/HDRData/1000hdr/HDRtest/a3654-IMG_0777.exr,/mnt/data_disk/ZQL/TIP_TMO_result/tradition/Reinhard(Global)/a3654.png,341,512,0.9455091950733137,0.8826579161104529,0.8299613430157473,0.6126149704129561,0.9133785262879263,0.31185141453798587,0.1794057935476303
a3658,/mnt/data_disk/HDRData/1000hdr/HDRtest/a3658-jmac_MG_0418.exr,/mnt/data_disk/ZQL/TIP_TMO_result/tradition/Reinhard(Global)/a3658.png,341,512,0.9223473372408213,0.8810653488238471,0.6813306645073383,0.7203181745441891,0.8625225915561922,0.5781137575321862,0.12870974838733673
a3670,/mnt/data_disk/HDRData/1000hdr/HDRtest/a3670-jmac_MG_5917.exr,/mnt/data_disk/ZQL/TIP_TMO_result/tradition/Reinhard(Global)/a3670.png,341,512,0.9698068107338892,0.9389953901490472,0.8953740049433792,0.6538018308240329,0.9093439734688976,0.39825968817916807,0.10394538938999176
a3673,/mnt/data_disk/HDRData/1000hdr/HDRtest/a3673-_DSC1109.exr,/mnt/data_disk/ZQL/TIP_TMO_result/tradition/Reinhard(Global)/a3673.png,341,512,0.84128716555195,0.8241875662226542,0.3061591662419098,0.8751720564074079,0.8828931819073317,0.8674509309074842,0.3296699821949005
a3677,/mnt/data_disk/HDRData/1000hdr/HDRtest/a3677-IMG_4696.exr,/mnt/data_disk/ZQL/TIP_TMO_result/tradition/Reinhard(Global)/a3677.png,341,512,0.8891202764906078,0.8518826038279729,0.5261245578908338,0.5223524501138471,0.8759288982576969,0.16877600196999729,0.1656980812549591
a3686,/mnt/data_disk/HDRData/1000hdr/HDRtest/a3686-jmac_MG_0353.exr,/mnt/data_disk/ZQL/TIP_TMO_result/tradition/Reinhard(Global)/a3686.png,341,512,0.9310389599702477,0.8027762281785147,0.8808022823754902,0.8454246164778008,0.8116752242071646,0.8791740087484368,0.31599265336990356
a3688,/mnt/data_disk/HDRData/1000hdr/HDRtest/a3688-jmac_MG_1424.exr,/mnt/data_disk/ZQL/TIP_TMO_result/tradition/Reinhard(Global)/a3688.png,341,512,0.9329395965914737,0.9189477926745111,0.6854188837166735,0.6057262917186856,0.9297928482907427,0.28165973514662856,0.17407041788101196
a3689,/mnt/data_disk/HDRData/1000hdr/HDRtest/a3689-JI2E3798.exr,/mnt/data_disk/ZQL/TIP_TMO_result/tradition/Reinhard(Global)/a3689.png,341,512,0.8698039198309284,0.7099766172171784,0.6593585849699922,0.6517314920964706,0.8460760805782152,0.45738690361472617,0.10477019846439362
a3696,/mnt/data_disk/HDRData/1000hdr/HDRtest/a3696-jmac_DSC1242.exr,/mnt/data_disk/ZQL/TIP_TMO_result/tradition/Reinhard(Global)/a3696.png,343,512,0.8733530113556882,0.8755359184515585,0.40057285330116327,0.5514252022881452,0.9107119928620193,0.19213841171427115,0.17278209328651428
a3697,/mnt/data_disk/HDRData/1000hdr/HDRtest/a3697-07-11-24-at-16h05m35s-_MG_6729.exr,/mnt/data_disk/ZQL/TIP_TMO_result/tradition/Reinhard(Global)/a3697.png,341,512,0.9141213304035741,0.808160350130942,0.7573381483108604,0.772491226790945,0.8151162268486066,0.7298662267332832,0.16987310349941254
a3700,/mnt/data_disk/HDRData/1000hdr/HDRtest/a3700-tc_DSC1892.exr,/mnt/data_disk/ZQL/TIP_TMO_result/tradition/Reinhard(Global)/a3700.png,340,512,0.9020509338223406,0.8048442383769373,0.6855229833070011,0.6747359297467853,0.8145936288656701,0.5348782306279005,0.15358687937259674
a3706,/mnt/data_disk/HDRData/1000hdr/HDRtest/a3706-dgw_065.exr,/mnt/data_disk/ZQL/TIP_TMO_result/tradition/Reinhard(Global)/a3706.png,341,512,0.8601820821104876,0.7553689395360685,0.517330761385667,0.7564300486921203,0.8580248088547426,0.6548352885294979,0.31506288051605225
a3707,/mnt/data_disk/HDRData/1000hdr/HDRtest/a3707-NKIM_121.exr,/mnt/data_disk/ZQL/TIP_TMO_result/tradition/Reinhard(Global)/a3707.png,341,512,0.8386156836801691,0.49149151281199693,0.9611439625331074,0.6099793751909433,0.5694192651859304,0.6505394851959562,0.22172534465789795
a3710,/mnt/data_disk/HDRData/1000hdr/HDRtest/a3710-07-11-20-at-16h52m05s-_MG_5742.exr,/mnt/data_disk/ZQL/TIP_TMO_result/tradition/Reinhard(Global)/a3710.png,341,512,0.8755344046826198,0.8366119941328397,0.4716910298227658,0.597879675694308,0.8893412193593422,0.30641813202927387,0.0946846678853035
a3712,/mnt/data_disk/HDRData/1000hdr/HDRtest/a3712-IMG_4852.exr,/mnt/data_disk/ZQL/TIP_TMO_result/tradition/Reinhard(Global)/a3712.png,341,512,0.9632531819170591,0.8651698453244083,0.9846337520491303,0.8772086856283139,0.8510995452326757,0.903317826023952,0.13498666882514954
a3715,/mnt/data_disk/HDRData/1000hdr/HDRtest/a3715-_MG_7773.exr,/mnt/data_disk/ZQL/TIP_TMO_result/tradition/Reinhard(Global)/a3715.png,341,512,0.8895845644496306,0.6753080255165436,0.8602886275404535,0.3881267327858845,0.6635217054717929,0.11273176009997615,0.26188501715660095
a3716,/mnt/data_disk/HDRData/1000hdr/HDRtest/a3716-IMG_0301.exr,/mnt/data_disk/ZQL/TIP_TMO_result/tradition/Reinhard(Global)/a3716.png,341,512,0.8353863612876309,0.7126799059057743,0.44915452620087587,0.648689697387637,0.5527059004647371,0.744673494310537,0.11153313517570496
a3719,/mnt/data_disk/HDRData/1000hdr/HDRtest/a3719-07-11-29-at-15h43m28s-_MG_8075.exr,/mnt/data_disk/ZQL/TIP_TMO_result/tradition/Reinhard(Global)/a3719.png,341,512,0.9537365550796038,0.8589338838994354,0.9297772816334474,0.4569457844336281,0.9010089496666597,0.01288261920059653,0.3506757915019989
a3720,/mnt/data_disk/HDRData/1000hdr/HDRtest/a3720-jmac_MG_0851.exr,/mnt/data_disk/ZQL/TIP_TMO_result/tradition/Reinhard(Global)/a3720.png,341,512,0.9447649177377092,0.8823666136922067,0.8254831951234741,0.6749155292169249,0.8544053817894945,0.4954256766443552,0.19045661389827728
a3721,/mnt/data_disk/HDRData/1000hdr/HDRtest/a3721-KE_-01.exr,/mnt/data_disk/ZQL/TIP_TMO_result/tradition/Reinhard(Global)/a3721.png,340,512,0.9092624393152764,0.7514513094223242,0.8343399280224201,0.7797604576149529,0.6294655470295631,0.9300553682003427,0.23775167763233185
a3724,/mnt/data_disk/HDRData/1000hdr/HDRtest/a3724-20060101_092918__E6B0305.exr,/mnt/data_disk/ZQL/TIP_TMO_result/tradition/Reinhard(Global)/a3724.png,341,512,0.9286431068216544,0.8966963514874041,0.6950498090393371,0.6785191061039597,0.8748147142957954,0.48222349791212393,0.2660137414932251
a3727,/mnt/data_disk/HDRData/1000hdr/HDRtest/a3727-2004-01-18 11-49-42 CRW_2889.exr,/mnt/data_disk/ZQL/TIP_TMO_result/tradition/Reinhard(Global)/a3727.png,341,512,0.8646016031630568,0.9288429544874972,0.2828101537031645,0.575109905774531,0.8608287517539945,0.2893910597950676,0.1589280366897583
a3729,/mnt/data_disk/HDRData/1000hdr/HDRtest/a3729-07-11-24-at-21h39m19s-_MG_6853.exr,/mnt/data_disk/ZQL/TIP_TMO_result/tradition/Reinhard(Global)/a3729.png,341,512,0.8633624627021758,0.6753206655198885,0.687683465821917,0.7525220859911448,0.5305767988235627,0.9744673731587269,0.153652623295784
a3730,/mnt/data_disk/HDRData/1000hdr/HDRtest/a3730-IMG_0113.exr,/mnt/data_disk/ZQL/TIP_TMO_result/tradition/Reinhard(Global)/a3730.png,341,512,0.941315364026228,0.7885488841371078,0.9804910825803036,0.769016630155618,0.8562235944262736,0.6818096658849624,0.2671905755996704
a3732,/mnt/data_disk/HDRData/1000hdr/HDRtest/a3732-_DGW6272.exr,/mnt/data_disk/ZQL/TIP_TMO_result/tradition/Reinhard(Global)/a3732.png,341,512,0.9393323715501821,0.9020523385241526,0.7550285632574983,0.627985215511069,0.9402527034822589,0.31571772753987926,0.13001777231693268
a3733,/mnt/data_disk/HDRData/1000hdr/HDRtest/a3733-WP_CRW_4827.exr,/mnt/data_disk/ZQL/TIP_TMO_result/tradition/Reinhard(Global)/a3733.png,341,512,0.9333597541085862,0.7872076487120586,0.9275080389834012,0.7443304400958297,0.7823174389734344,0.7063434412182249,0.1862410604953766
a3735,/mnt/data_disk/HDRData/1000hdr/HDRtest/a3735-_MG_7825.exr,/mnt/data_disk/ZQL/TIP_TMO_result/tradition/Reinhard(Global)/a3735.png,341,512,0.7769512050946689,0.7790321681930468,0.08427186652974485,0.6535014849602865,0.8489389913401281,0.4580639785804448,0.20963028073310852
a3737,/mnt/data_disk/HDRData/1000hdr/HDRtest/a3737-dgw_022.exr,/mnt/data_disk/ZQL/TIP_TMO_result/tradition/Reinhard(Global)/a3737.png,341,512,0.9137647076835238,0.7499713422573302,0.8678102246540864,0.836026259976751,0.7976585617531825,0.8743939582003195,0.21979458630084991
a3739,/mnt/data_disk/HDRData/1000hdr/HDRtest/a3739-KE_-0068.exr,/mnt/data_disk/ZQL/TIP_TMO_result/tradition/Reinhard(Global)/a3739.png,340,512,0.795604788535575,0.8479054589298504,0.08167195501006375,0.5743902230768592,0.9374916208267734,0.211288825326945,0.11276280134916306
a3740,/mnt/data_disk/HDRData/1000hdr/HDRtest/a3740-_DSC1411.exr,/mnt/data_disk/ZQL/TIP_TMO_result/tradition/Reinhard(Global)/a3740.png,341,512,0.8629208417584602,0.662652033835889,0.7110074598033388,0.7386496924779143,0.5679742486224354,0.9093251363333933,0.1680610030889511
a3742,/mnt/data_disk/HDRData/1000hdr/HDRtest/a3742-IMG_0206.exr,/mnt/data_disk/ZQL/TIP_TMO_result/tradition/Reinhard(Global)/a3742.png,341,512,0.7746141806671515,0.638117577955882,0.25694542000408693,0.7887081358371537,0.7138999064972187,0.8635163651770887,0.28488248586654663
a3743,/mnt/data_disk/HDRData/1000hdr/HDRtest/a3743-DSC_0038.exr,/mnt/data_disk/ZQL/TIP_TMO_result/tradition/Reinhard(Global)/a3743.png,340,512,0.9017466196345665,0.9159116692472766,0.5003866338609002,0.5817158145132718,0.9073806185561624,0.25605101047038126,0.11316799372434616
a3744,/mnt/data_disk/HDRData/1000hdr/HDRtest/a3744-NKIM_MG_6757.exr,/mnt/data_disk/ZQL/TIP_TMO_result/tradition/Reinhard(Global)/a3744.png,341,512,0.8619992738744481,0.6104925718615843,0.8193599363085311,0.7396627207884336,0.7987715948755816,0.6805538467012858,0.235215425491333
a3749,/mnt/data_disk/HDRData/1000hdr/HDRtest/a3749-IMG_4592.exr,/mnt/data_disk/ZQL/TIP_TMO_result/tradition/Reinhard(Global)/a3749.png,341,512,0.834323777404176,0.6418837116930969,0.5752142160933674,0.7194592674592986,0.8170507491920762,0.621867785726521,0.23657715320587158
a3750,/mnt/data_disk/HDRData/1000hdr/HDRtest/a3750-IMG_4253.exr,/mnt/data_disk/ZQL/TIP_TMO_result/tradition/Reinhard(Global)/a3750.png,341,512,0.8776293639297095,0.657902744147867,0.8176515668858924,0.7055084077960188,0.7455793891319767,0.6654374264600608,0.23693673312664032
a3753,/mnt/data_disk/HDRData/1000hdr/HDRtest/a3753-dgw_073.exr,/mnt/data_disk/ZQL/TIP_TMO_result/tradition/Reinhard(Global)/a3753.png,341,512,0.7593517342290658,0.7659876907878906,0.04094086338735011,0.6924279452333935,0.8742511480383917,0.5106047424283952,0.4186953604221344
a3754,/mnt/data_disk/HDRData/1000hdr/HDRtest/a3754-050731_151704__I2E5362.exr,/mnt/data_disk/ZQL/TIP_TMO_result/tradition/Reinhard(Global)/a3754.png,341,512,0.9078950936081361,0.9209262809265406,0.5287501047536157,0.5372673393918763,0.8467387210022931,0.22779595778145964,0.12164387851953506
a3756,/mnt/data_disk/HDRData/1000hdr/HDRtest/a3756-jmac_MG_5949.exr,/mnt/data_disk/ZQL/TIP_TMO_result/tradition/Reinhard(Global)/a3756.png,341,512,0.9591409566594565,0.8882099000325836,0.9128361437983098,0.6895385550048608,0.9072415651242813,0.47183554488544033,0.13231292366981506
a3760,/mnt/data_disk/HDRData/1000hdr/HDRtest/a3760-IMG_2504.exr,/mnt/data_disk/ZQL/TIP_TMO_result/tradition/Reinhard(Global)/a3760.png,341,512,0.9692302732563701,0.9556327416652082,0.8626164789949216,0.654369869621143,0.9574630749017484,0.3512766643405375,0.09163005650043488
a3764,/mnt/data_disk/HDRData/1000hdr/HDRtest/a3764-20060618_093109__MG_8792.exr,/mnt/data_disk/ZQL/TIP_TMO_result/tradition/Reinhard(Global)/a3764.png,341,512,0.8749420903077465,0.8537936449801427,0.4417227126338366,0.5691539011891851,0.874335947417162,0.26397185496120823,0.18967346847057343
a3766,/mnt/data_disk/HDRData/1000hdr/HDRtest/a3766-20041219_194831__E6B5558.exr,/mnt/data_disk/ZQL/TIP_TMO_result/tradition/Reinhard(Global)/a3766.png,341,512,0.7154744690701752,0.30336731396814454,0.7254871632005295,0.19019548305418452,0.2632485398987438,0.11714242620962524,0.15448111295700073
a3769,/mnt/data_disk/HDRData/1000hdr/HDRtest/a3769-IMG_3943.exr,/mnt/data_disk/ZQL/TIP_TMO_result/tradition/Reinhard(Global)/a3769.png,341,512,0.9484348368730767,0.8771386746009431,0.8596761776748165,0.6118272579884305,0.9437426831260363,0.2799118328508248,0.11762645095586777
a3771,/mnt/data_disk/HDRData/1000hdr/HDRtest/a3771-07-06-01-at-13h03m06-s_MG_1256.exr,/mnt/data_disk/ZQL/TIP_TMO_result/tradition/Reinhard(Global)/a3771.png,341,512,0.8544311908984122,0.7939560130285227,0.4206296789186399,0.6182221276925779,0.8780588430890885,0.3583854122960672,0.23837922513484955
a3772,/mnt/data_disk/HDRData/1000hdr/HDRtest/a3772-dgw_123.exr,/mnt/data_disk/ZQL/TIP_TMO_result/tradition/Reinhard(Global)/a3772.png,341,512,0.887567686746247,0.8320064419000182,0.5493137142271176,0.648426115251076,0.8680438083255411,0.4288084221766108,0.23464220762252808
a3774,/mnt/data_disk/HDRData/1000hdr/HDRtest/a3774-_DSC0017.exr,/mnt/data_disk/ZQL/TIP_TMO_result/tradition/Reinhard(Global)/a3774.png,340,512,0.9500987244144373,0.8403555661622168,0.9397993001787298,0.7717433684962192,0.8480467731985691,0.6954399637938692,0.17354078590869904
a3778,/mnt/data_disk/HDRData/1000hdr/HDRtest/a3778-IMG_4838.exr,/mnt/data_disk/ZQL/TIP_TMO_result/tradition/Reinhard(Global)/a3778.png,341,512,0.8989600718586445,0.7852523137557499,0.7015823539229266,0.8817213447495246,0.922198917707913,0.8412437717911362,0.28163889050483704
a3780,/mnt/data_disk/HDRData/1000hdr/HDRtest/a3780-JI2E3902.exr,/mnt/data_disk/ZQL/TIP_TMO_result/tradition/Reinhard(Global)/a3780.png,341,512,0.9479076058843554,0.8721705566137425,0.8651382579120925,0.6159119508876884,0.9046428209336375,0.32718108084173925,0.14698591828346252
a3781,/mnt/data_disk/HDRData/1000hdr/HDRtest/a3781-2004-06-24 06-45-08 CRW_2040.exr,/mnt/data_disk/ZQL/TIP_TMO_result/tradition/Reinhard(Global)/a3781.png,341,512,0.8953972719952147,0.8626825978121712,0.5459112544273114,0.6128212472780028,0.9288907708702899,0.29675172368571556,0.1109829694032669
a3783,/mnt/data_disk/HDRData/1000hdr/HDRtest/a3783-KE_-0052.exr,/mnt/data_disk/ZQL/TIP_TMO_result/tradition/Reinhard(Global)/a3783.png,340,512,0.888791000796919,0.7178166448177974,0.7658559929791969,0.6928259154189162,0.8244415273667499,0.5612103034710825,0.1717119812965393
a3786,/mnt/data_disk/HDRData/1000hdr/HDRtest/a3786-_I2E8191.exr,/mnt/data_disk/ZQL/TIP_TMO_result/tradition/Reinhard(Global)/a3786.png,341,512,0.7909086494435825,0.8331908191384406,0.07947705929704998,0.7296230329893918,0.8865494362730383,0.5726966297057453,0.1888270080089569
a3796,/mnt/data_disk/HDRData/1000hdr/HDRtest/a3796-NKIM_MG_7319.exr,/mnt/data_disk/ZQL/TIP_TMO_result/tradition/Reinhard(Global)/a3796.png,341,512,0.9358189700748631,0.7788185340927694,0.9616121640600538,0.7842757233578809,0.6862033805606892,0.8823480661550726,0.2670935392379761
a3798,/mnt/data_disk/HDRData/1000hdr/HDRtest/a3798-IMG_2539.exr,/mnt/data_disk/ZQL/TIP_TMO_result/tradition/Reinhard(Global)/a3798.png,341,512,0.9645749585180687,0.8683316046304841,0.9879522070476742,0.8320097421012507,0.9471803226564792,0.716839161546022,0.20825771987438202
a3800,/mnt/data_disk/HDRData/1000hdr/HDRtest/a3800-dgw_090.exr,/mnt/data_disk/ZQL/TIP_TMO_result/tradition/Reinhard(Global)/a3800.png,341,512,0.9150813391197526,0.8121337574939685,0.7562743071955427,0.7896149086127442,0.7785612205749174,0.800668596650571,0.17303632199764252
a3804,/mnt/data_disk/HDRData/1000hdr/HDRtest/a3804-_DSC3608.exr,/mnt/data_disk/ZQL/TIP_TMO_result/tradition/Reinhard(Global)/a3804.png,343,512,0.898602214507222,0.6792768665608027,0.9133789758925156,0.8120094831542024,0.8086035009593253,0.8154154653490795,0.11656957864761353
a3816,/mnt/data_disk/HDRData/1000hdr/HDRtest/a3816-jmac_DSC3118.exr,/mnt/data_disk/ZQL/TIP_TMO_result/tradition/Reinhard(Global)/a3816.png,340,512,0.8969303928287096,0.9164534457639595,0.4718754308014235,0.557764079869789,0.9435542797304989,0.1719738800090792,0.1420273631811142
a3820,/mnt/data_disk/HDRData/1000hdr/HDRtest/a3820-dgw_025.exr,/mnt/data_disk/ZQL/TIP_TMO_result/tradition/Reinhard(Global)/a3820.png,341,512,0.7278482804302829,0.5379603336321864,0.20441319447662673,0.3837308689772838,0.7674370926646629,2.4645289904735175e-05,0.1269323080778122
a3822,/mnt/data_disk/HDRData/1000hdr/HDRtest/a3822-07-11-21-at-09h53m21s-_MG_5852.exr,/mnt/data_disk/ZQL/TIP_TMO_result/tradition/Reinhard(Global)/a3822.png,341,512,0.8803732875627701,0.8610525431239507,0.46119914421511343,0.772424321279785,0.8724143067789096,0.6724343357806603,0.15848857164382935
a3827,/mnt/data_disk/HDRData/1000hdr/HDRtest/a3827-JI2E3823.exr,/mnt/data_disk/ZQL/TIP_TMO_result/tradition/Reinhard(Global)/a3827.png,341,512,0.8679933528192206,0.7671459618259417,0.5429135055577371,0.6878240020783739,0.8548514213905146,0.5207965827662332,0.12232163548469543
a3830,/mnt/data_disk/HDRData/1000hdr/HDRtest/a3830-LS_060715_8670.exr,/mnt/data_disk/ZQL/TIP_TMO_result/tradition/Reinhard(Global)/a3830.png,341,512,0.8805295478075471,0.6844215565849934,0.7801582729565036,0.8185892281767788,0.8514293957296752,0.7857490606238825,0.2333342730998993
a3832,/mnt/data_disk/HDRData/1000hdr/HDRtest/a3832-20060613_091536__MG_7749.exr,/mnt/data_disk/ZQL/TIP_TMO_result/tradition/Reinhard(Global)/a3832.png,341,512,0.9385890086601125,0.8707493372725457,0.8049633059814444,0.5775301147177472,0.8812922810888607,0.27376794834663376,0.20978944003582
a3833,/mnt/data_disk/HDRData/1000hdr/HDRtest/a3833-_DSC0003-2.exr,/mnt/data_disk/ZQL/TIP_TMO_result/tradition/Reinhard(Global)/a3833.png,340,512,0.9296609465470476,0.8500198590206741,0.7829909419292216,0.6909446877292009,0.9124886752484934,0.46940070020990854,0.13127733767032623
a3834,/mnt/data_disk/HDRData/1000hdr/HDRtest/a3834-IMG_0007.exr,/mnt/data_disk/ZQL/TIP_TMO_result/tradition/Reinhard(Global)/a3834.png,341,512,0.7827033672145547,0.654971229368378,0.269060408771311,0.6252225355799339,0.8158085426291894,0.4346365285306784,0.24852390587329865
a3846,/mnt/data_disk/HDRData/1000hdr/HDRtest/a3846-IMG_3087.exr,/mnt/data_disk/ZQL/TIP_TMO_result/tradition/Reinhard(Global)/a3846.png,341,512,0.9019177680466883,0.8676231411989475,0.5770254619795109,0.5979439591170771,0.9175610152076384,0.2783269030265158,0.12221860140562057
a3847,/mnt/data_disk/HDRData/1000hdr/HDRtest/a3847-NKIM_MG_6113.exr,/mnt/data_disk/ZQL/TIP_TMO_result/tradition/Reinhard(Global)/a3847.png,341,512,0.8108032386030497,0.5170126793647707,0.7068036328463645,0.8137601215191925,0.7650248694378444,0.8624953736005406,0.2152334749698639
a3848,/mnt/data_disk/HDRData/1000hdr/HDRtest/a3848-DSC_0024.exr,/mnt/data_disk/ZQL/TIP_TMO_result/tradition/Reinhard(Global)/a3848.png,340,512,0.9519120809916061,0.9020726624522457,0.8385392549074953,0.6023606001364703,0.9281211428207242,0.2766000574522164,0.07885997742414474
a3851,/mnt/data_disk/HDRData/1000hdr/HDRtest/a3851-IMG_3430.exr,/mnt/data_disk/ZQL/TIP_TMO_result/tradition/Reinhard(Global)/a3851.png,341,512,0.9219176920564516,0.816125806534717,0.793913297281037,0.7193590380236891,0.6982429110021846,0.7404751650451935,0.11838596314191818
a3862,/mnt/data_disk/HDRData/1000hdr/HDRtest/a3862-JI2E0423.exr,/mnt/data_disk/ZQL/TIP_TMO_result/tradition/Reinhard(Global)/a3862.png,341,512,0.9279326848526617,0.8687017985180673,0.7384661477633773,0.5736472014302785,0.8934534247355805,0.2538409781249763,0.09634416550397873
a3863,/mnt/data_disk/HDRData/1000hdr/HDRtest/a3863-IMG_1159.exr,/mnt/data_disk/ZQL/TIP_TMO_result/tradition/Reinhard(Global)/a3863.png,341,512,0.8891004341818963,0.7543217579377964,0.6964404847723079,0.8056734246674067,0.827253718377786,0.7840931309570274,0.23172183334827423
a3864,/mnt/data_disk/HDRData/1000hdr/HDRtest/a3864-_DSC1992.exr,/mnt/data_disk/ZQL/TIP_TMO_result/tradition/Reinhard(Global)/a3864.png,341,512,0.8156600507297677,0.6815576642016979,0.3941785865589813,0.5829917109750866,0.8325459561895281,0.33343746576064526,0.10938486456871033
a3872,/mnt/data_disk/HDRData/1000hdr/HDRtest/a3872-IMG_4058.exr,/mnt/data_disk/ZQL/TIP_TMO_result/tradition/Reinhard(Global)/a3872.png,341,512,0.9223904705745231,0.7984459861148983,0.830518002784141,0.6589151734106372,0.8428044768090861,0.47502587001218827,0.21904240548610687
a3877,/mnt/data_disk/HDRData/1000hdr/HDRtest/a3877-KE_-0019.exr,/mnt/data_disk/ZQL/TIP_TMO_result/tradition/Reinhard(Global)/a3877.png,340,512,0.8987964492841991,0.705456260627624,0.8581915032752894,0.34022898707781346,0.6709686077022872,0.00948936645333973,0.2040562778711319
a3879,/mnt/data_disk/HDRData/1000hdr/HDRtest/a3879-IMG_0091.exr,/mnt/data_disk/ZQL/TIP_TMO_result/tradition/Reinhard(Global)/a3879.png,341,512,0.8878559812730511,0.8247359114440904,0.5631381862976872,0.5964156578465318,0.9202727063890179,0.2725586093040457,0.19561666250228882
a3890,/mnt/data_disk/HDRData/1000hdr/HDRtest/a3890-IMG_4308.exr,/mnt/data_disk/ZQL/TIP_TMO_result/tradition/Reinhard(Global)/a3890.png,341,512,0.8919069497917337,0.6924201888064754,0.8391924903562621,0.7321889763455435,0.6708116797255118,0.7935662729655751,0.1596900373697281
a3893,/mnt/data_disk/HDRData/1000hdr/HDRtest/a3893-_DGW6301.exr,/mnt/data_disk/ZQL/TIP_TMO_result/tradition/Reinhard(Global)/a3893.png,341,512,0.9245777459374205,0.7461740409689943,0.9502624403461613,0.5636875511140605,0.7520441002097817,0.3753310020183394,0.2672540247440338
a3899,/mnt/data_disk/HDRData/1000hdr/HDRtest/a3899-jmac_DSC2259.exr,/mnt/data_disk/ZQL/TIP_TMO_result/tradition/Reinhard(Global)/a3899.png,340,512,0.932154462374364,0.8965440277088432,0.7178275301746049,0.7962030168692038,0.9176872437869353,0.6747187899514724,0.13051936030387878
a3900,/mnt/data_disk/HDRData/1000hdr/HDRtest/a3900-jmac_DSC5843.exr,/mnt/data_disk/ZQL/TIP_TMO_result/tradition/Reinhard(Global)/a3900.png,340,512,0.9234400696790404,0.9578108484419059,0.5653171976120672,0.5511936852112518,0.9194345586072087,0.182952811815295,0.1486540138721466
a3902,/mnt/data_disk/HDRData/1000hdr/HDRtest/a3902-jmac_DSC3970.exr,/mnt/data_disk/ZQL/TIP_TMO_result/tradition/Reinhard(Global)/a3902.png,340,512,0.9455851210173561,0.8546832122386664,0.8815400694976935,0.7299705588377442,0.8865318309590915,0.5734092867163969,0.09988080710172653
a3903,/mnt/data_disk/HDRData/1000hdr/HDRtest/a3903-IMG_2386.exr,/mnt/data_disk/ZQL/TIP_TMO_result/tradition/Reinhard(Global)/a3903.png,341,512,0.9373966822804476,0.8045410386039831,0.9211186827611112,0.6599180090052124,0.9140928616335126,0.4057431563769123,0.1286715716123581
a3906,/mnt/data_disk/HDRData/1000hdr/HDRtest/a3906-LS051025_day_3_LL003.exr,/mnt/data_disk/ZQL/TIP_TMO_result/tradition/Reinhard(Global)/a3906.png,341,512,0.9292743967497873,0.7951583663869598,0.8835979141621534,0.760067621516544,0.8396765273746567,0.6804587156584312,0.19805380702018738
a3911,/mnt/data_disk/HDRData/1000hdr/HDRtest/a3911-07-07-01-at-10h50m55s-_MG_2028.exr,/mnt/data_disk/ZQL/TIP_TMO_result/tradition/Reinhard(Global)/a3911.png,341,512,0.8136327505688186,0.614764286170022,0.5067094839698884,0.7739601153180635,0.787283036375216,0.7606371942609109,0.22015690803527832
a3913,/mnt/data_disk/HDRData/1000hdr/HDRtest/a3913-IMG_0289.exr,/mnt/data_disk/ZQL/TIP_TMO_result/tradition/Reinhard(Global)/a3913.png,341,512,0.8496031608368998,0.6678144474657456,0.6166196710162394,0.5850329399273855,0.7385501329395745,0.43151574691519656,0.10848885774612427
a3914,/mnt/data_disk/HDRData/1000hdr/HDRtest/a3914-DSC_0002-1.exr,/mnt/data_disk/ZQL/TIP_TMO_result/tradition/Reinhard(Global)/a3914.png,340,512,0.9149831353518963,0.8052738453459479,0.7683551065994921,0.6177108453847283,0.9018714234104029,0.33355026735905374,0.17155806720256805
a3919,/mnt/data_disk/HDRData/1000hdr/HDRtest/a3919-KE_-1608.exr,/mnt/data_disk/ZQL/TIP_TMO_result/tradition/Reinhard(Global)/a3919.png,340,512,0.8843750164834002,0.6604108190071623,0.8576026636737821,0.6683175069970921,0.7987971693756446,0.5378378446185398,0.1977483034133911
a3923,/mnt/data_disk/HDRData/1000hdr/HDRtest/a3923-_DSC0095.exr,/mnt/data_disk/ZQL/TIP_TMO_result/tradition/Reinhard(Global)/a3923.png,340,512,0.931147606438521,0.8326216618878018,0.8247771550532441,0.7132357470365456,0.8902438593752572,0.5362276346978339,0.13939021527767181
a3924,/mnt/data_disk/HDRData/1000hdr/HDRtest/a3924-_DSC6358.exr,/mnt/data_disk/ZQL/TIP_TMO_result/tradition/Reinhard(Global)/a3924.png,341,512,0.7261720226654124,0.2797280704080773,0.8873350011562429,0.27158041098221997,0.5430269121107807,0.00013390985365921852,0.2782807946205139
a3926,/mnt/data_disk/HDRData/1000hdr/HDRtest/a3926-dgw_077.exr,/mnt/data_disk/ZQL/TIP_TMO_result/tradition/Reinhard(Global)/a3926.png,341,512,0.8799538042054962,0.6075733135865381,0.9491379481412581,0.5271383546125138,0.6458404803124638,0.40843622891256387,0.19610090553760529
a3927,/mnt/data_disk/HDRData/1000hdr/HDRtest/a3927-IMG_6048.exr,/mnt/data_disk/ZQL/TIP_TMO_result/tradition/Reinhard(Global)/a3927.png,341,512,0.8256750382575021,0.7763256310566973,0.2962936320667058,0.7664030302248577,0.8575554871724875,0.6752505732772279,0.18855710327625275
a3930,/mnt/data_disk/HDRData/1000hdr/HDRtest/a3930-IMG_5083.exr,/mnt/data_disk/ZQL/TIP_TMO_result/tradition/Reinhard(Global)/a3930.png,341,512,0.9473714098106027,0.801587219242821,0.9969287879813351,0.7048874137030892,0.8348380531249984,0.57493677428118,0.2163776457309723
a3931,/mnt/data_disk/HDRData/1000hdr/HDRtest/a3931-_DGW6259.exr,/mnt/data_disk/ZQL/TIP_TMO_result/tradition/Reinhard(Global)/a3931.png,341,512,0.7898122060165852,0.4033784154970054,0.8841096541297819,0.28355335937613957,0.5670167354516293,8.998330064975652e-05,0.3273283839225769
a3940,/mnt/data_disk/HDRData/1000hdr/HDRtest/a3940-20050602_180025__MG_2820.exr,/mnt/data_disk/ZQL/TIP_TMO_result/tradition/Reinhard(Global)/a3940.png,341,512,0.9288254628903647,0.8759231023715353,0.7316846343320883,0.5668999165295951,0.9337991977626506,0.20000063529653964,0.17376619577407837
a3943,/mnt/data_disk/HDRData/1000hdr/HDRtest/a3943-_DSC0054.exr,/mnt/data_disk/ZQL/TIP_TMO_result/tradition/Reinhard(Global)/a3943.png,340,512,0.8910849123373333,0.7957540710914001,0.6328794663946608,0.7670247813040098,0.7847790050660047,0.7492705575420148,0.13273349404335022
a3947,/mnt/data_disk/HDRData/1000hdr/HDRtest/a3947-jmac_MG_1444.exr,/mnt/data_disk/ZQL/TIP_TMO_result/tradition/Reinhard(Global)/a3947.png,341,512,0.9167910005825546,0.9120524315262805,0.5959334852041175,0.608826038288342,0.9407096242379364,0.27694245233874776,0.14758014678955078
a3948,/mnt/data_disk/HDRData/1000hdr/HDRtest/a3948-_DSC0045.exr,/mnt/data_disk/ZQL/TIP_TMO_result/tradition/Reinhard(Global)/a3948.png,340,512,0.7397807527567406,0.6433243172162163,0.1016077660450434,0.537532299561012,0.8282436866698684,0.2468209124521557,0.18564966320991516
a3954,/mnt/data_disk/HDRData/1000hdr/HDRtest/a3954-_MG_0841.exr,/mnt/data_disk/ZQL/TIP_TMO_result/tradition/Reinhard(Global)/a3954.png,341,512,0.9446936227710914,0.9011415286100315,0.7919056878178986,0.644469263751867,0.8585903696200726,0.43034815788366126,0.2368626892566681
a3958,/mnt/data_disk/HDRData/1000hdr/HDRtest/a3958-_DSC3890.exr,/mnt/data_disk/ZQL/TIP_TMO_result/tradition/Reinhard(Global)/a3958.png,341,512,0.9755606244645908,0.9242158459817675,0.9616451554123792,0.8003138650044282,0.9138100594663242,0.6868176705425323,0.09743847697973251
a3961,/mnt/data_disk/HDRData/1000hdr/HDRtest/a3961-_DSC0049.exr,/mnt/data_disk/ZQL/TIP_TMO_result/tradition/Reinhard(Global)/a3961.png,340,512,0.8318436493661572,0.7475275491890305,0.3718351936800857,0.8697214291126933,0.7918969501858519,0.9475459080395348,0.10708999633789062
a3963,/mnt/data_disk/HDRData/1000hdr/HDRtest/a3963-jmac_DSC3835.exr,/mnt/data_disk/ZQL/TIP_TMO_result/tradition/Reinhard(Global)/a3963.png,340,512,0.8126152184659394,0.8239108354873341,0.17296928834818276,0.5856763864313561,0.9042928794327859,0.26705989342992625,0.18113748729228973
a3964,/mnt/data_disk/HDRData/1000hdr/HDRtest/a3964-NKIM_MG_6716.exr,/mnt/data_disk/ZQL/TIP_TMO_result/tradition/Reinhard(Global)/a3964.png,341,512,0.875073726385244,0.5909519220021171,0.9555155324351795,0.4354440419483067,0.6881673840084728,0.1827206998881407,0.21270595490932465
a3970,/mnt/data_disk/HDRData/1000hdr/HDRtest/a3970-WP_Amanda_3rd_bday014.exr,/mnt/data_disk/ZQL/TIP_TMO_result/tradition/Reinhard(Global)/a3970.png,341,512,0.8890212381331176,0.7564788276683078,0.6918524939956806,0.8043264766836269,0.8287522035097545,0.7799007498574992,0.1277361959218979
a3973,/mnt/data_disk/HDRData/1000hdr/HDRtest/a3973-DSC_0068-2.exr,/mnt/data_disk/ZQL/TIP_TMO_result/tradition/Reinhard(Global)/a3973.png,340,512,0.9501286923780254,0.8777732668777308,0.8700455657585339,0.5693120625643749,0.9398835007893167,0.1987406243394332,0.09763722866773605
a3975,/mnt/data_disk/HDRData/1000hdr/HDRtest/a3975-jmac_MG_5721.exr,/mnt/data_disk/ZQL/TIP_TMO_result/tradition/Reinhard(Global)/a3975.png,341,512,0.9343752752894287,0.8991473433806388,0.7277451432214624,0.6395040769529508,0.8874369390588884,0.391571214847013,0.13172809779644012
a3976,/mnt/data_disk/HDRData/1000hdr/HDRtest/a3976-Ja_Pe-10.exr,/mnt/data_disk/ZQL/TIP_TMO_result/tradition/Reinhard(Global)/a3976.png,288,512,0.9384380946866316,0.8670295238334961,0.8106326371897596,0.6090877901645393,0.9320529256918346,0.2861226546372439,0.16644306480884552
a3991,/mnt/data_disk/HDRData/1000hdr/HDRtest/a3991-DSC_0005-2.exr,/mnt/data_disk/ZQL/TIP_TMO_result/tradition/Reinhard(Global)/a3991.png,340,512,0.9482536349229234,0.8574249175819701,0.8947239767144578,0.7074133646125067,0.9072049927328022,0.5076217364922112,0.1457429826259613
a3992,/mnt/data_disk/HDRData/1000hdr/HDRtest/a3992-KE_-0044.exr,/mnt/data_disk/ZQL/TIP_TMO_result/tradition/Reinhard(Global)/a3992.png,340,512,0.7872532590760263,0.5888563770007936,0.40855896788085216,0.5530043131474996,0.9091204267398768,0.19688819955512257,0.10108297318220139
a3993,/mnt/data_disk/HDRData/1000hdr/HDRtest/a3993-IMG_2812.exr,/mnt/data_disk/ZQL/TIP_TMO_result/tradition/Reinhard(Global)/a3993.png,341,512,0.799447860162784,0.597740659430466,0.4590612608261319,0.48587693412004496,0.8657831977854463,0.1059706704546436,0.13047045469284058
a3995,/mnt/data_disk/HDRData/1000hdr/HDRtest/a3995-IMG_0187.exr,/mnt/data_disk/ZQL/TIP_TMO_result/tradition/Reinhard(Global)/a3995.png,341,512,0.8748383068248773,0.6795943182435726,0.7528756415744169,0.7303174103869001,0.856238981356517,0.6043958394172831,0.18976864218711853
a4001,/mnt/data_disk/HDRData/1000hdr/HDRtest/a4001-jn_20070824_0168.exr,/mnt/data_disk/ZQL/TIP_TMO_result/tradition/Reinhard(Global)/a4001.png,341,512,0.9092156660992842,0.7890166659426435,0.7609886245323224,0.7935514049013745,0.8341848414671563,0.7529179683355927,0.1149829775094986
a4003,/mnt/data_disk/HDRData/1000hdr/HDRtest/a4003-NKIM_MG_6603.exr,/mnt/data_disk/ZQL/TIP_TMO_result/tradition/Reinhard(Global)/a4003.png,341,512,0.9391941417773151,0.8864917193612398,0.7810932934278274,0.602418429021507,0.9139898868073945,0.29084697123561953,0.17782491445541382
a4004,/mnt/data_disk/HDRData/1000hdr/HDRtest/a4004-050812_113412__MG_3770.exr,/mnt/data_disk/ZQL/TIP_TMO_result/tradition/Reinhard(Global)/a4004.png,341,512,0.8815288906330578,0.916675590404576,0.38618118096001486,0.5473997584698985,0.9597240589745112,0.13507545796528586,0.10151958465576172
a4007,/mnt/data_disk/HDRData/1000hdr/HDRtest/a4007-_MG_7167.exr,/mnt/data_disk/ZQL/TIP_TMO_result/tradition/Reinhard(Global)/a4007.png,341,512,0.8914700137966021,0.8112457872587141,0.6080719908502373,0.5576618905765501,0.9189649209438778,0.1963588602092225,0.23553524911403656
a4008,/mnt/data_disk/HDRData/1000hdr/HDRtest/a4008-dgw_019.exr,/mnt/data_disk/ZQL/TIP_TMO_result/tradition/Reinhard(Global)/a4008.png,341,512,0.9162349064902402,0.7987340164035082,0.7888910087179383,0.7890313985830654,0.6718533466052552,0.9062094505608755,0.1911095231771469
a4009,/mnt/data_disk/HDRData/1000hdr/HDRtest/a4009-jmac_MG_7717.exr,/mnt/data_disk/ZQL/TIP_TMO_result/tradition/Reinhard(Global)/a4009.png,341,512,0.9628013234885718,0.8770904261763592,0.958917885527673,0.7358131199730524,0.8502250885826551,0.6214011513634496,0.25694456696510315
a4013,/mnt/data_disk/HDRData/1000hdr/HDRtest/a4013-_I2E6911.exr,/mnt/data_disk/ZQL/TIP_TMO_result/tradition/Reinhard(Global)/a4013.png,341,512,0.9364111630180956,0.7859973165086925,0.9512042657006586,0.39863049272163487,0.693142501831058,0.10411848361221178,0.29809513688087463
a4014,/mnt/data_disk/HDRData/1000hdr/HDRtest/a4014-JI2E4114.exr,/mnt/data_disk/ZQL/TIP_TMO_result/tradition/Reinhard(Global)/a4014.png,341,512,0.9526009657090191,0.8517017942552192,0.9355631467555917,0.8126298415667126,0.8711478367824538,0.7541118463509713,0.21753908693790436
a4017,/mnt/data_disk/HDRData/1000hdr/HDRtest/a4017-DSC_0023.exr,/mnt/data_disk/ZQL/TIP_TMO_result/tradition/Reinhard(Global)/a4017.png,340,512,0.934498484470113,0.8633653859968008,0.7910042524702385,0.5991830838881599,0.9248760232134038,0.27349014456291604,0.13608913123607635
a4020,/mnt/data_disk/HDRData/1000hdr/HDRtest/a4020-IMG_3763.exr,/mnt/data_disk/ZQL/TIP_TMO_result/tradition/Reinhard(Global)/a4020.png,341,512,0.8654657763757947,0.7395794101391611,0.576865999869558,0.5679288262086817,0.8624321713711162,0.27342548104624714,0.13568848371505737
a4025,/mnt/data_disk/HDRData/1000hdr/HDRtest/a4025-IMG_5601.exr,/mnt/data_disk/ZQL/TIP_TMO_result/tradition/Reinhard(Global)/a4025.png,341,512,0.8249273265177399,0.753745024313899,0.32605008546456604,0.8376227345452573,0.7665107502673119,0.9087347188232027,0.20434556901454926
a4026,/mnt/data_disk/HDRData/1000hdr/HDRtest/a4026-NKIM_MG_6632.exr,/mnt/data_disk/ZQL/TIP_TMO_result/tradition/Reinhard(Global)/a4026.png,341,512,0.7884493202180709,0.9216719380405292,0.008743141099577387,0.5165107842539065,0.9489124569960973,0.0841091115117157,0.15045826137065887
a4027,/mnt/data_disk/HDRData/1000hdr/HDRtest/a4027-IMG_2393.exr,/mnt/data_disk/ZQL/TIP_TMO_result/tradition/Reinhard(Global)/a4027.png,341,512,0.9152706172780436,0.8199788690091542,0.7431186297232519,0.6451890534096014,0.9078276942653352,0.3825504125538678,0.15379181504249573
a4028,/mnt/data_disk/HDRData/1000hdr/HDRtest/a4028-060810_105728__MG_6096.exr,/mnt/data_disk/ZQL/TIP_TMO_result/tradition/Reinhard(Global)/a4028.png,341,512,0.8823108331222318,0.7622132750632363,0.6388815186479626,0.7076392012996702,0.8315503706917476,0.5837280319075926,0.19171801209449768
a4038,/mnt/data_disk/HDRData/1000hdr/HDRtest/a4038-Ja_Pe-20.exr,/mnt/data_disk/ZQL/TIP_TMO_result/tradition/Reinhard(Global)/a4038.png,288,512,0.8594091759131841,0.7858374623728452,0.4615127288791339,0.614132132722195,0.8656410544458709,0.3626232109985192,0.19789958000183105
a4040,/mnt/data_disk/HDRData/1000hdr/HDRtest/a4040-IMG_0233.exr,/mnt/data_disk/ZQL/TIP_TMO_result/tradition/Reinhard(Global)/a4040.png,341,512,0.8624749813486171,0.7420547101594688,0.5544126477972414,0.7027876214257514,0.8510913180656454,0.5544839247858574,0.31175947189331055
a4047,/mnt/data_disk/HDRData/1000hdr/HDRtest/a4047-IMG_1285.exr,/mnt/data_disk/ZQL/TIP_TMO_result/tradition/Reinhard(Global)/a4047.png,341,512,0.9685126583227273,0.9343841600517343,0.894573954773903,0.5790032162707341,0.9684351320727065,0.18957130046876192,0.10221820324659348
a4049,/mnt/data_disk/HDRData/1000hdr/HDRtest/a4049-_DSC3858.exr,/mnt/data_disk/ZQL/TIP_TMO_result/tradition/Reinhard(Global)/a4049.png,341,512,0.8604027837340167,0.6614348824802727,0.6974078780663379,0.8153448686521627,0.7959580185476707,0.8347317187566546,0.2978230118751526
a4051,/mnt/data_disk/HDRData/1000hdr/HDRtest/a4051-_DSC0018-3.exr,/mnt/data_disk/ZQL/TIP_TMO_result/tradition/Reinhard(Global)/a4051.png,340,512,0.9192823957513557,0.8436152494915858,0.7266073949949274,0.6703559822344665,0.9094611521761882,0.43125081229274465,0.14499543607234955
a4052,/mnt/data_disk/HDRData/1000hdr/HDRtest/a4052-20060620_165511__MG_9535.exr,/mnt/data_disk/ZQL/TIP_TMO_result/tradition/Reinhard(Global)/a4052.png,341,512,0.9402679986292679,0.840302732378186,0.8721171634409443,0.8650914100047822,0.8370876707571826,0.8930951492523819,0.21852874755859375
a4060,/mnt/data_disk/HDRData/1000hdr/HDRtest/a4060-_DSC5597.exr,/mnt/data_disk/ZQL/TIP_TMO_result/tradition/Reinhard(Global)/a4060.png,341,512,0.8849461786555334,0.7145510062321465,0.7472764267096391,0.7705895215067714,0.7626425329190026,0.7785365100945402,0.24501442909240723
a4064,/mnt/data_disk/HDRData/1000hdr/HDRtest/a4064-07-12-02-at-16h23m18s-_MG_9020.exr,/mnt/data_disk/ZQL/TIP_TMO_result/tradition/Reinhard(Global)/a4064.png,341,512,0.9205112278394068,0.8746785028844541,0.6805079969827935,0.7295240170283575,0.8158656480548167,0.6431823860018983,0.20628894865512848
a4068,/mnt/data_disk/HDRData/1000hdr/HDRtest/a4068-tc_DSC2612.exr,/mnt/data_disk/ZQL/TIP_TMO_result/tradition/Reinhard(Global)/a4068.png,340,512,0.916474513342933,0.7281711224906605,0.9316349442240174,0.7862753242751225,0.5751507351348607,0.9973999134153843,0.19860252737998962
a4075,/mnt/data_disk/HDRData/1000hdr/HDRtest/a4075-JI2E0444.exr,/mnt/data_disk/ZQL/TIP_TMO_result/tradition/Reinhard(Global)/a4075.png,341,512,0.7996692787655266,0.6368666059541228,0.38654431514614124,0.8356655429288744,0.8102303907643468,0.8611006950934021,0.30575475096702576
a4076,/mnt/data_disk/HDRData/1000hdr/HDRtest/a4076-_DGW6244.exr,/mnt/data_disk/ZQL/TIP_TMO_result/tradition/Reinhard(Global)/a4076.png,341,512,0.8495274648253208,0.6870335545849455,0.5785938556673301,0.7067839988192065,0.8193988410710178,0.5941691565673952,0.3317744731903076
a4080,/mnt/data_disk/HDRData/1000hdr/HDRtest/a4080-IMG_3765.exr,/mnt/data_disk/ZQL/TIP_TMO_result/tradition/Reinhard(Global)/a4080.png,341,512,0.881461520133826,0.7918373030865913,0.5807235956354648,0.7882987171764743,0.8310550383990696,0.745542395953879,0.19864647090435028
a4085,/mnt/data_disk/HDRData/1000hdr/HDRtest/a4085-_MG_2385.exr,/mnt/data_disk/ZQL/TIP_TMO_result/tradition/Reinhard(Global)/a4085.png,341,512,0.9251641995468005,0.8273348461984621,0.7946483749809292,0.7359330441230374,0.8195310757453949,0.65233501250068,0.15079481899738312
a4087,/mnt/data_disk/HDRData/1000hdr/HDRtest/a4087-NKIM_MG_6395.exr,/mnt/data_disk/ZQL/TIP_TMO_result/tradition/Reinhard(Global)/a4087.png,341,512,0.9050677510188884,0.8430810493913125,0.6373254833156278,0.5320552088619086,0.9058559000967609,0.15825451762705628,0.2664785385131836
a4088,/mnt/data_disk/HDRData/1000hdr/HDRtest/a4088-dvf_041.exr,/mnt/data_disk/ZQL/TIP_TMO_result/tradition/Reinhard(Global)/a4088.png,341,512,0.8701070715173362,0.776655086833209,0.5389688699046558,0.679865261095448,0.858495208086374,0.5012353141045219,0.12674236297607422
a4091,/mnt/data_disk/HDRData/1000hdr/HDRtest/a4091-_DSC0041.exr,/mnt/data_disk/ZQL/TIP_TMO_result/tradition/Reinhard(Global)/a4091.png,340,512,0.8157317617913488,0.7600173374821673,0.2709157224319838,0.6477089037196744,0.81130157049535,0.4841162369439987,0.1756557673215866
a4092,/mnt/data_disk/HDRData/1000hdr/HDRtest/a4092-07-12-03-at-09h35m54s-_MG_9192.exr,/mnt/data_disk/ZQL/TIP_TMO_result/tradition/Reinhard(Global)/a4092.png,341,512,0.8726654136908646,0.8492386206643459,0.43595185647124957,0.6817001990026024,0.8993612280439112,0.46403916996129346,0.28501829504966736
a4093,/mnt/data_disk/HDRData/1000hdr/HDRtest/a4093-jn_20071117-031.exr,/mnt/data_disk/ZQL/TIP_TMO_result/tradition/Reinhard(Global)/a4093.png,341,512,0.9204228807257291,0.7821497751610038,0.8488410878174666,0.7140843261922769,0.8305970773214942,0.5975715750630597,0.29839834570884705
a4096,/mnt/data_disk/HDRData/1000hdr/HDRtest/a4096-jmac_MG_0095.exr,/mnt/data_disk/ZQL/TIP_TMO_result/tradition/Reinhard(Global)/a4096.png,341,512,0.8535321137305514,0.7582124962783058,0.47399342222303004,0.7508077194041258,0.6378777153928589,0.8637377234153929,0.19644808769226074
a4097,/mnt/data_disk/HDRData/1000hdr/HDRtest/a4097-20080623_at_14h52m36__MG_9904.exr,/mnt/data_disk/ZQL/TIP_TMO_result/tradition/Reinhard(Global)/a4097.png,341,512,0.9321564905820334,0.8989023456708805,0.7138462981267605,0.6724629273313546,0.8995078003842103,0.44541805427849884,0.14109332859516144
a4099,/mnt/data_disk/HDRData/1000hdr/HDRtest/a4099-_DSC0014-2.exr,/mnt/data_disk/ZQL/TIP_TMO_result/tradition/Reinhard(Global)/a4099.png,340,512,0.9095317453191154,0.8671738005791563,0.6243429842848895,0.6506314818950926,0.9332118438125261,0.3680511199776591,0.12155864387750626
a4101,/mnt/data_disk/HDRData/1000hdr/HDRtest/a4101-IMG_5823.exr,/mnt/data_disk/ZQL/TIP_TMO_result/tradition/Reinhard(Global)/a4101.png,341,512,0.6862184524488149,0.46086783028149597,0.15660428424593573,0.5745442480187368,0.5033046847477256,0.6457838112897482,0.19439288973808289
a4102,/mnt/data_disk/HDRData/1000hdr/HDRtest/a4102-07-06-30-at-11h38m56s-_MG_1997.exr,/mnt/data_disk/ZQL/TIP_TMO_result/tradition/Reinhard(Global)/a4102.png,341,512,0.9131063701431062,0.8364947890408835,0.6995045369747951,0.6578951050575867,0.9068913373295192,0.40889887278565423,0.202134370803833
a4104,/mnt/data_disk/HDRData/1000hdr/HDRtest/a4104-DSC_0260.exr,/mnt/data_disk/ZQL/TIP_TMO_result/tradition/Reinhard(Global)/a4104.png,340,512,0.9475994665304455,0.8669985685924915,0.8725148391461375,0.750821700587387,0.8152157604113633,0.6864276407634106,0.09032615274190903
a4105,/mnt/data_disk/HDRData/1000hdr/HDRtest/a4105-07-11-26-at-16h02m57s-_MG_7151.exr,/mnt/data_disk/ZQL/TIP_TMO_result/tradition/Reinhard(Global)/a4105.png,341,512,0.8694365031980634,0.6421356791156071,0.7976391131732572,0.8149732178871814,0.6392824601168875,0.9906639756574751,0.23349051177501678
a4107,/mnt/data_disk/HDRData/1000hdr/HDRtest/a4107-dvf_018.exr,/mnt/data_disk/ZQL/TIP_TMO_result/tradition/Reinhard(Global)/a4107.png,341,512,0.838569657090601,0.5152368903427492,0.8959520047700371,0.6339387049844402,0.7250703783278275,0.5428070316410528,0.19940464198589325
a4108,/mnt/data_disk/HDRData/1000hdr/HDRtest/a4108-MB_080329_057.exr,/mnt/data_disk/ZQL/TIP_TMO_result/tradition/Reinhard(Global)/a4108.png,341,512,0.9435442656364221,0.8603089523536008,0.8572256442722925,0.8157810169299413,0.7689575572514049,0.8626044766084778,0.2977803945541382
a4110,/mnt/data_disk/HDRData/1000hdr/HDRtest/a4110-dgw_069.exr,/mnt/data_disk/ZQL/TIP_TMO_result/tradition/Reinhard(Global)/a4110.png,341,512,0.8544480083294903,0.752606928631888,0.48878357211154216,0.8150377817009522,0.8507202957259304,0.7793552676759741,0.3011102080345154
a4113,/mnt/data_disk/HDRData/1000hdr/HDRtest/a4113-IMG_2800.exr,/mnt/data_disk/ZQL/TIP_TMO_result/tradition/Reinhard(Global)/a4113.png,341,512,0.8962759333894165,0.8075753970961561,0.6442554008227553,0.5298536724463464,0.9058617769433671,0.15384556794932575,0.1642572283744812
a4116,/mnt/data_disk/HDRData/1000hdr/HDRtest/a4116-IMG_2042.exr,/mnt/data_disk/ZQL/TIP_TMO_result/tradition/Reinhard(Global)/a4116.png,341,512,0.9145474737748465,0.7882347107670141,0.797661606459394,0.5632941940584376,0.9200146065312783,0.20657378158559697,0.11195901036262512
a4117,/mnt/data_disk/HDRData/1000hdr/HDRtest/a4117-050918_141526__MG_5987.exr,/mnt/data_disk/ZQL/TIP_TMO_result/tradition/Reinhard(Global)/a4117.png,341,512,0.822692598602529,0.7837526558717247,0.271038332033067,0.6642916470864222,0.8649514681973408,0.46363182597550345,0.2469443678855896
a4124,/mnt/data_disk/HDRData/1000hdr/HDRtest/a4124-20080709_at_10h04m23__MG_4561.exr,/mnt/data_disk/ZQL/TIP_TMO_result/tradition/Reinhard(Global)/a4124.png,341,512,0.8951010438708832,0.7667428604283137,0.7113921175097696,0.5985744375940958,0.8985844822849053,0.29856439290328624,0.18661081790924072
a4127,/mnt/data_disk/HDRData/1000hdr/HDRtest/a4127-DSC_0152.exr,/mnt/data_disk/ZQL/TIP_TMO_result/tradition/Reinhard(Global)/a4127.png,340,512,0.9030288007736464,0.9185164460119827,0.5039121344769003,0.5702192256172932,0.9283703768646765,0.21206807436990985,0.10464607179164886
a4131,/mnt/data_disk/HDRData/1000hdr/HDRtest/a4131-DSC_0001-2.exr,/mnt/data_disk/ZQL/TIP_TMO_result/tradition/Reinhard(Global)/a4131.png,340,512,0.9183310831928907,0.8263439003820766,0.7514767770465913,0.7204564525896815,0.8776258435361967,0.5632870616431664,0.11570818722248077
a4134,/mnt/data_disk/HDRData/1000hdr/HDRtest/a4134-IMG_0086.exr,/mnt/data_disk/ZQL/TIP_TMO_result/tradition/Reinhard(Global)/a4134.png,341,512,0.8516983741181875,0.8566723581425641,0.31354569630432916,0.6104832952941799,0.9082812310323775,0.3126853595559824,0.13072292506694794
a4142,/mnt/data_disk/HDRData/1000hdr/HDRtest/a4142-_DGW6275.exr,/mnt/data_disk/ZQL/TIP_TMO_result/tradition/Reinhard(Global)/a4142.png,341,512,0.9100207779924055,0.8728769375463951,0.617891573990411,0.5695210856863626,0.914526987509783,0.22451518386294234,0.22344407439231873
a4143,/mnt/data_disk/HDRData/1000hdr/HDRtest/a4143-LSCRW_0029.exr,/mnt/data_disk/ZQL/TIP_TMO_result/tradition/Reinhard(Global)/a4143.png,384,512,0.8958830540751912,0.9256874829839207,0.45241442765800693,0.776228674494006,0.8845160443147972,0.6679413046732148,0.0999627336859703
a4144,/mnt/data_disk/HDRData/1000hdr/HDRtest/a4144-050623_122602__MG_3246.exr,/mnt/data_disk/ZQL/TIP_TMO_result/tradition/Reinhard(Global)/a4144.png,341,512,0.9268992623282283,0.9100950087263631,0.6617538868594963,0.5735430056561213,0.9302566182271467,0.21682939308509588,0.1442880779504776
a4150,/mnt/data_disk/HDRData/1000hdr/HDRtest/a4150-_DGW6309.exr,/mnt/data_disk/ZQL/TIP_TMO_result/tradition/Reinhard(Global)/a4150.png,341,512,0.9080297713091068,0.7336151259643373,0.8622200664790723,0.8887499098741938,0.833301116312821,0.9441987034355666,0.3120236396789551
a4151,/mnt/data_disk/HDRData/1000hdr/HDRtest/a4151-dvf_026.exr,/mnt/data_disk/ZQL/TIP_TMO_result/tradition/Reinhard(Global)/a4151.png,341,512,0.877755005279894,0.6816337121956049,0.7677254048455806,0.696277771843725,0.815210559030337,0.577344984657113,0.27521300315856934
a4154,/mnt/data_disk/HDRData/1000hdr/HDRtest/a4154-IMG_4620.exr,/mnt/data_disk/ZQL/TIP_TMO_result/tradition/Reinhard(Global)/a4154.png,341,512,0.9452169882529626,0.846560628375912,0.8942235955214057,0.7179032485023711,0.8902087686818928,0.5455977283228494,0.17710819840431213
a4155,/mnt/data_disk/HDRData/1000hdr/HDRtest/a4155-WP_CRW_0237.exr,/mnt/data_disk/ZQL/TIP_TMO_result/tradition/Reinhard(Global)/a4155.png,341,512,0.9262275442164039,0.8529169407012338,0.7552206121306908,0.7292406426125086,0.8849111903768208,0.5735700948481967,0.16009122133255005
a4156,/mnt/data_disk/HDRData/1000hdr/HDRtest/a4156-IMG_0159.exr,/mnt/data_disk/ZQL/TIP_TMO_result/tradition/Reinhard(Global)/a4156.png,341,512,0.8532714665796146,0.7000377504782933,0.5764806871164144,0.7041582843894796,0.8837895593487392,0.52452700943022,0.22538335621356964
a4158,/mnt/data_disk/HDRData/1000hdr/HDRtest/a4158-WP_CRW_4109.exr,/mnt/data_disk/ZQL/TIP_TMO_result/tradition/Reinhard(Global)/a4158.png,341,512,0.9288822312614194,0.8242954838590141,0.8251173713284722,0.8073553180360946,0.6728962300214132,0.941814406050776,0.12549614906311035
a4160,/mnt/data_disk/HDRData/1000hdr/HDRtest/a4160-jn_20070824_0167.exr,/mnt/data_disk/ZQL/TIP_TMO_result/tradition/Reinhard(Global)/a4160.png,341,512,0.801630329725054,0.7707151741444899,0.1911833768972932,0.7086278145080276,0.8102022947930216,0.6070533342230336,0.31037694215774536
a4161,/mnt/data_disk/HDRData/1000hdr/HDRtest/a4161-tc_DSC2218.exr,/mnt/data_disk/ZQL/TIP_TMO_result/tradition/Reinhard(Global)/a4161.png,340,512,0.9108756804310516,0.9696102517620929,0.474331815135781,0.5186411551778413,0.9502745656276799,0.08700774472800266,0.19110329449176788
a4167,/mnt/data_disk/HDRData/1000hdr/HDRtest/a4167-IMG_0031.exr,/mnt/data_disk/ZQL/TIP_TMO_result/tradition/Reinhard(Global)/a4167.png,341,512,0.9303594708266468,0.8090479780046307,0.8640390282329583,0.7996896563988826,0.8274729330500381,0.771906379747727,0.23259411752223969
a4170,/mnt/data_disk/HDRData/1000hdr/HDRtest/a4170-jmac_DSC3333.exr,/mnt/data_disk/ZQL/TIP_TMO_result/tradition/Reinhard(Global)/a4170.png,343,512,0.846952977018393,0.7038189453991852,0.531674936872401,0.7223676812931283,0.8573205301838923,0.5874148324023643,0.18909507989883423
a4174,/mnt/data_disk/HDRData/1000hdr/HDRtest/a4174-dgw_083.exr,/mnt/data_disk/ZQL/TIP_TMO_result/tradition/Reinhard(Global)/a4174.png,341,512,0.9123613502915087,0.8163213280481122,0.7308919916616711,0.6686602669079431,0.8857907655877125,0.4515297682281738,0.3312776982784271
a4177,/mnt/data_disk/HDRData/1000hdr/HDRtest/a4177-jmac_DSC1412.exr,/mnt/data_disk/ZQL/TIP_TMO_result/tradition/Reinhard(Global)/a4177.png,340,512,0.9445219929271441,0.9595707542388269,0.6932263408861702,0.6167388963530908,0.9422361616391471,0.2912416310670343,0.1109708696603775
a4178,/mnt/data_disk/HDRData/1000hdr/HDRtest/a4178-IMG_0487.exr,/mnt/data_disk/ZQL/TIP_TMO_result/tradition/Reinhard(Global)/a4178.png,341,512,0.9700346097203906,0.9251492756005013,0.9214340241278716,0.6328511285515216,0.9719668307958743,0.2937354263071688,0.0989815816283226
a4184,/mnt/data_disk/HDRData/1000hdr/HDRtest/a4184-jmac_MG_5507.exr,/mnt/data_disk/ZQL/TIP_TMO_result/tradition/Reinhard(Global)/a4184.png,341,512,0.9063776880992762,0.7650260872362012,0.7882625283841548,0.8235869442318914,0.7950295973709107,0.852144291092872,0.2750431001186371
a4185,/mnt/data_disk/HDRData/1000hdr/HDRtest/a4185-DSC_0055-2.exr,/mnt/data_disk/ZQL/TIP_TMO_result/tradition/Reinhard(Global)/a4185.png,340,512,0.8688558352823328,0.8351225963730062,0.43635583716949894,0.7727818122788377,0.8759695270064997,0.6695940975511757,0.1910775750875473
a4188,/mnt/data_disk/HDRData/1000hdr/HDRtest/a4188-_MG_1604.exr,/mnt/data_disk/ZQL/TIP_TMO_result/tradition/Reinhard(Global)/a4188.png,341,512,0.9270124970561489,0.7416953481837077,0.9767807878128523,0.7864537524312893,0.7056845751110196,0.8672229297515592,0.2776528000831604
a4191,/mnt/data_disk/HDRData/1000hdr/HDRtest/a4191-IMG_4849.exr,/mnt/data_disk/ZQL/TIP_TMO_result/tradition/Reinhard(Global)/a4191.png,341,512,0.9003711243371324,0.8027007505636573,0.6787243192189024,0.6568408837008717,0.8636570101229574,0.45002475727878605,0.1984531730413437
a4194,/mnt/data_disk/HDRData/1000hdr/HDRtest/a4194-LS051026_day_1_arive50.exr,/mnt/data_disk/ZQL/TIP_TMO_result/tradition/Reinhard(Global)/a4194.png,341,512,0.8553262731017145,0.7330161724355292,0.5281636540367541,0.761401776601254,0.859344347081384,0.6634592061211239,0.17646028101444244
a4197,/mnt/data_disk/HDRData/1000hdr/HDRtest/a4197-_MG_6428.exr,/mnt/data_disk/ZQL/TIP_TMO_result/tradition/Reinhard(Global)/a4197.png,341,512,0.9665890817286715,0.9567242922454451,0.8428604781867063,0.5666028065696261,0.9754487098967572,0.15775690324249503,0.09240008145570755
a4198,/mnt/data_disk/HDRData/1000hdr/HDRtest/a4198-_DSC6401.exr,/mnt/data_disk/ZQL/TIP_TMO_result/tradition/Reinhard(Global)/a4198.png,341,512,0.758553736830284,0.5598492265384578,0.3122463013318318,0.6422429553568151,0.7658981055445018,0.5185878051691284,0.2966952621936798
a4199,/mnt/data_disk/HDRData/1000hdr/HDRtest/a4199-jmac_MG_5003.exr,/mnt/data_disk/ZQL/TIP_TMO_result/tradition/Reinhard(Global)/a4199.png,341,512,0.8091842252689233,0.75204267063744,0.2508419547110157,0.7823964304307371,0.822408028726413,0.7423848321350612,0.30333974957466125
a4201,/mnt/data_disk/HDRData/1000hdr/HDRtest/a4201-_DSC0120.exr,/mnt/data_disk/ZQL/TIP_TMO_result/tradition/Reinhard(Global)/a4201.png,340,512,0.8890359395706628,0.777747261564293,0.6524914812592918,0.818463278210662,0.6699595502172719,0.9669670062040521,0.26723819971084595
a4202,/mnt/data_disk/HDRData/1000hdr/HDRtest/a4202-DSC_0439.exr,/mnt/data_disk/ZQL/TIP_TMO_result/tradition/Reinhard(Global)/a4202.png,343,512,0.9237666712320655,0.833067558724597,0.7748762509481674,0.6616704085296771,0.9194128356003509,0.40392798145900327,0.18027327954769135
a4204,/mnt/data_disk/HDRData/1000hdr/HDRtest/a4204-_DGW7870.exr,/mnt/data_disk/ZQL/TIP_TMO_result/tradition/Reinhard(Global)/a4204.png,341,512,0.8823082313388064,0.8262567577565899,0.5276186999520289,0.5630584291336721,0.9027583042359756,0.22335855403136853,0.11089009046554565
a4212,/mnt/data_disk/HDRData/1000hdr/HDRtest/a4212-Duggan_090321_5925.exr,/mnt/data_disk/ZQL/TIP_TMO_result/tradition/Reinhard(Global)/a4212.png,341,512,0.8537413346684204,0.7397443694234482,0.5069789798057601,0.5716481683441793,0.895333195127594,0.24796314156076468,0.2019941359758377
a4214,/mnt/data_disk/HDRData/1000hdr/HDRtest/a4214-DSC_0267.exr,/mnt/data_disk/ZQL/TIP_TMO_result/tradition/Reinhard(Global)/a4214.png,343,512,0.8834796359287512,0.8515536185371085,0.4937486114572578,0.5954340352819492,0.9537911303532436,0.2370769402106547,0.18822291493415833
a4216,/mnt/data_disk/HDRData/1000hdr/HDRtest/a4216-DSC_0118.exr,/mnt/data_disk/ZQL/TIP_TMO_result/tradition/Reinhard(Global)/a4216.png,343,512,0.955090149879715,0.8647344668950339,0.928275331365642,0.6580974815126976,0.9106729478417995,0.4055220151835958,0.16987024247646332
a4220,/mnt/data_disk/HDRData/1000hdr/HDRtest/a4220-Duggan_090305_5359.exr,/mnt/data_disk/ZQL/TIP_TMO_result/tradition/Reinhard(Global)/a4220.png,341,512,0.9503227614095426,0.8155195384641484,0.9899142587963027,0.5383553087097637,0.8426814636841523,0.23402915373537492,0.22110803425312042
a4228,/mnt/data_disk/HDRData/1000hdr/HDRtest/a4228-DSC_0037-2.exr,/mnt/data_disk/ZQL/TIP_TMO_result/tradition/Reinhard(Global)/a4228.png,340,512,0.9127942774971728,0.9265111830542883,0.5492535103082683,0.5704108965430204,0.9521382040436759,0.18868358904236476,0.09613227099180222
a4230,/mnt/data_disk/HDRData/1000hdr/HDRtest/a4230-Duggan_090426_7798.exr,/mnt/data_disk/ZQL/TIP_TMO_result/tradition/Reinhard(Global)/a4230.png,341,512,0.8100692330654176,0.5921911251032907,0.531710873101017,0.501577030715296,0.7726414934644709,0.23051256796612116,0.23797260224819183
a4231,/mnt/data_disk/HDRData/1000hdr/HDRtest/a4231-Duggan_080326_5786.exr,/mnt/data_disk/ZQL/TIP_TMO_result/tradition/Reinhard(Global)/a4231.png,341,512,0.9062700594566081,0.7743259304663405,0.7695855311670372,0.6385245214175196,0.8721422146217346,0.40490682821330454,0.11917939782142639
a4232,/mnt/data_disk/HDRData/1000hdr/HDRtest/a4232-Duggan_090323_6181.exr,/mnt/data_disk/ZQL/TIP_TMO_result/tradition/Reinhard(Global)/a4232.png,341,512,0.7843369239903795,0.7882530250359051,0.10101675070550625,0.6209156936018971,0.8014868440471001,0.440344543156694,0.2757200300693512
a4235,/mnt/data_disk/HDRData/1000hdr/HDRtest/a4235-DSC_0433.exr,/mnt/data_disk/ZQL/TIP_TMO_result/tradition/Reinhard(Global)/a4235.png,343,512,0.9328909909601929,0.7697066440924244,0.9597096246237019,0.8205402729299915,0.6918062982833362,0.9492742475766468,0.20022931694984436
a4236,/mnt/data_disk/HDRData/1000hdr/HDRtest/a4236-DSC_0384.exr,/mnt/data_disk/ZQL/TIP_TMO_result/tradition/Reinhard(Global)/a4236.png,343,512,0.813634507754971,0.8414684170442576,0.1568174901829196,0.5859827434841665,0.9265953144779437,0.24537017249038906,0.12409936636686325
a4237,/mnt/data_disk/HDRData/1000hdr/HDRtest/a4237-20090417_at_18h06m01__MG_1955.exr,/mnt/data_disk/ZQL/TIP_TMO_result/tradition/Reinhard(Global)/a4237.png,341,512,0.8871917337472801,0.6520255158650062,0.8955724242275968,0.5551242975134953,0.6542202648397998,0.456028330187191,0.1871347576379776
a4238,/mnt/data_disk/HDRData/1000hdr/HDRtest/a4238-Duggan_090320_5609.exr,/mnt/data_disk/ZQL/TIP_TMO_result/tradition/Reinhard(Global)/a4238.png,341,512,0.8944667705946168,0.8534787254740626,0.5552634765393524,0.5318301247058446,0.9072312893833934,0.15642896002829587,0.16842298209667206
a4239,/mnt/data_disk/HDRData/1000hdr/HDRtest/a4239-Duggan_080114_4429.exr,/mnt/data_disk/ZQL/TIP_TMO_result/tradition/Reinhard(Global)/a4239.png,341,512,0.8957075551023279,0.7791182267813196,0.6921492149811901,0.7180510644750326,0.7621633447888813,0.6739387841611841,0.16644534468650818
a4244,/mnt/data_disk/HDRData/1000hdr/HDRtest/a4244-Duggan_090504_8959.exr,/mnt/data_disk/ZQL/TIP_TMO_result/tradition/Reinhard(Global)/a4244.png,341,512,0.8458620326856955,0.7271138659993295,0.4835263206163685,0.587039399558763,0.8346691052505356,0.3394096938669906,0.17087265849113464
a4246,/mnt/data_disk/HDRData/1000hdr/HDRtest/a4246-Duggan_090330_6226.exr,/mnt/data_disk/ZQL/TIP_TMO_result/tradition/Reinhard(Global)/a4246.png,341,512,0.7800432806552093,0.6696619539120147,0.2337749728078703,0.8007413477246531,0.6905302496634717,0.9109524457858346,0.19131046533584595
a4249,/mnt/data_disk/HDRData/1000hdr/HDRtest/a4249-Duggan_090322_6001.exr,/mnt/data_disk/ZQL/TIP_TMO_result/tradition/Reinhard(Global)/a4249.png,341,512,0.8364740132189415,0.7598480807219192,0.3770071868378487,0.6415064071643704,0.8347007761860061,0.4483120381427347,0.24468088150024414
a4254,/mnt/data_disk/HDRData/1000hdr/HDRtest/a4254-DSC_0066.exr,/mnt/data_disk/ZQL/TIP_TMO_result/tradition/Reinhard(Global)/a4254.png,340,512,0.9458988755112174,0.9117416452618667,0.7815515255387843,0.6348158691920681,0.8935975570962393,0.37603418128789695,0.08798465132713318
a4258,/mnt/data_disk/HDRData/1000hdr/HDRtest/a4258-_DSC0012-4.exr,/mnt/data_disk/ZQL/TIP_TMO_result/tradition/Reinhard(Global)/a4258.png,340,512,0.9371972353228845,0.8730670420121532,0.7915783622027083,0.5878118979372294,0.9339179184712557,0.2417058774032032,0.06281904131174088
a4262,/mnt/data_disk/HDRData/1000hdr/HDRtest/a4262-DSC_0065.exr,/mnt/data_disk/ZQL/TIP_TMO_result/tradition/Reinhard(Global)/a4262.png,340,512,0.9192594390604022,0.8784306143506991,0.6662434829584887,0.5786894485692179,0.8879773470210176,0.2694015501174182,0.10890008509159088
a4266,/mnt/data_disk/HDRData/1000hdr/HDRtest/a4266-DSC_0426.exr,/mnt/data_disk/ZQL/TIP_TMO_result/tradition/Reinhard(Global)/a4266.png,343,512,0.819187013885685,0.6774454885261816,0.42062118547977584,0.6268510949634181,0.8659057704687061,0.38779641945813004,0.22535549104213715
a4267,/mnt/data_disk/HDRData/1000hdr/HDRtest/a4267-20090414_at_23h13m08__MG_1367.exr,/mnt/data_disk/ZQL/TIP_TMO_result/tradition/Reinhard(Global)/a4267.png,341,512,0.8434805819481803,0.5664295945031027,0.7995670383993675,0.6531783176911341,0.5626990668380073,0.7436575685442609,0.1610412448644638
a4271,/mnt/data_disk/HDRData/1000hdr/HDRtest/a4271-Duggan_090227_5232.exr,/mnt/data_disk/ZQL/TIP_TMO_result/tradition/Reinhard(Global)/a4271.png,341,512,0.8823145047682999,0.8816419617743952,0.44100123145805786,0.6832405134631512,0.9092581077073478,0.4572229192189546,0.2127743363380432
a4272,/mnt/data_disk/HDRData/1000hdr/HDRtest/a4272-DSC_0398.exr,/mnt/data_disk/ZQL/TIP_TMO_result/tradition/Reinhard(Global)/a4272.png,343,512,0.7792852219727643,0.5773436542918813,0.3875055916577688,0.773472666271809,0.5670469074694686,0.9798984250741495,0.10982924699783325
a4275,/mnt/data_disk/HDRData/1000hdr/HDRtest/a4275-09-05-12-at-17h46m31s-_MG_8890.exr,/mnt/data_disk/ZQL/TIP_TMO_result/tradition/Reinhard(Global)/a4275.png,341,512,0.9245391601937497,0.8247136703929735,0.7953492216494161,0.6102049776304898,0.79979155687025,0.4206183983907295,0.17604777216911316
a4287,/mnt/data_disk/HDRData/1000hdr/HDRtest/a4287-_DSC0083.exr,/mnt/data_disk/ZQL/TIP_TMO_result/tradition/Reinhard(Global)/a4287.png,340,512,0.8904971785585989,0.8314046890050533,0.5678603782883288,0.7463223848328444,0.8439719429433431,0.6486728267223456,0.1440325379371643
a4291,/mnt/data_disk/HDRData/1000hdr/HDRtest/a4291-20090417_at_18h46m58__MG_2026.exr,/mnt/data_disk/ZQL/TIP_TMO_result/tradition/Reinhard(Global)/a4291.png,341,512,0.9347193530790946,0.9013326886262262,0.7262596644853511,0.6534658804993942,0.8630425481704266,0.44388921282836197,0.14522211253643036
a4297,/mnt/data_disk/HDRData/1000hdr/HDRtest/a4297-_DSC0034.exr,/mnt/data_disk/ZQL/TIP_TMO_result/tradition/Reinhard(Global)/a4297.png,340,512,0.873546560804285,0.7590309459361737,0.5906898908285295,0.7064091779368189,0.8632602517012241,0.5495581041724136,0.16322633624076843
a4298,/mnt/data_disk/HDRData/1000hdr/HDRtest/a4298-Duggan_090504_9090.exr,/mnt/data_disk/ZQL/TIP_TMO_result/tradition/Reinhard(Global)/a4298.png,341,512,0.8728606898031898,0.905315831788361,0.35582343580796777,0.610567107666629,0.868565949957131,0.35256826537612707,0.17021754384040833
a4302,/mnt/data_disk/HDRData/1000hdr/HDRtest/a4302-20090425_at_17h00m59__MG_0404.exr,/mnt/data_disk/ZQL/TIP_TMO_result/tradition/Reinhard(Global)/a4302.png,341,512,0.9435706161387134,0.8474455133024328,0.8812763641080059,0.7430855595465266,0.86644642286279,0.619724696230263,0.2626909613609314
a4304,/mnt/data_disk/HDRData/1000hdr/HDRtest/a4304-09-05-19-at-18h03m17s-_MG_9540.exr,/mnt/data_disk/ZQL/TIP_TMO_result/tradition/Reinhard(Global)/a4304.png,341,512,0.8345206599395181,0.5881359825163104,0.6906706157037436,0.6796680514037863,0.6265750953326498,0.7327610074749227,0.2074490487575531
a4307,/mnt/data_disk/HDRData/1000hdr/HDRtest/a4307-20050328_161219__MG_0628.exr,/mnt/data_disk/ZQL/TIP_TMO_result/tradition/Reinhard(Global)/a4307.png,341,512,0.8264836117180545,0.8260860055015132,0.23200221264846263,0.5217384073195609,0.8543284369085145,0.1891483777306074,0.12523525953292847
a4308,/mnt/data_disk/HDRData/1000hdr/HDRtest/a4308-Duggan_090209_4996.exr,/mnt/data_disk/ZQL/TIP_TMO_result/tradition/Reinhard(Global)/a4308.png,341,512,0.9096614979818809,0.8282452662638272,0.6921125899802387,0.715908918578517,0.8125816804412906,0.6192361567157435,0.26444998383522034
a4310,/mnt/data_disk/HDRData/1000hdr/HDRtest/a4310-DSC_0007.exr,/mnt/data_disk/ZQL/TIP_TMO_result/tradition/Reinhard(Global)/a4310.png,340,512,0.9191090236491337,0.7637313055909486,0.8764597882418291,0.6404132757847362,0.9263385259183525,0.35448802565111986,0.15082478523254395
a4312,/mnt/data_disk/HDRData/1000hdr/HDRtest/a4312-20090417_at_16h32m44__MG_1867.exr,/mnt/data_disk/ZQL/TIP_TMO_result/tradition/Reinhard(Global)/a4312.png,341,512,0.7971587130624629,0.5729286746620038,0.49625343368582747,0.6091971026769949,0.7322628118391588,0.486131393514831,0.3372792601585388
a4317,/mnt/data_disk/HDRData/1000hdr/HDRtest/a4317-DSC_0224.exr,/mnt/data_disk/ZQL/TIP_TMO_result/tradition/Reinhard(Global)/a4317.png,343,512,0.8997623384627029,0.6886038692692059,0.9009323282398284,0.37070747571792545,0.7099243983149762,0.03149055312087468,0.15360026061534882
a4318,/mnt/data_disk/HDRData/1000hdr/HDRtest/a4318-Duggan_090321_5920.exr,/mnt/data_disk/ZQL/TIP_TMO_result/tradition/Reinhard(Global)/a4318.png,341,512,0.9539354563807771,0.915480395324277,0.8286199129327794,0.6355858690944804,0.9426091726044077,0.3285625655845533,0.14176763594150543
a4319,/mnt/data_disk/HDRData/1000hdr/HDRtest/a4319-DSC_0132.exr,/mnt/data_disk/ZQL/TIP_TMO_result/tradition/Reinhard(Global)/a4319.png,340,512,0.9346134037765057,0.8041587863571726,0.9026399225493836,0.6391980266802466,0.851115726634171,0.42728032672632216,0.1799670308828354
a4323,/mnt/data_disk/HDRData/1000hdr/HDRtest/a4323-DSC_0010.exr,/mnt/data_disk/ZQL/TIP_TMO_result/tradition/Reinhard(Global)/a4323.png,343,512,0.88294910628447,0.7624773689269547,0.6423750954301349,0.7902388980161255,0.6738538941388559,0.9066239018933951,0.2290603667497635
a4324,/mnt/data_disk/HDRData/1000hdr/HDRtest/a4324-DSC_0002.exr,/mnt/data_disk/ZQL/TIP_TMO_result/tradition/Reinhard(Global)/a4324.png,343,512,0.9071999387215497,0.8106073659815028,0.7079916952774433,0.6514033045770936,0.7007259585672971,0.6020806505868901,0.1692708283662796
a4326,/mnt/data_disk/HDRData/1000hdr/HDRtest/a4326-DSC_0461.exr,/mnt/data_disk/ZQL/TIP_TMO_result/tradition/Reinhard(Global)/a4326.png,343,512,0.899411822088324,0.6474792304387301,0.991269648416495,0.6220038985971881,0.5516678417872579,0.6923399554071183,0.19401176273822784
a4329,/mnt/data_disk/HDRData/1000hdr/HDRtest/a4329-DSC_0028.exr,/mnt/data_disk/ZQL/TIP_TMO_result/tradition/Reinhard(Global)/a4329.png,340,512,0.9177887625870749,0.8717849669876615,0.6681915643601126,0.5936597184154805,0.9348132073410218,0.2525062294899392,0.09080415219068527
a4331,/mnt/data_disk/HDRData/1000hdr/HDRtest/a4331-_DGW0241.exr,/mnt/data_disk/ZQL/TIP_TMO_result/tradition/Reinhard(Global)/a4331.png,341,512,0.8828658423879283,0.7821850175990703,0.6062477591385278,0.6400325078551655,0.810287767531362,0.469777248178969,0.17318330705165863
a4335,/mnt/data_disk/HDRData/1000hdr/HDRtest/a4335-Duggan_090123_4520.exr,/mnt/data_disk/ZQL/TIP_TMO_result/tradition/Reinhard(Global)/a4335.png,341,512,0.9231387981775028,0.7545598116001084,0.9228451341520586,0.4680674076981154,0.7831342650901523,0.15300055030607845,0.28523194789886475
a4338,/mnt/data_disk/HDRData/1000hdr/HDRtest/a4338-DSC_0206.exr,/mnt/data_disk/ZQL/TIP_TMO_result/tradition/Reinhard(Global)/a4338.png,343,512,0.9297231071631016,0.8675079641498847,0.7522242503843319,0.6754713906311852,0.8893588473158541,0.46158393394651626,0.10844887793064117
a4339,/mnt/data_disk/HDRData/1000hdr/HDRtest/a4339-Duggan_090111_4244.exr,/mnt/data_disk/ZQL/TIP_TMO_result/tradition/Reinhard(Global)/a4339.png,341,512,0.8816742874080356,0.7124886707522133,0.7301523107684544,0.8031034702941204,0.7659669785271473,0.8402399620610935,0.23055467009544373
a4340,/mnt/data_disk/HDRData/1000hdr/HDRtest/a4340-DSC_0441.exr,/mnt/data_disk/ZQL/TIP_TMO_result/tradition/Reinhard(Global)/a4340.png,343,512,0.9241941583193191,0.7251721181673243,0.9922122519889889,0.47449762121846767,0.768602291436643,0.1803929510002923,0.17774252593517303
a4342,/mnt/data_disk/HDRData/1000hdr/HDRtest/a4342-DSC_0043.exr,/mnt/data_disk/ZQL/TIP_TMO_result/tradition/Reinhard(Global)/a4342.png,340,512,0.9174319181396018,0.7450752657345645,0.9029481538220776,0.791277136723866,0.8257764619216595,0.7567778115260726,0.1377919614315033
a4345,/mnt/data_disk/HDRData/1000hdr/HDRtest/a4345-Duggan_080411_5976.exr,/mnt/data_disk/ZQL/TIP_TMO_result/tradition/Reinhard(Global)/a4345.png,341,512,0.8526264594606435,0.6732807556994387,0.624412948753607,0.7474719085456246,0.8096021643445409,0.6853416527467083,0.17624329030513763
a4354,/mnt/data_disk/HDRData/1000hdr/HDRtest/a4354-DSC_0347.exr,/mnt/data_disk/ZQL/TIP_TMO_result/tradition/Reinhard(Global)/a4354.png,343,512,0.9316617827606717,0.8256848428348262,0.8412136760741554,0.859080227318413,0.8256326131004735,0.8925278415363527,0.23125268518924713
a4356,/mnt/data_disk/HDRData/1000hdr/HDRtest/a4356-_DSC1335.exr,/mnt/data_disk/ZQL/TIP_TMO_result/tradition/Reinhard(Global)/a4356.png,341,512,0.7727859973447478,0.5550216080789855,0.39610745379009943,0.625367030847882,0.7248742283514998,0.5258598333442642,0.06574343144893646
a4357,/mnt/data_disk/HDRData/1000hdr/HDRtest/a4357-Duggan_090124_4645.exr,/mnt/data_disk/ZQL/TIP_TMO_result/tradition/Reinhard(Global)/a4357.png,341,512,0.9137016910933695,0.7886275079557372,0.7912976797067552,0.8592551039521692,0.8114241760606176,0.9070860318437207,0.19583594799041748
a4366,/mnt/data_disk/HDRData/1000hdr/HDRtest/a4366-DSC_0447.exr,/mnt/data_disk/ZQL/TIP_TMO_result/tradition/Reinhard(Global)/a4366.png,343,512,0.9509666420431727,0.9215289841870864,0.7983156583459124,0.6264502031000123,0.9311062335229693,0.3217941726770554,0.10680036246776581
a4368,/mnt/data_disk/HDRData/1000hdr/HDRtest/a4368-Duggan_090321_5857.exr,/mnt/data_disk/ZQL/TIP_TMO_result/tradition/Reinhard(Global)/a4368.png,341,512,0.9374303459665703,0.7867565203624816,0.9568057626540353,0.8132412000068321,0.7745178539543328,0.8519645460593315,0.22704747319221497
a4370,/mnt/data_disk/HDRData/1000hdr/HDRtest/a4370-DSC_0080.exr,/mnt/data_disk/ZQL/TIP_TMO_result/tradition/Reinhard(Global)/a4370.png,340,512,0.8754544840075322,0.7753994413048702,0.573140994293287,0.6757445712866491,0.8454179757670595,0.5060711668062388,0.1599258929491043
a4374,/mnt/data_disk/HDRData/1000hdr/HDRtest/a4374-09-05-19-at-17h54m57s-_MG_9531.exr,/mnt/data_disk/ZQL/TIP_TMO_result/tradition/Reinhard(Global)/a4374.png,341,512,0.9340415557752519,0.8295153109728896,0.8500910724359957,0.7113228101984752,0.7029528480151154,0.7196927723818352,0.1275603026151657
a4377,/mnt/data_disk/HDRData/1000hdr/HDRtest/a4377-IMG_4929.exr,/mnt/data_disk/ZQL/TIP_TMO_result/tradition/Reinhard(Global)/a4377.png,341,512,0.9352424958505295,0.8976179572262858,0.7359705389587938,0.57672881266982,0.9483240270046122,0.2051335983350279,0.12557153403759003
a4382,/mnt/data_disk/HDRData/1000hdr/HDRtest/a4382-DSC_0261.exr,/mnt/data_disk/ZQL/TIP_TMO_result/tradition/Reinhard(Global)/a4382.png,343,512,0.822444754474376,0.7678006321534772,0.2926164352903436,0.5709991838976437,0.8892348246306262,0.2527635431646612,0.18927356600761414
a4384,/mnt/data_disk/HDRData/1000hdr/HDRtest/a4384-DSC_0322.exr,/mnt/data_disk/ZQL/TIP_TMO_result/tradition/Reinhard(Global)/a4384.png,343,512,0.8419271606299361,0.6850445954222142,0.5368702253348248,0.4965415304492762,0.8515647460075843,0.14151831489096814,0.16899095475673676
a4385,/mnt/data_disk/HDRData/1000hdr/HDRtest/a4385-_DGW9650.exr,/mnt/data_disk/ZQL/TIP_TMO_result/tradition/Reinhard(Global)/a4385.png,341,512,0.9268638135091394,0.765876648365465,0.9255021452672225,0.8603087466632664,0.7428107262809898,0.9778067670455431,0.20282460749149323
a4386,/mnt/data_disk/HDRData/1000hdr/HDRtest/a4386-Duggan_090124_4632.exr,/mnt/data_disk/ZQL/TIP_TMO_result/tradition/Reinhard(Global)/a4386.png,341,512,0.8968486059673892,0.8125545959924121,0.6390530262657333,0.8183149807895804,0.860377136712013,0.7762528248671479,0.1481543779373169
a4392,/mnt/data_disk/HDRData/1000hdr/HDRtest/a4392-Duggan_090331_6554.exr,/mnt/data_disk/ZQL/TIP_TMO_result/tradition/Reinhard(Global)/a4392.png,341,512,0.8357904641657341,0.7961380760235397,0.318438460608721,0.6615642505725361,0.8488396796140122,0.47428882153105995,0.2624160349369049
a4394,/mnt/data_disk/HDRData/1000hdr/HDRtest/a4394-Duggan_090127_4837.exr,/mnt/data_disk/ZQL/TIP_TMO_result/tradition/Reinhard(Global)/a4394.png,341,512,0.9153414442850022,0.7058683038866418,0.9716933099548846,0.7247539561488479,0.8190762299065896,0.630431682391106,0.23110736906528473
a4395,/mnt/data_disk/HDRData/1000hdr/HDRtest/a4395-Duggan_090503_8734.exr,/mnt/data_disk/ZQL/TIP_TMO_result/tradition/Reinhard(Global)/a4395.png,341,512,0.7947388824254892,0.7920057994811481,0.13654492837177548,0.5337948703904325,0.9625965526562716,0.10499318812459328,0.09238523989915848
a4396,/mnt/data_disk/HDRData/1000hdr/HDRtest/a4396-DSC_0073-2.exr,/mnt/data_disk/ZQL/TIP_TMO_result/tradition/Reinhard(Global)/a4396.png,340,512,0.8871114621137063,0.8134160845689425,0.5777787567241248,0.6963160376887201,0.872833692494301,0.5197983828831392,0.1363745629787445
a4398,/mnt/data_disk/HDRData/1000hdr/HDRtest/a4398-Duggan_050709_1062.exr,/mnt/data_disk/ZQL/TIP_TMO_result/tradition/Reinhard(Global)/a4398.png,341,512,0.9253054324183909,0.7282862553799816,0.9933623093298097,0.8490985769912807,0.7942158134918049,0.9039813404907563,0.17861521244049072
a4399,/mnt/data_disk/HDRData/1000hdr/HDRtest/a4399-Duggan_080410_5879.exr,/mnt/data_disk/ZQL/TIP_TMO_result/tradition/Reinhard(Global)/a4399.png,341,512,0.9210469531709434,0.8359028764332894,0.7518868687734829,0.6214514397827197,0.873258845598453,0.36964403396698636,0.12633350491523743
a4409,/mnt/data_disk/HDRData/1000hdr/HDRtest/a4409-Duggan_090503_8738.exr,/mnt/data_disk/ZQL/TIP_TMO_result/tradition/Reinhard(Global)/a4409.png,341,512,0.944264420834162,0.9359766850610779,0.7299858674483385,0.5759462885208411,0.9061669264732971,0.245725650568385,0.20359820127487183
a4419,/mnt/data_disk/HDRData/1000hdr/HDRtest/a4419-_DGW0269.exr,/mnt/data_disk/ZQL/TIP_TMO_result/tradition/Reinhard(Global)/a4419.png,341,512,0.8427092638297045,0.8231269088453201,0.3148337533210375,0.7267263786331546,0.7986890068565005,0.6547637504098086,0.18753188848495483
a4420,/mnt/data_disk/HDRData/1000hdr/HDRtest/a4420-DSC_0054.exr,/mnt/data_disk/ZQL/TIP_TMO_result/tradition/Reinhard(Global)/a4420.png,343,512,0.8081041420149819,0.4770645252222866,0.7926550059192821,0.5801634851493349,0.413890029362664,0.7464369409360058,0.23895886540412903
a4421,/mnt/data_disk/HDRData/1000hdr/HDRtest/a4421-Duggan_090214_5129.exr,/mnt/data_disk/ZQL/TIP_TMO_result/tradition/Reinhard(Global)/a4421.png,341,512,0.9108623740362745,0.9423046331088663,0.5139936728009188,0.5313485049973781,0.9536426462869421,0.10905436370781398,0.12556049227714539
a4425,/mnt/data_disk/HDRData/1000hdr/HDRtest/a4425-DSC_0007.exr,/mnt/data_disk/ZQL/TIP_TMO_result/tradition/Reinhard(Global)/a4425.png,343,512,0.9006069427690897,0.8313014065938402,0.6298202402720872,0.5309595444303348,0.8358316695408257,0.22608741931984389,0.17369771003723145
a4430,/mnt/data_disk/HDRData/1000hdr/HDRtest/a4430-09-05-19-at-19h04m03s-_MG_9559.exr,/mnt/data_disk/ZQL/TIP_TMO_result/tradition/Reinhard(Global)/a4430.png,341,512,0.8514214732589724,0.6708453755100531,0.6218068731798347,0.8393996253438001,0.6909745293350229,0.9878247213525772,0.1136818677186966
a4431,/mnt/data_disk/HDRData/1000hdr/HDRtest/a4431-Duggan_090330_6282.exr,/mnt/data_disk/ZQL/TIP_TMO_result/tradition/Reinhard(Global)/a4431.png,341,512,0.9298151639547085,0.9026181913613106,0.6926035345865754,0.7875430161005432,0.8407521836265294,0.7343338485745572,0.1804143637418747
a4432,/mnt/data_disk/HDRData/1000hdr/HDRtest/a4432-Duggan_081114_3124.exr,/mnt/data_disk/ZQL/TIP_TMO_result/tradition/Reinhard(Global)/a4432.png,341,512,0.9071638900567968,0.6702712369058026,0.9935145341779634,0.8266834887967847,0.7142704998208156,0.9390964777727538,0.1854458600282669
a4433,/mnt/data_disk/HDRData/1000hdr/HDRtest/a4433-Duggan_090504_8957.exr,/mnt/data_disk/ZQL/TIP_TMO_result/tradition/Reinhard(Global)/a4433.png,341,512,0.9264647802909941,0.9258928540524514,0.6334501932861947,0.5267123196031784,0.9435484415888278,0.10987619761752913,0.17287273705005646
a4434,/mnt/data_disk/HDRData/1000hdr/HDRtest/a4434-20090414_at_23h05m38__MG_1365.exr,/mnt/data_disk/ZQL/TIP_TMO_result/tradition/Reinhard(Global)/a4434.png,341,512,0.7939098741093129,0.6786274858486883,0.2864250905610303,0.5590128117687229,0.7906136724573298,0.32741195108011595,0.05244690179824829
a4435,/mnt/data_disk/HDRData/1000hdr/HDRtest/a4435-WP_CRW_0591.exr,/mnt/data_disk/ZQL/TIP_TMO_result/tradition/Reinhard(Global)/a4435.png,341,512,0.8410181375887302,0.8015168015624481,0.33738006180443103,0.6921044673957913,0.8544766040840803,0.5297323307075024,0.21587392687797546
a4436,/mnt/data_disk/HDRData/1000hdr/HDRtest/a4436-DSC_0153.exr,/mnt/data_disk/ZQL/TIP_TMO_result/tradition/Reinhard(Global)/a4436.png,343,512,0.9404794831789606,0.8864740962016981,0.7896262379350196,0.6272561133992534,0.911497655998534,0.3430145707999726,0.15074113011360168
a4442,/mnt/data_disk/HDRData/1000hdr/HDRtest/a4442-Duggan_080629_9284.exr,/mnt/data_disk/ZQL/TIP_TMO_result/tradition/Reinhard(Global)/a4442.png,341,512,0.9270928300371095,0.7610296506285786,0.9370140119236726,0.7653531983294821,0.839519450614952,0.6911869460440123,0.18410146236419678
a4447,/mnt/data_disk/HDRData/1000hdr/HDRtest/a4447-Duggan_090321_5856.exr,/mnt/data_disk/ZQL/TIP_TMO_result/tradition/Reinhard(Global)/a4447.png,341,512,0.8909527246001522,0.7252489945181889,0.7651058714262925,0.6537620836884579,0.8792031974628284,0.42832096991408736,0.23815372586250305
a4448,/mnt/data_disk/HDRData/1000hdr/HDRtest/a4448-Duggan_080119_4778.exr,/mnt/data_disk/ZQL/TIP_TMO_result/tradition/Reinhard(Global)/a4448.png,341,512,0.9371294667894006,0.9335920656193756,0.6880934286317137,0.5776222716204009,0.9116007198501755,0.2436438233906262,0.10608917474746704
a4449,/mnt/data_disk/HDRData/1000hdr/HDRtest/a4449-DSC_0030.exr,/mnt/data_disk/ZQL/TIP_TMO_result/tradition/Reinhard(Global)/a4449.png,343,512,0.8914895018943644,0.6390102394648729,0.9552680571652431,0.7613213348139594,0.7835117479095902,0.7391309217183286,0.1796431988477707
a4452,/mnt/data_disk/HDRData/1000hdr/HDRtest/a4452-DSC_0084.exr,/mnt/data_disk/ZQL/TIP_TMO_result/tradition/Reinhard(Global)/a4452.png,340,512,0.8203917203684279,0.7353490462754991,0.33105997182670827,0.7172706690807354,0.8351803677568567,0.5993609704046142,0.22260183095932007
a4455,/mnt/data_disk/HDRData/1000hdr/HDRtest/a4455-Duggan_080106_4325.exr,/mnt/data_disk/ZQL/TIP_TMO_result/tradition/Reinhard(Global)/a4455.png,341,512,0.9116614761959084,0.8026659197831576,0.7514464815075633,0.7713601135579542,0.6223671558728769,0.9203530712430313,0.2477850317955017
a4456,/mnt/data_disk/HDRData/1000hdr/HDRtest/a4456-DSC_0472.exr,/mnt/data_disk/ZQL/TIP_TMO_result/tradition/Reinhard(Global)/a4456.png,343,512,0.7556420186976356,0.7046103448851276,0.08794259915282014,0.5024271514727501,0.8054665582419837,0.19938774470351645,0.1963573694229126
a4457,/mnt/data_disk/HDRData/1000hdr/HDRtest/a4457-_DSC0012-5.exr,/mnt/data_disk/ZQL/TIP_TMO_result/tradition/Reinhard(Global)/a4457.png,340,512,0.9021901590081876,0.8605390671469211,0.5902881337323693,0.6046761971125953,0.907065246717094,0.3022871475080966,0.09656110405921936
a4465,/mnt/data_disk/HDRData/1000hdr/HDRtest/a4465-DSC_0051.exr,/mnt/data_disk/ZQL/TIP_TMO_result/tradition/Reinhard(Global)/a4465.png,340,512,0.9255700666612168,0.8689460687635343,0.7227381724968351,0.6463368765558659,0.8912968296298325,0.40137692348189946,0.13110895454883575
a4466,/mnt/data_disk/HDRData/1000hdr/HDRtest/a4466-20090327_at_11h08m58__MG_0964.exr,/mnt/data_disk/ZQL/TIP_TMO_result/tradition/Reinhard(Global)/a4466.png,341,512,0.9420117791075484,0.8465698184247308,0.8722676529177787,0.7957975712190349,0.7666081415810669,0.8249870008570029,0.25385189056396484
a4467,/mnt/data_disk/HDRData/1000hdr/HDRtest/a4467-Duggan_090426_7873.exr,/mnt/data_disk/ZQL/TIP_TMO_result/tradition/Reinhard(Global)/a4467.png,341,512,0.9461865837846548,0.8213423183256948,0.949335638850201,0.6122771236746103,0.8134688328204157,0.41108541452880476,0.23538263142108917
a4470,/mnt/data_disk/HDRData/1000hdr/HDRtest/a4470-Duggan_090123_4566.exr,/mnt/data_disk/ZQL/TIP_TMO_result/tradition/Reinhard(Global)/a4470.png,341,512,0.9567129950498214,0.8517310343686831,0.9642555866206042,0.8848776524837404,0.8419553435000853,0.9277999614673955,0.21117423474788666
a4471,/mnt/data_disk/HDRData/1000hdr/HDRtest/a4471-Duggan_090321_5859.exr,/mnt/data_disk/ZQL/TIP_TMO_result/tradition/Reinhard(Global)/a4471.png,341,512,0.94657519640995,0.8098042789542407,0.9748315507220174,0.4293133840834014,0.8134437620689574,0.045183006097845445,0.230538010597229
a4472,/mnt/data_disk/HDRData/1000hdr/HDRtest/a4472-Duggan_090504_9026.exr,/mnt/data_disk/ZQL/TIP_TMO_result/tradition/Reinhard(Global)/a4472.png,341,512,0.951286198789992,0.8847950292381245,0.8651868738533897,0.6833170614559922,0.8755278695361073,0.49110625337587716,0.2986597716808319
a4474,/mnt/data_disk/HDRData/1000hdr/HDRtest/a4474-09-05-19-at-18h56m31s-_MG_9553.exr,/mnt/data_disk/ZQL/TIP_TMO_result/tradition/Reinhard(Global)/a4474.png,341,512,0.8859028288441783,0.8254544885682928,0.5502513702916756,0.6504343912248909,0.911895042873294,0.3889737395764877,0.1235538050532341
a4476,/mnt/data_disk/HDRData/1000hdr/HDRtest/a4476-IMG_4029.exr,/mnt/data_disk/ZQL/TIP_TMO_result/tradition/Reinhard(Global)/a4476.png,341,512,0.9490251080531114,0.8359452390119186,0.9407982648468373,0.707803227202721,0.8812448274418846,0.5343616269635574,0.14790616929531097
a4477,/mnt/data_disk/HDRData/1000hdr/HDRtest/a4477-20090327_at_06h09m52__MG_0855.exr,/mnt/data_disk/ZQL/TIP_TMO_result/tradition/Reinhard(Global)/a4477.png,341,512,0.9399809772735817,0.7890841908069368,0.9700047056581232,0.8046364806888459,0.7894069198518334,0.8198660415258583,0.21261177957057953
a4479,/mnt/data_disk/HDRData/1000hdr/HDRtest/a4479-09-05-19-at-18h39m42s-_MG_9545.exr,/mnt/data_disk/ZQL/TIP_TMO_result/tradition/Reinhard(Global)/a4479.png,341,512,0.7692764713651804,0.7526843834004063,0.0845011759186084,0.8435773026760796,0.7188492780097855,0.9683053273423735,0.21144446730613708
a4480,/mnt/data_disk/HDRData/1000hdr/HDRtest/a4480-Duggan_090201_4896.exr,/mnt/data_disk/ZQL/TIP_TMO_result/tradition/Reinhard(Global)/a4480.png,341,512,0.8815797998589757,0.6678859689811291,0.8223918367197923,0.4348007990734133,0.7260095505009189,0.14359204764590772,0.2450847029685974
a4487,/mnt/data_disk/HDRData/1000hdr/HDRtest/a4487-Duggan_090322_5971.exr,/mnt/data_disk/ZQL/TIP_TMO_result/tradition/Reinhard(Global)/a4487.png,341,512,0.8740237914153668,0.7138265069360372,0.6784847483952873,0.6011666179742345,0.8621400520546362,0.34019318389383296,0.19812121987342834
