id,hdr_path,ldr_path,height,width,tmqi_q,tmqi_s,tmqi_n,tmqi2_q,tmqi2_s,tmqi2_n,nlpd
a2808,/mnt/data_disk/HDRData/1000hdr/HDRtest/a2808-20080516_072208__MG_0018.exr,/mnt/data_disk/ZQL/TIP_TMO_result/dnn/G-SemTMO/a2808.png,341,512,0.7479106258051931,0.7795406227716992,0.005921279543873451,0.28182882097462475,0.5636576419492495,5.827393711264913e-24,0.16033615171909332
a2824,/mnt/data_disk/HDRData/1000hdr/HDRtest/a2824-dvf_035.exr,/mnt/data_disk/ZQL/TIP_TMO_result/dnn/G-SemTMO/a2824.png,341,512,0.5660021549365364,0.3194566838291972,6.826080365890368e-06,0.07800956078334727,0.15601912156669454,7.473455974104462e-81,0.07881056517362595
a2854,/mnt/data_disk/HDRData/1000hdr/HDRtest/a2854-NKIM_MG_7374.exr,/mnt/data_disk/ZQL/TIP_TMO_result/dnn/G-SemTMO/a2854.png,341,512,0.9160862561376076,0.9320167903646384,0.5604806218247437,0.6672045287324633,0.8980955247847636,0.43631353268016304,0.28734290599823
a2861,/mnt/data_disk/HDRData/1000hdr/HDRtest/a2861-IMG_4397.exr,/mnt/data_disk/ZQL/TIP_TMO_result/dnn/G-SemTMO/a2861.png,341,512,0.7275417363407534,0.7281642119559651,3.4700892226511426e-05,0.14447316102404117,0.28894632204808235,4.217498622069604e-74,0.12136326730251312
a2862,/mnt/data_disk/HDRData/1000hdr/HDRtest/a2862-_DSC0055.exr,/mnt/data_disk/ZQL/TIP_TMO_result/dnn/G-SemTMO/a2862.png,340,512,0.7842721084445924,0.8774478925601158,0.024518190748538136,0.3235438950647822,0.6470877901295644,4.491275613853254e-18,0.15017685294151306
a2876,/mnt/data_disk/HDRData/1000hdr/HDRtest/a2876-jn_20080130_Las_Vegas_0082.exr,/mnt/data_disk/ZQL/TIP_TMO_result/dnn/G-SemTMO/a2876.png,341,512,0.6368635173394784,0.4700645714674468,7.805255201237735e-05,0.11589248763244336,0.23178497526488673,1.0670157722321161e-59,0.15945173799991608
a2883,/mnt/data_disk/HDRData/1000hdr/HDRtest/a2883-_DSC0008-2.exr,/mnt/data_disk/ZQL/TIP_TMO_result/dnn/G-SemTMO/a2883.png,340,512,0.7121511019140823,0.6753322356407349,0.0007794790202109512,0.28987894781294504,0.5797578956258901,1.061545106880187e-39,0.07306654751300812
a2913,/mnt/data_disk/HDRData/1000hdr/HDRtest/a2913-IMG_0138.exr,/mnt/data_disk/ZQL/TIP_TMO_result/dnn/G-SemTMO/a2913.png,341,512,0.7879861943314141,0.8772072098368839,0.034094913650443086,0.4364414182750902,0.8728828365496705,5.098955120415268e-13,0.20020684599876404
a2933,/mnt/data_disk/HDRData/1000hdr/HDRtest/a2933-_I2E7313.exr,/mnt/data_disk/ZQL/TIP_TMO_result/dnn/G-SemTMO/a2933.png,341,512,0.6504843418753158,0.5043624910690244,1.0951896743486425e-05,0.10325579725903637,0.20651159451807274,8.524201334662193e-88,0.1303519308567047
a2956,/mnt/data_disk/HDRData/1000hdr/HDRtest/a2956-KE_-0035.exr,/mnt/data_disk/ZQL/TIP_TMO_result/dnn/G-SemTMO/a2956.png,340,512,0.7303874027968935,0.7188179051854492,0.006895278412262146,0.24519486280863387,0.49038972561726774,6.47983453758859e-31,0.12932994961738586
a2986,/mnt/data_disk/HDRData/1000hdr/HDRtest/a2986-_DGW6325.exr,/mnt/data_disk/ZQL/TIP_TMO_result/dnn/G-SemTMO/a2986.png,341,512,0.78285429830227,0.8971142053944838,0.010218702301954227,0.45479831505914764,0.9095966301182953,1.027330063893493e-17,0.2130613476037979
a3267,/mnt/data_disk/HDRData/1000hdr/HDRtest/a3267-WP_CRW_0087.exr,/mnt/data_disk/ZQL/TIP_TMO_result/dnn/G-SemTMO/a3267.png,341,512,0.7354854150103604,0.7276364130645832,0.011211141793149923,0.3243953750600315,0.648790750120063,7.39096676937874e-23,0.1609921157360077
a3285,/mnt/data_disk/HDRData/1000hdr/HDRtest/a3285-CRW_0291.exr,/mnt/data_disk/ZQL/TIP_TMO_result/dnn/G-SemTMO/a3285.png,341,512,0.7960192354459124,0.8755497616824979,0.05857649654310541,0.380964804276622,0.761929607714152,8.39092005865728e-10,0.2957867980003357
a3288,/mnt/data_disk/HDRData/1000hdr/HDRtest/a3288-KE_-0049.exr,/mnt/data_disk/ZQL/TIP_TMO_result/dnn/G-SemTMO/a3288.png,340,512,0.7659223932726298,0.8518047814074592,0.002600962040459357,0.321457212064627,0.642914424129254,1.9395483907801775e-42,0.1280592978000641
a3312,/mnt/data_disk/HDRData/1000hdr/HDRtest/a3312-IMG_1063.exr,/mnt/data_disk/ZQL/TIP_TMO_result/dnn/G-SemTMO/a3312.png,341,512,0.7583865069268679,0.822355805310901,0.0033806741953947205,0.2752525294847028,0.5505050589694056,2.2408620409751593e-46,0.1370813250541687
a3315,/mnt/data_disk/HDRData/1000hdr/HDRtest/a3315-MB_20030906_022.exr,/mnt/data_disk/ZQL/TIP_TMO_result/dnn/G-SemTMO/a3315.png,341,512,0.7785932259729672,0.868665189866214,0.016908104679974164,0.3674767001592709,0.7349534003185418,5.170529314326397e-21,0.26259732246398926
a3316,/mnt/data_disk/HDRData/1000hdr/HDRtest/a3316-20051225_163230__MG_1390.exr,/mnt/data_disk/ZQL/TIP_TMO_result/dnn/G-SemTMO/a3316.png,341,512,0.7863347745319352,0.9154707183510575,0.007848312946704376,0.3032901894629216,0.606580378925843,1.567351294084629e-16,0.10957489907741547
a3318,/mnt/data_disk/HDRData/1000hdr/HDRtest/a3318-JI2E5722.exr,/mnt/data_disk/ZQL/TIP_TMO_result/dnn/G-SemTMO/a3318.png,341,512,0.7448042402727765,0.7662632952283372,0.0071837746067866335,0.2753853341743265,0.550770668348653,1.1241415285878522e-22,0.1049572080373764
a3321,/mnt/data_disk/HDRData/1000hdr/HDRtest/a3321-DSC_0054.exr,/mnt/data_disk/ZQL/TIP_TMO_result/dnn/G-SemTMO/a3321.png,340,512,0.7405388931462519,0.7603027456650969,0.0033511092674790815,0.4093286786803804,0.8186573573607608,1.257443115232776e-22,0.1033654659986496
a3325,/mnt/data_disk/HDRData/1000hdr/HDRtest/a3325-050819_154342__MG_5227.exr,/mnt/data_disk/ZQL/TIP_TMO_result/dnn/G-SemTMO/a3325.png,341,512,0.7549521440517589,0.8197504400667798,0.00043104462405384284,0.3173027732069462,0.6346055464138924,3.697131786311252e-61,0.07326068729162216
a3337,/mnt/data_disk/HDRData/1000hdr/HDRtest/a3337-dgw_112.exr,/mnt/data_disk/ZQL/TIP_TMO_result/dnn/G-SemTMO/a3337.png,341,512,0.7778330038854365,0.8549067912314464,0.023655261999583333,0.3931194105474946,0.7862388210949891,1.0401582202783137e-16,0.29694095253944397
a3339,/mnt/data_disk/HDRData/1000hdr/HDRtest/a3339-_MG_7202.exr,/mnt/data_disk/ZQL/TIP_TMO_result/dnn/G-SemTMO/a3339.png,341,512,0.7154429705968988,0.6783979196098847,0.0034245825594818135,0.221867927904399,0.443735855808798,1.3478985777640548e-27,0.14664749801158905
a3341,/mnt/data_disk/HDRData/1000hdr/HDRtest/a3341-jmac_DSC2590.exr,/mnt/data_disk/ZQL/TIP_TMO_result/dnn/G-SemTMO/a3341.png,340,512,0.636480086288806,0.46962357567161256,6.596086891633541e-06,0.13890741072107585,0.2778148214421517,1.6707817871434145e-94,0.08276524394750595
a3344,/mnt/data_disk/HDRData/1000hdr/HDRtest/a3344-NKIM_MG_6348.exr,/mnt/data_disk/ZQL/TIP_TMO_result/dnn/G-SemTMO/a3344.png,341,512,0.7862810302302964,0.9364916998784031,0.0005201758634722715,0.2915658486612222,0.5831316973224444,2.78874372998261e-48,0.052447155117988586
a3345,/mnt/data_disk/HDRData/1000hdr/HDRtest/a3345-20080514_105211__MG_9917.exr,/mnt/data_disk/ZQL/TIP_TMO_result/dnn/G-SemTMO/a3345.png,341,512,0.7516140920923786,0.7919332137670868,0.00612456174239487,0.26246990688501975,0.5249398137700395,2.6778934235153114e-29,0.12504063546657562
a3351,/mnt/data_disk/HDRData/1000hdr/HDRtest/a3351-KE_-1722.exr,/mnt/data_disk/ZQL/TIP_TMO_result/dnn/G-SemTMO/a3351.png,340,512,0.7137070518645627,0.6810925525100251,0.0005397560531068366,0.3157866966387488,0.6315733932774976,2.8024053255349933e-41,0.11225490272045135
a3356,/mnt/data_disk/HDRData/1000hdr/HDRtest/a3356-_DSC9981.exr,/mnt/data_disk/ZQL/TIP_TMO_result/dnn/G-SemTMO/a3356.png,341,512,0.7293736071413738,0.730198834923109,0.0008738967706721346,0.2205463274073337,0.4410926548146674,1.8937464688131337e-51,0.13124792277812958
a3360,/mnt/data_disk/HDRData/1000hdr/HDRtest/a3360-IMG_0017.exr,/mnt/data_disk/ZQL/TIP_TMO_result/dnn/G-SemTMO/a3360.png,341,512,0.8024180517833898,0.940145671451896,0.02893769686058251,0.4461825818425568,0.8923651636851136,1.407725403797371e-17,0.1519118994474411
a3365,/mnt/data_disk/HDRData/1000hdr/HDRtest/a3365-jn_20071207_Xmas_House_0124.exr,/mnt/data_disk/ZQL/TIP_TMO_result/dnn/G-SemTMO/a3365.png,341,512,0.6738741691503484,0.5663727649164823,1.2500721756313123e-05,0.11966508744089069,0.23933017488178138,1.319711854000425e-87,0.07948435842990875
a3366,/mnt/data_disk/HDRData/1000hdr/HDRtest/a3366-Ja_Pe-6.exr,/mnt/data_disk/ZQL/TIP_TMO_result/dnn/G-SemTMO/a3366.png,288,512,0.7625778283678194,0.8214816779583266,0.01067334227243496,0.3902221752355722,0.7804443504711444,3.3241769771495926e-22,0.1856922209262848
a3369,/mnt/data_disk/HDRData/1000hdr/HDRtest/a3369-IMG_0004.exr,/mnt/data_disk/ZQL/TIP_TMO_result/dnn/G-SemTMO/a3369.png,341,512,0.7850384253551477,0.8956239612284063,0.015342841715999467,0.4065627928463062,0.8131255856926124,4.407832442944303e-18,0.21765394508838654
a3371,/mnt/data_disk/HDRData/1000hdr/HDRtest/a3371-07-12-01-at-11h32m58s-_MG_8498.exr,/mnt/data_disk/ZQL/TIP_TMO_result/dnn/G-SemTMO/a3371.png,341,512,0.8200658754419444,0.8522379553316644,0.17141110520974268,0.35119617518766816,0.7022628679457549,0.00012948242958139305,0.19904601573944092
a3382,/mnt/data_disk/HDRData/1000hdr/HDRtest/a3382-IMG_4032.exr,/mnt/data_disk/ZQL/TIP_TMO_result/dnn/G-SemTMO/a3382.png,341,512,0.7440899701505057,0.7542304918631645,0.01239777602312089,0.3616840678709317,0.7233681357418631,2.832577299941291e-16,0.11939205974340439
a3388,/mnt/data_disk/HDRData/1000hdr/HDRtest/a3388-jmac_DSC2214.exr,/mnt/data_disk/ZQL/TIP_TMO_result/dnn/G-SemTMO/a3388.png,340,512,0.7450353509868471,0.7776175439092199,0.002600249822606743,0.2754561838999817,0.5509123677999634,6.185447185534237e-33,0.10568208992481232
a3390,/mnt/data_disk/HDRData/1000hdr/HDRtest/a3390-dgw_070.exr,/mnt/data_disk/ZQL/TIP_TMO_result/dnn/G-SemTMO/a3390.png,341,512,0.7318256630115803,0.7143632748328868,0.012000025043212069,0.2825728557917506,0.5651457115835012,2.385207960787029e-26,0.19333705306053162
a3391,/mnt/data_disk/HDRData/1000hdr/HDRtest/a3391-050904_125814__I2E8654.exr,/mnt/data_disk/ZQL/TIP_TMO_result/dnn/G-SemTMO/a3391.png,341,512,0.7165466177902725,0.6897015411328602,0.0006268549858589383,0.24768614482074516,0.4953722896414903,4.624781389054593e-40,0.17419034242630005
a3393,/mnt/data_disk/HDRData/1000hdr/HDRtest/a3393-_DSC0057.exr,/mnt/data_disk/ZQL/TIP_TMO_result/dnn/G-SemTMO/a3393.png,340,512,0.7909776346904792,0.9458583300473059,0.0030129198268396638,0.38436731919673883,0.7687346383934777,2.314862741999952e-52,0.11588224768638611
a3394,/mnt/data_disk/HDRData/1000hdr/HDRtest/a3394-_DGW6419.exr,/mnt/data_disk/ZQL/TIP_TMO_result/dnn/G-SemTMO/a3394.png,341,512,0.7804168879538174,0.7634342002580943,0.11325860464198019,0.26832949196860534,0.5366585324138612,4.515233495207e-07,0.3183943033218384
a3400,/mnt/data_disk/HDRData/1000hdr/HDRtest/a3400-07-11-04-at-17h36m14s-_MG_4004.exr,/mnt/data_disk/ZQL/TIP_TMO_result/dnn/G-SemTMO/a3400.png,341,512,0.7662671651697242,0.8495064938990636,0.0038989710835046296,0.3054711717495081,0.6109423434990162,2.0448882714318417e-33,0.16343159973621368
a3401,/mnt/data_disk/HDRData/1000hdr/HDRtest/a3401-20061111_122429__E6B5415.exr,/mnt/data_disk/ZQL/TIP_TMO_result/dnn/G-SemTMO/a3401.png,341,512,0.7958151325940125,0.9657466936305723,0.002791178399075756,0.3982786693074444,0.7965573386148888,1.6441613009203225e-41,0.09129787236452103
a3402,/mnt/data_disk/HDRData/1000hdr/HDRtest/a3402-jmac_DSC3153.exr,/mnt/data_disk/ZQL/TIP_TMO_result/dnn/G-SemTMO/a3402.png,340,512,0.7886867699759863,0.9212489756972948,0.009368392460075247,0.4025991508301074,0.8051983016602148,1.0196322717813817e-26,0.12853866815567017
a3413,/mnt/data_disk/HDRData/1000hdr/HDRtest/a3413-20041217_193556__E6B0485.exr,/mnt/data_disk/ZQL/TIP_TMO_result/dnn/G-SemTMO/a3413.png,341,512,0.7153394202802582,0.6867003960866447,0.000424640187376542,0.25706736149669485,0.5141347229933897,1.958725506037571e-38,0.1258319914340973
a3414,/mnt/data_disk/HDRData/1000hdr/HDRtest/a3414-DSC_0002.exr,/mnt/data_disk/ZQL/TIP_TMO_result/dnn/G-SemTMO/a3414.png,340,512,0.7720131736710458,0.8666949432871127,0.005505575232671515,0.3171766020097892,0.6343532040195784,1.2062174623889378e-31,0.1344529688358307
a3415,/mnt/data_disk/HDRData/1000hdr/HDRtest/a3415-jmac_DSC6092.exr,/mnt/data_disk/ZQL/TIP_TMO_result/dnn/G-SemTMO/a3415.png,340,512,0.8051148008497414,0.910111154798931,0.058478798994263316,0.3676052940413399,0.7352099372253701,6.508573097566021e-07,0.10826876014471054
a3416,/mnt/data_disk/HDRData/1000hdr/HDRtest/a3416-IMG_4746.exr,/mnt/data_disk/ZQL/TIP_TMO_result/dnn/G-SemTMO/a3416.png,341,512,0.7701316291930922,0.8619496731326414,0.004593354491649804,0.4243942381985145,0.848788476397029,2.958165902391911e-27,0.1837223619222641
a3418,/mnt/data_disk/HDRData/1000hdr/HDRtest/a3418-2004-02-07 16-53-50 CRW_3754.exr,/mnt/data_disk/ZQL/TIP_TMO_result/dnn/G-SemTMO/a3418.png,341,512,0.7656958656582563,0.8596355931254678,0.00025850962205586355,0.2834427060445595,0.566885412089119,8.415539924895632e-53,0.06700541079044342
a3422,/mnt/data_disk/HDRData/1000hdr/HDRtest/a3422-WP_CRW_0302.exr,/mnt/data_disk/ZQL/TIP_TMO_result/dnn/G-SemTMO/a3422.png,341,512,0.8407526952450275,0.9006694020980892,0.205128282474268,0.37910842415940577,0.7559826449980696,0.002234203320742012,0.13891156017780304
a3424,/mnt/data_disk/HDRData/1000hdr/HDRtest/a3424-CRW_0163.exr,/mnt/data_disk/ZQL/TIP_TMO_result/dnn/G-SemTMO/a3424.png,341,512,0.7928553732313812,0.9024084420115964,0.029414657681512756,0.37154609580584735,0.7430921916116945,1.945455865469699e-16,0.20539414882659912
a3431,/mnt/data_disk/HDRData/1000hdr/HDRtest/a3431-_DSC0103-3.exr,/mnt/data_disk/ZQL/TIP_TMO_result/dnn/G-SemTMO/a3431.png,340,512,0.7739836939094173,0.8886639513506949,0.0006359726047890642,0.3146849417469965,0.629369883493993,9.719270164826742e-57,0.08960170298814774
a3432,/mnt/data_disk/HDRData/1000hdr/HDRtest/a3432-jmac_DSC3184.exr,/mnt/data_disk/ZQL/TIP_TMO_result/dnn/G-SemTMO/a3432.png,340,512,0.7509941366230454,0.8071819661317178,0.00015768734600220402,0.18247894347108362,0.36495788694216724,4.6947487736785546e-64,0.07647234946489334
a3433,/mnt/data_disk/HDRData/1000hdr/HDRtest/a3433-NKIM_MG_8213.exr,/mnt/data_disk/ZQL/TIP_TMO_result/dnn/G-SemTMO/a3433.png,341,512,0.7726264732973591,0.8162923353493008,0.03768611934804616,0.37523477238025604,0.7504695447604776,3.453024949685446e-14,0.17308692634105682
a3439,/mnt/data_disk/HDRData/1000hdr/HDRtest/a3439-IMG_3798.exr,/mnt/data_disk/ZQL/TIP_TMO_result/dnn/G-SemTMO/a3439.png,341,512,0.7722475909847553,0.8830323784146892,0.0004451637920221612,0.44841585989906785,0.8968317197981357,3.8833878245769657e-45,0.0922275260090828
a3441,/mnt/data_disk/HDRData/1000hdr/HDRtest/a3441-dgw_064.exr,/mnt/data_disk/ZQL/TIP_TMO_result/dnn/G-SemTMO/a3441.png,341,512,0.8555265335891694,0.7856810585624705,0.43991988217756817,0.7995394194501639,0.6992582748405983,0.8998205640597295,0.24540551006793976
a3444,/mnt/data_disk/HDRData/1000hdr/HDRtest/a3444-WP_CRW_6313.exr,/mnt/data_disk/ZQL/TIP_TMO_result/dnn/G-SemTMO/a3444.png,341,512,0.7351645086907173,0.7497144837418405,0.0008003477934937929,0.21213482343726592,0.42426964687453184,1.854791401889606e-44,0.10080203413963318
a3446,/mnt/data_disk/HDRData/1000hdr/HDRtest/a3446-050730_134124__MG_3716.exr,/mnt/data_disk/ZQL/TIP_TMO_result/dnn/G-SemTMO/a3446.png,341,512,0.7919624067465598,0.8808715177845035,0.04231154832053557,0.37108192485707087,0.7421592894953016,4.560218840134308e-06,0.17878493666648865
a3448,/mnt/data_disk/HDRData/1000hdr/HDRtest/a3448-IMG_0113.exr,/mnt/data_disk/ZQL/TIP_TMO_result/dnn/G-SemTMO/a3448.png,341,512,0.7677524416851795,0.8450658578615079,0.008194619648055923,0.3541623020432965,0.708324604086593,2.9256776022704217e-33,0.17648246884346008
a3449,/mnt/data_disk/HDRData/1000hdr/HDRtest/a3449-jmac_DSC2669.exr,/mnt/data_disk/ZQL/TIP_TMO_result/dnn/G-SemTMO/a3449.png,340,512,0.741859324360054,0.7645950158531148,0.0034262788585622686,0.34163460198313644,0.6832692039662729,2.102365336963938e-34,0.12106003612279892
a3451,/mnt/data_disk/HDRData/1000hdr/HDRtest/a3451-IMG_1088.exr,/mnt/data_disk/ZQL/TIP_TMO_result/dnn/G-SemTMO/a3451.png,341,512,0.7807794309253251,0.8620378560505528,0.026102821280665257,0.3634084467254006,0.7268168934504202,3.8097731213526133e-13,0.23486769199371338
a3452,/mnt/data_disk/HDRData/1000hdr/HDRtest/a3452-IMG_1205.exr,/mnt/data_disk/ZQL/TIP_TMO_result/dnn/G-SemTMO/a3452.png,341,512,0.7855321675961805,0.9281239699177295,0.001886539160226453,0.38282117888417017,0.7656423577683403,1.759693137455167e-19,0.07942207157611847
a3456,/mnt/data_disk/HDRData/1000hdr/HDRtest/a3456-DSC_0006-1-2.exr,/mnt/data_disk/ZQL/TIP_TMO_result/dnn/G-SemTMO/a3456.png,340,512,0.7457185521259828,0.7826202579438821,0.0016923039729781542,0.2949121525407985,0.589824305081597,1.385083745575573e-29,0.11001886427402496
a3457,/mnt/data_disk/HDRData/1000hdr/HDRtest/a3457-NKIM_025.exr,/mnt/data_disk/ZQL/TIP_TMO_result/dnn/G-SemTMO/a3457.png,341,512,0.8190869455537787,0.941884780199308,0.07723278314497051,0.41652293327116596,0.8330458512717894,1.5270542510917325e-08,0.1450974941253662
a3460,/mnt/data_disk/HDRData/1000hdr/HDRtest/a3460-20080514_105637__MG_9928.exr,/mnt/data_disk/ZQL/TIP_TMO_result/dnn/G-SemTMO/a3460.png,341,512,0.7690216927733003,0.8623080627887241,0.0029144096780457313,0.3229125827491398,0.6458251654982796,2.7128417697331987e-39,0.13924601674079895
a3462,/mnt/data_disk/HDRData/1000hdr/HDRtest/a3462-dgw_051.exr,/mnt/data_disk/ZQL/TIP_TMO_result/dnn/G-SemTMO/a3462.png,341,512,0.7905799665846488,0.7909483985472675,0.12147750680332663,0.376668300938257,0.7533365868477709,1.5028742975472794e-08,0.23213796317577362
a3464,/mnt/data_disk/HDRData/1000hdr/HDRtest/a3464-tc_DSC2199.exr,/mnt/data_disk/ZQL/TIP_TMO_result/dnn/G-SemTMO/a3464.png,340,512,0.73837425956882,0.7566358327135795,0.0019916498188873094,0.32621600199367395,0.6524320039873479,1.6104059251879414e-44,0.12476397305727005
a3465,/mnt/data_disk/HDRData/1000hdr/HDRtest/a3465-20060619_114622__MG_9153.exr,/mnt/data_disk/ZQL/TIP_TMO_result/dnn/G-SemTMO/a3465.png,341,512,0.7918346553383956,0.8959647194950464,0.031138110171504647,0.35674257380583624,0.7134851470926755,5.18996906298839e-10,0.14308923482894897
a3466,/mnt/data_disk/HDRData/1000hdr/HDRtest/a3466-IMG_3941.exr,/mnt/data_disk/ZQL/TIP_TMO_result/dnn/G-SemTMO/a3466.png,341,512,0.7873463394232181,0.9038413184202362,0.01565835924007207,0.3274158294890055,0.654831658978011,7.227869694627915e-23,0.13624368607997894
a3468,/mnt/data_disk/HDRData/1000hdr/HDRtest/a3468-IMG_4793.exr,/mnt/data_disk/ZQL/TIP_TMO_result/dnn/G-SemTMO/a3468.png,341,512,0.7966090667865752,0.9420459203071554,0.014411684905764931,0.45135431721120123,0.9027086344224025,6.605392605121597e-28,0.12355363368988037
a3470,/mnt/data_disk/HDRData/1000hdr/HDRtest/a3470-IMG_0835.exr,/mnt/data_disk/ZQL/TIP_TMO_result/dnn/G-SemTMO/a3470.png,341,512,0.7747816341995777,0.8618933855657122,0.012781109052496738,0.35342238038453244,0.7068447607690649,3.5509246685285934e-23,0.1998109668493271
a3474,/mnt/data_disk/HDRData/1000hdr/HDRtest/a3474-jmac_MG_1125.exr,/mnt/data_disk/ZQL/TIP_TMO_result/dnn/G-SemTMO/a3474.png,341,512,0.7938308392711851,0.9179921597651466,0.021890646178998805,0.4037231378018722,0.8074453703310563,9.052726879809639e-07,0.09265737980604172
a3477,/mnt/data_disk/HDRData/1000hdr/HDRtest/a3477-_DSC0048.exr,/mnt/data_disk/ZQL/TIP_TMO_result/dnn/G-SemTMO/a3477.png,340,512,0.7853831094694758,0.918628896057571,0.004970628567547848,0.38687494434313646,0.7737498886862729,1.0999648948252248e-35,0.13668280839920044
a3483,/mnt/data_disk/HDRData/1000hdr/HDRtest/a3483-_DSC0023-1.exr,/mnt/data_disk/ZQL/TIP_TMO_result/dnn/G-SemTMO/a3483.png,340,512,0.7110398968890026,0.6741202597442901,0.0002292388112325925,0.2823159426943274,0.5646318853886548,1.3088949770710054e-36,0.05962109565734863
a3486,/mnt/data_disk/HDRData/1000hdr/HDRtest/a3486-jmac_DSC3897.exr,/mnt/data_disk/ZQL/TIP_TMO_result/dnn/G-SemTMO/a3486.png,343,512,0.7728815554297908,0.8729174361045065,0.004292930080084643,0.34782476691212877,0.6956495338242575,3.0370608464715037e-27,0.14880850911140442
a3491,/mnt/data_disk/HDRData/1000hdr/HDRtest/a3491-DSC_0091.exr,/mnt/data_disk/ZQL/TIP_TMO_result/dnn/G-SemTMO/a3491.png,340,512,0.7793041569535981,0.8932946876867022,0.005813183508128471,0.34382364507664526,0.6876472901532905,4.3730334760159437e-26,0.1244511753320694
a3493,/mnt/data_disk/HDRData/1000hdr/HDRtest/a3493-IMG_0279.exr,/mnt/data_disk/ZQL/TIP_TMO_result/dnn/G-SemTMO/a3493.png,341,512,0.7559395246172795,0.8045631599810869,0.0073148017685711764,0.312439708578788,0.624879417157576,1.2180201281334147e-36,0.17365215718746185
a3499,/mnt/data_disk/HDRData/1000hdr/HDRtest/a3499-jn_2007_12_11__BU_CRUISE_019.exr,/mnt/data_disk/ZQL/TIP_TMO_result/dnn/G-SemTMO/a3499.png,341,512,0.7372123939562789,0.7584994031260756,0.0003513867519063985,0.2862791870705,0.572558374141,4.376580683939595e-65,0.0859580710530281
a3503,/mnt/data_disk/HDRData/1000hdr/HDRtest/a3503-050731_155906__I2E5378.exr,/mnt/data_disk/ZQL/TIP_TMO_result/dnn/G-SemTMO/a3503.png,341,512,0.7698825514117443,0.8093325017568234,0.035567433599027545,0.27967136936620735,0.5593427387034127,2.9002019358735998e-11,0.1334882527589798
a3504,/mnt/data_disk/HDRData/1000hdr/HDRtest/a3504-IMG_0903.exr,/mnt/data_disk/ZQL/TIP_TMO_result/dnn/G-SemTMO/a3504.png,341,512,0.7973807509756715,0.95828070221639,0.008043865560322558,0.4448531069519083,0.8897062139038165,8.644883259923985e-26,0.12120945006608963
a3505,/mnt/data_disk/HDRData/1000hdr/HDRtest/a3505-CRW_0288.exr,/mnt/data_disk/ZQL/TIP_TMO_result/dnn/G-SemTMO/a3505.png,341,512,0.9088751984603073,0.8935958067113091,0.5772231313501893,0.9472026900488224,0.9092340872153687,0.9851712928822761,0.20875175297260284
a3508,/mnt/data_disk/HDRData/1000hdr/HDRtest/a3508-NKIM_095.exr,/mnt/data_disk/ZQL/TIP_TMO_result/dnn/G-SemTMO/a3508.png,341,512,0.7800368263895766,0.8690443081332363,0.019880965938377113,0.3655569669832773,0.7311139339665538,7.337238752102161e-16,0.25545528531074524
a3509,/mnt/data_disk/HDRData/1000hdr/HDRtest/a3509-_DGW6337.exr,/mnt/data_disk/ZQL/TIP_TMO_result/dnn/G-SemTMO/a3509.png,341,512,0.8476370522035099,0.9173332758806098,0.21657740472040607,0.3813734752666784,0.7620057843499816,0.0007411661833752695,0.31454843282699585
a3510,/mnt/data_disk/HDRData/1000hdr/HDRtest/a3510-JI2E4365.exr,/mnt/data_disk/ZQL/TIP_TMO_result/dnn/G-SemTMO/a3510.png,341,512,0.776981526507246,0.7929339970432986,0.07085931663880408,0.3266504096231552,0.6533008186140657,6.32244676819257e-10,0.21499879658222198
a3511,/mnt/data_disk/HDRData/1000hdr/HDRtest/a3511-jmac_MG_0542.exr,/mnt/data_disk/ZQL/TIP_TMO_result/dnn/G-SemTMO/a3511.png,341,512,0.7811792766114859,0.9100951485989791,0.0022534791429276784,0.43275417282604767,0.8655083456520953,1.464617843276142e-51,0.1105947196483612
a3512,/mnt/data_disk/HDRData/1000hdr/HDRtest/a3512-LSstone_060805_9380.exr,/mnt/data_disk/ZQL/TIP_TMO_result/dnn/G-SemTMO/a3512.png,341,512,0.6668296140328028,0.546153918954983,0.00018057541771694538,0.1757151069612239,0.3514302139224478,4.2742850427068697e-66,0.14364472031593323
a3521,/mnt/data_disk/HDRData/1000hdr/HDRtest/a3521-JI2E5091.exr,/mnt/data_disk/ZQL/TIP_TMO_result/dnn/G-SemTMO/a3521.png,341,512,0.7245138551421313,0.7123495993976257,0.001475997960029265,0.3047974124133804,0.6095948248267608,7.876707135992071e-35,0.1076338142156601
a3522,/mnt/data_disk/HDRData/1000hdr/HDRtest/a3522-IMG_4772.exr,/mnt/data_disk/ZQL/TIP_TMO_result/dnn/G-SemTMO/a3522.png,341,512,0.7466198519641059,0.7848177070504216,0.001993923253064889,0.33331933786802653,0.6666386757360531,7.157395626352374e-47,0.1052873432636261
a3525,/mnt/data_disk/HDRData/1000hdr/HDRtest/a3525-IMG_0713.exr,/mnt/data_disk/ZQL/TIP_TMO_result/dnn/G-SemTMO/a3525.png,341,512,0.8815558331052636,0.9804670151874687,0.30236070110620933,0.5145511140906067,0.9320435629936458,0.0970586651875677,0.15740333497524261
a3529,/mnt/data_disk/HDRData/1000hdr/HDRtest/a3529-WP_CRW_0659.exr,/mnt/data_disk/ZQL/TIP_TMO_result/dnn/G-SemTMO/a3529.png,341,512,0.7933814385870156,0.9267043367905661,0.015872408267498365,0.3424040550827454,0.6848081101654002,9.05435818139825e-14,0.136270210146904
a3531,/mnt/data_disk/HDRData/1000hdr/HDRtest/a3531-07-06-30-at-04h02m08s-_MG_1936.exr,/mnt/data_disk/ZQL/TIP_TMO_result/dnn/G-SemTMO/a3531.png,341,512,0.6828478014557032,0.5885370869257489,0.0006670075252807785,0.17073167054679178,0.34146334109358356,8.873173591728034e-52,0.16179955005645752
a3540,/mnt/data_disk/HDRData/1000hdr/HDRtest/a3540-07-12-02-at-14h05m14s-_MG_8949.exr,/mnt/data_disk/ZQL/TIP_TMO_result/dnn/G-SemTMO/a3540.png,341,512,0.8095897247018898,0.9132463599400618,0.07015161139551028,0.36181313987002917,0.7236262719892528,7.75080554390907e-09,0.1884487122297287
a3541,/mnt/data_disk/HDRData/1000hdr/HDRtest/a3541-IMG_4107.exr,/mnt/data_disk/ZQL/TIP_TMO_result/dnn/G-SemTMO/a3541.png,341,512,0.7678941283295098,0.8456110694238227,0.008180852742458994,0.31997821468003335,0.6399564293600667,1.3099733950600868e-17,0.11331407725811005
a3545,/mnt/data_disk/HDRData/1000hdr/HDRtest/a3545-jmac_DSC0491.exr,/mnt/data_disk/ZQL/TIP_TMO_result/dnn/G-SemTMO/a3545.png,340,512,0.7739750321070399,0.88099916044628,0.0028299022393150812,0.3453002538658411,0.6906005077316822,1.2723413122198117e-32,0.08187394589185715
a3548,/mnt/data_disk/HDRData/1000hdr/HDRtest/a3548-CRW_0993.exr,/mnt/data_disk/ZQL/TIP_TMO_result/dnn/G-SemTMO/a3548.png,341,512,0.7708625607851367,0.8761723258823214,0.0008125400202263884,0.2653960872886008,0.5307921745772016,7.122004742166953e-47,0.09662278741598129
a3549,/mnt/data_disk/HDRData/1000hdr/HDRtest/a3549-KE_-2455.exr,/mnt/data_disk/ZQL/TIP_TMO_result/dnn/G-SemTMO/a3549.png,340,512,0.7516303511566169,0.7993157900790051,0.0030467620914697837,0.3345665312993663,0.6691330625987326,2.874442064721758e-28,0.08858131617307663
a3557,/mnt/data_disk/HDRData/1000hdr/HDRtest/a3557-IMG_1507.exr,/mnt/data_disk/ZQL/TIP_TMO_result/dnn/G-SemTMO/a3557.png,341,512,0.7767263554352372,0.8961637806704104,0.001351615544846479,0.416607262280948,0.833214524561896,3.901950452601426e-24,0.07418141514062881
a3563,/mnt/data_disk/HDRData/1000hdr/HDRtest/a3563-07-11-30-at-15h55m08s-_MG_8326.exr,/mnt/data_disk/ZQL/TIP_TMO_result/dnn/G-SemTMO/a3563.png,341,512,0.6291849078885451,0.44769517824857136,0.0014673050717873008,0.13747168663353992,0.27494337326707985,4.8463300510061955e-18,0.13661140203475952
a3571,/mnt/data_disk/HDRData/1000hdr/HDRtest/a3571-IMG_0290.exr,/mnt/data_disk/ZQL/TIP_TMO_result/dnn/G-SemTMO/a3571.png,341,512,0.7001126404646952,0.6420042468975489,1.6813486588268786e-05,0.32708766609419365,0.6541753321883873,3.543907100105835e-74,0.07050447165966034
a3575,/mnt/data_disk/HDRData/1000hdr/HDRtest/a3575-IMG_0834.exr,/mnt/data_disk/ZQL/TIP_TMO_result/dnn/G-SemTMO/a3575.png,341,512,0.7595657695940626,0.80334906333071,0.014853677903658475,0.3585320245750494,0.7170640491500988,1.075554764576336e-24,0.18585708737373352
a3576,/mnt/data_disk/HDRData/1000hdr/HDRtest/a3576-LS051026_day_15_LL003.exr,/mnt/data_disk/ZQL/TIP_TMO_result/dnn/G-SemTMO/a3576.png,341,512,0.7930068962464777,0.9506204492955359,0.004144247134227217,0.41368335823048463,0.8273667164609693,7.505204900754223e-29,0.1322486251592636
a3585,/mnt/data_disk/HDRData/1000hdr/HDRtest/a3585-IMG_4211.exr,/mnt/data_disk/ZQL/TIP_TMO_result/dnn/G-SemTMO/a3585.png,341,512,0.7341922272507992,0.7493418239658638,0.0001613597795178676,0.2898528051953712,0.5797056103907424,1.6797975612910688e-64,0.14035826921463013
a3586,/mnt/data_disk/HDRData/1000hdr/HDRtest/a3586-IMG_4591.exr,/mnt/data_disk/ZQL/TIP_TMO_result/dnn/G-SemTMO/a3586.png,341,512,0.8964536225995307,0.8979169099332552,0.49695239180167716,0.42362476279075567,0.8351657210655,0.012083804516011286,0.16018958389759064
a3588,/mnt/data_disk/HDRData/1000hdr/HDRtest/a3588-CRW_0983.exr,/mnt/data_disk/ZQL/TIP_TMO_result/dnn/G-SemTMO/a3588.png,341,512,0.7518034109549715,0.801293245899735,0.0025469471091721365,0.2331344789581565,0.466268957916313,6.621910026122742e-39,0.11232847720384598
a3591,/mnt/data_disk/HDRData/1000hdr/HDRtest/a3591-07-11-30-at-16h19m33s-_MG_8384.exr,/mnt/data_disk/ZQL/TIP_TMO_result/dnn/G-SemTMO/a3591.png,341,512,0.7823457048691889,0.8773962959882601,0.020037835326863634,0.3273856291098902,0.6547712575118141,7.079663231826765e-10,0.17424693703651428
a3593,/mnt/data_disk/HDRData/1000hdr/HDRtest/a3593-_DSC5689.exr,/mnt/data_disk/ZQL/TIP_TMO_result/dnn/G-SemTMO/a3593.png,341,512,0.7193865579870486,0.6757850198314508,0.0113923981620967,0.18857948880423803,0.3771589776084753,7.532913644572953e-16,0.23774775862693787
a3600,/mnt/data_disk/HDRData/1000hdr/HDRtest/a3600-JI2E3496.exr,/mnt/data_disk/ZQL/TIP_TMO_result/dnn/G-SemTMO/a3600.png,341,512,0.8092248865440749,0.875872451753599,0.10311752816911923,0.3644751211477052,0.7289190899895867,3.115230582375908e-05,0.175742506980896
a3602,/mnt/data_disk/HDRData/1000hdr/HDRtest/a3602-_DSC9759.exr,/mnt/data_disk/ZQL/TIP_TMO_result/dnn/G-SemTMO/a3602.png,341,512,0.7829579946615856,0.8817021275358657,0.018829090270824814,0.39543837720571184,0.7908767544113106,1.1312979218090633e-13,0.11240575462579727
a3605,/mnt/data_disk/HDRData/1000hdr/HDRtest/a3605-IMG_2772.exr,/mnt/data_disk/ZQL/TIP_TMO_result/dnn/G-SemTMO/a3605.png,341,512,0.77361234771425,0.8837355087800072,0.0015367431310347847,0.3692516119376004,0.7385032238752008,1.3582224206736884e-42,0.09096726775169373
a3608,/mnt/data_disk/HDRData/1000hdr/HDRtest/a3608-NKIM_MG_7004.exr,/mnt/data_disk/ZQL/TIP_TMO_result/dnn/G-SemTMO/a3608.png,341,512,0.7756796544090571,0.8626009863696027,0.014212208823098316,0.35039510671289614,0.7007902134256709,1.2129826050070184e-13,0.0912158340215683
a3609,/mnt/data_disk/HDRData/1000hdr/HDRtest/a3609-IMG_1702.exr,/mnt/data_disk/ZQL/TIP_TMO_result/dnn/G-SemTMO/a3609.png,341,512,0.7942189592276475,0.9178555319235691,0.022884751385283723,0.3445535581094994,0.6891071161262966,9.2702137061301e-11,0.12797702848911285
a3613,/mnt/data_disk/HDRData/1000hdr/HDRtest/a3613-_DSC3264.exr,/mnt/data_disk/ZQL/TIP_TMO_result/dnn/G-SemTMO/a3613.png,341,512,0.7388975714664878,0.7505433450109252,0.005160150003885778,0.27048904057484635,0.5409780811496927,4.949377753019783e-32,0.1729237288236618
a3623,/mnt/data_disk/HDRData/1000hdr/HDRtest/a3623-20051220_201437__MG_9239.exr,/mnt/data_disk/ZQL/TIP_TMO_result/dnn/G-SemTMO/a3623.png,341,512,0.7746697559513133,0.850403783712451,0.019173465865660416,0.39419042127726783,0.7883808425545357,3.6290292426549874e-20,0.236351877450943
a3624,/mnt/data_disk/HDRData/1000hdr/HDRtest/a3624-DSC_0070.exr,/mnt/data_disk/ZQL/TIP_TMO_result/dnn/G-SemTMO/a3624.png,340,512,0.7745488532771381,0.8832777506183987,0.0027876680083712218,0.32270261799395267,0.6454052359879053,4.3230581109378506e-34,0.09853462874889374
a3628,/mnt/data_disk/HDRData/1000hdr/HDRtest/a3628-_DSC9996.exr,/mnt/data_disk/ZQL/TIP_TMO_result/dnn/G-SemTMO/a3628.png,341,512,0.7172862029300036,0.6797300135479736,0.005497968410635908,0.22456450594386448,0.44912901188772897,3.229022471757376e-32,0.1544410139322281
a3633,/mnt/data_disk/HDRData/1000hdr/HDRtest/a3633-JI2E3892.exr,/mnt/data_disk/ZQL/TIP_TMO_result/dnn/G-SemTMO/a3633.png,341,512,0.7300583476141979,0.7351764167190019,0.00023180302593487007,0.2491306470279206,0.4982612940558412,5.441328179078925e-48,0.10485105961561203
a3634,/mnt/data_disk/HDRData/1000hdr/HDRtest/a3634-IMG_4959.exr,/mnt/data_disk/ZQL/TIP_TMO_result/dnn/G-SemTMO/a3634.png,341,512,0.8552273843027682,0.8601573235259077,0.3267029505522703,0.36882457057091883,0.6868580581011665,0.0507910830406711,0.23718585073947906
a3635,/mnt/data_disk/HDRData/1000hdr/HDRtest/a3635-IMG_4031.exr,/mnt/data_disk/ZQL/TIP_TMO_result/dnn/G-SemTMO/a3635.png,341,512,0.8474955748434374,0.8639291762652127,0.28277250449576774,0.38761848796299525,0.7742191841628402,0.0010177917631502783,0.22622713446617126
a3636,/mnt/data_disk/HDRData/1000hdr/HDRtest/a3636-20041222_195608__E6B6989.exr,/mnt/data_disk/ZQL/TIP_TMO_result/dnn/G-SemTMO/a3636.png,341,512,0.5906632670936978,0.3675458181355959,5.209113744167575e-07,0.12112936703608108,0.24225873407216217,1.1537765236011485e-95,0.08731840550899506
a3641,/mnt/data_disk/HDRData/1000hdr/HDRtest/a3641-_DSC4628.exr,/mnt/data_disk/ZQL/TIP_TMO_result/dnn/G-SemTMO/a3641.png,341,512,0.7922941055226849,0.9052825543384293,0.026131685018609747,0.36735973692311885,0.7347194738462326,5.151308981857144e-15,0.2402801513671875
a3644,/mnt/data_disk/HDRData/1000hdr/HDRtest/a3644-jmac_MG_5959.exr,/mnt/data_disk/ZQL/TIP_TMO_result/dnn/G-SemTMO/a3644.png,341,512,0.7830740800094693,0.9022748025784617,0.008163225156245391,0.3431159129334832,0.6862318258669664,3.5319140138542323e-22,0.17434461414813995
a3649,/mnt/data_disk/HDRData/1000hdr/HDRtest/a3649-WP_CRW_0691.exr,/mnt/data_disk/ZQL/TIP_TMO_result/dnn/G-SemTMO/a3649.png,341,512,0.7662327144484247,0.858642910706379,0.0008969050704998536,0.3213692689974668,0.6427385379949336,5.653182643490681e-35,0.0701269581913948
a3654,/mnt/data_disk/HDRData/1000hdr/HDRtest/a3654-IMG_0777.exr,/mnt/data_disk/ZQL/TIP_TMO_result/dnn/G-SemTMO/a3654.png,341,512,0.7862946787605022,0.8776282058591219,0.029408169616516103,0.38202155066483956,0.7640431012950681,3.461101901886038e-11,0.15628083050251007
a3658,/mnt/data_disk/HDRData/1000hdr/HDRtest/a3658-jmac_MG_0418.exr,/mnt/data_disk/ZQL/TIP_TMO_result/dnn/G-SemTMO/a3658.png,341,512,0.7494304885949439,0.7872787514992328,0.004810198698443543,0.2754861375388191,0.5509722750776382,5.462084187821924e-19,0.09867122769355774
a3670,/mnt/data_disk/HDRData/1000hdr/HDRtest/a3670-jmac_MG_5917.exr,/mnt/data_disk/ZQL/TIP_TMO_result/dnn/G-SemTMO/a3670.png,341,512,0.802283087933219,0.9687546690377696,0.012283287107348701,0.46412196203212014,0.9282439240642403,1.8281325850145955e-18,0.09454571455717087
a3673,/mnt/data_disk/HDRData/1000hdr/HDRtest/a3673-_DSC1109.exr,/mnt/data_disk/ZQL/TIP_TMO_result/dnn/G-SemTMO/a3673.png,341,512,0.839036665374228,0.9002161912546089,0.19801903883711658,0.42375937686130943,0.8387220648258177,0.008796688896801231,0.2937585115432739
a3677,/mnt/data_disk/HDRData/1000hdr/HDRtest/a3677-IMG_4696.exr,/mnt/data_disk/ZQL/TIP_TMO_result/dnn/G-SemTMO/a3677.png,341,512,0.8009301509193073,0.9380682437001882,0.026543641937470715,0.4598222766348228,0.9196445532696456,9.255851563676333e-18,0.1406744122505188
a3686,/mnt/data_disk/HDRData/1000hdr/HDRtest/a3686-jmac_MG_0353.exr,/mnt/data_disk/ZQL/TIP_TMO_result/dnn/G-SemTMO/a3686.png,341,512,0.7700915447201053,0.7182956764909081,0.12567141321821507,0.3470358750422437,0.6940711882308506,5.618536368144082e-07,0.29151472449302673
a3688,/mnt/data_disk/HDRData/1000hdr/HDRtest/a3688-jmac_MG_1424.exr,/mnt/data_disk/ZQL/TIP_TMO_result/dnn/G-SemTMO/a3688.png,341,512,0.8533449245248668,0.9515197824711356,0.2028942160861389,0.4234101948063111,0.8465529198029893,0.0002674698096328445,0.1526612937450409
a3689,/mnt/data_disk/HDRData/1000hdr/HDRtest/a3689-JI2E3798.exr,/mnt/data_disk/ZQL/TIP_TMO_result/dnn/G-SemTMO/a3689.png,341,512,0.7337793754790584,0.7219499974758609,0.011268439714847114,0.412158206043981,0.824316412087962,2.883874490753517e-20,0.10739036649465561
a3696,/mnt/data_disk/HDRData/1000hdr/HDRtest/a3696-jmac_DSC1242.exr,/mnt/data_disk/ZQL/TIP_TMO_result/dnn/G-SemTMO/a3696.png,343,512,0.7948897700144766,0.9195477593861605,0.023436516259522443,0.4657633351201749,0.9315266702403495,3.42737845838107e-16,0.14921654760837555
a3697,/mnt/data_disk/HDRData/1000hdr/HDRtest/a3697-07-11-24-at-16h05m35s-_MG_6729.exr,/mnt/data_disk/ZQL/TIP_TMO_result/dnn/G-SemTMO/a3697.png,341,512,0.7859836973189681,0.8162257425937741,0.07883004081056699,0.307173948525094,0.6143469530018469,9.440483410522611e-07,0.13894100487232208
a3700,/mnt/data_disk/HDRData/1000hdr/HDRtest/a3700-tc_DSC1892.exr,/mnt/data_disk/ZQL/TIP_TMO_result/dnn/G-SemTMO/a3700.png,340,512,0.7442314685907314,0.7754789215278478,0.00237544633732811,0.2915711537330024,0.5831423074660048,1.849500867274408e-49,0.09594694525003433
a3706,/mnt/data_disk/HDRData/1000hdr/HDRtest/a3706-dgw_065.exr,/mnt/data_disk/ZQL/TIP_TMO_result/dnn/G-SemTMO/a3706.png,341,512,0.7858989818780693,0.8688196166746603,0.034526821660317605,0.4030329048225866,0.8060658096441984,9.74819416480389e-13,0.25926515460014343
a3707,/mnt/data_disk/HDRData/1000hdr/HDRtest/a3707-NKIM_121.exr,/mnt/data_disk/ZQL/TIP_TMO_result/dnn/G-SemTMO/a3707.png,341,512,0.7722553557393851,0.7697105616571441,0.07752226230982157,0.35392891470167337,0.7078578290621255,3.4122124241330665e-10,0.19796621799468994
a3710,/mnt/data_disk/HDRData/1000hdr/HDRtest/a3710-07-11-20-at-16h52m05s-_MG_5742.exr,/mnt/data_disk/ZQL/TIP_TMO_result/dnn/G-SemTMO/a3710.png,341,512,0.7614285284646753,0.8400292970473225,0.0011695724085315881,0.3483000811110178,0.6966001622220356,2.781794720806171e-31,0.09142286330461502
a3712,/mnt/data_disk/HDRData/1000hdr/HDRtest/a3712-IMG_4852.exr,/mnt/data_disk/ZQL/TIP_TMO_result/dnn/G-SemTMO/a3712.png,341,512,0.7691600407889194,0.868295841703066,0.0012030879819552288,0.3163794925572971,0.6327589851145942,3.177078452730506e-42,0.09441468864679337
a3715,/mnt/data_disk/HDRData/1000hdr/HDRtest/a3715-_MG_7773.exr,/mnt/data_disk/ZQL/TIP_TMO_result/dnn/G-SemTMO/a3715.png,341,512,0.7252734705715761,0.7162800796249695,0.001018851841335995,0.2790029890004419,0.5580059780008838,3.4603457635182e-44,0.19893862307071686
a3716,/mnt/data_disk/HDRData/1000hdr/HDRtest/a3716-IMG_0301.exr,/mnt/data_disk/ZQL/TIP_TMO_result/dnn/G-SemTMO/a3716.png,341,512,0.6724639081778128,0.5620122226849508,7.668124660894284e-05,0.246377902545795,0.49275580509159,9.234106498263857e-66,0.09758602827787399
a3720,/mnt/data_disk/HDRData/1000hdr/HDRtest/a3720-jmac_MG_0851.exr,/mnt/data_disk/ZQL/TIP_TMO_result/dnn/G-SemTMO/a3720.png,341,512,0.754552813155422,0.7996331683138967,0.007341657220634351,0.33061503098462053,0.6612300619692411,5.248847105488232e-23,0.1503421813249588
a3721,/mnt/data_disk/HDRData/1000hdr/HDRtest/a3721-KE_-01.exr,/mnt/data_disk/ZQL/TIP_TMO_result/dnn/G-SemTMO/a3721.png,340,512,0.7812718924252974,0.7902197320100695,0.088055800242686,0.3042389839940105,0.6084779679785843,9.436666035333304e-12,0.17271588742733002
a3724,/mnt/data_disk/HDRData/1000hdr/HDRtest/a3724-20060101_092918__E6B0305.exr,/mnt/data_disk/ZQL/TIP_TMO_result/dnn/G-SemTMO/a3724.png,341,512,0.8759640400109783,0.9524385905217821,0.3094628834838221,0.45388631352306363,0.8988051195468473,0.008967507499280035,0.22268974781036377
a3727,/mnt/data_disk/HDRData/1000hdr/HDRtest/a3727-2004-01-18 11-49-42 CRW_2889.exr,/mnt/data_disk/ZQL/TIP_TMO_result/dnn/G-SemTMO/a3727.png,341,512,0.8461093419136094,0.8356047276728991,0.3144879426615723,0.6705466303541625,0.5628449521430852,0.7782483085652397,0.14955328404903412
a3729,/mnt/data_disk/HDRData/1000hdr/HDRtest/a3729-07-11-24-at-21h39m19s-_MG_6853.exr,/mnt/data_disk/ZQL/TIP_TMO_result/dnn/G-SemTMO/a3729.png,341,512,0.7482758413736245,0.7742683081098372,0.009158372844325628,0.30280749913163396,0.6056149982632679,1.2756196577876635e-22,0.1166606917977333
a3730,/mnt/data_disk/HDRData/1000hdr/HDRtest/a3730-IMG_0113.exr,/mnt/data_disk/ZQL/TIP_TMO_result/dnn/G-SemTMO/a3730.png,341,512,0.6640645993192797,0.515358707841454,0.013403396206876231,0.16303419305203995,0.3260683861036214,4.585025846320567e-13,0.23000800609588623
a3732,/mnt/data_disk/HDRData/1000hdr/HDRtest/a3732-_DGW6272.exr,/mnt/data_disk/ZQL/TIP_TMO_result/dnn/G-SemTMO/a3732.png,341,512,0.7507176519726672,0.7982698920795726,0.0022723725434883346,0.2792651568601048,0.5585303137202096,2.6266088217874433e-35,0.0939965695142746
a3733,/mnt/data_disk/HDRData/1000hdr/HDRtest/a3733-WP_CRW_4827.exr,/mnt/data_disk/ZQL/TIP_TMO_result/dnn/G-SemTMO/a3733.png,341,512,0.7453963566078046,0.7792096872799206,0.002473893287722161,0.2238785198792927,0.4477570397585854,6.710025609982634e-31,0.13093404471874237
a3735,/mnt/data_disk/HDRData/1000hdr/HDRtest/a3735-_MG_7825.exr,/mnt/data_disk/ZQL/TIP_TMO_result/dnn/G-SemTMO/a3735.png,341,512,0.7800881967681995,0.8761161512001698,0.015827166289701666,0.41445188276843475,0.8289037655368695,6.870480006198727e-23,0.16350366175174713
a3737,/mnt/data_disk/HDRData/1000hdr/HDRtest/a3737-dgw_022.exr,/mnt/data_disk/ZQL/TIP_TMO_result/dnn/G-SemTMO/a3737.png,341,512,0.7632077086236109,0.8274485430529396,0.008768044443551132,0.29840340576871854,0.5968068115374371,1.4588026836485345e-26,0.17177879810333252
a3739,/mnt/data_disk/HDRData/1000hdr/HDRtest/a3739-KE_-0068.exr,/mnt/data_disk/ZQL/TIP_TMO_result/dnn/G-SemTMO/a3739.png,340,512,0.7960744759566076,0.9641033002246006,0.00368644527390169,0.46163759566698326,0.9232751913339665,1.2102944799294254e-38,0.07903629541397095
a3740,/mnt/data_disk/HDRData/1000hdr/HDRtest/a3740-_DSC1411.exr,/mnt/data_disk/ZQL/TIP_TMO_result/dnn/G-SemTMO/a3740.png,341,512,0.66604210598122,0.5427070883357176,0.0005225584590014818,0.18386177329329645,0.3677235465865929,2.7018500436637573e-43,0.13069885969161987
a3742,/mnt/data_disk/HDRData/1000hdr/HDRtest/a3742-IMG_0206.exr,/mnt/data_disk/ZQL/TIP_TMO_result/dnn/G-SemTMO/a3742.png,341,512,0.767217483499924,0.835927996204476,0.011868602294801689,0.3669227866692979,0.7338455733385958,1.7487900977664384e-28,0.2316979020833969
a3743,/mnt/data_disk/HDRData/1000hdr/HDRtest/a3743-DSC_0038.exr,/mnt/data_disk/ZQL/TIP_TMO_result/dnn/G-SemTMO/a3743.png,340,512,0.7275618744177116,0.7261451314561224,0.000397203495574705,0.2784994715523457,0.5569989431046914,6.603535216012642e-30,0.08842368423938751
a3744,/mnt/data_disk/HDRData/1000hdr/HDRtest/a3744-NKIM_MG_6757.exr,/mnt/data_disk/ZQL/TIP_TMO_result/dnn/G-SemTMO/a3744.png,341,512,0.6980747785637739,0.634587518245353,0.00022579640107989605,0.18564167832368275,0.3712833566473655,8.015515451876366e-60,0.17323659360408783
a3749,/mnt/data_disk/HDRData/1000hdr/HDRtest/a3749-IMG_4592.exr,/mnt/data_disk/ZQL/TIP_TMO_result/dnn/G-SemTMO/a3749.png,341,512,0.76710311443533,0.8280795794218333,0.01608293902820193,0.4064179073869014,0.8128358147738028,1.7908361323247086e-22,0.19312743842601776
a3750,/mnt/data_disk/HDRData/1000hdr/HDRtest/a3750-IMG_4253.exr,/mnt/data_disk/ZQL/TIP_TMO_result/dnn/G-SemTMO/a3750.png,341,512,0.6553759003912418,0.5161162835303874,0.00014174745398379108,0.1534247167939167,0.3068494335878334,6.108572768114016e-61,0.15589241683483124
a3753,/mnt/data_disk/HDRData/1000hdr/HDRtest/a3753-dgw_073.exr,/mnt/data_disk/ZQL/TIP_TMO_result/dnn/G-SemTMO/a3753.png,341,512,0.7845863092135964,0.8836570713895349,0.021348504893582646,0.4495376073815123,0.8987234963011923,0.000351718461832306,0.3632572889328003
a3754,/mnt/data_disk/HDRData/1000hdr/HDRtest/a3754-050731_151704__I2E5362.exr,/mnt/data_disk/ZQL/TIP_TMO_result/dnn/G-SemTMO/a3754.png,341,512,0.7809012269092719,0.883455759082378,0.013453045314212092,0.3609656075794812,0.7219312151589624,9.680753109688265e-19,0.09887100756168365
a3756,/mnt/data_disk/HDRData/1000hdr/HDRtest/a3756-jmac_MG_5949.exr,/mnt/data_disk/ZQL/TIP_TMO_result/dnn/G-SemTMO/a3756.png,341,512,0.7830562335502815,0.8970762720474847,0.010616805270282777,0.41725025932835136,0.8345005186567027,2.7215510806018047e-18,0.11334193497896194
a3760,/mnt/data_disk/HDRData/1000hdr/HDRtest/a3760-IMG_2504.exr,/mnt/data_disk/ZQL/TIP_TMO_result/dnn/G-SemTMO/a3760.png,341,512,0.7921393101537421,0.956409451581389,0.0012521151106724678,0.3805557430191991,0.7611114860383982,3.59956083509378e-35,0.07250624895095825
a3764,/mnt/data_disk/HDRData/1000hdr/HDRtest/a3764-20060618_093109__MG_8792.exr,/mnt/data_disk/ZQL/TIP_TMO_result/dnn/G-SemTMO/a3764.png,341,512,0.8012931380684243,0.934555501028325,0.029704857877174827,0.47332041845935946,0.9466408369187189,4.7725801721111337e-17,0.16336269676685333
a3766,/mnt/data_disk/HDRData/1000hdr/HDRtest/a3766-20041219_194831__E6B5558.exr,/mnt/data_disk/ZQL/TIP_TMO_result/dnn/G-SemTMO/a3766.png,341,512,0.3895221521459055,0.09369151045513321,8.817117896190942e-07,0.149817653154606,0.299635306309212,2.603334999494237e-104,0.12357515841722488
a3769,/mnt/data_disk/HDRData/1000hdr/HDRtest/a3769-IMG_3943.exr,/mnt/data_disk/ZQL/TIP_TMO_result/dnn/G-SemTMO/a3769.png,341,512,0.77989479088492,0.907812504726336,0.0014714470224531878,0.2707838474934278,0.5415676949868556,4.529403572143981e-36,0.09585030376911163
a3771,/mnt/data_disk/HDRData/1000hdr/HDRtest/a3771-07-06-01-at-13h03m06-s_MG_1256.exr,/mnt/data_disk/ZQL/TIP_TMO_result/dnn/G-SemTMO/a3771.png,341,512,0.8052268727386196,0.8987461467343797,0.0682843783539244,0.40746806376258216,0.8149361275200687,5.095570165422538e-12,0.20372274518013
a3772,/mnt/data_disk/HDRData/1000hdr/HDRtest/a3772-dgw_123.exr,/mnt/data_disk/ZQL/TIP_TMO_result/dnn/G-SemTMO/a3772.png,341,512,0.7953467712802492,0.9210224403429388,0.023616821664450064,0.36662454754785895,0.733249095095717,9.239426395040839e-16,0.17211616039276123
a3774,/mnt/data_disk/HDRData/1000hdr/HDRtest/a3774-_DSC0017.exr,/mnt/data_disk/ZQL/TIP_TMO_result/dnn/G-SemTMO/a3774.png,340,512,0.769459903387814,0.8468101378187164,0.010427583222668206,0.292913274958706,0.5858265499173801,3.1909445665454786e-14,0.129819855093956
a3778,/mnt/data_disk/HDRData/1000hdr/HDRtest/a3778-IMG_4838.exr,/mnt/data_disk/ZQL/TIP_TMO_result/dnn/G-SemTMO/a3778.png,341,512,0.8411068001857575,0.8283979107266373,0.29937539671947344,0.4303172752677337,0.8053684421404955,0.055266108394971904,0.2617057263851166
a3780,/mnt/data_disk/HDRData/1000hdr/HDRtest/a3780-JI2E3902.exr,/mnt/data_disk/ZQL/TIP_TMO_result/dnn/G-SemTMO/a3780.png,341,512,0.7633241680898958,0.8400941380410629,0.0034006722251911673,0.3863353024136936,0.7726706048273873,3.453831245175811e-30,0.11455568671226501
a3781,/mnt/data_disk/HDRData/1000hdr/HDRtest/a3781-2004-06-24 06-45-08 CRW_2040.exr,/mnt/data_disk/ZQL/TIP_TMO_result/dnn/G-SemTMO/a3781.png,341,512,0.7648333899027209,0.8564898961563913,0.0002530505571587187,0.296366876591541,0.592733753183082,4.1469728238417366e-63,0.06759807467460632
a3783,/mnt/data_disk/HDRData/1000hdr/HDRtest/a3783-KE_-0052.exr,/mnt/data_disk/ZQL/TIP_TMO_result/dnn/G-SemTMO/a3783.png,340,512,0.7259965300224023,0.7214026598420004,0.0003155706522004941,0.2068212035581897,0.4136424071163794,5.1607591190733305e-61,0.10149281471967697
a3786,/mnt/data_disk/HDRData/1000hdr/HDRtest/a3786-_I2E8191.exr,/mnt/data_disk/ZQL/TIP_TMO_result/dnn/G-SemTMO/a3786.png,341,512,0.7897531647658458,0.9260814842324686,0.009042374007854155,0.3176377043236071,0.6352754086472142,1.6189805762351855e-26,0.13672731816768646
a3796,/mnt/data_disk/HDRData/1000hdr/HDRtest/a3796-NKIM_MG_7319.exr,/mnt/data_disk/ZQL/TIP_TMO_result/dnn/G-SemTMO/a3796.png,341,512,0.766299207827639,0.779281554094036,0.04977463944009071,0.22288809385112102,0.44577595218602584,2.355162161861004e-07,0.2323501706123352
a3798,/mnt/data_disk/HDRData/1000hdr/HDRtest/a3798-IMG_2539.exr,/mnt/data_disk/ZQL/TIP_TMO_result/dnn/G-SemTMO/a3798.png,341,512,0.7811809496490849,0.8837293877024677,0.013873752127394128,0.2949213824301222,0.5898426714338287,9.342641576545616e-08,0.18315976858139038
a3800,/mnt/data_disk/HDRData/1000hdr/HDRtest/a3800-dgw_090.exr,/mnt/data_disk/ZQL/TIP_TMO_result/dnn/G-SemTMO/a3800.png,341,512,0.7692316994466879,0.8395478033473427,0.013896381090989205,0.3797343158369649,0.7594686316739298,1.9181074706312733e-26,0.12239747494459152
a3804,/mnt/data_disk/HDRData/1000hdr/HDRtest/a3804-_DSC3608.exr,/mnt/data_disk/ZQL/TIP_TMO_result/dnn/G-SemTMO/a3804.png,343,512,0.691403637382502,0.6158328135881362,5.556049853359721e-05,0.21301971125642669,0.42603942251285337,3.3115098336211054e-78,0.09031635522842407
a3820,/mnt/data_disk/HDRData/1000hdr/HDRtest/a3820-dgw_025.exr,/mnt/data_disk/ZQL/TIP_TMO_result/dnn/G-SemTMO/a3820.png,341,512,0.5500838770288596,0.29076589273424897,2.7820492791957077e-05,0.16819303565668203,0.33638607131336407,6.710392488343999e-46,0.08755547553300858
a3822,/mnt/data_disk/HDRData/1000hdr/HDRtest/a3822-07-11-21-at-09h53m21s-_MG_5852.exr,/mnt/data_disk/ZQL/TIP_TMO_result/dnn/G-SemTMO/a3822.png,341,512,0.7476268414566529,0.7892088362130153,0.001700191998857205,0.297681904792715,0.59536380958543,1.4151124558485175e-52,0.12290364503860474
a3827,/mnt/data_disk/HDRData/1000hdr/HDRtest/a3827-JI2E3823.exr,/mnt/data_disk/ZQL/TIP_TMO_result/dnn/G-SemTMO/a3827.png,341,512,0.7756426035672814,0.816350983962901,0.04613248039796245,0.40600247232198383,0.8120049394764206,5.167547077554726e-09,0.1153244897723198
a3830,/mnt/data_disk/HDRData/1000hdr/HDRtest/a3830-LS_060715_8670.exr,/mnt/data_disk/ZQL/TIP_TMO_result/dnn/G-SemTMO/a3830.png,341,512,0.7520186509805468,0.8082001372800489,0.0006858836894711355,0.2595906530031615,0.519181306006323,1.5899146890458557e-49,0.18787029385566711
a3832,/mnt/data_disk/HDRData/1000hdr/HDRtest/a3832-20060613_091536__MG_7749.exr,/mnt/data_disk/ZQL/TIP_TMO_result/dnn/G-SemTMO/a3832.png,341,512,0.8962415081210271,0.9266301383414862,0.4530668745014038,0.6648151735574023,0.9063184629756154,0.42331188413918924,0.18045558035373688
a3833,/mnt/data_disk/HDRData/1000hdr/HDRtest/a3833-_DSC0003-2.exr,/mnt/data_disk/ZQL/TIP_TMO_result/dnn/G-SemTMO/a3833.png,340,512,0.7398589357456038,0.7673313346085416,0.00038319445486386885,0.24203658083580648,0.48407316167161296,8.56947898288103e-50,0.09959302097558975
a3834,/mnt/data_disk/HDRData/1000hdr/HDRtest/a3834-IMG_0007.exr,/mnt/data_disk/ZQL/TIP_TMO_result/dnn/G-SemTMO/a3834.png,341,512,0.7725918748996068,0.865933354960393,0.006767305782506949,0.42701176281442865,0.8540235256288573,5.018100383162336e-30,0.19671623408794403
a3846,/mnt/data_disk/HDRData/1000hdr/HDRtest/a3846-IMG_3087.exr,/mnt/data_disk/ZQL/TIP_TMO_result/dnn/G-SemTMO/a3846.png,341,512,0.7805983028463421,0.9097422301374303,0.0016885160851688903,0.3487886740784176,0.6975773481568353,2.5944097944555106e-44,0.08918380737304688
a3847,/mnt/data_disk/HDRData/1000hdr/HDRtest/a3847-NKIM_MG_6113.exr,/mnt/data_disk/ZQL/TIP_TMO_result/dnn/G-SemTMO/a3847.png,341,512,0.7302289516851752,0.7342282234299197,0.0005594889267790091,0.2762374565802933,0.5524749131605866,1.3976342885111641e-58,0.15073534846305847
a3848,/mnt/data_disk/HDRData/1000hdr/HDRtest/a3848-DSC_0024.exr,/mnt/data_disk/ZQL/TIP_TMO_result/dnn/G-SemTMO/a3848.png,340,512,0.7848051168080281,0.9179807612588157,0.004360967220155152,0.36720160047599687,0.7344032009519937,4.4680630683125465e-29,0.06896085292100906
a3851,/mnt/data_disk/HDRData/1000hdr/HDRtest/a3851-IMG_3430.exr,/mnt/data_disk/ZQL/TIP_TMO_result/dnn/G-SemTMO/a3851.png,341,512,0.7486556671403026,0.7979021498679644,0.00034702784912451037,0.2560484606564353,0.5120969213128705,2.3869490799597014e-48,0.08717677742242813
a3862,/mnt/data_disk/HDRData/1000hdr/HDRtest/a3862-JI2E0423.exr,/mnt/data_disk/ZQL/TIP_TMO_result/dnn/G-SemTMO/a3862.png,341,512,0.7756921420964885,0.8858892938294137,0.0033793274030447656,0.3091608929270608,0.6183217858541216,8.570473988298905e-31,0.08227560669183731
a3863,/mnt/data_disk/HDRData/1000hdr/HDRtest/a3863-IMG_1159.exr,/mnt/data_disk/ZQL/TIP_TMO_result/dnn/G-SemTMO/a3863.png,341,512,0.7583080893603413,0.8159409987765112,0.00592360578768508,0.3576558872504558,0.7153117745009115,5.617158861549781e-27,0.16977114975452423
a3864,/mnt/data_disk/HDRData/1000hdr/HDRtest/a3864-_DSC1992.exr,/mnt/data_disk/ZQL/TIP_TMO_result/dnn/G-SemTMO/a3864.png,341,512,0.7073291207026899,0.6599487683541098,0.0009153408074776471,0.38488991100263903,0.7697798220052781,3.3216678924345238e-28,0.09178066998720169
a3872,/mnt/data_disk/HDRData/1000hdr/HDRtest/a3872-IMG_4058.exr,/mnt/data_disk/ZQL/TIP_TMO_result/dnn/G-SemTMO/a3872.png,341,512,0.7801252464143272,0.878204253001155,0.014732653526290123,0.32189868399985033,0.6437973679997006,1.6054711378519381e-16,0.17822200059890747
a3877,/mnt/data_disk/HDRData/1000hdr/HDRtest/a3877-KE_-0019.exr,/mnt/data_disk/ZQL/TIP_TMO_result/dnn/G-SemTMO/a3877.png,340,512,0.6277584281013413,0.4478654314394176,0.00018591368151474222,0.1600077635509274,0.3200155271018548,8.132996037248944e-55,0.14170120656490326
a3879,/mnt/data_disk/HDRData/1000hdr/HDRtest/a3879-IMG_0091.exr,/mnt/data_disk/ZQL/TIP_TMO_result/dnn/G-SemTMO/a3879.png,341,512,0.785859083308234,0.904166629900392,0.012438346650554875,0.443131865093744,0.886263730187488,5.089150788024014e-24,0.18739736080169678
a3890,/mnt/data_disk/HDRData/1000hdr/HDRtest/a3890-IMG_4308.exr,/mnt/data_disk/ZQL/TIP_TMO_result/dnn/G-SemTMO/a3890.png,341,512,0.7258575918835921,0.7141523202449608,0.0023775631126824906,0.2642700332581915,0.528540066516383,1.262122586644593e-42,0.12213371694087982
a3893,/mnt/data_disk/HDRData/1000hdr/HDRtest/a3893-_DGW6301.exr,/mnt/data_disk/ZQL/TIP_TMO_result/dnn/G-SemTMO/a3893.png,341,512,0.7881485279407375,0.9056318271314938,0.0163688755311817,0.34853993482239987,0.6970798696447997,1.4070510679143654e-21,0.20111992955207825
a3899,/mnt/data_disk/HDRData/1000hdr/HDRtest/a3899-jmac_DSC2259.exr,/mnt/data_disk/ZQL/TIP_TMO_result/dnn/G-SemTMO/a3899.png,340,512,0.7980027346200622,0.9348726236425301,0.02148919367880312,0.40878204130453843,0.8175640826090769,1.9968104937819422e-19,0.10357232391834259
a3900,/mnt/data_disk/HDRData/1000hdr/HDRtest/a3900-jmac_DSC5843.exr,/mnt/data_disk/ZQL/TIP_TMO_result/dnn/G-SemTMO/a3900.png,340,512,0.8120741469288453,0.9464399014786574,0.05123365939438964,0.4025277805035517,0.8050555609911549,1.5948433665070393e-11,0.1272118091583252
a3902,/mnt/data_disk/HDRData/1000hdr/HDRtest/a3902-jmac_DSC3970.exr,/mnt/data_disk/ZQL/TIP_TMO_result/dnn/G-SemTMO/a3902.png,340,512,0.7118776114029781,0.6766907813612114,0.00023766154068361576,0.2755714579160368,0.5511429158320736,3.0285612581838655e-55,0.08006703853607178
a3903,/mnt/data_disk/HDRData/1000hdr/HDRtest/a3903-IMG_2386.exr,/mnt/data_disk/ZQL/TIP_TMO_result/dnn/G-SemTMO/a3903.png,341,512,0.766384981899484,0.859112458361321,0.0009198834320563944,0.26042415529092744,0.5208483105818549,1.2873458444387943e-35,0.09472765773534775
a3906,/mnt/data_disk/HDRData/1000hdr/HDRtest/a3906-LS051025_day_3_LL003.exr,/mnt/data_disk/ZQL/TIP_TMO_result/dnn/G-SemTMO/a3906.png,341,512,0.800958508388239,0.9143334472541381,0.04285551459349788,0.3612050080272993,0.7224100160545976,1.0443618934915448e-15,0.172393336892128
a3911,/mnt/data_disk/HDRData/1000hdr/HDRtest/a3911-07-07-01-at-10h50m55s-_MG_2028.exr,/mnt/data_disk/ZQL/TIP_TMO_result/dnn/G-SemTMO/a3911.png,341,512,0.7417667682097959,0.7682495490909854,0.0019567864107112704,0.26421635844155905,0.5284327168831181,6.558710605885955e-40,0.14121432602405548
a3913,/mnt/data_disk/HDRData/1000hdr/HDRtest/a3913-IMG_0289.exr,/mnt/data_disk/ZQL/TIP_TMO_result/dnn/G-SemTMO/a3913.png,341,512,0.6907502767961504,0.6141068420643565,3.1755974588759375e-05,0.2813682006041147,0.5627364012082294,1.5906937678207904e-71,0.12062478065490723
a3914,/mnt/data_disk/HDRData/1000hdr/HDRtest/a3914-DSC_0002-1.exr,/mnt/data_disk/ZQL/TIP_TMO_result/dnn/G-SemTMO/a3914.png,340,512,0.72041986596907,0.7026798462809687,0.0004668786738835053,0.17825588027105962,0.35651176054211925,6.091559675047605e-42,0.10811513662338257
a3919,/mnt/data_disk/HDRData/1000hdr/HDRtest/a3919-KE_-1608.exr,/mnt/data_disk/ZQL/TIP_TMO_result/dnn/G-SemTMO/a3919.png,340,512,0.6956485531983531,0.6264119094675342,0.0004479718117542091,0.14994802559771317,0.29989605119542634,3.7815249369027176e-51,0.11366458982229233
a3923,/mnt/data_disk/HDRData/1000hdr/HDRtest/a3923-_DSC0095.exr,/mnt/data_disk/ZQL/TIP_TMO_result/dnn/G-SemTMO/a3923.png,340,512,0.7751105731857565,0.8302838678819042,0.03385298206176631,0.33994797517363046,0.6798959503472609,5.240810580102675e-18,0.12843605875968933
a3924,/mnt/data_disk/HDRData/1000hdr/HDRtest/a3924-_DSC6358.exr,/mnt/data_disk/ZQL/TIP_TMO_result/dnn/G-SemTMO/a3924.png,341,512,0.7010240200059722,0.6444191045411118,5.593769325437518e-05,0.13627852256305661,0.27255704512611323,3.9122046735965597e-81,0.17572422325611115
a3926,/mnt/data_disk/HDRData/1000hdr/HDRtest/a3926-dgw_077.exr,/mnt/data_disk/ZQL/TIP_TMO_result/dnn/G-SemTMO/a3926.png,341,512,0.7094193439757763,0.6622740512432889,0.0023576899462055614,0.26952092896749136,0.5390418579349827,1.4226457381839736e-40,0.14562606811523438
a3927,/mnt/data_disk/HDRData/1000hdr/HDRtest/a3927-IMG_6048.exr,/mnt/data_disk/ZQL/TIP_TMO_result/dnn/G-SemTMO/a3927.png,341,512,0.8584000973944476,0.9013767033943797,0.2873817199391278,0.42540694234763676,0.8467931677801417,0.0040207169151318025,0.15728327631950378
a3930,/mnt/data_disk/HDRData/1000hdr/HDRtest/a3930-IMG_5083.exr,/mnt/data_disk/ZQL/TIP_TMO_result/dnn/G-SemTMO/a3930.png,341,512,0.7553162753699,0.7757560578034245,0.023076770043183585,0.26107422073986986,0.5221484410725723,4.0716740995622777e-10,0.19301578402519226
a3931,/mnt/data_disk/HDRData/1000hdr/HDRtest/a3931-_DGW6259.exr,/mnt/data_disk/ZQL/TIP_TMO_result/dnn/G-SemTMO/a3931.png,341,512,0.7483063890285493,0.782963327751787,0.004994227454971489,0.2616829601806731,0.5233659203613462,7.152952324410645e-40,0.2496015429496765
a3940,/mnt/data_disk/HDRData/1000hdr/HDRtest/a3940-20050602_180025__MG_2820.exr,/mnt/data_disk/ZQL/TIP_TMO_result/dnn/G-SemTMO/a3940.png,341,512,0.7990296284309583,0.9235046253125276,0.031181121329334618,0.46765798683866067,0.9353159736772896,3.1789803069632696e-14,0.14572006464004517
a3943,/mnt/data_disk/HDRData/1000hdr/HDRtest/a3943-_DSC0054.exr,/mnt/data_disk/ZQL/TIP_TMO_result/dnn/G-SemTMO/a3943.png,340,512,0.7840646402441902,0.9176153562617104,0.0034500154076049666,0.3714107562698602,0.7428215125397204,5.00455044305204e-43,0.10452473908662796
a3947,/mnt/data_disk/HDRData/1000hdr/HDRtest/a3947-jmac_MG_1444.exr,/mnt/data_disk/ZQL/TIP_TMO_result/dnn/G-SemTMO/a3947.png,341,512,0.7285209131819949,0.7295630678288738,0.0003395245115566675,0.29118415304146794,0.5823683060829359,1.5742874846094666e-28,0.12021397054195404
a3948,/mnt/data_disk/HDRData/1000hdr/HDRtest/a3948-_DSC0045.exr,/mnt/data_disk/ZQL/TIP_TMO_result/dnn/G-SemTMO/a3948.png,340,512,0.7759220421264422,0.8898333681922941,0.0023305242522355506,0.4015306141273641,0.8030612282547283,3.7765656919703206e-44,0.12160901725292206
a3954,/mnt/data_disk/HDRData/1000hdr/HDRtest/a3954-_MG_0841.exr,/mnt/data_disk/ZQL/TIP_TMO_result/dnn/G-SemTMO/a3954.png,341,512,0.8359157198410667,0.9115480190220173,0.1716233433436662,0.38543761941332827,0.7707806111145484,9.462771210814793e-05,0.18318505585193634
a3958,/mnt/data_disk/HDRData/1000hdr/HDRtest/a3958-_DSC3890.exr,/mnt/data_disk/ZQL/TIP_TMO_result/dnn/G-SemTMO/a3958.png,341,512,0.7766832995933246,0.8943697209095447,0.001817566180334196,0.34789057679376983,0.6957811535875397,9.378263206541521e-32,0.0754755437374115
a3961,/mnt/data_disk/HDRData/1000hdr/HDRtest/a3961-_DSC0049.exr,/mnt/data_disk/ZQL/TIP_TMO_result/dnn/G-SemTMO/a3961.png,340,512,0.6997699450989875,0.63941663741435,0.0002782031198880184,0.2863926485086568,0.5727852970173136,5.2055198158907586e-37,0.08434761315584183
a3963,/mnt/data_disk/HDRData/1000hdr/HDRtest/a3963-jmac_DSC3835.exr,/mnt/data_disk/ZQL/TIP_TMO_result/dnn/G-SemTMO/a3963.png,340,512,0.8014549252131202,0.9395243555478898,0.0269229715345656,0.47286102318736467,0.9457220463747286,7.512573080178853e-16,0.15133364498615265
a3964,/mnt/data_disk/HDRData/1000hdr/HDRtest/a3964-NKIM_MG_6716.exr,/mnt/data_disk/ZQL/TIP_TMO_result/dnn/G-SemTMO/a3964.png,341,512,0.7071754288675102,0.6629305126310593,9.110755301828612e-05,0.1389727983456543,0.2779455966913086,2.165456851856656e-69,0.12388862669467926
a3970,/mnt/data_disk/HDRData/1000hdr/HDRtest/a3970-WP_Amanda_3rd_bday014.exr,/mnt/data_disk/ZQL/TIP_TMO_result/dnn/G-SemTMO/a3970.png,341,512,0.6852485239313948,0.5981561189641221,3.6106116031375984e-05,0.15558223544324692,0.31116447088649385,1.5086573235240904e-87,0.08030392974615097
a3973,/mnt/data_disk/HDRData/1000hdr/HDRtest/a3973-DSC_0068-2.exr,/mnt/data_disk/ZQL/TIP_TMO_result/dnn/G-SemTMO/a3973.png,340,512,0.7512265051764974,0.804493183865407,0.0009157164249099078,0.3304288776899512,0.6608577553799024,2.524546753203689e-40,0.07051392644643784
a3975,/mnt/data_disk/HDRData/1000hdr/HDRtest/a3975-jmac_MG_5721.exr,/mnt/data_disk/ZQL/TIP_TMO_result/dnn/G-SemTMO/a3975.png,341,512,0.7662936533423138,0.8558410353033954,0.0017369351978625757,0.35171266479085167,0.7034253295817033,4.341375373141104e-36,0.11954832822084427
a3976,/mnt/data_disk/HDRData/1000hdr/HDRtest/a3976-Ja_Pe-10.exr,/mnt/data_disk/ZQL/TIP_TMO_result/dnn/G-SemTMO/a3976.png,288,512,0.7897200060858374,0.9433532361470758,0.0022325930033665,0.35259818873061105,0.7051963774612221,9.149058150412059e-31,0.11854088306427002
a3991,/mnt/data_disk/HDRData/1000hdr/HDRtest/a3991-DSC_0005-2.exr,/mnt/data_disk/ZQL/TIP_TMO_result/dnn/G-SemTMO/a3991.png,340,512,0.7785767185394755,0.8949567658543249,0.004054843034122227,0.3322588968719472,0.6645177937438944,5.57262122272957e-29,0.10199911892414093
a3992,/mnt/data_disk/HDRData/1000hdr/HDRtest/a3992-KE_-0044.exr,/mnt/data_disk/ZQL/TIP_TMO_result/dnn/G-SemTMO/a3992.png,340,512,0.6224078948831322,0.4352933342736186,0.00022569862056225448,0.24425306176689002,0.48850612353378003,3.599414371348612e-44,0.07059911638498306
a3993,/mnt/data_disk/HDRData/1000hdr/HDRtest/a3993-IMG_2812.exr,/mnt/data_disk/ZQL/TIP_TMO_result/dnn/G-SemTMO/a3993.png,341,512,0.7611810742733558,0.6285492922320387,0.2094852323235618,0.4490166646690815,0.8015944924684615,0.09643883686970157,0.13151228427886963
a3995,/mnt/data_disk/HDRData/1000hdr/HDRtest/a3995-IMG_0187.exr,/mnt/data_disk/ZQL/TIP_TMO_result/dnn/G-SemTMO/a3995.png,341,512,0.7445986899226337,0.7812196339078478,0.0009596919969677169,0.3013328586624429,0.6026657173248858,3.44997389256813e-49,0.1472490131855011
a4001,/mnt/data_disk/HDRData/1000hdr/HDRtest/a4001-jn_20070824_0168.exr,/mnt/data_disk/ZQL/TIP_TMO_result/dnn/G-SemTMO/a4001.png,341,512,0.7950054177132531,0.8752880715646526,0.05566654996723758,0.3809098573246062,0.7618197106270375,4.022174882943434e-09,0.11498569697141647
a4003,/mnt/data_disk/HDRData/1000hdr/HDRtest/a4003-NKIM_MG_6603.exr,/mnt/data_disk/ZQL/TIP_TMO_result/dnn/G-SemTMO/a4003.png,341,512,0.7926675388048658,0.9160301509190438,0.020379385444386586,0.41010446106632004,0.8202089221326397,2.857455761734984e-16,0.14710545539855957
a4004,/mnt/data_disk/HDRData/1000hdr/HDRtest/a4004-050812_113412__MG_3770.exr,/mnt/data_disk/ZQL/TIP_TMO_result/dnn/G-SemTMO/a4004.png,341,512,0.7536334265435414,0.7951736590730419,0.007950199830158114,0.41528139825283444,0.8305627964692611,3.6407725743932935e-11,0.09435831755399704
a4007,/mnt/data_disk/HDRData/1000hdr/HDRtest/a4007-_MG_7167.exr,/mnt/data_disk/ZQL/TIP_TMO_result/dnn/G-SemTMO/a4007.png,341,512,0.8021126956504171,0.9046989390419143,0.05360703491642103,0.4228662585065111,0.8457325169274544,8.55678140581647e-11,0.20433300733566284
a4008,/mnt/data_disk/HDRData/1000hdr/HDRtest/a4008-dgw_019.exr,/mnt/data_disk/ZQL/TIP_TMO_result/dnn/G-SemTMO/a4008.png,341,512,0.7962266019306791,0.8557698542907183,0.07650643995149883,0.3489715141868556,0.6979424771083773,5.51265333975861e-07,0.16533620655536652
a4009,/mnt/data_disk/HDRData/1000hdr/HDRtest/a4009-jmac_MG_7717.exr,/mnt/data_disk/ZQL/TIP_TMO_result/dnn/G-SemTMO/a4009.png,341,512,0.7897048810350319,0.8360467902012435,0.07279244525367831,0.4138878238984656,0.8277750087443766,6.390525547004148e-07,0.2340170443058014
a4013,/mnt/data_disk/HDRData/1000hdr/HDRtest/a4013-_I2E6911.exr,/mnt/data_disk/ZQL/TIP_TMO_result/dnn/G-SemTMO/a4013.png,341,512,0.7424579775163348,0.752946342745214,0.010000379286432373,0.2600618458959566,0.5201236917919132,1.4912569483032488e-25,0.23954932391643524
a4014,/mnt/data_disk/HDRData/1000hdr/HDRtest/a4014-JI2E4114.exr,/mnt/data_disk/ZQL/TIP_TMO_result/dnn/G-SemTMO/a4014.png,341,512,0.7792051481620789,0.8520932566865256,0.028912499684711816,0.34707030760446794,0.6941406152089038,3.212722828997917e-14,0.18608325719833374
a4017,/mnt/data_disk/HDRData/1000hdr/HDRtest/a4017-DSC_0023.exr,/mnt/data_disk/ZQL/TIP_TMO_result/dnn/G-SemTMO/a4017.png,340,512,0.7893386110521458,0.9323120283458625,0.005636192632787666,0.3324017198369792,0.6648034396739584,1.1987341113165638e-29,0.10229016840457916
a4020,/mnt/data_disk/HDRData/1000hdr/HDRtest/a4020-IMG_3763.exr,/mnt/data_disk/ZQL/TIP_TMO_result/dnn/G-SemTMO/a4020.png,341,512,0.7545616353784472,0.7958833771613006,0.00923775795829517,0.4239157002151939,0.8478314004303878,3.0597284113076015e-24,0.10612258315086365
a4025,/mnt/data_disk/HDRData/1000hdr/HDRtest/a4025-IMG_5601.exr,/mnt/data_disk/ZQL/TIP_TMO_result/dnn/G-SemTMO/a4025.png,341,512,0.7874471887506891,0.8860073863153627,0.026702945854484822,0.38125698532956614,0.7625139706591323,8.58585191226547e-22,0.17646971344947815
a4026,/mnt/data_disk/HDRData/1000hdr/HDRtest/a4026-NKIM_MG_6632.exr,/mnt/data_disk/ZQL/TIP_TMO_result/dnn/G-SemTMO/a4026.png,341,512,0.818402588612957,0.9882063823392577,0.0394170413817521,0.4914446414102772,0.9828892828201476,4.068336913327677e-13,0.12285275012254715
a4027,/mnt/data_disk/HDRData/1000hdr/HDRtest/a4027-IMG_2393.exr,/mnt/data_disk/ZQL/TIP_TMO_result/dnn/G-SemTMO/a4027.png,341,512,0.7765874103460855,0.8909273082253988,0.002799872007246604,0.38577671198155633,0.7715534239631127,2.36849359318901e-34,0.1259710192680359
a4028,/mnt/data_disk/HDRData/1000hdr/HDRtest/a4028-060810_105728__MG_6096.exr,/mnt/data_disk/ZQL/TIP_TMO_result/dnn/G-SemTMO/a4028.png,341,512,0.7603014185654562,0.8331104423459751,0.002018855162391535,0.3337046734530854,0.6674093469061708,7.774677634778627e-42,0.14268624782562256
a4038,/mnt/data_disk/HDRData/1000hdr/HDRtest/a4038-Ja_Pe-20.exr,/mnt/data_disk/ZQL/TIP_TMO_result/dnn/G-SemTMO/a4038.png,288,512,0.7709755720120638,0.8691077655641826,0.0030703806228119003,0.3777863056556661,0.7555726113113322,2.909348838531906e-29,0.15082097053527832
a4040,/mnt/data_disk/HDRData/1000hdr/HDRtest/a4040-IMG_0233.exr,/mnt/data_disk/ZQL/TIP_TMO_result/dnn/G-SemTMO/a4040.png,341,512,0.7807391164322872,0.8639016936780796,0.02477684003327974,0.4291414259882534,0.8582828519765033,3.4836342307396752e-15,0.2648412883281708
a4047,/mnt/data_disk/HDRData/1000hdr/HDRtest/a4047-IMG_1285.exr,/mnt/data_disk/ZQL/TIP_TMO_result/dnn/G-SemTMO/a4047.png,341,512,0.7926106948550776,0.9602868363640427,0.0007741643587073038,0.37342294935943593,0.7468458987188719,6.288715827170591e-37,0.07710721343755722
a4049,/mnt/data_disk/HDRData/1000hdr/HDRtest/a4049-_DSC3858.exr,/mnt/data_disk/ZQL/TIP_TMO_result/dnn/G-SemTMO/a4049.png,341,512,0.800693841976786,0.8448798237479368,0.10263054095156363,0.3631390183526418,0.7262779576157924,7.908949119882519e-08,0.2434930056333542
a4051,/mnt/data_disk/HDRData/1000hdr/HDRtest/a4051-_DSC0018-3.exr,/mnt/data_disk/ZQL/TIP_TMO_result/dnn/G-SemTMO/a4051.png,340,512,0.7846382112333002,0.9216944514005188,0.0028128666237921904,0.35586123384114704,0.7117224676822941,1.918788784133507e-37,0.10653924942016602
a4052,/mnt/data_disk/HDRData/1000hdr/HDRtest/a4052-20060620_165511__MG_9535.exr,/mnt/data_disk/ZQL/TIP_TMO_result/dnn/G-SemTMO/a4052.png,341,512,0.755579977636071,0.7913446086655516,0.013707914284575969,0.2831994759452026,0.5663989518904052,4.789807581464753e-19,0.18012532591819763
a4060,/mnt/data_disk/HDRData/1000hdr/HDRtest/a4060-_DSC5597.exr,/mnt/data_disk/ZQL/TIP_TMO_result/dnn/G-SemTMO/a4060.png,341,512,0.7674816109856671,0.8192450670798799,0.022467343956816238,0.314501810907315,0.6290036218146299,1.0485195491993375e-16,0.18441256880760193
a4064,/mnt/data_disk/HDRData/1000hdr/HDRtest/a4064-07-12-02-at-16h23m18s-_MG_9020.exr,/mnt/data_disk/ZQL/TIP_TMO_result/dnn/G-SemTMO/a4064.png,341,512,0.788597922378007,0.8639539759496432,0.045669903384227,0.34131697811962924,0.6826314308713726,2.5253678859252665e-06,0.17600461840629578
a4068,/mnt/data_disk/HDRData/1000hdr/HDRtest/a4068-tc_DSC2612.exr,/mnt/data_disk/ZQL/TIP_TMO_result/dnn/G-SemTMO/a4068.png,340,512,0.7352305416843807,0.7434467161207302,0.002963380444351511,0.28926937213189124,0.5785387442637825,6.805445665236306e-38,0.1502467691898346
a4075,/mnt/data_disk/HDRData/1000hdr/HDRtest/a4075-JI2E0444.exr,/mnt/data_disk/ZQL/TIP_TMO_result/dnn/G-SemTMO/a4075.png,341,512,0.7707905763346932,0.8100519384475224,0.03747487299166986,0.34797330799780013,0.6959466159955997,5.406424947433824e-16,0.2624990940093994
a4076,/mnt/data_disk/HDRData/1000hdr/HDRtest/a4076-_DGW6244.exr,/mnt/data_disk/ZQL/TIP_TMO_result/dnn/G-SemTMO/a4076.png,341,512,0.7907629049641061,0.901811839793924,0.02461677555564145,0.38922535442901723,0.7784507088580345,9.073961672672375e-18,0.2772552967071533
a4080,/mnt/data_disk/HDRData/1000hdr/HDRtest/a4080-IMG_3765.exr,/mnt/data_disk/ZQL/TIP_TMO_result/dnn/G-SemTMO/a4080.png,341,512,0.7873926091553803,0.8928686650120167,0.022198745325226043,0.4215357304974123,0.8430714609947907,3.383127521378334e-14,0.17224858701229095
a4085,/mnt/data_disk/HDRData/1000hdr/HDRtest/a4085-_MG_2385.exr,/mnt/data_disk/ZQL/TIP_TMO_result/dnn/G-SemTMO/a4085.png,341,512,0.7806526324324834,0.9057464599290573,0.0030184253041485518,0.29639561685658383,0.5927912337131677,8.597161440880358e-41,0.09840137511491776
a4087,/mnt/data_disk/HDRData/1000hdr/HDRtest/a4087-NKIM_MG_6395.exr,/mnt/data_disk/ZQL/TIP_TMO_result/dnn/G-SemTMO/a4087.png,341,512,0.8274016079985447,0.8815584792172944,0.16900632705381768,0.4650371587365432,0.9212002822362535,0.008874035236832943,0.22946298122406006
a4088,/mnt/data_disk/HDRData/1000hdr/HDRtest/a4088-dvf_041.exr,/mnt/data_disk/ZQL/TIP_TMO_result/dnn/G-SemTMO/a4088.png,341,512,0.705065832781515,0.6569988984225617,2.0665440591652327e-05,0.18449397934823142,0.36898795869646284,8.556378198105628e-86,0.07377037405967712
a4091,/mnt/data_disk/HDRData/1000hdr/HDRtest/a4091-_DSC0041.exr,/mnt/data_disk/ZQL/TIP_TMO_result/dnn/G-SemTMO/a4091.png,340,512,0.7758349815596454,0.8811912483767539,0.005406745734424142,0.3715392592412933,0.7430785184825865,1.285921524886357e-38,0.12398946285247803
a4092,/mnt/data_disk/HDRData/1000hdr/HDRtest/a4092-07-12-03-at-09h35m54s-_MG_9192.exr,/mnt/data_disk/ZQL/TIP_TMO_result/dnn/G-SemTMO/a4092.png,341,512,0.8095466741190775,0.8939256222303736,0.0871166948992867,0.43096713939736164,0.8619337880328628,4.907618605193221e-07,0.24824130535125732
a4093,/mnt/data_disk/HDRData/1000hdr/HDRtest/a4093-jn_20071117-031.exr,/mnt/data_disk/ZQL/TIP_TMO_result/dnn/G-SemTMO/a4093.png,341,512,0.8013767604543379,0.8742190786094812,0.07707717012201067,0.40178026016515306,0.8035581413499284,2.378980377743954e-06,0.2749361991882324
a4096,/mnt/data_disk/HDRData/1000hdr/HDRtest/a4096-jmac_MG_0095.exr,/mnt/data_disk/ZQL/TIP_TMO_result/dnn/G-SemTMO/a4096.png,341,512,0.6241868070635935,0.43917005492243416,0.0002876635706653726,0.14479168442133913,0.28958336884267827,4.228457371522962e-40,0.1599506288766861
a4097,/mnt/data_disk/HDRData/1000hdr/HDRtest/a4097-20080623_at_14h52m36__MG_9904.exr,/mnt/data_disk/ZQL/TIP_TMO_result/dnn/G-SemTMO/a4097.png,341,512,0.7615417659949887,0.8350811745108365,0.0028730478028758796,0.2813376668117585,0.562675333623517,3.35656864116118e-33,0.11886117607355118
a4099,/mnt/data_disk/HDRData/1000hdr/HDRtest/a4099-_DSC0014-2.exr,/mnt/data_disk/ZQL/TIP_TMO_result/dnn/G-SemTMO/a4099.png,340,512,0.7735296364931116,0.881581120129495,0.0020900143756198385,0.32827434052152177,0.6565486810430435,7.622877325443716e-46,0.08993319422006607
a4101,/mnt/data_disk/HDRData/1000hdr/HDRtest/a4101-IMG_5823.exr,/mnt/data_disk/ZQL/TIP_TMO_result/dnn/G-SemTMO/a4101.png,341,512,0.6611829927345982,0.5313109713714393,0.0001377084632949807,0.2018923753567308,0.4037847507134616,1.8346350943624657e-72,0.1474873423576355
a4102,/mnt/data_disk/HDRData/1000hdr/HDRtest/a4102-07-06-30-at-11h38m56s-_MG_1997.exr,/mnt/data_disk/ZQL/TIP_TMO_result/dnn/G-SemTMO/a4102.png,341,512,0.7953678918387037,0.9175101831062318,0.02586391561599271,0.3883185998980854,0.7766371997961709,2.6075276263385802e-18,0.16166284680366516
a4104,/mnt/data_disk/HDRData/1000hdr/HDRtest/a4104-DSC_0260.exr,/mnt/data_disk/ZQL/TIP_TMO_result/dnn/G-SemTMO/a4104.png,340,512,0.7226813353015151,0.7119142763004611,8.560607640755551e-05,0.17931224189974457,0.35862448379948914,4.1222902522973216e-57,0.0635923370718956
a4105,/mnt/data_disk/HDRData/1000hdr/HDRtest/a4105-07-11-26-at-16h02m57s-_MG_7151.exr,/mnt/data_disk/ZQL/TIP_TMO_result/dnn/G-SemTMO/a4105.png,341,512,0.7684812989335191,0.6826280196464761,0.16421084290306562,0.22819471927907561,0.4561905070590899,0.00019893149906131895,0.19629357755184174
a4107,/mnt/data_disk/HDRData/1000hdr/HDRtest/a4107-dvf_018.exr,/mnt/data_disk/ZQL/TIP_TMO_result/dnn/G-SemTMO/a4107.png,341,512,0.6003978987342391,0.3877393749688374,6.105866494176985e-06,0.0716357975946068,0.1432715951892136,3.170974998214827e-87,0.13080020248889923
a4108,/mnt/data_disk/HDRData/1000hdr/HDRtest/a4108-MB_080329_057.exr,/mnt/data_disk/ZQL/TIP_TMO_result/dnn/G-SemTMO/a4108.png,341,512,0.8387657050391807,0.8896421947942278,0.20925496589468168,0.33752096148064453,0.6749808745192568,6.104844203228372e-05,0.2600190341472626
a4110,/mnt/data_disk/HDRData/1000hdr/HDRtest/a4110-dgw_069.exr,/mnt/data_disk/ZQL/TIP_TMO_result/dnn/G-SemTMO/a4110.png,341,512,0.7597634374409394,0.7748300309214257,0.0349877135901955,0.3493560236235949,0.6987120472464275,7.622430280027201e-13,0.26963478326797485
a4113,/mnt/data_disk/HDRData/1000hdr/HDRtest/a4113-IMG_2800.exr,/mnt/data_disk/ZQL/TIP_TMO_result/dnn/G-SemTMO/a4113.png,341,512,0.626825324648049,0.44629572196444467,5.4247951730926345e-05,0.11648586169641276,0.2329717233928255,6.628803147335443e-57,0.11596038937568665
a4116,/mnt/data_disk/HDRData/1000hdr/HDRtest/a4116-IMG_2042.exr,/mnt/data_disk/ZQL/TIP_TMO_result/dnn/G-SemTMO/a4116.png,341,512,0.7336133042483681,0.748476713046708,1.8267040699702096e-05,0.16256075283615323,0.32512150567230647,4.156919422378602e-77,0.06284670531749725
a4117,/mnt/data_disk/HDRData/1000hdr/HDRtest/a4117-050918_141526__MG_5987.exr,/mnt/data_disk/ZQL/TIP_TMO_result/dnn/G-SemTMO/a4117.png,341,512,0.7999348301267449,0.8992744221569724,0.051334200933499746,0.43363874033385597,0.867277480667401,3.11006414883485e-13,0.2107325792312622
a4124,/mnt/data_disk/HDRData/1000hdr/HDRtest/a4124-20080709_at_10h04m23__MG_4561.exr,/mnt/data_disk/ZQL/TIP_TMO_result/dnn/G-SemTMO/a4124.png,341,512,0.7803914688104999,0.8858988190334506,0.011168489262195973,0.4206411313636049,0.8412822627272099,1.1067899559286466e-22,0.15926969051361084
a4127,/mnt/data_disk/HDRData/1000hdr/HDRtest/a4127-DSC_0152.exr,/mnt/data_disk/ZQL/TIP_TMO_result/dnn/G-SemTMO/a4127.png,340,512,0.7967729862614329,0.9700443043406517,0.0026450563726248422,0.4469217751036652,0.8938435502073304,4.433897766791922e-44,0.0856354683637619
a4131,/mnt/data_disk/HDRData/1000hdr/HDRtest/a4131-DSC_0001-2.exr,/mnt/data_disk/ZQL/TIP_TMO_result/dnn/G-SemTMO/a4131.png,340,512,0.7455030069195021,0.7829687719635189,0.001353055824107045,0.30700977796795836,0.6140195559359167,6.160282165929474e-31,0.0884125754237175
a4134,/mnt/data_disk/HDRData/1000hdr/HDRtest/a4134-IMG_0086.exr,/mnt/data_disk/ZQL/TIP_TMO_result/dnn/G-SemTMO/a4134.png,341,512,0.7919078698154265,0.9516500977699183,0.0023360471811337954,0.4066283490646373,0.8132566981292746,5.77118428368653e-50,0.10591918975114822
a4142,/mnt/data_disk/HDRData/1000hdr/HDRtest/a4142-_DGW6275.exr,/mnt/data_disk/ZQL/TIP_TMO_result/dnn/G-SemTMO/a4142.png,341,512,0.835020149830258,0.9008838837777255,0.1797123532346601,0.3857517768117069,0.7681916693109695,0.00331188431244433,0.19646871089935303
a4143,/mnt/data_disk/HDRData/1000hdr/HDRtest/a4143-LSCRW_0029.exr,/mnt/data_disk/ZQL/TIP_TMO_result/dnn/G-SemTMO/a4143.png,384,512,0.7563740931868077,0.8157795977496203,0.0031547595258318815,0.3138092313764921,0.6276184627529842,2.194060252358253e-18,0.08957426249980927
a4144,/mnt/data_disk/HDRData/1000hdr/HDRtest/a4144-050623_122602__MG_3246.exr,/mnt/data_disk/ZQL/TIP_TMO_result/dnn/G-SemTMO/a4144.png,341,512,0.8060272477506784,0.9160057528503041,0.056563089951002676,0.40230171015375477,0.8046034200547881,2.5272142911478527e-10,0.12464146316051483
a4150,/mnt/data_disk/HDRData/1000hdr/HDRtest/a4150-_DGW6309.exr,/mnt/data_disk/ZQL/TIP_TMO_result/dnn/G-SemTMO/a4150.png,341,512,0.8314735338418986,0.7666662680102705,0.340118600514922,0.35237211403050905,0.6549692223880283,0.049775005672989724,0.2880419194698334
a4151,/mnt/data_disk/HDRData/1000hdr/HDRtest/a4151-dvf_026.exr,/mnt/data_disk/ZQL/TIP_TMO_result/dnn/G-SemTMO/a4151.png,341,512,0.7288512130904745,0.72036689305389,0.003800295286637907,0.22707765221678367,0.45415530443356733,7.809837810172991e-30,0.20419955253601074
a4154,/mnt/data_disk/HDRData/1000hdr/HDRtest/a4154-IMG_4620.exr,/mnt/data_disk/ZQL/TIP_TMO_result/dnn/G-SemTMO/a4154.png,341,512,0.7824966511813689,0.8753459859266803,0.021645600399542563,0.3766493123853017,0.753298624770603,3.331146602710451e-16,0.1401902735233307
a4155,/mnt/data_disk/HDRData/1000hdr/HDRtest/a4155-WP_CRW_0237.exr,/mnt/data_disk/ZQL/TIP_TMO_result/dnn/G-SemTMO/a4155.png,341,512,0.782821070496514,0.8937179431437726,0.011864759668978243,0.3620981507360736,0.724196301472147,2.4272521765769204e-16,0.1218867301940918
a4156,/mnt/data_disk/HDRData/1000hdr/HDRtest/a4156-IMG_0159.exr,/mnt/data_disk/ZQL/TIP_TMO_result/dnn/G-SemTMO/a4156.png,341,512,0.7684303120362228,0.8573680743332831,0.003928660238294859,0.3636273346809367,0.7272546693618734,3.796981015500331e-42,0.17032872140407562
a4158,/mnt/data_disk/HDRData/1000hdr/HDRtest/a4158-WP_CRW_4109.exr,/mnt/data_disk/ZQL/TIP_TMO_result/dnn/G-SemTMO/a4158.png,341,512,0.7671844765138661,0.8609797792445711,0.0012030154642540902,0.3089906787903567,0.6179813575807134,7.81519952781283e-48,0.08794911950826645
a4160,/mnt/data_disk/HDRData/1000hdr/HDRtest/a4160-jn_20070824_0167.exr,/mnt/data_disk/ZQL/TIP_TMO_result/dnn/G-SemTMO/a4160.png,341,512,0.7588651177124865,0.8061942253316766,0.011811796876632311,0.3164953427870944,0.6329906855741888,2.739684192962003e-23,0.26803380250930786
a4161,/mnt/data_disk/HDRData/1000hdr/HDRtest/a4161-tc_DSC2218.exr,/mnt/data_disk/ZQL/TIP_TMO_result/dnn/G-SemTMO/a4161.png,340,512,0.9103506849677748,0.9736009115118782,0.46568175963110076,0.8192691190449389,0.9185302288674262,0.7200080092224517,0.16201746463775635
a4167,/mnt/data_disk/HDRData/1000hdr/HDRtest/a4167-IMG_0031.exr,/mnt/data_disk/ZQL/TIP_TMO_result/dnn/G-SemTMO/a4167.png,341,512,0.7415493984702439,0.7209692786627846,0.0294494346061136,0.2960958080889525,0.5921916161779048,1.3197379721334277e-16,0.2075141817331314
a4170,/mnt/data_disk/HDRData/1000hdr/HDRtest/a4170-jmac_DSC3333.exr,/mnt/data_disk/ZQL/TIP_TMO_result/dnn/G-SemTMO/a4170.png,343,512,0.7363027788801714,0.7526187857898824,0.0010540143552368454,0.2600615309523725,0.520123061904745,9.747217486719255e-51,0.13123668730258942
a4174,/mnt/data_disk/HDRData/1000hdr/HDRtest/a4174-dgw_083.exr,/mnt/data_disk/ZQL/TIP_TMO_result/dnn/G-SemTMO/a4174.png,341,512,0.8019411698622269,0.8934155617256387,0.06225347215140333,0.3933355393012442,0.7866710783892236,2.132648567567878e-10,0.28216588497161865
a4177,/mnt/data_disk/HDRData/1000hdr/HDRtest/a4177-jmac_DSC1412.exr,/mnt/data_disk/ZQL/TIP_TMO_result/dnn/G-SemTMO/a4177.png,340,512,0.7949651936330974,0.9442049921832006,0.01010128653845065,0.40905895003831994,0.8181179000766386,1.266399327035435e-15,0.09132235497236252
a4184,/mnt/data_disk/HDRData/1000hdr/HDRtest/a4184-jmac_MG_5507.exr,/mnt/data_disk/ZQL/TIP_TMO_result/dnn/G-SemTMO/a4184.png,341,512,0.7935314105760135,0.838267652778043,0.08364680015957199,0.32712604132105283,0.654252041605961,4.103614475501717e-08,0.22896209359169006
a4185,/mnt/data_disk/HDRData/1000hdr/HDRtest/a4185-DSC_0055-2.exr,/mnt/data_disk/ZQL/TIP_TMO_result/dnn/G-SemTMO/a4185.png,340,512,0.7878676741112527,0.89666776481975,0.02097566268626024,0.3901235118428588,0.7802470236857176,3.3681644593214833e-22,0.1444663554430008
a4188,/mnt/data_disk/HDRData/1000hdr/HDRtest/a4188-_MG_1604.exr,/mnt/data_disk/ZQL/TIP_TMO_result/dnn/G-SemTMO/a4188.png,341,512,0.7496441734856363,0.7310999760576942,0.04293443890493256,0.21450905011559102,0.4290180911181661,9.113015966241446e-09,0.23645445704460144
a4191,/mnt/data_disk/HDRData/1000hdr/HDRtest/a4191-IMG_4849.exr,/mnt/data_disk/ZQL/TIP_TMO_result/dnn/G-SemTMO/a4191.png,341,512,0.7697863058634576,0.8639279653316455,0.003346689923125333,0.2830954229502674,0.5661908459005348,1.2695976555368647e-33,0.13890117406845093
a4194,/mnt/data_disk/HDRData/1000hdr/HDRtest/a4194-LS051026_day_1_arive50.exr,/mnt/data_disk/ZQL/TIP_TMO_result/dnn/G-SemTMO/a4194.png,341,512,0.7735004331955849,0.8711063406404224,0.005979616578858175,0.361288348383662,0.722576696767324,3.7531546843250455e-36,0.12280762195587158
a4198,/mnt/data_disk/HDRData/1000hdr/HDRtest/a4198-_DSC6401.exr,/mnt/data_disk/ZQL/TIP_TMO_result/dnn/G-SemTMO/a4198.png,341,512,0.76180270752611,0.8186941344965081,0.010684273423463,0.40939188910653135,0.8187837782130627,4.1627438961310635e-24,0.26374542713165283
a4199,/mnt/data_disk/HDRData/1000hdr/HDRtest/a4199-jmac_MG_5003.exr,/mnt/data_disk/ZQL/TIP_TMO_result/dnn/G-SemTMO/a4199.png,341,512,0.7924721240215337,0.8963648146471386,0.03252186753556802,0.44880862622736,0.8976172524545621,1.57909597322035e-13,0.2546474039554596
a4201,/mnt/data_disk/HDRData/1000hdr/HDRtest/a4201-_DSC0120.exr,/mnt/data_disk/ZQL/TIP_TMO_result/dnn/G-SemTMO/a4201.png,340,512,0.7810470441034183,0.8450495989396893,0.038881540483904145,0.2749189400303026,0.5498378800606042,1.0029363559689539e-15,0.1998569816350937
a4202,/mnt/data_disk/HDRData/1000hdr/HDRtest/a4202-DSC_0439.exr,/mnt/data_disk/ZQL/TIP_TMO_result/dnn/G-SemTMO/a4202.png,343,512,0.7553704367693596,0.8159355136885057,0.0018605029020728673,0.3002072323776709,0.6004144647553418,8.40741816693751e-33,0.14039915800094604
a4204,/mnt/data_disk/HDRData/1000hdr/HDRtest/a4204-_DGW7870.exr,/mnt/data_disk/ZQL/TIP_TMO_result/dnn/G-SemTMO/a4204.png,341,512,0.7704782708718899,0.8535877444092895,0.008896718382238118,0.3708963313703374,0.7417926627405591,1.156754444098698e-13,0.10302747040987015
a4212,/mnt/data_disk/HDRData/1000hdr/HDRtest/a4212-Duggan_090321_5925.exr,/mnt/data_disk/ZQL/TIP_TMO_result/dnn/G-SemTMO/a4212.png,341,512,0.7820624161955134,0.8687505538609,0.024815005642717516,0.4200915185284301,0.8401830370568601,1.4014338238264917e-17,0.16699978709220886
a4214,/mnt/data_disk/HDRData/1000hdr/HDRtest/a4214-DSC_0267.exr,/mnt/data_disk/ZQL/TIP_TMO_result/dnn/G-SemTMO/a4214.png,343,512,0.6676351889406231,0.5484273811685646,0.0001589677128927899,0.12389960158154815,0.2477992031630963,3.509410754049673e-39,0.11291321367025375
a4216,/mnt/data_disk/HDRData/1000hdr/HDRtest/a4216-DSC_0118.exr,/mnt/data_disk/ZQL/TIP_TMO_result/dnn/G-SemTMO/a4216.png,343,512,0.7842810598449813,0.916194959670184,0.004272009626966074,0.3502284214391865,0.700456842878373,2.632122600355578e-27,0.1288934350013733
a4220,/mnt/data_disk/HDRData/1000hdr/HDRtest/a4220-Duggan_090305_5359.exr,/mnt/data_disk/ZQL/TIP_TMO_result/dnn/G-SemTMO/a4220.png,341,512,0.7778197374047502,0.8550338224138724,0.023541236030478457,0.3610764907403591,0.7221529814807182,5.455598891332534e-17,0.16593563556671143
a4228,/mnt/data_disk/HDRData/1000hdr/HDRtest/a4228-DSC_0037-2.exr,/mnt/data_disk/ZQL/TIP_TMO_result/dnn/G-SemTMO/a4228.png,340,512,0.772338480671645,0.8821789027613441,0.0007011485846715183,0.3563056775974794,0.7126113551949588,6.392962535360786e-28,0.07785052061080933
a4230,/mnt/data_disk/HDRData/1000hdr/HDRtest/a4230-Duggan_090426_7798.exr,/mnt/data_disk/ZQL/TIP_TMO_result/dnn/G-SemTMO/a4230.png,341,512,0.7615643853807624,0.843716281535522,0.0004043423206527352,0.3066448794454402,0.6132897588908804,4.059727676978118e-62,0.16665306687355042
a4231,/mnt/data_disk/HDRData/1000hdr/HDRtest/a4231-Duggan_080326_5786.exr,/mnt/data_disk/ZQL/TIP_TMO_result/dnn/G-SemTMO/a4231.png,341,512,0.7022248451684854,0.646760646087845,0.00029043011557389333,0.26686460212329743,0.5337292042465949,2.72867323466496e-57,0.07441946864128113
a4232,/mnt/data_disk/HDRData/1000hdr/HDRtest/a4232-Duggan_090323_6181.exr,/mnt/data_disk/ZQL/TIP_TMO_result/dnn/G-SemTMO/a4232.png,341,512,0.7906760063484916,0.9147372788452964,0.016702064086361986,0.44259916212416767,0.8851983242483351,2.259685559447927e-16,0.23106852173805237
a4235,/mnt/data_disk/HDRData/1000hdr/HDRtest/a4235-DSC_0433.exr,/mnt/data_disk/ZQL/TIP_TMO_result/dnn/G-SemTMO/a4235.png,343,512,0.7440440520956783,0.7746442075556764,0.0024438671318697865,0.22902151830784312,0.45804303661568624,2.967417559391224e-38,0.1378336399793625
a4236,/mnt/data_disk/HDRData/1000hdr/HDRtest/a4236-DSC_0384.exr,/mnt/data_disk/ZQL/TIP_TMO_result/dnn/G-SemTMO/a4236.png,343,512,0.7947879422099555,0.9510180768297954,0.006748458921739185,0.41264941815181255,0.8252988363036251,3.494368570454207e-40,0.1128222644329071
a4237,/mnt/data_disk/HDRData/1000hdr/HDRtest/a4237-20090417_at_18h06m01__MG_1955.exr,/mnt/data_disk/ZQL/TIP_TMO_result/dnn/G-SemTMO/a4237.png,341,512,0.7341899421272701,0.7479062198225196,0.00044272501560752877,0.1875420736109964,0.3750841472219928,1.4015248761602777e-54,0.13492928445339203
a4238,/mnt/data_disk/HDRData/1000hdr/HDRtest/a4238-Duggan_090320_5609.exr,/mnt/data_disk/ZQL/TIP_TMO_result/dnn/G-SemTMO/a4238.png,341,512,0.8015638005654303,0.9415469486352614,0.02592228209554109,0.46989296685389925,0.9397859337077935,4.950689721103174e-15,0.14031048119068146
a4239,/mnt/data_disk/HDRData/1000hdr/HDRtest/a4239-Duggan_080114_4429.exr,/mnt/data_disk/ZQL/TIP_TMO_result/dnn/G-SemTMO/a4239.png,341,512,0.7440348802599076,0.7835254547235289,6.411504258796392e-05,0.1653357173411513,0.3306714346823026,3.635485318607323e-59,0.12961871922016144
a4244,/mnt/data_disk/HDRData/1000hdr/HDRtest/a4244-Duggan_090504_8959.exr,/mnt/data_disk/ZQL/TIP_TMO_result/dnn/G-SemTMO/a4244.png,341,512,0.8154002991993976,0.8437543334212555,0.1615440670648558,0.3538001279978048,0.7075999739061041,2.820895055729991e-07,0.15195752680301666
a4246,/mnt/data_disk/HDRData/1000hdr/HDRtest/a4246-Duggan_090330_6226.exr,/mnt/data_disk/ZQL/TIP_TMO_result/dnn/G-SemTMO/a4246.png,341,512,0.7680473417681887,0.843856113263076,0.009313968923713702,0.39212361884765345,0.7842472376953069,1.9081666911365917e-42,0.17291440069675446
a4249,/mnt/data_disk/HDRData/1000hdr/HDRtest/a4249-Duggan_090322_6001.exr,/mnt/data_disk/ZQL/TIP_TMO_result/dnn/G-SemTMO/a4249.png,341,512,0.7876716637533645,0.9092479907293365,0.013408598127360326,0.4509771382898739,0.9019542765797478,4.488498997987201e-24,0.20577795803546906
a4254,/mnt/data_disk/HDRData/1000hdr/HDRtest/a4254-DSC_0066.exr,/mnt/data_disk/ZQL/TIP_TMO_result/dnn/G-SemTMO/a4254.png,340,512,0.7772366553693907,0.8824894737766755,0.007114995574676918,0.41379106056247406,0.8275821211249481,4.1727125839809937e-22,0.08377134799957275
a4258,/mnt/data_disk/HDRData/1000hdr/HDRtest/a4258-_DSC0012-4.exr,/mnt/data_disk/ZQL/TIP_TMO_result/dnn/G-SemTMO/a4258.png,340,512,0.7289708290060135,0.7312423930326318,0.00029869927457620935,0.3232785563227768,0.6465571126455536,1.1005198086071403e-44,0.07536593824625015
a4262,/mnt/data_disk/HDRData/1000hdr/HDRtest/a4262-DSC_0065.exr,/mnt/data_disk/ZQL/TIP_TMO_result/dnn/G-SemTMO/a4262.png,340,512,0.7506231333844592,0.7987957648155908,0.0019831296534481772,0.30034846165977064,0.6006969233195413,6.620969748154156e-35,0.09376472979784012
a4266,/mnt/data_disk/HDRData/1000hdr/HDRtest/a4266-DSC_0426.exr,/mnt/data_disk/ZQL/TIP_TMO_result/dnn/G-SemTMO/a4266.png,343,512,0.7648584783146589,0.8345218181132598,0.00821472715279525,0.328979859291743,0.657959718583486,1.9958254110269974e-25,0.16557632386684418
a4267,/mnt/data_disk/HDRData/1000hdr/HDRtest/a4267-20090414_at_23h13m08__MG_1367.exr,/mnt/data_disk/ZQL/TIP_TMO_result/dnn/G-SemTMO/a4267.png,341,512,0.5866881159427073,0.359015011434343,7.718710431088234e-05,0.21639034500126667,0.43278069000253333,4.43586383350225e-77,0.1192137598991394
a4271,/mnt/data_disk/HDRData/1000hdr/HDRtest/a4271-Duggan_090227_5232.exr,/mnt/data_disk/ZQL/TIP_TMO_result/dnn/G-SemTMO/a4271.png,341,512,0.7993600437795618,0.9361737260528613,0.02390377722145801,0.4157074491355553,0.8314148982711104,2.745706983633014e-16,0.16248475015163422
a4272,/mnt/data_disk/HDRData/1000hdr/HDRtest/a4272-DSC_0398.exr,/mnt/data_disk/ZQL/TIP_TMO_result/dnn/G-SemTMO/a4272.png,343,512,0.761646771500381,0.7771106383575073,0.03829120848715157,0.39022826732735194,0.7804188873191196,3.7647335584289714e-05,0.09784676134586334
a4275,/mnt/data_disk/HDRData/1000hdr/HDRtest/a4275-09-05-12-at-17h46m31s-_MG_8890.exr,/mnt/data_disk/ZQL/TIP_TMO_result/dnn/G-SemTMO/a4275.png,341,512,0.7495184009117086,0.7960524134131644,0.001621462693859002,0.30563060739388387,0.6112612147877677,4.214739570314221e-35,0.13475850224494934
a4287,/mnt/data_disk/HDRData/1000hdr/HDRtest/a4287-_DSC0083.exr,/mnt/data_disk/ZQL/TIP_TMO_result/dnn/G-SemTMO/a4287.png,340,512,0.775793947252819,0.879009655023506,0.00626468175180942,0.3668570989305454,0.7337141978610908,1.011792075577151e-40,0.1321110725402832
a4291,/mnt/data_disk/HDRData/1000hdr/HDRtest/a4291-20090417_at_18h46m58__MG_2026.exr,/mnt/data_disk/ZQL/TIP_TMO_result/dnn/G-SemTMO/a4291.png,341,512,0.7614835213163839,0.8375517749113116,0.0019651827826752855,0.3076657511082146,0.6153315022164292,2.512164629812181e-33,0.11705068498849869
a4297,/mnt/data_disk/HDRData/1000hdr/HDRtest/a4297-_DSC0034.exr,/mnt/data_disk/ZQL/TIP_TMO_result/dnn/G-SemTMO/a4297.png,340,512,0.7567354493398213,0.8249520320138888,0.0006942608808019164,0.28075335393350564,0.5615067078670113,4.752584342309454e-45,0.10879460722208023
a4298,/mnt/data_disk/HDRData/1000hdr/HDRtest/a4298-Duggan_090504_9090.exr,/mnt/data_disk/ZQL/TIP_TMO_result/dnn/G-SemTMO/a4298.png,341,512,0.7564571356466853,0.8146895248964082,0.0036837923754605563,0.33917917600340636,0.6783583520065937,2.1908969671471697e-13,0.14632093906402588
a4302,/mnt/data_disk/HDRData/1000hdr/HDRtest/a4302-20090425_at_17h00m59__MG_0404.exr,/mnt/data_disk/ZQL/TIP_TMO_result/dnn/G-SemTMO/a4302.png,341,512,0.785048184593428,0.809430731058611,0.08216869419258292,0.3580919631529633,0.7161837705745089,1.5573141773798353e-07,0.2474672943353653
a4304,/mnt/data_disk/HDRData/1000hdr/HDRtest/a4304-09-05-19-at-18h03m17s-_MG_9540.exr,/mnt/data_disk/ZQL/TIP_TMO_result/dnn/G-SemTMO/a4304.png,341,512,0.7227216813101253,0.7048018214579342,0.0020911229607011566,0.2602795136207313,0.5205590272414626,7.53476470617665e-37,0.14727163314819336
a4307,/mnt/data_disk/HDRData/1000hdr/HDRtest/a4307-20050328_161219__MG_0628.exr,/mnt/data_disk/ZQL/TIP_TMO_result/dnn/G-SemTMO/a4307.png,341,512,0.7285807974587104,0.7308980181278748,0.00012769204415339497,0.2995589260378213,0.5991178520756426,2.29586969846051e-67,0.09510649740695953
a4308,/mnt/data_disk/HDRData/1000hdr/HDRtest/a4308-Duggan_090209_4996.exr,/mnt/data_disk/ZQL/TIP_TMO_result/dnn/G-SemTMO/a4308.png,341,512,0.8189911118759073,0.8943110942724094,0.12138208511371491,0.38611166042185097,0.7722223957020449,9.251416570304684e-07,0.2309105545282364
a4310,/mnt/data_disk/HDRData/1000hdr/HDRtest/a4310-DSC_0007.exr,/mnt/data_disk/ZQL/TIP_TMO_result/dnn/G-SemTMO/a4310.png,340,512,0.7694858397204397,0.8641774202750337,0.0028611609154623194,0.3087078444796011,0.6174156889592022,1.0521575209185594e-39,0.1143774762749672
a4312,/mnt/data_disk/HDRData/1000hdr/HDRtest/a4312-20090417_at_16h32m44__MG_1867.exr,/mnt/data_disk/ZQL/TIP_TMO_result/dnn/G-SemTMO/a4312.png,341,512,0.7300870185413484,0.7304267550972858,0.0015150220004184443,0.19973929421772108,0.39947858843544215,1.2994255398040399e-42,0.2390020191669464
a4317,/mnt/data_disk/HDRData/1000hdr/HDRtest/a4317-DSC_0224.exr,/mnt/data_disk/ZQL/TIP_TMO_result/dnn/G-SemTMO/a4317.png,343,512,0.6915982156427728,0.6106672765521971,0.0016920518244193294,0.2098234655511537,0.4196469311023074,9.61788094774112e-25,0.10651981830596924
a4318,/mnt/data_disk/HDRData/1000hdr/HDRtest/a4318-Duggan_090321_5920.exr,/mnt/data_disk/ZQL/TIP_TMO_result/dnn/G-SemTMO/a4318.png,341,512,0.7990265320668615,0.9617182753369055,0.009440493247555753,0.3708150578099478,0.7416301156198956,4.662607336507165e-24,0.10549487918615341
a4319,/mnt/data_disk/HDRData/1000hdr/HDRtest/a4319-DSC_0132.exr,/mnt/data_disk/ZQL/TIP_TMO_result/dnn/G-SemTMO/a4319.png,340,512,0.771129595775131,0.867819250126539,0.0037496845726678303,0.293711423601931,0.587422847203862,2.7224222846699054e-29,0.12442710995674133
a4323,/mnt/data_disk/HDRData/1000hdr/HDRtest/a4323-DSC_0010.exr,/mnt/data_disk/ZQL/TIP_TMO_result/dnn/G-SemTMO/a4323.png,343,512,0.7744219516949802,0.8358523841161173,0.02809815130519943,0.33350674294877264,0.6670134858975453,2.1172282446454115e-24,0.1783488690853119
a4324,/mnt/data_disk/HDRData/1000hdr/HDRtest/a4324-DSC_0002.exr,/mnt/data_disk/ZQL/TIP_TMO_result/dnn/G-SemTMO/a4324.png,343,512,0.783648152853983,0.8798112760005021,0.021548440159205387,0.3545793154364828,0.7091586308729656,2.8159965061562976e-27,0.1253344714641571
a4326,/mnt/data_disk/HDRData/1000hdr/HDRtest/a4326-DSC_0461.exr,/mnt/data_disk/ZQL/TIP_TMO_result/dnn/G-SemTMO/a4326.png,343,512,0.6804028954780699,0.583057869254099,0.0002846463720601651,0.2415673555313732,0.4831347110627464,4.491169645013809e-68,0.11987340450286865
a4329,/mnt/data_disk/HDRData/1000hdr/HDRtest/a4329-DSC_0028.exr,/mnt/data_disk/ZQL/TIP_TMO_result/dnn/G-SemTMO/a4329.png,340,512,0.7503197991748997,0.8021545242381533,0.0006999693967017186,0.35670358226731197,0.7134071645346239,6.848619922761168e-31,0.07616285979747772
a4331,/mnt/data_disk/HDRData/1000hdr/HDRtest/a4331-_DGW0241.exr,/mnt/data_disk/ZQL/TIP_TMO_result/dnn/G-SemTMO/a4331.png,341,512,0.653710935592928,0.5115711035763123,0.00019682225306496922,0.18748461961458066,0.3749692392291613,3.135748258769473e-36,0.10775802284479141
a4335,/mnt/data_disk/HDRData/1000hdr/HDRtest/a4335-Duggan_090123_4520.exr,/mnt/data_disk/ZQL/TIP_TMO_result/dnn/G-SemTMO/a4335.png,341,512,0.7492374768292008,0.7892066271077159,0.00372736589625226,0.2660186285866358,0.5320372571732715,3.90126935559609e-34,0.1969313621520996
a4338,/mnt/data_disk/HDRData/1000hdr/HDRtest/a4338-DSC_0206.exr,/mnt/data_disk/ZQL/TIP_TMO_result/dnn/G-SemTMO/a4338.png,343,512,0.7627053228967957,0.8386193566579636,0.0031163616430229272,0.36728184983293616,0.7345636996658716,6.119207316715471e-16,0.08726945519447327
a4339,/mnt/data_disk/HDRData/1000hdr/HDRtest/a4339-Duggan_090111_4244.exr,/mnt/data_disk/ZQL/TIP_TMO_result/dnn/G-SemTMO/a4339.png,341,512,0.7824852947243038,0.848258537866533,0.04043143158110504,0.42927889068852393,0.8585577813770476,2.1744502581700302e-16,0.19659866392612457
a4340,/mnt/data_disk/HDRData/1000hdr/HDRtest/a4340-DSC_0441.exr,/mnt/data_disk/ZQL/TIP_TMO_result/dnn/G-SemTMO/a4340.png,343,512,0.6797348324998174,0.5755442733499734,0.0022283269346256734,0.3282474727503383,0.6564949455006766,5.152422166565918e-32,0.12672685086727142
a4342,/mnt/data_disk/HDRData/1000hdr/HDRtest/a4342-DSC_0043.exr,/mnt/data_disk/ZQL/TIP_TMO_result/dnn/G-SemTMO/a4342.png,340,512,0.7325732161633652,0.74192790837644,0.000578262233313017,0.24392344926635842,0.48784689853271684,9.130443568105077e-56,0.10708920657634735
a4345,/mnt/data_disk/HDRData/1000hdr/HDRtest/a4345-Duggan_080411_5976.exr,/mnt/data_disk/ZQL/TIP_TMO_result/dnn/G-SemTMO/a4345.png,341,512,0.7067295800110943,0.6616182888696304,8.210356647985228e-05,0.204788093072603,0.409576186145206,7.456840516370649e-72,0.12200675904750824
a4354,/mnt/data_disk/HDRData/1000hdr/HDRtest/a4354-DSC_0347.exr,/mnt/data_disk/ZQL/TIP_TMO_result/dnn/G-SemTMO/a4354.png,343,512,0.7751520142828413,0.7831418212426396,0.07413384504186889,0.32142951047431395,0.6428590209481558,4.720436644692817e-13,0.17630335688591003
a4356,/mnt/data_disk/HDRData/1000hdr/HDRtest/a4356-_DSC1335.exr,/mnt/data_disk/ZQL/TIP_TMO_result/dnn/G-SemTMO/a4356.png,341,512,0.6577887417583552,0.5197207106021953,0.0009146291827256998,0.31970965267580914,0.6394193053516183,1.4111813129359414e-27,0.07289378345012665
a4357,/mnt/data_disk/HDRData/1000hdr/HDRtest/a4357-Duggan_090124_4645.exr,/mnt/data_disk/ZQL/TIP_TMO_result/dnn/G-SemTMO/a4357.png,341,512,0.7712584127306965,0.8658051062698114,0.004719807018632238,0.3306664521104492,0.6613329042208984,3.9282569074644014e-27,0.14504705369472504
a4366,/mnt/data_disk/HDRData/1000hdr/HDRtest/a4366-DSC_0447.exr,/mnt/data_disk/ZQL/TIP_TMO_result/dnn/G-SemTMO/a4366.png,343,512,0.781952757162314,0.9126324015215144,0.002390575365523641,0.34218280987050254,0.6843656197410051,3.7493015675293405e-38,0.08401055634021759
a4368,/mnt/data_disk/HDRData/1000hdr/HDRtest/a4368-Duggan_090321_5857.exr,/mnt/data_disk/ZQL/TIP_TMO_result/dnn/G-SemTMO/a4368.png,341,512,0.7378204763653026,0.7603087852278576,0.00040382890551834727,0.24173918090925214,0.4834783618185043,2.1748726479211976e-50,0.17179842293262482
a4370,/mnt/data_disk/HDRData/1000hdr/HDRtest/a4370-DSC_0080.exr,/mnt/data_disk/ZQL/TIP_TMO_result/dnn/G-SemTMO/a4370.png,340,512,0.745113743643411,0.7853716293662386,0.0003864764828660309,0.23458117438471873,0.46916234876943747,4.2770139335517375e-67,0.09458335489034653
a4374,/mnt/data_disk/HDRData/1000hdr/HDRtest/a4374-09-05-19-at-17h54m57s-_MG_9531.exr,/mnt/data_disk/ZQL/TIP_TMO_result/dnn/G-SemTMO/a4374.png,341,512,0.7741783704022349,0.8820430230013139,0.0027342872182662425,0.3388919890328109,0.6777839780656219,3.0137225595697987e-38,0.09324528276920319
a4377,/mnt/data_disk/HDRData/1000hdr/HDRtest/a4377-IMG_4929.exr,/mnt/data_disk/ZQL/TIP_TMO_result/dnn/G-SemTMO/a4377.png,341,512,0.800997878863694,0.9567920736292376,0.015788238660069412,0.4107279904729794,0.8214559809459588,1.0872587241539545e-19,0.103342205286026
a4382,/mnt/data_disk/HDRData/1000hdr/HDRtest/a4382-DSC_0261.exr,/mnt/data_disk/ZQL/TIP_TMO_result/dnn/G-SemTMO/a4382.png,343,512,0.7764559768581962,0.8835385980400828,0.005400609683459687,0.40449567988664853,0.8089913597732971,2.81059979751024e-33,0.1366022825241089
a4384,/mnt/data_disk/HDRData/1000hdr/HDRtest/a4384-DSC_0322.exr,/mnt/data_disk/ZQL/TIP_TMO_result/dnn/G-SemTMO/a4384.png,343,512,0.7576037071110283,0.8301450965862848,0.0002587193312088831,0.2676838393804187,0.5353676787608374,2.3694668154924267e-60,0.10958004742860794
a4385,/mnt/data_disk/HDRData/1000hdr/HDRtest/a4385-_DGW9650.exr,/mnt/data_disk/ZQL/TIP_TMO_result/dnn/G-SemTMO/a4385.png,341,512,0.7774650505295156,0.8834723563650778,0.0070593168326510344,0.3453598713505067,0.6907197427010134,4.263616118968835e-31,0.1487182229757309
a4386,/mnt/data_disk/HDRData/1000hdr/HDRtest/a4386-Duggan_090124_4632.exr,/mnt/data_disk/ZQL/TIP_TMO_result/dnn/G-SemTMO/a4386.png,341,512,0.7766743128804486,0.8968150807543548,0.001125849170607092,0.29406661270241696,0.5881332254048339,1.4736109168205626e-53,0.08388146758079529
a4392,/mnt/data_disk/HDRData/1000hdr/HDRtest/a4392-Duggan_090331_6554.exr,/mnt/data_disk/ZQL/TIP_TMO_result/dnn/G-SemTMO/a4392.png,341,512,0.7856932108253343,0.9126842540782045,0.007991058442623095,0.41960076734485013,0.8392015346897003,9.52195152611155e-27,0.210956871509552
a4394,/mnt/data_disk/HDRData/1000hdr/HDRtest/a4394-Duggan_090127_4837.exr,/mnt/data_disk/ZQL/TIP_TMO_result/dnn/G-SemTMO/a4394.png,341,512,0.6840600252666725,0.5915676884080223,0.0007924019902641791,0.21238666442500104,0.4247733288500021,3.654164614935909e-44,0.16429513692855835
a4395,/mnt/data_disk/HDRData/1000hdr/HDRtest/a4395-Duggan_090503_8734.exr,/mnt/data_disk/ZQL/TIP_TMO_result/dnn/G-SemTMO/a4395.png,341,512,0.6998160994782987,0.6264587542646005,0.005527876389263861,0.43756405216514116,0.875127925654774,1.7867550823847532e-07,0.08601490408182144
a4396,/mnt/data_disk/HDRData/1000hdr/HDRtest/a4396-DSC_0073-2.exr,/mnt/data_disk/ZQL/TIP_TMO_result/dnn/G-SemTMO/a4396.png,340,512,0.7734892483533847,0.8781511258773912,0.003188541938952026,0.3675296414208915,0.735059282841783,5.979721594139405e-41,0.09546764940023422
a4398,/mnt/data_disk/HDRData/1000hdr/HDRtest/a4398-Duggan_050709_1062.exr,/mnt/data_disk/ZQL/TIP_TMO_result/dnn/G-SemTMO/a4398.png,341,512,0.7402036090141557,0.768983703233384,0.0002868166680414897,0.1785711516605317,0.3571423033210634,2.400812860443639e-48,0.10749068856239319
a4399,/mnt/data_disk/HDRData/1000hdr/HDRtest/a4399-Duggan_080410_5879.exr,/mnt/data_disk/ZQL/TIP_TMO_result/dnn/G-SemTMO/a4399.png,341,512,0.745161651003047,0.7848142184441681,0.0005449248520575778,0.31902082861890396,0.6380416572378079,3.590605151896575e-45,0.08667142689228058
a4409,/mnt/data_disk/HDRData/1000hdr/HDRtest/a4409-Duggan_090503_8738.exr,/mnt/data_disk/ZQL/TIP_TMO_result/dnn/G-SemTMO/a4409.png,341,512,0.882362699152994,0.9293334393071128,0.373161674376985,0.782710744337257,0.9088609314150556,0.6565605572594584,0.1849716454744339
a4419,/mnt/data_disk/HDRData/1000hdr/HDRtest/a4419-_DGW0269.exr,/mnt/data_disk/ZQL/TIP_TMO_result/dnn/G-SemTMO/a4419.png,341,512,0.7519287164591494,0.7056257215442073,0.07419131316659908,0.35298011434070925,0.7059600906888287,1.3799258976057103e-07,0.155899316072464
a4420,/mnt/data_disk/HDRData/1000hdr/HDRtest/a4420-DSC_0054.exr,/mnt/data_disk/ZQL/TIP_TMO_result/dnn/G-SemTMO/a4420.png,343,512,0.6514826651923153,0.5063802190659265,8.896062214636008e-05,0.13151676708345833,0.26303353416691666,4.710341003602463e-78,0.12948207557201385
a4421,/mnt/data_disk/HDRData/1000hdr/HDRtest/a4421-Duggan_090214_5129.exr,/mnt/data_disk/ZQL/TIP_TMO_result/dnn/G-SemTMO/a4421.png,341,512,0.8881105940873737,0.9837134584390673,0.3315719948158769,0.6536298624583217,0.8200544669890765,0.4872052579275669,0.12285509705543518
a4425,/mnt/data_disk/HDRData/1000hdr/HDRtest/a4425-DSC_0007.exr,/mnt/data_disk/ZQL/TIP_TMO_result/dnn/G-SemTMO/a4425.png,343,512,0.8264176698076826,0.8795682859278564,0.16709245002607676,0.472483673488276,0.9447031047596384,0.000264242216913647,0.15246431529521942
a4430,/mnt/data_disk/HDRData/1000hdr/HDRtest/a4430-09-05-19-at-19h04m03s-_MG_9559.exr,/mnt/data_disk/ZQL/TIP_TMO_result/dnn/G-SemTMO/a4430.png,341,512,0.7528353449994063,0.7934285627456923,0.007437308801914947,0.3431949527079927,0.6863899054159854,8.124938709927456e-29,0.1028287336230278
a4431,/mnt/data_disk/HDRData/1000hdr/HDRtest/a4431-Duggan_090330_6282.exr,/mnt/data_disk/ZQL/TIP_TMO_result/dnn/G-SemTMO/a4431.png,341,512,0.818653281470791,0.9376183450912563,0.07944199456663598,0.3850053394182058,0.7698754420109536,0.00013523682545806936,0.155763179063797
a4432,/mnt/data_disk/HDRData/1000hdr/HDRtest/a4432-Duggan_081114_3124.exr,/mnt/data_disk/ZQL/TIP_TMO_result/dnn/G-SemTMO/a4432.png,341,512,0.7584314168467847,0.8304599029708725,0.0008372691609983601,0.28108845890421125,0.5621769178084225,5.402451544970771e-35,0.13389526307582855
a4433,/mnt/data_disk/HDRData/1000hdr/HDRtest/a4433-Duggan_090504_8957.exr,/mnt/data_disk/ZQL/TIP_TMO_result/dnn/G-SemTMO/a4433.png,341,512,0.9398557788595476,0.9582406615562643,0.6657556836149291,0.8991981091057403,0.8421888581893897,0.9562073600220908,0.14455419778823853
a4434,/mnt/data_disk/HDRData/1000hdr/HDRtest/a4434-20090414_at_23h05m38__MG_1365.exr,/mnt/data_disk/ZQL/TIP_TMO_result/dnn/G-SemTMO/a4434.png,341,512,0.6378936590912145,0.4726556024531613,6.200699074254949e-05,0.3269569120869675,0.653913824173935,5.74952885332347e-49,0.050092119723558426
a4435,/mnt/data_disk/HDRData/1000hdr/HDRtest/a4435-WP_CRW_0591.exr,/mnt/data_disk/ZQL/TIP_TMO_result/dnn/G-SemTMO/a4435.png,341,512,0.7930203721680732,0.8950863155277781,0.034861949290118335,0.36372196950690167,0.7274439390138033,1.15830936891473e-19,0.1685170978307724
a4436,/mnt/data_disk/HDRData/1000hdr/HDRtest/a4436-DSC_0153.exr,/mnt/data_disk/ZQL/TIP_TMO_result/dnn/G-SemTMO/a4436.png,343,512,0.7839623566580196,0.9115921613669012,0.005596086922550156,0.303142501347041,0.606285002694082,2.1479173791108523e-25,0.11394419521093369
a4442,/mnt/data_disk/HDRData/1000hdr/HDRtest/a4442-Duggan_080629_9284.exr,/mnt/data_disk/ZQL/TIP_TMO_result/dnn/G-SemTMO/a4442.png,341,512,0.7308101764277823,0.7360162909719903,0.000592420878168245,0.18452044188265196,0.3690408837653039,1.4845622716317473e-43,0.11285269260406494
a4447,/mnt/data_disk/HDRData/1000hdr/HDRtest/a4447-Duggan_090321_5856.exr,/mnt/data_disk/ZQL/TIP_TMO_result/dnn/G-SemTMO/a4447.png,341,512,0.7763710043859863,0.8787831787661071,0.007321712838449301,0.3473265368020984,0.6946530736041968,1.4234116276711154e-22,0.18636156618595123
a4448,/mnt/data_disk/HDRData/1000hdr/HDRtest/a4448-Duggan_080119_4778.exr,/mnt/data_disk/ZQL/TIP_TMO_result/dnn/G-SemTMO/a4448.png,341,512,0.7843278091726599,0.8988093556423464,0.012189674183815601,0.3691755249379207,0.7383510498758414,3.5263651162446226e-28,0.0859728753566742
a4449,/mnt/data_disk/HDRData/1000hdr/HDRtest/a4449-DSC_0030.exr,/mnt/data_disk/ZQL/TIP_TMO_result/dnn/G-SemTMO/a4449.png,343,512,0.7014941502553939,0.6450925267756529,0.00017936721449093754,0.19440024372735243,0.38880048745470486,1.332304594772399e-54,0.11357077956199646
a4452,/mnt/data_disk/HDRData/1000hdr/HDRtest/a4452-DSC_0084.exr,/mnt/data_disk/ZQL/TIP_TMO_result/dnn/G-SemTMO/a4452.png,340,512,0.7685999517605596,0.8614189446542762,0.0026823877208739396,0.23756987293976978,0.47513974587953955,4.08452767303924e-32,0.13002081215381622
a4455,/mnt/data_disk/HDRData/1000hdr/HDRtest/a4455-Duggan_080106_4325.exr,/mnt/data_disk/ZQL/TIP_TMO_result/dnn/G-SemTMO/a4455.png,341,512,0.8884389607732317,0.9045820061535421,0.4413814455780698,0.36619505190168156,0.7217815898298819,0.010608513973481124,0.22215908765792847
a4456,/mnt/data_disk/HDRData/1000hdr/HDRtest/a4456-DSC_0472.exr,/mnt/data_disk/ZQL/TIP_TMO_result/dnn/G-SemTMO/a4456.png,343,512,0.7549502779863055,0.8179397108326454,0.0008500157901222432,0.27752305361163165,0.5550461072232633,2.042383191183297e-52,0.11858493089675903
a4457,/mnt/data_disk/HDRData/1000hdr/HDRtest/a4457-_DSC0012-5.exr,/mnt/data_disk/ZQL/TIP_TMO_result/dnn/G-SemTMO/a4457.png,340,512,0.784728410256887,0.9265453335313797,0.0014487432363642693,0.40478480813865425,0.8095696162773085,1.6765549542520812e-52,0.07763838022947311
a4465,/mnt/data_disk/HDRData/1000hdr/HDRtest/a4465-DSC_0051.exr,/mnt/data_disk/ZQL/TIP_TMO_result/dnn/G-SemTMO/a4465.png,340,512,0.6313199482072005,0.4570697531844945,2.646489020056719e-05,0.10191068013163415,0.2038213602632683,2.888976994125926e-48,0.08175887167453766
a4466,/mnt/data_disk/HDRData/1000hdr/HDRtest/a4466-20090327_at_11h08m58__MG_0964.exr,/mnt/data_disk/ZQL/TIP_TMO_result/dnn/G-SemTMO/a4466.png,341,512,0.7759001281429244,0.804575142606282,0.05684613695432349,0.33798187423096093,0.6759637468760242,1.585897631335743e-09,0.22336584329605103
a4467,/mnt/data_disk/HDRData/1000hdr/HDRtest/a4467-Duggan_090426_7873.exr,/mnt/data_disk/ZQL/TIP_TMO_result/dnn/G-SemTMO/a4467.png,341,512,0.8346934859952163,0.916735191244508,0.16080971280217893,0.3601455457582123,0.7199371307716882,0.000353960744736421,0.20283137261867523
a4470,/mnt/data_disk/HDRData/1000hdr/HDRtest/a4470-Duggan_090123_4566.exr,/mnt/data_disk/ZQL/TIP_TMO_result/dnn/G-SemTMO/a4470.png,341,512,0.7818855483517848,0.8866384511070082,0.013734721475341771,0.3437370856916914,0.6874741713833828,2.6417522575447593e-19,0.15529856085777283
a4471,/mnt/data_disk/HDRData/1000hdr/HDRtest/a4471-Duggan_090321_5859.exr,/mnt/data_disk/ZQL/TIP_TMO_result/dnn/G-SemTMO/a4471.png,341,512,0.7635813947916067,0.8474929669011433,0.0012731850691824831,0.2802708117876794,0.5605416235753587,1.2770370225933765e-44,0.1702820509672165
a4472,/mnt/data_disk/HDRData/1000hdr/HDRtest/a4472-Duggan_090504_9026.exr,/mnt/data_disk/ZQL/TIP_TMO_result/dnn/G-SemTMO/a4472.png,341,512,0.8453446825199897,0.9211644810394871,0.20180211911066442,0.4189407567512121,0.8340367646763026,0.003844748826121665,0.25793787837028503
a4474,/mnt/data_disk/HDRData/1000hdr/HDRtest/a4474-09-05-19-at-18h56m31s-_MG_9553.exr,/mnt/data_disk/ZQL/TIP_TMO_result/dnn/G-SemTMO/a4474.png,341,512,0.7848467455434692,0.8905331118910582,0.017820566296083726,0.4325832879466412,0.8651665758141762,7.910620910708251e-11,0.1146642342209816
a4476,/mnt/data_disk/HDRData/1000hdr/HDRtest/a4476-IMG_4029.exr,/mnt/data_disk/ZQL/TIP_TMO_result/dnn/G-SemTMO/a4476.png,341,512,0.7171156349507953,0.6885373326674539,0.0015252337501641426,0.38218502549126165,0.7643700509825233,1.5393847318048866e-28,0.11369818449020386
a4477,/mnt/data_disk/HDRData/1000hdr/HDRtest/a4477-20090327_at_06h09m52__MG_0855.exr,/mnt/data_disk/ZQL/TIP_TMO_result/dnn/G-SemTMO/a4477.png,341,512,0.7189065573834829,0.6929548298078784,0.0019676265768514573,0.18041158702806273,0.36082317405612546,4.0860590543036744e-24,0.1880069077014923
a4479,/mnt/data_disk/HDRData/1000hdr/HDRtest/a4479-09-05-19-at-18h39m42s-_MG_9545.exr,/mnt/data_disk/ZQL/TIP_TMO_result/dnn/G-SemTMO/a4479.png,341,512,0.7965721221202804,0.8848576863675204,0.05267390506095149,0.38767006974483725,0.7753401394896738,6.153943229896628e-16,0.1687813103199005
a4480,/mnt/data_disk/HDRData/1000hdr/HDRtest/a4480-Duggan_090201_4896.exr,/mnt/data_disk/ZQL/TIP_TMO_result/dnn/G-SemTMO/a4480.png,341,512,0.7552742730009286,0.8202017247096061,0.0005832963612474135,0.21875208316027236,0.43750416632054473,2.8162118804566813e-42,0.1931355595588684
a4487,/mnt/data_disk/HDRData/1000hdr/HDRtest/a4487-Duggan_090322_5971.exr,/mnt/data_disk/ZQL/TIP_TMO_result/dnn/G-SemTMO/a4487.png,341,512,0.7437535189546933,0.7800836517110583,0.0005142310826817015,0.25829263586065876,0.5165852717213175,1.7145310690013854e-50,0.1452358514070511
