id,hdr_path,ldr_path,height,width,tmqi_q,tmqi_s,tmqi_n,tmqi2_q,tmqi2_s,tmqi2_n,nlpd
a2808,/mnt/data_disk/HDRData/1000hdr/HDRtest/a2808-20080516_072208__MG_0018.exr,/mnt/data_disk/ZQL/TIP_TMO_result/dnn/TMO_GAN/a2808.png,341,512,0.9058765396078962,0.8663409321894868,0.6032224897754761,0.8017912594892337,0.8091359375737939,0.7944465814046735,0.1739986091852188
a2824,/mnt/data_disk/HDRData/1000hdr/HDRtest/a2824-dvf_035.exr,/mnt/data_disk/ZQL/TIP_TMO_result/dnn/TMO_GAN/a2824.png,341,512,0.6638665226332003,0.5374797783461618,0.00036004724664611895,0.1568478473929949,0.3136956947859898,1.3365186790006537e-48,0.06426212936639786
a2854,/mnt/data_disk/HDRData/1000hdr/HDRtest/a2854-NKIM_MG_7374.exr,/mnt/data_disk/ZQL/TIP_TMO_result/dnn/TMO_GAN/a2854.png,341,512,0.6880054276109691,0.5665641309889272,0.02398323517514671,0.278201750801795,0.5564035016035888,1.2661874949864973e-15,0.31097477674484253
a2861,/mnt/data_disk/HDRData/1000hdr/HDRtest/a2861-IMG_4397.exr,/mnt/data_disk/ZQL/TIP_TMO_result/dnn/TMO_GAN/a2861.png,341,512,0.7394820367093041,0.7608006107576877,0.001849542147003713,0.23023885040252665,0.4604777008050533,3.943604953693339e-46,0.15272875130176544
a2862,/mnt/data_disk/HDRData/1000hdr/HDRtest/a2862-_DSC0055.exr,/mnt/data_disk/ZQL/TIP_TMO_result/dnn/TMO_GAN/a2862.png,340,512,0.8786553388069006,0.9062284418283713,0.3853521774270588,0.514581024595632,0.9345318661742468,0.09463018301701726,0.15843015909194946
a2876,/mnt/data_disk/HDRData/1000hdr/HDRtest/a2876-jn_20080130_Las_Vegas_0082.exr,/mnt/data_disk/ZQL/TIP_TMO_result/dnn/TMO_GAN/a2876.png,341,512,0.6950768176826134,0.6187103866191622,0.0025467156840821405,0.2926326290399351,0.5852652580798702,1.446304531279625e-33,0.1612931489944458
a2883,/mnt/data_disk/HDRData/1000hdr/HDRtest/a2883-_DSC0008-2.exr,/mnt/data_disk/ZQL/TIP_TMO_result/dnn/TMO_GAN/a2883.png,340,512,0.8429872635990351,0.8872323961457842,0.2314549018593606,0.7526346461976436,0.7123870702111029,0.7928822221841842,0.06527335196733475
a2913,/mnt/data_disk/HDRData/1000hdr/HDRtest/a2913-IMG_0138.exr,/mnt/data_disk/ZQL/TIP_TMO_result/dnn/TMO_GAN/a2913.png,341,512,0.9033888075983253,0.7876491506465443,0.7256234232774279,0.9393761378713122,0.8833359226396279,0.9954163531029966,0.20970237255096436
a2933,/mnt/data_disk/HDRData/1000hdr/HDRtest/a2933-_I2E7313.exr,/mnt/data_disk/ZQL/TIP_TMO_result/dnn/TMO_GAN/a2933.png,341,512,0.7049186648494775,0.6510455129602709,0.0014142793548668029,0.28143986265190546,0.5628797253038109,5.24985885283075e-60,0.16389323770999908
a2956,/mnt/data_disk/HDRData/1000hdr/HDRtest/a2956-KE_-0035.exr,/mnt/data_disk/ZQL/TIP_TMO_result/dnn/TMO_GAN/a2956.png,340,512,0.8420056904113655,0.8939822490805857,0.21873556499904542,0.3300453581770193,0.6595174841028615,0.000573232251177083,0.13324607908725739
a2986,/mnt/data_disk/HDRData/1000hdr/HDRtest/a2986-_DGW6325.exr,/mnt/data_disk/ZQL/TIP_TMO_result/dnn/TMO_GAN/a2986.png,341,512,0.7878591404040138,0.801827196386236,0.09969638885129599,0.9451345059268057,0.8905480679297232,0.9997209439238883,0.2469978779554367
a3267,/mnt/data_disk/HDRData/1000hdr/HDRtest/a3267-WP_CRW_0087.exr,/mnt/data_disk/ZQL/TIP_TMO_result/dnn/TMO_GAN/a3267.png,341,512,0.868311088218826,0.8710847904338861,0.3798096648282818,0.46712575796215866,0.8613935931278672,0.07285792279645008,0.17912089824676514
a3285,/mnt/data_disk/HDRData/1000hdr/HDRtest/a3285-CRW_0291.exr,/mnt/data_disk/ZQL/TIP_TMO_result/dnn/TMO_GAN/a3285.png,341,512,0.8763307330835504,0.817481617967522,0.5069840854903614,0.6840777115634981,0.8864862003645856,0.4816692227624105,0.3355419933795929
a3288,/mnt/data_disk/HDRData/1000hdr/HDRtest/a3288-KE_-0049.exr,/mnt/data_disk/ZQL/TIP_TMO_result/dnn/TMO_GAN/a3288.png,340,512,0.7919958265837429,0.8436035478987214,0.07348406732399897,0.4091789013839797,0.8183578027643434,3.6160480610463074e-12,0.13376300036907196
a3306,/mnt/data_disk/HDRData/1000hdr/HDRtest/a3306-IMG_4969.exr,/mnt/data_disk/ZQL/TIP_TMO_result/dnn/TMO_GAN/a3306.png,341,512,0.8105286718902825,0.8594965497344444,0.1246485329314403,0.40390864507964663,0.8078171257043356,1.644549576825464e-07,0.16793693602085114
a3312,/mnt/data_disk/HDRData/1000hdr/HDRtest/a3312-IMG_1063.exr,/mnt/data_disk/ZQL/TIP_TMO_result/dnn/TMO_GAN/a3312.png,341,512,0.7958496166325162,0.8444793879447106,0.08575214049720098,0.3789907166695583,0.7579814333391165,9.796867664613786e-17,0.1524399369955063
a3315,/mnt/data_disk/HDRData/1000hdr/HDRtest/a3315-MB_20030906_022.exr,/mnt/data_disk/ZQL/TIP_TMO_result/dnn/TMO_GAN/a3315.png,341,512,0.8210864932675652,0.8125295440894944,0.22463117375876002,0.8895781865002099,0.8031351011229616,0.9760212718774582,0.27953606843948364
a3316,/mnt/data_disk/HDRData/1000hdr/HDRtest/a3316-20051225_163230__MG_1390.exr,/mnt/data_disk/ZQL/TIP_TMO_result/dnn/TMO_GAN/a3316.png,341,512,0.9221384308144367,0.9539047182117391,0.5634069538743482,0.9544297002576345,0.9117709802018797,0.9970884203133894,0.1106034442782402
a3318,/mnt/data_disk/HDRData/1000hdr/HDRtest/a3318-JI2E5722.exr,/mnt/data_disk/ZQL/TIP_TMO_result/dnn/TMO_GAN/a3318.png,341,512,0.8877264314606952,0.9432013929352876,0.382895115149514,0.7848013208493533,0.8434917629415596,0.726110878757147,0.10459744185209274
a3321,/mnt/data_disk/HDRData/1000hdr/HDRtest/a3321-DSC_0054.exr,/mnt/data_disk/ZQL/TIP_TMO_result/dnn/TMO_GAN/a3321.png,340,512,0.9610509813864754,0.9456434304472481,0.8244319090344904,0.9648819040880647,0.9308263104857506,0.9989374976903788,0.08748762309551239
a3325,/mnt/data_disk/HDRData/1000hdr/HDRtest/a3325-050819_154342__MG_5227.exr,/mnt/data_disk/ZQL/TIP_TMO_result/dnn/TMO_GAN/a3325.png,341,512,0.7981823571829207,0.9140659213560257,0.03538497325507547,0.43647982648603767,0.8729596529720753,1.4841013479772207e-22,0.06431858241558075
a3337,/mnt/data_disk/HDRData/1000hdr/HDRtest/a3337-dgw_112.exr,/mnt/data_disk/ZQL/TIP_TMO_result/dnn/TMO_GAN/a3337.png,341,512,0.7591237083652584,0.7412991319339869,0.06215262303473025,0.9055710559321233,0.8146758273499533,0.9964662845142932,0.33390188217163086
a3339,/mnt/data_disk/HDRData/1000hdr/HDRtest/a3339-_MG_7202.exr,/mnt/data_disk/ZQL/TIP_TMO_result/dnn/TMO_GAN/a3339.png,341,512,0.8172556863593845,0.8754402713348364,0.13416144543995628,0.42324422224945385,0.846488415940923,2.855798470870252e-08,0.1625814139842987
a3341,/mnt/data_disk/HDRData/1000hdr/HDRtest/a3341-jmac_DSC2590.exr,/mnt/data_disk/ZQL/TIP_TMO_result/dnn/TMO_GAN/a3341.png,340,512,0.7684765437102381,0.8658094532575646,0.00118966139133982,0.3554332547757721,0.7108665095515442,6.291910429360597e-58,0.06980390846729279
a3344,/mnt/data_disk/HDRData/1000hdr/HDRtest/a3344-NKIM_MG_6348.exr,/mnt/data_disk/ZQL/TIP_TMO_result/dnn/TMO_GAN/a3344.png,341,512,0.8501228892727168,0.9568139026589987,0.18287105776011542,0.41844775722914884,0.8368631519953423,3.2362462955401174e-05,0.05616513639688492
a3345,/mnt/data_disk/HDRData/1000hdr/HDRtest/a3345-20080514_105211__MG_9917.exr,/mnt/data_disk/ZQL/TIP_TMO_result/dnn/TMO_GAN/a3345.png,341,512,0.8243899514156741,0.8615636000098277,0.1790614662627298,0.3011923433217055,0.6010050752156524,0.00137961142775868,0.13160039484500885
a3351,/mnt/data_disk/HDRData/1000hdr/HDRtest/a3351-KE_-1722.exr,/mnt/data_disk/ZQL/TIP_TMO_result/dnn/TMO_GAN/a3351.png,340,512,0.7988755867935688,0.8546519114429786,0.0866049720818728,0.3993668266779236,0.7987322650294383,1.3883264089924096e-06,0.11241822689771652
a3356,/mnt/data_disk/HDRData/1000hdr/HDRtest/a3356-_DSC9981.exr,/mnt/data_disk/ZQL/TIP_TMO_result/dnn/TMO_GAN/a3356.png,341,512,0.791929879878732,0.818450590945175,0.0974341729391822,0.313401390532298,0.6268027810406112,2.3984767478889604e-11,0.14406807720661163
a3360,/mnt/data_disk/HDRData/1000hdr/HDRtest/a3360-IMG_0017.exr,/mnt/data_disk/ZQL/TIP_TMO_result/dnn/TMO_GAN/a3360.png,341,512,0.8370152933041585,0.891720015943011,0.19897933344954968,0.5008324517747056,0.9423438051786627,0.05932109837074851,0.14989303052425385
a3365,/mnt/data_disk/HDRData/1000hdr/HDRtest/a3365-jn_20071207_Xmas_House_0124.exr,/mnt/data_disk/ZQL/TIP_TMO_result/dnn/TMO_GAN/a3365.png,341,512,0.7501447610033848,0.799321259099287,0.0012961766530706748,0.31121684273394595,0.6224336854678919,2.0132751586652483e-54,0.05606699362397194
a3366,/mnt/data_disk/HDRData/1000hdr/HDRtest/a3366-Ja_Pe-6.exr,/mnt/data_disk/ZQL/TIP_TMO_result/dnn/TMO_GAN/a3366.png,288,512,0.8368939914477419,0.824034958474779,0.28451573672646085,0.6700708524458661,0.877214104860494,0.46292760003123806,0.20652168989181519
a3369,/mnt/data_disk/HDRData/1000hdr/HDRtest/a3369-IMG_0004.exr,/mnt/data_disk/ZQL/TIP_TMO_result/dnn/TMO_GAN/a3369.png,341,512,0.8002900348855687,0.8451631822128439,0.10087384578089185,0.7389630709012502,0.8921135984811155,0.5858125433213851,0.23583823442459106
a3371,/mnt/data_disk/HDRData/1000hdr/HDRtest/a3371-07-12-01-at-11h32m58s-_MG_8498.exr,/mnt/data_disk/ZQL/TIP_TMO_result/dnn/TMO_GAN/a3371.png,341,512,0.9519936812384677,0.8448086356228612,0.9444774360453599,0.8699580438494059,0.7403155560307441,0.9996005316680677,0.21155554056167603
a3382,/mnt/data_disk/HDRData/1000hdr/HDRtest/a3382-IMG_4032.exr,/mnt/data_disk/ZQL/TIP_TMO_result/dnn/TMO_GAN/a3382.png,341,512,0.8404228041953891,0.8350717198981727,0.28678984984108447,0.47124950577957747,0.8352893792724886,0.1072096322866663,0.1329505294561386
a3388,/mnt/data_disk/HDRData/1000hdr/HDRtest/a3388-jmac_DSC2214.exr,/mnt/data_disk/ZQL/TIP_TMO_result/dnn/TMO_GAN/a3388.png,340,512,0.8144162269657557,0.8680224351180958,0.13082143495398282,0.36706591872557437,0.7341222737672976,9.563683851136393e-06,0.10152722895145416
a3390,/mnt/data_disk/HDRData/1000hdr/HDRtest/a3390-dgw_070.exr,/mnt/data_disk/ZQL/TIP_TMO_result/dnn/TMO_GAN/a3390.png,341,512,0.8067438723873719,0.7720704992409422,0.21218264600378525,0.3720840722981681,0.7371172820316114,0.007050862564724708,0.1999083161354065
a3391,/mnt/data_disk/HDRData/1000hdr/HDRtest/a3391-050904_125814__I2E8654.exr,/mnt/data_disk/ZQL/TIP_TMO_result/dnn/TMO_GAN/a3391.png,341,512,0.8018937526290992,0.7996193107989797,0.15673368748508168,0.3968337962974874,0.7925104399716113,0.0011571526233634772,0.1904955506324768
a3393,/mnt/data_disk/HDRData/1000hdr/HDRtest/a3393-_DSC0057.exr,/mnt/data_disk/ZQL/TIP_TMO_result/dnn/TMO_GAN/a3393.png,340,512,0.7993698309630475,0.9239247233430808,0.031782189136131504,0.45122289463231297,0.9024457892646259,7.991525838258945e-18,0.0954485535621643
a3394,/mnt/data_disk/HDRData/1000hdr/HDRtest/a3394-_DGW6419.exr,/mnt/data_disk/ZQL/TIP_TMO_result/dnn/TMO_GAN/a3394.png,341,512,0.8376243403006743,0.7762764452717189,0.35756993848670876,0.5129998971506952,0.6802497847657544,0.345750009535636,0.3227260410785675
a3400,/mnt/data_disk/HDRData/1000hdr/HDRtest/a3400-07-11-04-at-17h36m14s-_MG_4004.exr,/mnt/data_disk/ZQL/TIP_TMO_result/dnn/TMO_GAN/a3400.png,341,512,0.8552069864551541,0.810901217221335,0.39850233343592956,0.4008730833773454,0.8016404054149944,0.00010576133969646295,0.18639974296092987
a3401,/mnt/data_disk/HDRData/1000hdr/HDRtest/a3401-20061111_122429__E6B5415.exr,/mnt/data_disk/ZQL/TIP_TMO_result/dnn/TMO_GAN/a3401.png,341,512,0.8423976954608484,0.9434729782938714,0.1643281754104163,0.4714998984955371,0.9428658824192706,0.00013391457180359626,0.08975629508495331
a3402,/mnt/data_disk/HDRData/1000hdr/HDRtest/a3402-jmac_DSC3153.exr,/mnt/data_disk/ZQL/TIP_TMO_result/dnn/TMO_GAN/a3402.png,340,512,0.8443235607651571,0.9030601420913094,0.21842243918736257,0.4538091676692145,0.9071639352254041,0.00045440011302490664,0.12455392628908157
a3413,/mnt/data_disk/HDRData/1000hdr/HDRtest/a3413-20041217_193556__E6B0485.exr,/mnt/data_disk/ZQL/TIP_TMO_result/dnn/TMO_GAN/a3413.png,341,512,0.7854667698968633,0.8604082061271969,0.03952355268564198,0.43999516448961457,0.8799903289272617,5.1967456026193534e-11,0.1173156127333641
a3414,/mnt/data_disk/HDRData/1000hdr/HDRtest/a3414-DSC_0002.exr,/mnt/data_disk/ZQL/TIP_TMO_result/dnn/TMO_GAN/a3414.png,340,512,0.8317719835168083,0.9002566824742599,0.16658139796219235,0.41202644376160835,0.824049229938331,3.657584885783849e-06,0.1450498402118683
a3415,/mnt/data_disk/HDRData/1000hdr/HDRtest/a3415-jmac_DSC6092.exr,/mnt/data_disk/ZQL/TIP_TMO_result/dnn/TMO_GAN/a3415.png,340,512,0.9682303731429857,0.9351548539328289,0.8912821210952472,0.9344087562906631,0.8738408702829213,0.9949766422984049,0.10868913680315018
a3416,/mnt/data_disk/HDRData/1000hdr/HDRtest/a3416-IMG_4746.exr,/mnt/data_disk/ZQL/TIP_TMO_result/dnn/TMO_GAN/a3416.png,341,512,0.8772201465462222,0.7910116520770741,0.5566141309834567,0.9203320307108285,0.8724748737394933,0.9681891876821636,0.20520125329494476
a3418,/mnt/data_disk/HDRData/1000hdr/HDRtest/a3418-2004-02-07 16-53-50 CRW_3754.exr,/mnt/data_disk/ZQL/TIP_TMO_result/dnn/TMO_GAN/a3418.png,341,512,0.8043762704618242,0.909211600358346,0.05692000834718645,0.4139322691549536,0.8278645379973345,3.1257269528877945e-10,0.06374222040176392
a3422,/mnt/data_disk/HDRData/1000hdr/HDRtest/a3422-WP_CRW_0302.exr,/mnt/data_disk/ZQL/TIP_TMO_result/dnn/TMO_GAN/a3422.png,341,512,0.9716619484845345,0.889429063666284,0.9982532614076511,0.8907213266830065,0.8045804594217992,0.9768621939442137,0.14203105866909027
a3424,/mnt/data_disk/HDRData/1000hdr/HDRtest/a3424-CRW_0163.exr,/mnt/data_disk/ZQL/TIP_TMO_result/dnn/TMO_GAN/a3424.png,341,512,0.928285606479706,0.8597656185210922,0.7565048867793414,0.9463663178738437,0.8930131900687153,0.9997194456789723,0.23722244799137115
a3431,/mnt/data_disk/HDRData/1000hdr/HDRtest/a3431-_DSC0103-3.exr,/mnt/data_disk/ZQL/TIP_TMO_result/dnn/TMO_GAN/a3431.png,340,512,0.7865060936168415,0.8824615037443866,0.026706799122023256,0.44698733335881413,0.8939746667176283,2.9811171042001375e-21,0.08410195261240005
a3432,/mnt/data_disk/HDRData/1000hdr/HDRtest/a3432-jmac_DSC3184.exr,/mnt/data_disk/ZQL/TIP_TMO_result/dnn/TMO_GAN/a3432.png,340,512,0.7857911444199914,0.8973700553903844,0.01596244310025677,0.39012597795611087,0.7802519559122217,6.721097821588129e-24,0.07826397567987442
a3433,/mnt/data_disk/HDRData/1000hdr/HDRtest/a3433-NKIM_MG_8213.exr,/mnt/data_disk/ZQL/TIP_TMO_result/dnn/TMO_GAN/a3433.png,341,512,0.8484276519892272,0.802234173821287,0.37523582310361625,0.901806280263643,0.8412137295246149,0.962398831002671,0.20521625876426697
a3439,/mnt/data_disk/HDRData/1000hdr/HDRtest/a3439-IMG_3798.exr,/mnt/data_disk/ZQL/TIP_TMO_result/dnn/TMO_GAN/a3439.png,341,512,0.8535571978103136,0.7822471299604953,0.43447226874428346,0.5804766886901881,0.9720001191780951,0.188953258202281,0.10652521252632141
a3441,/mnt/data_disk/HDRData/1000hdr/HDRtest/a3441-dgw_064.exr,/mnt/data_disk/ZQL/TIP_TMO_result/dnn/TMO_GAN/a3441.png,341,512,0.8552189218920812,0.7390081919067413,0.5169017514540316,0.4339509942933768,0.8464963320311482,0.021405656555605408,0.2593371570110321
a3444,/mnt/data_disk/HDRData/1000hdr/HDRtest/a3444-WP_CRW_6313.exr,/mnt/data_disk/ZQL/TIP_TMO_result/dnn/TMO_GAN/a3444.png,341,512,0.7821387572094393,0.8371569995143676,0.04817400852901073,0.31705594363915934,0.6341118872779918,3.2683839351031324e-13,0.11045138537883759
a3446,/mnt/data_disk/HDRData/1000hdr/HDRtest/a3446-050730_134124__MG_3716.exr,/mnt/data_disk/ZQL/TIP_TMO_result/dnn/TMO_GAN/a3446.png,341,512,0.9324313826043428,0.9140890861122741,0.6902023041518108,0.7420439207061624,0.8734701066511175,0.6106177347612073,0.19302241504192352
a3448,/mnt/data_disk/HDRData/1000hdr/HDRtest/a3448-IMG_0113.exr,/mnt/data_disk/ZQL/TIP_TMO_result/dnn/TMO_GAN/a3448.png,341,512,0.8120582929292244,0.8185649544482304,0.1769813841379558,0.44589080725244923,0.8917811020484533,5.124564452030919e-07,0.1834322065114975
a3449,/mnt/data_disk/HDRData/1000hdr/HDRtest/a3449-jmac_DSC2669.exr,/mnt/data_disk/ZQL/TIP_TMO_result/dnn/TMO_GAN/a3449.png,340,512,0.8895537020943627,0.958784116761571,0.37161691559699433,0.47636197268864866,0.9004507207765153,0.05227322460078203,0.09430951625108719
a3451,/mnt/data_disk/HDRData/1000hdr/HDRtest/a3451-IMG_1088.exr,/mnt/data_disk/ZQL/TIP_TMO_result/dnn/TMO_GAN/a3451.png,341,512,0.893157143115801,0.8344767563268166,0.5787760112685779,0.7660436875428143,0.8392662923663796,0.692821082719249,0.258196622133255
a3452,/mnt/data_disk/HDRData/1000hdr/HDRtest/a3452-IMG_1205.exr,/mnt/data_disk/ZQL/TIP_TMO_result/dnn/TMO_GAN/a3452.png,341,512,0.8774578105442716,0.9728181759101726,0.2913966511080216,0.9221883134792848,0.8732268010552343,0.9711498259033353,0.061416927725076675
a3456,/mnt/data_disk/HDRData/1000hdr/HDRtest/a3456-DSC_0006-1-2.exr,/mnt/data_disk/ZQL/TIP_TMO_result/dnn/TMO_GAN/a3456.png,340,512,0.8181513622309496,0.8837636514531572,0.1289518714715983,0.4637301688417412,0.9273992483876239,6.108929585851524e-05,0.11078451573848724
a3457,/mnt/data_disk/HDRData/1000hdr/HDRtest/a3457-NKIM_025.exr,/mnt/data_disk/ZQL/TIP_TMO_result/dnn/TMO_GAN/a3457.png,341,512,0.9544126000448584,0.9278682196975688,0.8103871897469899,0.9608795901714356,0.9225620062137355,0.9991971741291358,0.15567034482955933
a3460,/mnt/data_disk/HDRData/1000hdr/HDRtest/a3460-20080514_105637__MG_9928.exr,/mnt/data_disk/ZQL/TIP_TMO_result/dnn/TMO_GAN/a3460.png,341,512,0.8067323182296564,0.8843426601231873,0.0861540556575565,0.42197813487570535,0.8439562695510141,2.0039656464320066e-10,0.13900043070316315
a3462,/mnt/data_disk/HDRData/1000hdr/HDRtest/a3462-dgw_051.exr,/mnt/data_disk/ZQL/TIP_TMO_result/dnn/TMO_GAN/a3462.png,341,512,0.8958047629247144,0.7664747912007523,0.7164257421712069,0.8953444935133218,0.8048729152288596,0.985816071797784,0.26637086272239685
a3464,/mnt/data_disk/HDRData/1000hdr/HDRtest/a3464-tc_DSC2199.exr,/mnt/data_disk/ZQL/TIP_TMO_result/dnn/TMO_GAN/a3464.png,340,512,0.7933051310862036,0.7718088201690229,0.15441418883644467,0.40052006582212635,0.8010401206630882,1.0981164574882995e-08,0.12367856502532959
a3465,/mnt/data_disk/HDRData/1000hdr/HDRtest/a3465-20060619_114622__MG_9153.exr,/mnt/data_disk/ZQL/TIP_TMO_result/dnn/TMO_GAN/a3465.png,341,512,0.9407101388517795,0.8983542626603035,0.7704326184892357,0.9176599202477659,0.8419342423558529,0.9933855981396789,0.15842926502227783
a3466,/mnt/data_disk/HDRData/1000hdr/HDRtest/a3466-IMG_3941.exr,/mnt/data_disk/ZQL/TIP_TMO_result/dnn/TMO_GAN/a3466.png,341,512,0.8487078409903028,0.9163067681442852,0.2226791308624444,0.44428899289586987,0.8884227737730072,0.00015521201873254674,0.13363973796367645
a3468,/mnt/data_disk/HDRData/1000hdr/HDRtest/a3468-IMG_4793.exr,/mnt/data_disk/ZQL/TIP_TMO_result/dnn/TMO_GAN/a3468.png,341,512,0.8680960205644124,0.911127018807954,0.32328247907752966,0.5228658479839213,0.9307054940513307,0.1150262019165119,0.11207275092601776
a3470,/mnt/data_disk/HDRData/1000hdr/HDRtest/a3470-IMG_0835.exr,/mnt/data_disk/ZQL/TIP_TMO_result/dnn/TMO_GAN/a3470.png,341,512,0.8306985558085954,0.8195906990382898,0.26045106513110505,0.4491743746678761,0.8438131350863209,0.054535614249431236,0.21403302252292633
a3474,/mnt/data_disk/HDRData/1000hdr/HDRtest/a3474-jmac_MG_1125.exr,/mnt/data_disk/ZQL/TIP_TMO_result/dnn/TMO_GAN/a3474.png,341,512,0.9248455441207865,0.9299361454007475,0.6169941069941167,0.9521798671906787,0.9065700666636975,0.9977896677176598,0.09413935989141464
a3477,/mnt/data_disk/HDRData/1000hdr/HDRtest/a3477-_DSC0048.exr,/mnt/data_disk/ZQL/TIP_TMO_result/dnn/TMO_GAN/a3477.png,340,512,0.7987499193969709,0.874421805798947,0.06821247368424027,0.4607658728748411,0.9215317455653953,1.8428692358973408e-10,0.13708224892616272
a3483,/mnt/data_disk/HDRData/1000hdr/HDRtest/a3483-_DSC0023-1.exr,/mnt/data_disk/ZQL/TIP_TMO_result/dnn/TMO_GAN/a3483.png,340,512,0.7746569492304596,0.7546834963403709,0.10150247162279451,0.3860337861019287,0.7615405949482874,0.010526977255569909,0.07492797821760178
a3486,/mnt/data_disk/HDRData/1000hdr/HDRtest/a3486-jmac_DSC3897.exr,/mnt/data_disk/ZQL/TIP_TMO_result/dnn/TMO_GAN/a3486.png,343,512,0.7799948987896261,0.8272806709734754,0.04992842072363566,0.43860665734000875,0.8772133144153279,2.646896183644228e-10,0.16126403212547302
a3491,/mnt/data_disk/HDRData/1000hdr/HDRtest/a3491-DSC_0091.exr,/mnt/data_disk/ZQL/TIP_TMO_result/dnn/TMO_GAN/a3491.png,340,512,0.9121286447173647,0.9195536138565084,0.5559983980640077,0.824443259611545,0.8688748693689577,0.7800116498541322,0.14281485974788666
a3493,/mnt/data_disk/HDRData/1000hdr/HDRtest/a3493-IMG_0279.exr,/mnt/data_disk/ZQL/TIP_TMO_result/dnn/TMO_GAN/a3493.png,341,512,0.80214275615851,0.8287226336227743,0.12489718388303864,0.4334883523525518,0.866976704523518,1.8158551676815855e-10,0.17312347888946533
a3499,/mnt/data_disk/HDRData/1000hdr/HDRtest/a3499-jn_2007_12_11__BU_CRUISE_019.exr,/mnt/data_disk/ZQL/TIP_TMO_result/dnn/TMO_GAN/a3499.png,341,512,0.7688430251913261,0.7972219023046325,0.04218687401678694,0.3892008310559148,0.7784016621118296,6.902371858867496e-24,0.10055159777402878
a3503,/mnt/data_disk/HDRData/1000hdr/HDRtest/a3503-050731_155906__I2E5378.exr,/mnt/data_disk/ZQL/TIP_TMO_result/dnn/TMO_GAN/a3503.png,341,512,0.9284595774990313,0.8727356558465481,0.7348496272499518,0.8583719611813534,0.7516607564156005,0.9650831659471062,0.14493629336357117
a3504,/mnt/data_disk/HDRData/1000hdr/HDRtest/a3504-IMG_0903.exr,/mnt/data_disk/ZQL/TIP_TMO_result/dnn/TMO_GAN/a3504.png,341,512,0.8466810490393483,0.9288177249320076,0.19897825246416675,0.48149410771592843,0.9578655435358706,0.005122671895986233,0.1277361363172531
a3505,/mnt/data_disk/HDRData/1000hdr/HDRtest/a3505-CRW_0288.exr,/mnt/data_disk/ZQL/TIP_TMO_result/dnn/TMO_GAN/a3505.png,341,512,0.7936122013247134,0.8352834158083883,0.08678255547146332,0.3936775409948446,0.7873550819644982,2.5190979243672605e-11,0.22973093390464783
a3508,/mnt/data_disk/HDRData/1000hdr/HDRtest/a3508-NKIM_095.exr,/mnt/data_disk/ZQL/TIP_TMO_result/dnn/TMO_GAN/a3508.png,341,512,0.872092116968399,0.8041640323635175,0.5042016607835101,0.9415401782688031,0.8854990384019835,0.9975813181356226,0.28902414441108704
a3509,/mnt/data_disk/HDRData/1000hdr/HDRtest/a3509-_DGW6337.exr,/mnt/data_disk/ZQL/TIP_TMO_result/dnn/TMO_GAN/a3509.png,341,512,0.8066812997518359,0.7669234245789838,0.21873925321795704,0.39121026651374596,0.781265705142609,0.001154827884882924,0.36000698804855347
a3510,/mnt/data_disk/HDRData/1000hdr/HDRtest/a3510-JI2E4365.exr,/mnt/data_disk/ZQL/TIP_TMO_result/dnn/TMO_GAN/a3510.png,341,512,0.9199428455001768,0.7553365604207891,0.8991798353800092,0.8494219465425583,0.7001277032271659,0.9987161898579506,0.2424703985452652
a3511,/mnt/data_disk/HDRData/1000hdr/HDRtest/a3511-jmac_MG_0542.exr,/mnt/data_disk/ZQL/TIP_TMO_result/dnn/TMO_GAN/a3511.png,341,512,0.7985729627053308,0.898195776835589,0.048140736213400176,0.45492814560966777,0.9098562912193355,1.510183378906477e-19,0.08860579133033752
a3512,/mnt/data_disk/HDRData/1000hdr/HDRtest/a3512-LSstone_060805_9380.exr,/mnt/data_disk/ZQL/TIP_TMO_result/dnn/TMO_GAN/a3512.png,341,512,0.7831830301683117,0.8615609475727497,0.032528660426865925,0.38159089055544,0.76318178111088,2.798206389689023e-18,0.11477652192115784
a3521,/mnt/data_disk/HDRData/1000hdr/HDRtest/a3521-JI2E5091.exr,/mnt/data_disk/ZQL/TIP_TMO_result/dnn/TMO_GAN/a3521.png,341,512,0.8073254856469205,0.7846516692077383,0.19842964506941085,0.4207710418301937,0.8406750099113665,0.000867073749020931,0.1228470653295517
a3522,/mnt/data_disk/HDRData/1000hdr/HDRtest/a3522-IMG_4772.exr,/mnt/data_disk/ZQL/TIP_TMO_result/dnn/TMO_GAN/a3522.png,341,512,0.8170229084183117,0.9135881597774629,0.09534149822581538,0.4117363808329708,0.8234727616166749,4.926668338554032e-11,0.08913540095090866
a3525,/mnt/data_disk/HDRData/1000hdr/HDRtest/a3525-IMG_0713.exr,/mnt/data_disk/ZQL/TIP_TMO_result/dnn/TMO_GAN/a3525.png,341,512,0.9515806353779569,0.9627084712332812,0.7335629144118915,0.5353060741991675,0.9563603393436235,0.11425180905471154,0.17138831317424774
a3529,/mnt/data_disk/HDRData/1000hdr/HDRtest/a3529-WP_CRW_0659.exr,/mnt/data_disk/ZQL/TIP_TMO_result/dnn/TMO_GAN/a3529.png,341,512,0.8690561979089865,0.9271708340708393,0.3070997675354759,0.49315572986202255,0.8972026077530871,0.08910885197095794,0.13413988053798676
a3531,/mnt/data_disk/HDRData/1000hdr/HDRtest/a3531-07-06-30-at-04h02m08s-_MG_1936.exr,/mnt/data_disk/ZQL/TIP_TMO_result/dnn/TMO_GAN/a3531.png,341,512,0.7612415084458583,0.7850867858842988,0.031052804419491015,0.28208960622174384,0.5641792124434877,1.612330145364068e-18,0.15309567749500275
a3540,/mnt/data_disk/HDRData/1000hdr/HDRtest/a3540-07-12-02-at-14h05m14s-_MG_8949.exr,/mnt/data_disk/ZQL/TIP_TMO_result/dnn/TMO_GAN/a3540.png,341,512,0.9283050690074872,0.8178206863573956,0.8334181174276767,0.8876813009560567,0.7843456772404102,0.9910169246717033,0.21274131536483765
a3541,/mnt/data_disk/HDRData/1000hdr/HDRtest/a3541-IMG_4107.exr,/mnt/data_disk/ZQL/TIP_TMO_result/dnn/TMO_GAN/a3541.png,341,512,0.8639752128251021,0.8360135589681102,0.4080520910458733,0.7239185798537231,0.70548493909277,0.7423522206146761,0.1158587783575058
a3545,/mnt/data_disk/HDRData/1000hdr/HDRtest/a3545-jmac_DSC0491.exr,/mnt/data_disk/ZQL/TIP_TMO_result/dnn/TMO_GAN/a3545.png,340,512,0.8493966449473968,0.9001331374826939,0.24550228307225963,0.4380475720504564,0.8694266357093859,0.006668508391526847,0.0823904499411583
a3548,/mnt/data_disk/HDRData/1000hdr/HDRtest/a3548-CRW_0993.exr,/mnt/data_disk/ZQL/TIP_TMO_result/dnn/TMO_GAN/a3548.png,341,512,0.791279977504676,0.9091697792544216,0.02129110911772107,0.44061527440314296,0.8812305488062859,3.14826691690267e-20,0.09121747314929962
a3549,/mnt/data_disk/HDRData/1000hdr/HDRtest/a3549-KE_-2455.exr,/mnt/data_disk/ZQL/TIP_TMO_result/dnn/TMO_GAN/a3549.png,340,512,0.8454265158592349,0.9347351321450036,0.18679926014029885,0.4156008373431633,0.8281943687647526,0.003007305921573954,0.09602700173854828
a3557,/mnt/data_disk/HDRData/1000hdr/HDRtest/a3557-IMG_1507.exr,/mnt/data_disk/ZQL/TIP_TMO_result/dnn/TMO_GAN/a3557.png,341,512,0.83152047824568,0.941582601266784,0.1224728776251182,0.5399995407406128,0.8862627358431624,0.19373634563806325,0.07870831340551376
a3563,/mnt/data_disk/HDRData/1000hdr/HDRtest/a3563-07-11-30-at-15h55m08s-_MG_8326.exr,/mnt/data_disk/ZQL/TIP_TMO_result/dnn/TMO_GAN/a3563.png,341,512,0.8046384061267235,0.8713191141829079,0.09100963263565953,0.36557111773289414,0.7221405458522754,0.009001689613512841,0.14524365961551666
a3571,/mnt/data_disk/HDRData/1000hdr/HDRtest/a3571-IMG_0290.exr,/mnt/data_disk/ZQL/TIP_TMO_result/dnn/TMO_GAN/a3571.png,341,512,0.7956534394692265,0.8328582152554391,0.09637792747749127,0.4467166482514441,0.8729322693265991,0.02050102717628906,0.05061844736337662
a3575,/mnt/data_disk/HDRData/1000hdr/HDRtest/a3575-IMG_0834.exr,/mnt/data_disk/ZQL/TIP_TMO_result/dnn/TMO_GAN/a3575.png,341,512,0.8751525349681178,0.813250581381927,0.5070530752821429,0.5550611246322362,0.8618581670797064,0.24826408218476603,0.20409558713436127
a3576,/mnt/data_disk/HDRData/1000hdr/HDRtest/a3576-LS051026_day_15_LL003.exr,/mnt/data_disk/ZQL/TIP_TMO_result/dnn/TMO_GAN/a3576.png,341,512,0.8668709603598742,0.8957195179110511,0.3377297185011283,0.7797016455330039,0.917876879044133,0.641526412021875,0.15081535279750824
a3585,/mnt/data_disk/HDRData/1000hdr/HDRtest/a3585-IMG_4211.exr,/mnt/data_disk/ZQL/TIP_TMO_result/dnn/TMO_GAN/a3585.png,341,512,0.7977122834524254,0.7460852242942552,0.20610992129347205,0.3686362690079848,0.731791967825286,0.0054805701906835615,0.12656085193157196
a3586,/mnt/data_disk/HDRData/1000hdr/HDRtest/a3586-IMG_4591.exr,/mnt/data_disk/ZQL/TIP_TMO_result/dnn/TMO_GAN/a3586.png,341,512,0.9359917332262635,0.8488029044006576,0.8273862763696554,0.8702597980568578,0.7636052782444334,0.9769143178692822,0.16562406718730927
a3588,/mnt/data_disk/HDRData/1000hdr/HDRtest/a3588-CRW_0983.exr,/mnt/data_disk/ZQL/TIP_TMO_result/dnn/TMO_GAN/a3588.png,341,512,0.7933993508448152,0.905027353090821,0.02905497126196464,0.3638200358922586,0.7276400717845171,1.544003600802738e-16,0.1115863099694252
a3591,/mnt/data_disk/HDRData/1000hdr/HDRtest/a3591-07-11-30-at-16h19m33s-_MG_8384.exr,/mnt/data_disk/ZQL/TIP_TMO_result/dnn/TMO_GAN/a3591.png,341,512,0.8738580585743467,0.8808776054814265,0.3955702381166855,0.8349022876848333,0.8267354572722745,0.8430691180973922,0.1918884664773941
a3593,/mnt/data_disk/HDRData/1000hdr/HDRtest/a3593-_DSC5689.exr,/mnt/data_disk/ZQL/TIP_TMO_result/dnn/TMO_GAN/a3593.png,341,512,0.7743799377223701,0.8076287353087577,0.049640407315600245,0.38197491578536624,0.7639498212257702,1.034496233817197e-08,0.23408664762973785
a3600,/mnt/data_disk/HDRData/1000hdr/HDRtest/a3600-JI2E3496.exr,/mnt/data_disk/ZQL/TIP_TMO_result/dnn/TMO_GAN/a3600.png,341,512,0.9440814591857856,0.8180866607304065,0.9410084936496353,0.7403118690397829,0.806503160147139,0.6741205779324267,0.20361709594726562
a3602,/mnt/data_disk/HDRData/1000hdr/HDRtest/a3602-_DSC9759.exr,/mnt/data_disk/ZQL/TIP_TMO_result/dnn/TMO_GAN/a3602.png,341,512,0.9317015605389332,0.8571947550414842,0.7835584636315611,0.8915865332986284,0.787135490329667,0.9960375762675897,0.1337704360485077
a3605,/mnt/data_disk/HDRData/1000hdr/HDRtest/a3605-IMG_2772.exr,/mnt/data_disk/ZQL/TIP_TMO_result/dnn/TMO_GAN/a3605.png,341,512,0.8219609447448089,0.8846017841572794,0.1431895765327076,0.4754770295837539,0.950952402077596,1.6570899117370118e-06,0.09032110869884491
a3608,/mnt/data_disk/HDRData/1000hdr/HDRtest/a3608-NKIM_MG_7004.exr,/mnt/data_disk/ZQL/TIP_TMO_result/dnn/TMO_GAN/a3608.png,341,512,0.8666209655094825,0.9292513649977686,0.29226097045275484,0.507108575946338,0.9174947245013609,0.09672242739131506,0.09139338880777359
a3609,/mnt/data_disk/HDRData/1000hdr/HDRtest/a3609-IMG_1702.exr,/mnt/data_disk/ZQL/TIP_TMO_result/dnn/TMO_GAN/a3609.png,341,512,0.9188764139640341,0.9228329239143718,0.59161659853487,0.8939159022039389,0.8115049027675957,0.9763269016402822,0.14182816445827484
a3613,/mnt/data_disk/HDRData/1000hdr/HDRtest/a3613-_DSC3264.exr,/mnt/data_disk/ZQL/TIP_TMO_result/dnn/TMO_GAN/a3613.png,341,512,0.8222108629770071,0.8161125889275493,0.22516282647190694,0.35826624856858535,0.7165216791579222,1.0817979248486832e-05,0.19269856810569763
a3623,/mnt/data_disk/HDRData/1000hdr/HDRtest/a3623-20051220_201437__MG_9239.exr,/mnt/data_disk/ZQL/TIP_TMO_result/dnn/TMO_GAN/a3623.png,341,512,0.8332630954001934,0.7951291331879299,0.30711286426438394,0.9301481563013596,0.86954505527468,0.9907512573280393,0.26738932728767395
a3624,/mnt/data_disk/HDRData/1000hdr/HDRtest/a3624-DSC_0070.exr,/mnt/data_disk/ZQL/TIP_TMO_result/dnn/TMO_GAN/a3624.png,340,512,0.856847222401058,0.9560854358819063,0.2134572097770674,0.4569834184777434,0.9105206350171404,0.0034462019383463384,0.09167056530714035
a3628,/mnt/data_disk/HDRData/1000hdr/HDRtest/a3628-_DSC9996.exr,/mnt/data_disk/ZQL/TIP_TMO_result/dnn/TMO_GAN/a3628.png,341,512,0.8014558018393404,0.8007159769113041,0.15363794232983247,0.3018169433321835,0.6036338673987535,1.926561354235194e-08,0.17071183025836945
a3633,/mnt/data_disk/HDRData/1000hdr/HDRtest/a3633-JI2E3892.exr,/mnt/data_disk/ZQL/TIP_TMO_result/dnn/TMO_GAN/a3633.png,341,512,0.8106149580710411,0.868962243028778,0.11519536580627399,0.34564072974363114,0.679885023646596,0.011396435840666274,0.09674356877803802
a3634,/mnt/data_disk/HDRData/1000hdr/HDRtest/a3634-IMG_4959.exr,/mnt/data_disk/ZQL/TIP_TMO_result/dnn/TMO_GAN/a3634.png,341,512,0.8041641650335657,0.654091797933463,0.3800768186613609,0.254528081950601,0.505066652160397,0.003989511740804938,0.2567301392555237
a3635,/mnt/data_disk/HDRData/1000hdr/HDRtest/a3635-IMG_4031.exr,/mnt/data_disk/ZQL/TIP_TMO_result/dnn/TMO_GAN/a3635.png,341,512,0.9177385303623273,0.7974764968326413,0.8012556557792009,0.8798206500341021,0.8188070660869159,0.9408342339812883,0.24460192024707794
a3636,/mnt/data_disk/HDRData/1000hdr/HDRtest/a3636-20041222_195608__E6B6989.exr,/mnt/data_disk/ZQL/TIP_TMO_result/dnn/TMO_GAN/a3636.png,341,512,0.7595852752428254,0.8291980576536616,0.00246253582853477,0.2975716529467311,0.5951433058934622,8.044453717313841e-36,0.10237965732812881
a3641,/mnt/data_disk/HDRData/1000hdr/HDRtest/a3641-_DSC4628.exr,/mnt/data_disk/ZQL/TIP_TMO_result/dnn/TMO_GAN/a3641.png,341,512,0.8632783187833881,0.8417624602980471,0.39563247955900444,0.9468908765387472,0.8963644230529453,0.9974173300245491,0.273225337266922
a3644,/mnt/data_disk/HDRData/1000hdr/HDRtest/a3644-jmac_MG_5959.exr,/mnt/data_disk/ZQL/TIP_TMO_result/dnn/TMO_GAN/a3644.png,341,512,0.8741929522075089,0.8597353145505112,0.42855760897640177,0.6735454336978116,0.9083722161043214,0.4387186512913019,0.1922702193260193
a3649,/mnt/data_disk/HDRData/1000hdr/HDRtest/a3649-WP_CRW_0691.exr,/mnt/data_disk/ZQL/TIP_TMO_result/dnn/TMO_GAN/a3649.png,341,512,0.8337403039678466,0.9512114426119254,0.12161960200245353,0.46408799763976755,0.9258494512490185,0.0023265440305165344,0.06808565557003021
a3654,/mnt/data_disk/HDRData/1000hdr/HDRtest/a3654-IMG_0777.exr,/mnt/data_disk/ZQL/TIP_TMO_result/dnn/TMO_GAN/a3654.png,341,512,0.9550254904040133,0.8874315585641217,0.8859379454423069,0.9430202997959034,0.88890043496972,0.9971401646220868,0.16943272948265076
a3658,/mnt/data_disk/HDRData/1000hdr/HDRtest/a3658-jmac_MG_0418.exr,/mnt/data_disk/ZQL/TIP_TMO_result/dnn/TMO_GAN/a3658.png,341,512,0.8923741512119289,0.916988418900806,0.4453246979105845,0.8253911717675934,0.8357962833364038,0.814986060198783,0.11407312750816345
a3670,/mnt/data_disk/HDRData/1000hdr/HDRtest/a3670-jmac_MG_5917.exr,/mnt/data_disk/ZQL/TIP_TMO_result/dnn/TMO_GAN/a3670.png,341,512,0.9461618038835233,0.9517225443930881,0.7164058291372499,0.9385085565897326,0.8959384856747371,0.9810786275047282,0.0942607969045639
a3673,/mnt/data_disk/HDRData/1000hdr/HDRtest/a3673-_DSC1109.exr,/mnt/data_disk/ZQL/TIP_TMO_result/dnn/TMO_GAN/a3673.png,341,512,0.7931540637762297,0.8100881189338124,0.11056858604683004,0.7275010807426805,0.861242609776086,0.5937595517092749,0.323241651058197
a3677,/mnt/data_disk/HDRData/1000hdr/HDRtest/a3677-IMG_4696.exr,/mnt/data_disk/ZQL/TIP_TMO_result/dnn/TMO_GAN/a3677.png,341,512,0.8893923078621871,0.8861548888181704,0.4742190624918478,0.9560994606407194,0.9126733143251519,0.999525606956287,0.15233546495437622
a3686,/mnt/data_disk/HDRData/1000hdr/HDRtest/a3686-jmac_MG_0353.exr,/mnt/data_disk/ZQL/TIP_TMO_result/dnn/TMO_GAN/a3686.png,341,512,0.9354268539374465,0.8150446588965725,0.8870875201502392,0.9188289691942414,0.8385187620515322,0.9991391763369506,0.30117252469062805
a3688,/mnt/data_disk/HDRData/1000hdr/HDRtest/a3688-jmac_MG_1424.exr,/mnt/data_disk/ZQL/TIP_TMO_result/dnn/TMO_GAN/a3688.png,341,512,0.9828435454721123,0.940904974757439,0.9828128421322881,0.9645633183713738,0.9430187601025908,0.9861078766401566,0.15664733946323395
a3689,/mnt/data_disk/HDRData/1000hdr/HDRtest/a3689-JI2E3798.exr,/mnt/data_disk/ZQL/TIP_TMO_result/dnn/TMO_GAN/a3689.png,341,512,0.8678043309701441,0.7567983796247693,0.5599906733533611,0.8861153598632467,0.78184094146777,0.9903897782587235,0.09862297773361206
a3696,/mnt/data_disk/HDRData/1000hdr/HDRtest/a3696-jmac_DSC1242.exr,/mnt/data_disk/ZQL/TIP_TMO_result/dnn/TMO_GAN/a3696.png,343,512,0.8937228267885926,0.9186639615108692,0.4504619687461454,0.9675513972336713,0.938844778069766,0.9962580163975767,0.15002226829528809
a3697,/mnt/data_disk/HDRData/1000hdr/HDRtest/a3697-07-11-24-at-16h05m35s-_MG_6729.exr,/mnt/data_disk/ZQL/TIP_TMO_result/dnn/TMO_GAN/a3697.png,341,512,0.9598640048464883,0.8881832080550928,0.9178859056481927,0.9381222962969881,0.877295453524773,0.9989491390692031,0.15004879236221313
a3700,/mnt/data_disk/HDRData/1000hdr/HDRtest/a3700-tc_DSC1892.exr,/mnt/data_disk/ZQL/TIP_TMO_result/dnn/TMO_GAN/a3700.png,340,512,0.7945231413877598,0.8448001353670466,0.08088403180706981,0.3603583485956333,0.7207166971912663,3.8488931113653503e-16,0.09934589266777039
a3706,/mnt/data_disk/HDRData/1000hdr/HDRtest/a3706-dgw_065.exr,/mnt/data_disk/ZQL/TIP_TMO_result/dnn/TMO_GAN/a3706.png,341,512,0.8346120976186095,0.7700078883972379,0.3513645875108141,0.8729087124677049,0.8516035072358061,0.8942139176996036,0.3045002222061157
a3707,/mnt/data_disk/HDRData/1000hdr/HDRtest/a3707-NKIM_121.exr,/mnt/data_disk/ZQL/TIP_TMO_result/dnn/TMO_GAN/a3707.png,341,512,0.9032058596395041,0.6790060095035109,0.9459638686371447,0.6497163064449244,0.7158629789618932,0.5835696339279556,0.20874473452568054
a3710,/mnt/data_disk/HDRData/1000hdr/HDRtest/a3710-07-11-20-at-16h52m05s-_MG_5742.exr,/mnt/data_disk/ZQL/TIP_TMO_result/dnn/TMO_GAN/a3710.png,341,512,0.8773852116984344,0.8569475060126684,0.45061576029119454,0.9335937893031494,0.8732606986387212,0.9939268799675776,0.08275944739580154
a3712,/mnt/data_disk/HDRData/1000hdr/HDRtest/a3712-IMG_4852.exr,/mnt/data_disk/ZQL/TIP_TMO_result/dnn/TMO_GAN/a3712.png,341,512,0.8295055859746528,0.9132434662754595,0.14325713344021265,0.43483450993764927,0.869668968502004,5.1373294481867634e-08,0.10699213296175003
a3715,/mnt/data_disk/HDRData/1000hdr/HDRtest/a3715-_MG_7773.exr,/mnt/data_disk/ZQL/TIP_TMO_result/dnn/TMO_GAN/a3715.png,341,512,0.797312706566763,0.7818245020004913,0.15893955770358875,0.33722861782809466,0.6744570498772662,1.8577892317845078e-07,0.22961299121379852
a3716,/mnt/data_disk/HDRData/1000hdr/HDRtest/a3716-IMG_0301.exr,/mnt/data_disk/ZQL/TIP_TMO_result/dnn/TMO_GAN/a3716.png,341,512,0.7737708480630103,0.8352916178539845,0.026862184539011857,0.330374510698023,0.660749021396046,3.089162799692206e-22,0.06831835955381393
a3719,/mnt/data_disk/HDRData/1000hdr/HDRtest/a3719-07-11-29-at-15h43m28s-_MG_8075.exr,/mnt/data_disk/ZQL/TIP_TMO_result/dnn/TMO_GAN/a3719.png,341,512,0.9359577877367762,0.86115994979476,0.8046660822885866,0.8670260969092052,0.905358335384496,0.8286938584339144,0.3312169909477234
a3720,/mnt/data_disk/HDRData/1000hdr/HDRtest/a3720-jmac_MG_0851.exr,/mnt/data_disk/ZQL/TIP_TMO_result/dnn/TMO_GAN/a3720.png,341,512,0.9644467928394822,0.9068326648514559,0.915643537399714,0.9389587607587051,0.8789316446587813,0.9989858768586289,0.17214888334274292
a3721,/mnt/data_disk/HDRData/1000hdr/HDRtest/a3721-KE_-01.exr,/mnt/data_disk/ZQL/TIP_TMO_result/dnn/TMO_GAN/a3721.png,340,512,0.9338092970908682,0.8384595452501641,0.831813273439791,0.8676430287004389,0.7813127093693483,0.9539733480315293,0.19955936074256897
a3724,/mnt/data_disk/HDRData/1000hdr/HDRtest/a3724-20060101_092918__E6B0305.exr,/mnt/data_disk/ZQL/TIP_TMO_result/dnn/TMO_GAN/a3724.png,341,512,0.8802477733021695,0.8840938936880924,0.4258734146183164,0.5168756310160447,0.8778046084719273,0.15594665356016213,0.25581684708595276
a3727,/mnt/data_disk/HDRData/1000hdr/HDRtest/a3727-2004-01-18 11-49-42 CRW_2889.exr,/mnt/data_disk/ZQL/TIP_TMO_result/dnn/TMO_GAN/a3727.png,341,512,0.8354577067407224,0.9315089522329425,0.14826665728292526,0.452601254178725,0.9051913170510717,1.1191306378274738e-05,0.15600192546844482
a3729,/mnt/data_disk/HDRData/1000hdr/HDRtest/a3729-07-11-24-at-21h39m19s-_MG_6853.exr,/mnt/data_disk/ZQL/TIP_TMO_result/dnn/TMO_GAN/a3729.png,341,512,0.8647174979009935,0.8219859991028087,0.4336580225448555,0.45999555563734146,0.709913869091417,0.21007724218326596,0.12786179780960083
a3730,/mnt/data_disk/HDRData/1000hdr/HDRtest/a3730-IMG_0113.exr,/mnt/data_disk/ZQL/TIP_TMO_result/dnn/TMO_GAN/a3730.png,341,512,0.8211830397582198,0.8438928475039383,0.18602817928347898,0.407128509470616,0.7919637655099296,0.022293253431302364,0.2252684235572815
a3732,/mnt/data_disk/HDRData/1000hdr/HDRtest/a3732-_DGW6272.exr,/mnt/data_disk/ZQL/TIP_TMO_result/dnn/TMO_GAN/a3732.png,341,512,0.8305655971541721,0.932103756480885,0.1281541712056039,0.45181865779886277,0.9036111964492857,2.6119148439876264e-05,0.0939176008105278
a3733,/mnt/data_disk/HDRData/1000hdr/HDRtest/a3733-WP_CRW_4827.exr,/mnt/data_disk/ZQL/TIP_TMO_result/dnn/TMO_GAN/a3733.png,341,512,0.8047263681896281,0.8218201263382754,0.1427056920151942,0.3365660507277367,0.6730652128803368,6.688857513657195e-05,0.14292985200881958
a3735,/mnt/data_disk/HDRData/1000hdr/HDRtest/a3735-_MG_7825.exr,/mnt/data_disk/ZQL/TIP_TMO_result/dnn/TMO_GAN/a3735.png,341,512,0.7926541080852917,0.8494575949354135,0.0703651684490618,0.5385884311006304,0.8964250219544788,0.18075184024678184,0.17469187080860138
a3737,/mnt/data_disk/HDRData/1000hdr/HDRtest/a3737-dgw_022.exr,/mnt/data_disk/ZQL/TIP_TMO_result/dnn/TMO_GAN/a3737.png,341,512,0.8259270250803852,0.8437952711293735,0.20710678268094837,0.3643819485352725,0.7266599869536474,0.0021039101168975807,0.17737461626529694
a3739,/mnt/data_disk/HDRData/1000hdr/HDRtest/a3739-KE_-0068.exr,/mnt/data_disk/ZQL/TIP_TMO_result/dnn/TMO_GAN/a3739.png,340,512,0.837298580800944,0.9002683014118771,0.19030576138087613,0.49815528932548814,0.9510609236325757,0.045249655018400614,0.09437396377325058
a3740,/mnt/data_disk/HDRData/1000hdr/HDRtest/a3740-_DSC1411.exr,/mnt/data_disk/ZQL/TIP_TMO_result/dnn/TMO_GAN/a3740.png,341,512,0.7669131587401835,0.7892078611840811,0.04322890119352355,0.28635943531971086,0.5727188705643418,7.507995178433529e-11,0.10608496516942978
a3742,/mnt/data_disk/HDRData/1000hdr/HDRtest/a3742-IMG_0206.exr,/mnt/data_disk/ZQL/TIP_TMO_result/dnn/TMO_GAN/a3742.png,341,512,0.8073009203619725,0.7585056906742554,0.23300200053764666,0.429025895472034,0.8352260977100805,0.02282569323398749,0.24385911226272583
a3743,/mnt/data_disk/HDRData/1000hdr/HDRtest/a3743-DSC_0038.exr,/mnt/data_disk/ZQL/TIP_TMO_result/dnn/TMO_GAN/a3743.png,340,512,0.8323644844942049,0.9011850891016469,0.16805228617775653,0.551174985966804,0.8425696373507416,0.25978033458286637,0.09353171288967133
a3744,/mnt/data_disk/HDRData/1000hdr/HDRtest/a3744-NKIM_MG_6757.exr,/mnt/data_disk/ZQL/TIP_TMO_result/dnn/TMO_GAN/a3744.png,341,512,0.7484411164985848,0.7612191711164649,0.017136834848194622,0.3721350446057754,0.7442700892115508,9.80243267018132e-26,0.175991490483284
a3749,/mnt/data_disk/HDRData/1000hdr/HDRtest/a3749-IMG_4592.exr,/mnt/data_disk/ZQL/TIP_TMO_result/dnn/TMO_GAN/a3749.png,341,512,0.8247514280788597,0.7470428874534866,0.335414807415699,0.5919594047133412,0.8595335760618705,0.32438523336481195,0.21012601256370544
a3750,/mnt/data_disk/HDRData/1000hdr/HDRtest/a3750-IMG_4253.exr,/mnt/data_disk/ZQL/TIP_TMO_result/dnn/TMO_GAN/a3750.png,341,512,0.7499070763857854,0.7312716490571685,0.043533836615125415,0.3184486928817296,0.6368973857634362,2.3003476291761492e-14,0.17658910155296326
a3753,/mnt/data_disk/HDRData/1000hdr/HDRtest/a3753-dgw_073.exr,/mnt/data_disk/ZQL/TIP_TMO_result/dnn/TMO_GAN/a3753.png,341,512,0.7270759812731308,0.7148230837903483,0.003701089327846563,0.41305919671734675,0.8254469039073985,0.0006714895272949912,0.4248318672180176
a3754,/mnt/data_disk/HDRData/1000hdr/HDRtest/a3754-050731_151704__I2E5362.exr,/mnt/data_disk/ZQL/TIP_TMO_result/dnn/TMO_GAN/a3754.png,341,512,0.9327890507826508,0.9455032354294061,0.6416169337350238,0.8762103885106217,0.8404176146253637,0.9120031623958798,0.10158924758434296
a3756,/mnt/data_disk/HDRData/1000hdr/HDRtest/a3756-jmac_MG_5949.exr,/mnt/data_disk/ZQL/TIP_TMO_result/dnn/TMO_GAN/a3756.png,341,512,0.9159224400893726,0.903107768652129,0.6049050277419171,0.9220937086301033,0.8944928544204751,0.9496945628397316,0.11702583730220795
a3760,/mnt/data_disk/HDRData/1000hdr/HDRtest/a3760-IMG_2504.exr,/mnt/data_disk/ZQL/TIP_TMO_result/dnn/TMO_GAN/a3760.png,341,512,0.8779510969658315,0.9684746024191292,0.29923497525837817,0.6046817532991815,0.9573316199292411,0.252031886669122,0.07872987538576126
a3764,/mnt/data_disk/HDRData/1000hdr/HDRtest/a3764-20060618_093109__MG_8792.exr,/mnt/data_disk/ZQL/TIP_TMO_result/dnn/TMO_GAN/a3764.png,341,512,0.8621687350042727,0.8924134384006375,0.3180858384160965,0.8577605677569096,0.9137138925177345,0.8018072429960845,0.16681361198425293
a3766,/mnt/data_disk/HDRData/1000hdr/HDRtest/a3766-20041219_194831__E6B5558.exr,/mnt/data_disk/ZQL/TIP_TMO_result/dnn/TMO_GAN/a3766.png,341,512,0.6524109811225347,0.5082109998024975,0.0002027414652483865,0.1937041252790995,0.387408250558199,5.6887783197968824e-70,0.09403707087039948
a3769,/mnt/data_disk/HDRData/1000hdr/HDRtest/a3769-IMG_3943.exr,/mnt/data_disk/ZQL/TIP_TMO_result/dnn/TMO_GAN/a3769.png,341,512,0.816273632475711,0.9228910457105365,0.08423457258796255,0.44303991946315335,0.8860796491524988,1.897738079217167e-07,0.08701583743095398
a3771,/mnt/data_disk/HDRData/1000hdr/HDRtest/a3771-07-06-01-at-13h03m06-s_MG_1256.exr,/mnt/data_disk/ZQL/TIP_TMO_result/dnn/TMO_GAN/a3771.png,341,512,0.8425435671232535,0.8231042876047348,0.3140262183081652,0.7022295053593925,0.8728348962573577,0.5316241144614273,0.2250392585992813
a3772,/mnt/data_disk/HDRData/1000hdr/HDRtest/a3772-dgw_123.exr,/mnt/data_disk/ZQL/TIP_TMO_result/dnn/TMO_GAN/a3772.png,341,512,0.8588416210665084,0.8977276410601354,0.2943164937074205,0.5998604022497894,0.8654236420226616,0.33429716247691726,0.19235405325889587
a3774,/mnt/data_disk/HDRData/1000hdr/HDRtest/a3774-_DSC0017.exr,/mnt/data_disk/ZQL/TIP_TMO_result/dnn/TMO_GAN/a3774.png,340,512,0.8699408815176312,0.8757756973347521,0.3818028207319639,0.5514754727412754,0.8375683951988661,0.2653825502836848,0.14435549080371857
a3778,/mnt/data_disk/HDRData/1000hdr/HDRtest/a3778-IMG_4838.exr,/mnt/data_disk/ZQL/TIP_TMO_result/dnn/TMO_GAN/a3778.png,341,512,0.8882685742422481,0.7987062123969226,0.610265911512252,0.8942261423562153,0.7978889353979384,0.9905633493144923,0.2681902050971985
a3780,/mnt/data_disk/HDRData/1000hdr/HDRtest/a3780-JI2E3902.exr,/mnt/data_disk/ZQL/TIP_TMO_result/dnn/TMO_GAN/a3780.png,341,512,0.9342789362141369,0.8991661162986089,0.7270900535009098,0.9133475955991428,0.9122152417744752,0.9144799494238103,0.13281457126140594
a3781,/mnt/data_disk/HDRData/1000hdr/HDRtest/a3781-2004-06-24 06-45-08 CRW_2040.exr,/mnt/data_disk/ZQL/TIP_TMO_result/dnn/TMO_GAN/a3781.png,341,512,0.793459082900212,0.9207835839232236,0.019383386691838735,0.41766515207238697,0.8353303041447739,2.0375183540988507e-24,0.06655770540237427
a3783,/mnt/data_disk/HDRData/1000hdr/HDRtest/a3783-KE_-0052.exr,/mnt/data_disk/ZQL/TIP_TMO_result/dnn/TMO_GAN/a3783.png,340,512,0.7523140341730551,0.7804487228697066,0.01346068660950864,0.3389362124871964,0.6778724249743928,1.659260391084512e-28,0.10837378352880478
a3786,/mnt/data_disk/HDRData/1000hdr/HDRtest/a3786-_I2E8191.exr,/mnt/data_disk/ZQL/TIP_TMO_result/dnn/TMO_GAN/a3786.png,341,512,0.7978126626745944,0.9198466901649316,0.0304798564079826,0.43094140685929366,0.8617769050766598,0.00010590864192753324,0.13646584749221802
a3796,/mnt/data_disk/HDRData/1000hdr/HDRtest/a3796-NKIM_MG_7319.exr,/mnt/data_disk/ZQL/TIP_TMO_result/dnn/TMO_GAN/a3796.png,341,512,0.8944144370790376,0.7864488758559208,0.6704809127872434,0.8023792723552103,0.6152066187196645,0.9895519259907563,0.2388257533311844
a3798,/mnt/data_disk/HDRData/1000hdr/HDRtest/a3798-IMG_2539.exr,/mnt/data_disk/ZQL/TIP_TMO_result/dnn/TMO_GAN/a3798.png,341,512,0.9605475803356693,0.8764976144384417,0.9442619946706875,0.937555231261766,0.8822404136796642,0.9928700488438678,0.19973576068878174
a3800,/mnt/data_disk/HDRData/1000hdr/HDRtest/a3800-dgw_090.exr,/mnt/data_disk/ZQL/TIP_TMO_result/dnn/TMO_GAN/a3800.png,341,512,0.869296632249476,0.8792171501824222,0.37344411957169105,0.4325934114768585,0.8387522921174094,0.026434530836307486,0.13742861151695251
a3804,/mnt/data_disk/HDRData/1000hdr/HDRtest/a3804-_DSC3608.exr,/mnt/data_disk/ZQL/TIP_TMO_result/dnn/TMO_GAN/a3804.png,343,512,0.7621661915449978,0.8159533422504281,0.01288962289922088,0.3960680034765567,0.7921360069531134,4.558001053360957e-27,0.0668351799249649
a3816,/mnt/data_disk/HDRData/1000hdr/HDRtest/a3816-jmac_DSC3118.exr,/mnt/data_disk/ZQL/TIP_TMO_result/dnn/TMO_GAN/a3816.png,340,512,0.934502362301297,0.9379050965276995,0.6644762615301281,0.9758173778547963,0.9531876983237121,0.9984470573858805,0.13073821365833282
a3820,/mnt/data_disk/HDRData/1000hdr/HDRtest/a3820-dgw_025.exr,/mnt/data_disk/ZQL/TIP_TMO_result/dnn/TMO_GAN/a3820.png,341,512,0.5993228248732388,0.376088805421456,0.004801203219409915,0.27908792939215055,0.5581758587831186,1.1824843944668345e-12,0.09607227891683578
a3822,/mnt/data_disk/HDRData/1000hdr/HDRtest/a3822-07-11-21-at-09h53m21s-_MG_5852.exr,/mnt/data_disk/ZQL/TIP_TMO_result/dnn/TMO_GAN/a3822.png,341,512,0.8058145810170921,0.9333524888447957,0.04271834255363538,0.4680924138089867,0.9361848276179731,3.0042200783921467e-16,0.09850843250751495
a3827,/mnt/data_disk/HDRData/1000hdr/HDRtest/a3827-JI2E3823.exr,/mnt/data_disk/ZQL/TIP_TMO_result/dnn/TMO_GAN/a3827.png,341,512,0.8936179031642248,0.7930796823682681,0.6534674092452548,0.8932120977362334,0.7867426362272192,0.9996815592452477,0.11564867943525314
a3830,/mnt/data_disk/HDRData/1000hdr/HDRtest/a3830-LS_060715_8670.exr,/mnt/data_disk/ZQL/TIP_TMO_result/dnn/TMO_GAN/a3830.png,341,512,0.8031622107681323,0.8016869589679013,0.15955209366068956,0.43713562672728784,0.8742546850267298,1.6568427845880555e-05,0.1946072280406952
a3832,/mnt/data_disk/HDRData/1000hdr/HDRtest/a3832-20060613_091536__MG_7749.exr,/mnt/data_disk/ZQL/TIP_TMO_result/dnn/TMO_GAN/a3832.png,341,512,0.8950116160839227,0.8689408303986144,0.5336123951076983,0.4339735633087639,0.8591186727547263,0.00882845386280149,0.20303504168987274
a3833,/mnt/data_disk/HDRData/1000hdr/HDRtest/a3833-_DSC0003-2.exr,/mnt/data_disk/ZQL/TIP_TMO_result/dnn/TMO_GAN/a3833.png,340,512,0.7955918315915056,0.9316306265366755,0.017915892420429298,0.4442807488591893,0.8885614977183786,6.16212789566854e-21,0.08179111778736115
a3834,/mnt/data_disk/HDRData/1000hdr/HDRtest/a3834-IMG_0007.exr,/mnt/data_disk/ZQL/TIP_TMO_result/dnn/TMO_GAN/a3834.png,341,512,0.7819886065809009,0.7700478399372114,0.11186953659824007,0.4448276294299145,0.8853879945492646,0.004267264310564313,0.21168044209480286
a3846,/mnt/data_disk/HDRData/1000hdr/HDRtest/a3846-IMG_3087.exr,/mnt/data_disk/ZQL/TIP_TMO_result/dnn/TMO_GAN/a3846.png,341,512,0.8297659717694272,0.9246190710325032,0.1325607641458007,0.43930641508463186,0.8786126553701402,1.7479912349151747e-07,0.08993561565876007
a3847,/mnt/data_disk/HDRData/1000hdr/HDRtest/a3847-NKIM_MG_6113.exr,/mnt/data_disk/ZQL/TIP_TMO_result/dnn/TMO_GAN/a3847.png,341,512,0.7575362017604412,0.7093136886356319,0.0894614263954473,0.4053593503946142,0.810718700789228,3.3725669665173046e-16,0.17179559171199799
a3848,/mnt/data_disk/HDRData/1000hdr/HDRtest/a3848-DSC_0024.exr,/mnt/data_disk/ZQL/TIP_TMO_result/dnn/TMO_GAN/a3848.png,340,512,0.8671037217386138,0.9367205385493885,0.2851924076331408,0.4619191436416173,0.8646642590107647,0.0591740282724699,0.06655200570821762
a3851,/mnt/data_disk/HDRData/1000hdr/HDRtest/a3851-IMG_3430.exr,/mnt/data_disk/ZQL/TIP_TMO_result/dnn/TMO_GAN/a3851.png,341,512,0.8040572729209023,0.8749398258857334,0.08557675967359292,0.3401812518489469,0.6803624883515846,1.5346309133025776e-08,0.09466089308261871
a3862,/mnt/data_disk/HDRData/1000hdr/HDRtest/a3862-JI2E0423.exr,/mnt/data_disk/ZQL/TIP_TMO_result/dnn/TMO_GAN/a3862.png,341,512,0.843655331768579,0.9280054219215562,0.18660082799313893,0.41760700086917063,0.8348530271618432,0.0003609745764981283,0.07515430450439453
a3863,/mnt/data_disk/HDRData/1000hdr/HDRtest/a3863-IMG_1159.exr,/mnt/data_disk/ZQL/TIP_TMO_result/dnn/TMO_GAN/a3863.png,341,512,0.8085163446641246,0.8587266587442133,0.11772608847868057,0.4486269659493251,0.8972510440474568,2.887851193384085e-06,0.17842066287994385
a3864,/mnt/data_disk/HDRData/1000hdr/HDRtest/a3864-_DSC1992.exr,/mnt/data_disk/ZQL/TIP_TMO_result/dnn/TMO_GAN/a3864.png,341,512,0.7819799386402705,0.7260066000666522,0.16415881313596883,0.6668454192195878,0.8040468165207479,0.5296440219184279,0.09544304013252258
a3872,/mnt/data_disk/HDRData/1000hdr/HDRtest/a3872-IMG_4058.exr,/mnt/data_disk/ZQL/TIP_TMO_result/dnn/TMO_GAN/a3872.png,341,512,0.927456363353068,0.8438019773680481,0.7796802370296798,0.9113598632008004,0.8418739551890335,0.9808457712125673,0.19553039968013763
a3877,/mnt/data_disk/HDRData/1000hdr/HDRtest/a3877-KE_-0019.exr,/mnt/data_disk/ZQL/TIP_TMO_result/dnn/TMO_GAN/a3877.png,340,512,0.7548862527229988,0.761311420494158,0.03257077246557648,0.31707612511424277,0.6341522502284854,1.0715084808416895e-16,0.16830413043498993
a3879,/mnt/data_disk/HDRData/1000hdr/HDRtest/a3879-IMG_0091.exr,/mnt/data_disk/ZQL/TIP_TMO_result/dnn/TMO_GAN/a3879.png,341,512,0.8874512854938587,0.8797519994695869,0.47286541326415693,0.967332804324291,0.9402278151857244,0.9944377934628578,0.17268285155296326
a3890,/mnt/data_disk/HDRData/1000hdr/HDRtest/a3890-IMG_4308.exr,/mnt/data_disk/ZQL/TIP_TMO_result/dnn/TMO_GAN/a3890.png,341,512,0.8147370798963885,0.8280591367688311,0.1770942627187577,0.3866441504442081,0.7732874509682356,8.499201806163382e-07,0.11268461495637894
a3893,/mnt/data_disk/HDRData/1000hdr/HDRtest/a3893-_DGW6301.exr,/mnt/data_disk/ZQL/TIP_TMO_result/dnn/TMO_GAN/a3893.png,341,512,0.8929623735213044,0.8587866498567865,0.537720792077715,0.5688053557340907,0.8528423053259021,0.2847684061422794,0.23975194990634918
a3899,/mnt/data_disk/HDRData/1000hdr/HDRtest/a3899-jmac_DSC2259.exr,/mnt/data_disk/ZQL/TIP_TMO_result/dnn/TMO_GAN/a3899.png,340,512,0.8730879181445228,0.9351139274356437,0.3171846920753164,0.4629852975631597,0.9235639134578254,0.0024066816684939897,0.11121565848588943
a3900,/mnt/data_disk/HDRData/1000hdr/HDRtest/a3900-jmac_DSC5843.exr,/mnt/data_disk/ZQL/TIP_TMO_result/dnn/TMO_GAN/a3900.png,340,512,0.9869992795872025,0.968670099495275,0.9628048097226806,0.9508313818055047,0.9085655180253854,0.993097245585624,0.13624858856201172
a3902,/mnt/data_disk/HDRData/1000hdr/HDRtest/a3902-jmac_DSC3970.exr,/mnt/data_disk/ZQL/TIP_TMO_result/dnn/TMO_GAN/a3902.png,340,512,0.7850733959980383,0.8464938254948446,0.04925193272352253,0.4274054884139342,0.8548109768250558,2.8126189630731958e-12,0.07279951870441437
a3903,/mnt/data_disk/HDRData/1000hdr/HDRtest/a3903-IMG_2386.exr,/mnt/data_disk/ZQL/TIP_TMO_result/dnn/TMO_GAN/a3903.png,341,512,0.8087909659969332,0.8919479978959017,0.08630353054770284,0.4186705687560111,0.8372807652747863,6.0372237235880704e-05,0.0972445011138916
a3906,/mnt/data_disk/HDRData/1000hdr/HDRtest/a3906-LS051025_day_3_LL003.exr,/mnt/data_disk/ZQL/TIP_TMO_result/dnn/TMO_GAN/a3906.png,341,512,0.8459052327280717,0.87623095004331,0.25901366712396007,0.4347054378793759,0.8692775340415255,0.00013334171722620522,0.16853508353233337
a3911,/mnt/data_disk/HDRData/1000hdr/HDRtest/a3911-07-07-01-at-10h50m55s-_MG_2028.exr,/mnt/data_disk/ZQL/TIP_TMO_result/dnn/TMO_GAN/a3911.png,341,512,0.7649295425586257,0.7772887184810826,0.04744847491371604,0.4185485683870862,0.8370971367741389,3.3535177014076666e-14,0.15171203017234802
a3913,/mnt/data_disk/HDRData/1000hdr/HDRtest/a3913-IMG_0289.exr,/mnt/data_disk/ZQL/TIP_TMO_result/dnn/TMO_GAN/a3913.png,341,512,0.8095638865300261,0.8486922211067018,0.132370010797126,0.4220077441915761,0.8439170781636123,9.841021953994253e-05,0.08769507706165314
a3914,/mnt/data_disk/HDRData/1000hdr/HDRtest/a3914-DSC_0002-1.exr,/mnt/data_disk/ZQL/TIP_TMO_result/dnn/TMO_GAN/a3914.png,340,512,0.7769567385621019,0.8336794706514346,0.036272050722142304,0.3235975189930933,0.6471950379708933,1.5293275766055093e-11,0.1226200982928276
a3919,/mnt/data_disk/HDRData/1000hdr/HDRtest/a3919-KE_-1608.exr,/mnt/data_disk/ZQL/TIP_TMO_result/dnn/TMO_GAN/a3919.png,340,512,0.7385753793624977,0.7466185081708079,0.006506643534508098,0.29260870651945214,0.5852174130389043,1.961442193858574e-30,0.12297374755144119
a3923,/mnt/data_disk/HDRData/1000hdr/HDRtest/a3923-_DSC0095.exr,/mnt/data_disk/ZQL/TIP_TMO_result/dnn/TMO_GAN/a3923.png,340,512,0.9149531507306907,0.8843326214175502,0.6294786127597264,0.8333715512406149,0.8811259622321541,0.7856171402490757,0.1256777048110962
a3924,/mnt/data_disk/HDRData/1000hdr/HDRtest/a3924-_DSC6358.exr,/mnt/data_disk/ZQL/TIP_TMO_result/dnn/TMO_GAN/a3924.png,341,512,0.7074246787843412,0.6555873481110875,0.0025879879142643464,0.27531929863061816,0.5506385972612363,7.545599271294389e-53,0.19905918836593628
a3926,/mnt/data_disk/HDRData/1000hdr/HDRtest/a3926-dgw_077.exr,/mnt/data_disk/ZQL/TIP_TMO_result/dnn/TMO_GAN/a3926.png,341,512,0.7834617114440812,0.7314870127673557,0.16338403894992934,0.37490149209278417,0.7498029836897073,4.958610663781883e-10,0.16101226210594177
a3927,/mnt/data_disk/HDRData/1000hdr/HDRtest/a3927-IMG_6048.exr,/mnt/data_disk/ZQL/TIP_TMO_result/dnn/TMO_GAN/a3927.png,341,512,0.8717338173921009,0.852184189978767,0.42630907568563037,0.9194494034597948,0.8401223393771982,0.9987764675423914,0.17234677076339722
a3930,/mnt/data_disk/HDRData/1000hdr/HDRtest/a3930-IMG_5083.exr,/mnt/data_disk/ZQL/TIP_TMO_result/dnn/TMO_GAN/a3930.png,341,512,0.8813725952101608,0.8698239824694409,0.4534706978302149,0.7246394472723928,0.8276769470839364,0.6216019474608493,0.18745650351047516
a3931,/mnt/data_disk/HDRData/1000hdr/HDRtest/a3931-_DGW6259.exr,/mnt/data_disk/ZQL/TIP_TMO_result/dnn/TMO_GAN/a3931.png,341,512,0.7481207724278792,0.6124258837309448,0.17620527558438037,0.31799055284781913,0.6359811056945867,1.0515976676768234e-12,0.28882455825805664
a3940,/mnt/data_disk/HDRData/1000hdr/HDRtest/a3940-20050602_180025__MG_2820.exr,/mnt/data_disk/ZQL/TIP_TMO_result/dnn/TMO_GAN/a3940.png,341,512,0.8911379235871872,0.9151691776713915,0.4410447869614209,0.8980620953738072,0.9552377206425073,0.840886470105107,0.14669600129127502
a3943,/mnt/data_disk/HDRData/1000hdr/HDRtest/a3943-_DSC0054.exr,/mnt/data_disk/ZQL/TIP_TMO_result/dnn/TMO_GAN/a3943.png,340,512,0.8409085381835225,0.9137790750138327,0.1906611059721357,0.4543569105908004,0.9087130642998137,7.568817871175761e-07,0.09377183020114899
a3947,/mnt/data_disk/HDRData/1000hdr/HDRtest/a3947-jmac_MG_1444.exr,/mnt/data_disk/ZQL/TIP_TMO_result/dnn/TMO_GAN/a3947.png,341,512,0.8506801537425404,0.9031816286453883,0.24778725657318712,0.8411557758531769,0.8891814109396329,0.7931301407667208,0.13341474533081055
a3948,/mnt/data_disk/HDRData/1000hdr/HDRtest/a3948-_DSC0045.exr,/mnt/data_disk/ZQL/TIP_TMO_result/dnn/TMO_GAN/a3948.png,340,512,0.7787884923270917,0.8044157308551203,0.06608371926841432,0.4428785408382179,0.8857570812342239,4.4221195511411907e-10,0.13943786919116974
a3954,/mnt/data_disk/HDRData/1000hdr/HDRtest/a3954-_MG_0841.exr,/mnt/data_disk/ZQL/TIP_TMO_result/dnn/TMO_GAN/a3954.png,341,512,0.9158735713976721,0.9037013773604315,0.6036527235116326,0.5631961109227905,0.8442025662986326,0.2821896555469485,0.22393682599067688
a3958,/mnt/data_disk/HDRData/1000hdr/HDRtest/a3958-_DSC3890.exr,/mnt/data_disk/ZQL/TIP_TMO_result/dnn/TMO_GAN/a3958.png,341,512,0.8159943955616094,0.9550115686873277,0.05654899180338649,0.4456393877833777,0.8912787369223096,3.8644445802184185e-08,0.06903982162475586
a3961,/mnt/data_disk/HDRData/1000hdr/HDRtest/a3961-_DSC0049.exr,/mnt/data_disk/ZQL/TIP_TMO_result/dnn/TMO_GAN/a3961.png,340,512,0.76182343932822,0.7583569077198986,0.05474780203397223,0.38902912095605274,0.7775687766028665,0.0004894653092390411,0.08866862952709198
a3963,/mnt/data_disk/HDRData/1000hdr/HDRtest/a3963-jmac_DSC3835.exr,/mnt/data_disk/ZQL/TIP_TMO_result/dnn/TMO_GAN/a3963.png,340,512,0.8383793523507388,0.8856243057265725,0.2123168618398633,0.9579176839231689,0.9376626872830657,0.9781726805632721,0.15656718611717224
a3964,/mnt/data_disk/HDRData/1000hdr/HDRtest/a3964-NKIM_MG_6716.exr,/mnt/data_disk/ZQL/TIP_TMO_result/dnn/TMO_GAN/a3964.png,341,512,0.754954303823097,0.7995725401797403,0.008062032622410982,0.3381286469442161,0.6762572938884323,6.406894340450878e-37,0.14734295010566711
a3970,/mnt/data_disk/HDRData/1000hdr/HDRtest/a3970-WP_Amanda_3rd_bday014.exr,/mnt/data_disk/ZQL/TIP_TMO_result/dnn/TMO_GAN/a3970.png,341,512,0.7367927061576423,0.7539803950349095,0.001137151747702938,0.2751406065842316,0.5502812131684632,1.3126677249649721e-59,0.0541284903883934
a3973,/mnt/data_disk/HDRData/1000hdr/HDRtest/a3973-DSC_0068-2.exr,/mnt/data_disk/ZQL/TIP_TMO_result/dnn/TMO_GAN/a3973.png,340,512,0.8186796998335572,0.8848077833540927,0.1299331114839429,0.44620461747729506,0.8921368951423054,0.0002723398122846684,0.0743313804268837
a3975,/mnt/data_disk/HDRData/1000hdr/HDRtest/a3975-jmac_MG_5721.exr,/mnt/data_disk/ZQL/TIP_TMO_result/dnn/TMO_GAN/a3975.png,341,512,0.8387364604441873,0.9505463873082663,0.14192434096481554,0.46238609988302865,0.9247548333751237,1.7366390933600632e-05,0.09128733724355698
a3976,/mnt/data_disk/HDRData/1000hdr/HDRtest/a3976-Ja_Pe-10.exr,/mnt/data_disk/ZQL/TIP_TMO_result/dnn/TMO_GAN/a3976.png,288,512,0.8623334577362238,0.935239645344229,0.263804506924062,0.47678075028218464,0.9337940069076006,0.019767493656768702,0.1320715993642807
a3991,/mnt/data_disk/HDRData/1000hdr/HDRtest/a3991-DSC_0005-2.exr,/mnt/data_disk/ZQL/TIP_TMO_result/dnn/TMO_GAN/a3991.png,340,512,0.8495484195370184,0.8990644685000451,0.24754376653636292,0.4223759720504002,0.834555449060541,0.010196495040259304,0.11577177047729492
a3992,/mnt/data_disk/HDRData/1000hdr/HDRtest/a3992-KE_-0044.exr,/mnt/data_disk/ZQL/TIP_TMO_result/dnn/TMO_GAN/a3992.png,340,512,0.7085275299947255,0.5872212259898165,0.0606169979809644,0.3959798404697689,0.7917001053231661,0.0002595756163716608,0.0763445645570755
a3993,/mnt/data_disk/HDRData/1000hdr/HDRtest/a3993-IMG_2812.exr,/mnt/data_disk/ZQL/TIP_TMO_result/dnn/TMO_GAN/a3993.png,341,512,0.8051323847999932,0.6331780342841709,0.42306595747786435,0.35575302470669373,0.7011690933489043,0.010336956064483193,0.12241334468126297
a3995,/mnt/data_disk/HDRData/1000hdr/HDRtest/a3995-IMG_0187.exr,/mnt/data_disk/ZQL/TIP_TMO_result/dnn/TMO_GAN/a3995.png,341,512,0.7964780454693613,0.7993869105441238,0.13506706216770495,0.45139511718539066,0.9027902263564332,8.014348124726063e-09,0.1504036784172058
a4001,/mnt/data_disk/HDRData/1000hdr/HDRtest/a4001-jn_20070824_0168.exr,/mnt/data_disk/ZQL/TIP_TMO_result/dnn/TMO_GAN/a4001.png,341,512,0.9415503447884693,0.8769809819665899,0.8135779009284048,0.912724806081901,0.8310247157867503,0.9944248963770517,0.10448545217514038
a4003,/mnt/data_disk/HDRData/1000hdr/HDRtest/a4003-NKIM_MG_6603.exr,/mnt/data_disk/ZQL/TIP_TMO_result/dnn/TMO_GAN/a4003.png,341,512,0.9711414763204472,0.9208016048249849,0.9369158732774482,0.9567419827795706,0.9166418526587634,0.9968421129003777,0.15998882055282593
a4004,/mnt/data_disk/HDRData/1000hdr/HDRtest/a4004-050812_113412__MG_3770.exr,/mnt/data_disk/ZQL/TIP_TMO_result/dnn/TMO_GAN/a4004.png,341,512,0.908068520579365,0.924984295287137,0.5236071321744831,0.9011817723511532,0.8906463394272357,0.9117172052750706,0.09360449016094208
a4007,/mnt/data_disk/HDRData/1000hdr/HDRtest/a4007-_MG_7167.exr,/mnt/data_disk/ZQL/TIP_TMO_result/dnn/TMO_GAN/a4007.png,341,512,0.8939950131470371,0.8309763776031459,0.5897486999731066,0.8413709619214442,0.9104954987866395,0.772246425056249,0.22363539040088654
a4008,/mnt/data_disk/HDRData/1000hdr/HDRtest/a4008-dgw_019.exr,/mnt/data_disk/ZQL/TIP_TMO_result/dnn/TMO_GAN/a4008.png,341,512,0.9521779817149222,0.8800086256633178,0.8799606093361031,0.9158446549667258,0.8580418515212991,0.9736474584121525,0.1797371655702591
a4009,/mnt/data_disk/HDRData/1000hdr/HDRtest/a4009-jmac_MG_7717.exr,/mnt/data_disk/ZQL/TIP_TMO_result/dnn/TMO_GAN/a4009.png,341,512,0.9611090008646167,0.8617049107244622,0.976112525696112,0.8960103813005841,0.8308756065961882,0.96114515600498,0.24923546612262726
a4013,/mnt/data_disk/HDRData/1000hdr/HDRtest/a4013-_I2E6911.exr,/mnt/data_disk/ZQL/TIP_TMO_result/dnn/TMO_GAN/a4013.png,341,512,0.8525091921755318,0.8181557236779505,0.3730154651870889,0.4480816156197448,0.6754161072704097,0.22074712396907992,0.26225054264068604
a4014,/mnt/data_disk/HDRData/1000hdr/HDRtest/a4014-JI2E4114.exr,/mnt/data_disk/ZQL/TIP_TMO_result/dnn/TMO_GAN/a4014.png,341,512,0.9602651859322193,0.8915183368514845,0.91455443601758,0.9459782834297077,0.8927336282497619,0.9992229386096535,0.19553662836551666
a4017,/mnt/data_disk/HDRData/1000hdr/HDRtest/a4017-DSC_0023.exr,/mnt/data_disk/ZQL/TIP_TMO_result/dnn/TMO_GAN/a4017.png,340,512,0.8462111664344552,0.9209691785875996,0.20589731350286228,0.4387610467705189,0.8766940294994278,0.0008280640416101212,0.1045851856470108
a4020,/mnt/data_disk/HDRData/1000hdr/HDRtest/a4020-IMG_3763.exr,/mnt/data_disk/ZQL/TIP_TMO_result/dnn/TMO_GAN/a4020.png,341,512,0.8413738123234564,0.783465037893523,0.36635393869721905,0.7597974859805676,0.8451500741513644,0.6744448978097707,0.11206819862127304
a4025,/mnt/data_disk/HDRData/1000hdr/HDRtest/a4025-IMG_5601.exr,/mnt/data_disk/ZQL/TIP_TMO_result/dnn/TMO_GAN/a4025.png,341,512,0.8386987835648445,0.8861755166595369,0.21309952247723263,0.41687771577324056,0.832758828834416,0.0009966027120651233,0.15403582155704498
a4026,/mnt/data_disk/HDRData/1000hdr/HDRtest/a4026-NKIM_MG_6632.exr,/mnt/data_disk/ZQL/TIP_TMO_result/dnn/TMO_GAN/a4026.png,341,512,0.8019497657796704,0.9527058244964741,0.020147537245797067,0.8720034950546776,0.9474555817767237,0.7965514083326313,0.1409156620502472
a4027,/mnt/data_disk/HDRData/1000hdr/HDRtest/a4027-IMG_2393.exr,/mnt/data_disk/ZQL/TIP_TMO_result/dnn/TMO_GAN/a4027.png,341,512,0.8591925172525425,0.8824865357398674,0.3163391685467639,0.5713957153086137,0.9148526361154607,0.2279387945017665,0.13231927156448364
a4028,/mnt/data_disk/HDRData/1000hdr/HDRtest/a4028-060810_105728__MG_6096.exr,/mnt/data_disk/ZQL/TIP_TMO_result/dnn/TMO_GAN/a4028.png,341,512,0.8071164809748018,0.8616655941199918,0.10945377163577608,0.42078556086404,0.841571108498684,1.3229396076115302e-08,0.14546337723731995
a4038,/mnt/data_disk/HDRData/1000hdr/HDRtest/a4038-Ja_Pe-20.exr,/mnt/data_disk/ZQL/TIP_TMO_result/dnn/TMO_GAN/a4038.png,288,512,0.799131375055151,0.8756851206235055,0.06835266785970598,0.45683969885741443,0.9136793046785313,9.30362975910104e-08,0.14982549846172333
a4040,/mnt/data_disk/HDRData/1000hdr/HDRtest/a4040-IMG_0233.exr,/mnt/data_disk/ZQL/TIP_TMO_result/dnn/TMO_GAN/a4040.png,341,512,0.8398930348742747,0.8009911697135897,0.3323461352974525,0.922461673135639,0.8758782435530615,0.9690451027182164,0.28308939933776855
a4047,/mnt/data_disk/HDRData/1000hdr/HDRtest/a4047-IMG_1285.exr,/mnt/data_disk/ZQL/TIP_TMO_result/dnn/TMO_GAN/a4047.png,341,512,0.8185663636095359,0.9435237032079057,0.07409615492469784,0.47566605449307353,0.9513278232923411,4.285693805921961e-06,0.07703626155853271
a4049,/mnt/data_disk/HDRData/1000hdr/HDRtest/a4049-_DSC3858.exr,/mnt/data_disk/ZQL/TIP_TMO_result/dnn/TMO_GAN/a4049.png,341,512,0.8632215314294927,0.7111476327804557,0.6161268585598487,0.9130283254296122,0.8306478786283509,0.9954087722308735,0.2768697142601013
a4051,/mnt/data_disk/HDRData/1000hdr/HDRtest/a4051-_DSC0018-3.exr,/mnt/data_disk/ZQL/TIP_TMO_result/dnn/TMO_GAN/a4051.png,340,512,0.8185846400598993,0.9174082366439263,0.09738971440841403,0.45637328509823194,0.9127465156174908,5.457897312672798e-08,0.10731985419988632
a4052,/mnt/data_disk/HDRData/1000hdr/HDRtest/a4052-20060620_165511__MG_9535.exr,/mnt/data_disk/ZQL/TIP_TMO_result/dnn/TMO_GAN/a4052.png,341,512,0.8564722512636096,0.8961440422132295,0.28465871126907505,0.41844373199766677,0.8252099758312316,0.011677488164101994,0.18265046179294586
a4060,/mnt/data_disk/HDRData/1000hdr/HDRtest/a4060-_DSC5597.exr,/mnt/data_disk/ZQL/TIP_TMO_result/dnn/TMO_GAN/a4060.png,341,512,0.8512669344614059,0.8012946528203979,0.39191429010302337,0.42966418745359714,0.7773009123891736,0.08202746251802062,0.20569872856140137
a4064,/mnt/data_disk/HDRData/1000hdr/HDRtest/a4064-07-12-02-at-16h23m18s-_MG_9020.exr,/mnt/data_disk/ZQL/TIP_TMO_result/dnn/TMO_GAN/a4064.png,341,512,0.9366377856533705,0.891217310605777,0.7560626618203904,0.7236785981601386,0.8420894881962391,0.605267708124038,0.19918841123580933
a4068,/mnt/data_disk/HDRData/1000hdr/HDRtest/a4068-tc_DSC2612.exr,/mnt/data_disk/ZQL/TIP_TMO_result/dnn/TMO_GAN/a4068.png,340,512,0.8341709953565556,0.7814537015583131,0.331776833019,0.34763964134878395,0.6829927178176587,0.012286564879909173,0.17370517551898956
a4075,/mnt/data_disk/HDRData/1000hdr/HDRtest/a4075-JI2E0444.exr,/mnt/data_disk/ZQL/TIP_TMO_result/dnn/TMO_GAN/a4075.png,341,512,0.815576227484441,0.7369808586478638,0.3040887365976667,0.5585481648852897,0.8019536889444,0.31514264082617943,0.26534444093704224
a4076,/mnt/data_disk/HDRData/1000hdr/HDRtest/a4076-_DGW6244.exr,/mnt/data_disk/ZQL/TIP_TMO_result/dnn/TMO_GAN/a4076.png,341,512,0.8289054327734765,0.7899737547796173,0.2927265698665021,0.7912663738551549,0.8461914152602451,0.7363413324500646,0.3042329251766205
a4080,/mnt/data_disk/HDRData/1000hdr/HDRtest/a4080-IMG_3765.exr,/mnt/data_disk/ZQL/TIP_TMO_result/dnn/TMO_GAN/a4080.png,341,512,0.8837273681882309,0.8518936597284975,0.49464420388073604,0.8339977445450147,0.847028555928065,0.8209669331619645,0.1768093854188919
a4085,/mnt/data_disk/HDRData/1000hdr/HDRtest/a4085-_MG_2385.exr,/mnt/data_disk/ZQL/TIP_TMO_result/dnn/TMO_GAN/a4085.png,341,512,0.82034425343847,0.9093697456931327,0.11153452959608712,0.3959037035449281,0.7918073902621171,1.6827739113041602e-08,0.10114965587854385
a4087,/mnt/data_disk/HDRData/1000hdr/HDRtest/a4087-NKIM_MG_6395.exr,/mnt/data_disk/ZQL/TIP_TMO_result/dnn/TMO_GAN/a4087.png,341,512,0.8089618801262731,0.8259302104081657,0.1552918039520407,0.44808861911066683,0.8961567850101382,2.0453211195498937e-05,0.2603040933609009
a4088,/mnt/data_disk/HDRData/1000hdr/HDRtest/a4088-dvf_041.exr,/mnt/data_disk/ZQL/TIP_TMO_result/dnn/TMO_GAN/a4088.png,341,512,0.7642642985185777,0.8440025412502346,0.0032192920550916954,0.3481723082875818,0.6963446165751636,4.73493474805133e-46,0.06270648539066315
a4091,/mnt/data_disk/HDRData/1000hdr/HDRtest/a4091-_DSC0041.exr,/mnt/data_disk/ZQL/TIP_TMO_result/dnn/TMO_GAN/a4091.png,340,512,0.8007366835007897,0.8556710630794718,0.0921683844320173,0.4205848270447492,0.8411696444213099,9.668188427348028e-09,0.12745565176010132
a4092,/mnt/data_disk/HDRData/1000hdr/HDRtest/a4092-07-12-03-at-09h35m54s-_MG_9192.exr,/mnt/data_disk/ZQL/TIP_TMO_result/dnn/TMO_GAN/a4092.png,341,512,0.8207467439687668,0.839498861306183,0.18939666977218017,0.5237475751479465,0.8723000787549358,0.17519507154095712,0.2759188413619995
a4093,/mnt/data_disk/HDRData/1000hdr/HDRtest/a4093-jn_20071117-031.exr,/mnt/data_disk/ZQL/TIP_TMO_result/dnn/TMO_GAN/a4093.png,341,512,0.8768867419209913,0.8133267594383238,0.5170554297886387,0.9212939592442404,0.8812771760339307,0.9613107424545501,0.2770809531211853
a4096,/mnt/data_disk/HDRData/1000hdr/HDRtest/a4096-jmac_MG_0095.exr,/mnt/data_disk/ZQL/TIP_TMO_result/dnn/TMO_GAN/a4096.png,341,512,0.703557374540459,0.6179386054500581,0.018216764647061914,0.25540851725049696,0.510817034500625,3.689163045187476e-13,0.15868744254112244
a4097,/mnt/data_disk/HDRData/1000hdr/HDRtest/a4097-20080623_at_14h52m36__MG_9904.exr,/mnt/data_disk/ZQL/TIP_TMO_result/dnn/TMO_GAN/a4097.png,341,512,0.8712868005106601,0.946118970384047,0.29405286536299136,0.5277799516428563,0.933320953831473,0.12223894945423958,0.11130868643522263
a4099,/mnt/data_disk/HDRData/1000hdr/HDRtest/a4099-_DSC0014-2.exr,/mnt/data_disk/ZQL/TIP_TMO_result/dnn/TMO_GAN/a4099.png,340,512,0.822229418202675,0.9322042723402582,0.09678553129599834,0.46506718419829246,0.9301343682097067,1.8687813095811844e-10,0.08609780669212341
a4101,/mnt/data_disk/HDRData/1000hdr/HDRtest/a4101-IMG_5823.exr,/mnt/data_disk/ZQL/TIP_TMO_result/dnn/TMO_GAN/a4101.png,341,512,0.7948688597209449,0.8212964112475563,0.10523674822677292,0.33917657195678114,0.6783531439104845,3.0777177104968846e-12,0.1447126865386963
a4102,/mnt/data_disk/HDRData/1000hdr/HDRtest/a4102-07-06-30-at-11h38m56s-_MG_1997.exr,/mnt/data_disk/ZQL/TIP_TMO_result/dnn/TMO_GAN/a4102.png,341,512,0.8907572284649099,0.9061058185021851,0.452156203888978,0.7204530924027828,0.9364126453769935,0.5044935394285721,0.16203415393829346
a4104,/mnt/data_disk/HDRData/1000hdr/HDRtest/a4104-DSC_0260.exr,/mnt/data_disk/ZQL/TIP_TMO_result/dnn/TMO_GAN/a4104.png,340,512,0.7732439376305577,0.8455379805162232,0.0189627849406835,0.3114308341887452,0.6228616683774904,6.379918116680567e-18,0.06773124635219574
a4105,/mnt/data_disk/HDRData/1000hdr/HDRtest/a4105-07-11-26-at-16h02m57s-_MG_7151.exr,/mnt/data_disk/ZQL/TIP_TMO_result/dnn/TMO_GAN/a4105.png,341,512,0.9073261687410935,0.7295910888585283,0.8657350463551056,0.8537680222582649,0.7082691857483037,0.9992668587682262,0.20541003346443176
a4107,/mnt/data_disk/HDRData/1000hdr/HDRtest/a4107-dvf_018.exr,/mnt/data_disk/ZQL/TIP_TMO_result/dnn/TMO_GAN/a4107.png,341,512,0.7270237957550392,0.7221809918793198,0.000961387896253219,0.3203792584038292,0.6407585168076584,8.976626177535268e-60,0.1262630671262741
a4108,/mnt/data_disk/HDRData/1000hdr/HDRtest/a4108-MB_080329_057.exr,/mnt/data_disk/ZQL/TIP_TMO_result/dnn/TMO_GAN/a4108.png,341,512,0.9005729657195923,0.8202530447161942,0.6487980404838204,0.5898884324537399,0.7503030583466335,0.4294738065608463,0.2933058738708496
a4110,/mnt/data_disk/HDRData/1000hdr/HDRtest/a4110-dgw_069.exr,/mnt/data_disk/ZQL/TIP_TMO_result/dnn/TMO_GAN/a4110.png,341,512,0.8396772400047676,0.8049007798234467,0.32553234475405335,0.9179823931787487,0.8592432309429083,0.976721555414589,0.2769334614276886
a4113,/mnt/data_disk/HDRData/1000hdr/HDRtest/a4113-IMG_2800.exr,/mnt/data_disk/ZQL/TIP_TMO_result/dnn/TMO_GAN/a4113.png,341,512,0.7582169522328939,0.8136817699954717,0.006809762166271178,0.27013681237281056,0.5402736247456211,3.994986234795996e-17,0.11020491272211075
a4116,/mnt/data_disk/HDRData/1000hdr/HDRtest/a4116-IMG_2042.exr,/mnt/data_disk/ZQL/TIP_TMO_result/dnn/TMO_GAN/a4116.png,341,512,0.7640543445821641,0.8446956722304336,0.0026983993722297962,0.37193887144862786,0.7438777428972557,1.4290559653670953e-42,0.07242023944854736
a4117,/mnt/data_disk/HDRData/1000hdr/HDRtest/a4117-050918_141526__MG_5987.exr,/mnt/data_disk/ZQL/TIP_TMO_result/dnn/TMO_GAN/a4117.png,341,512,0.8304792561332408,0.825250315841976,0.25185149417231084,0.9426540489366086,0.8901742609477917,0.9951338369254257,0.22794826328754425
a4124,/mnt/data_disk/HDRData/1000hdr/HDRtest/a4124-20080709_at_10h04m23__MG_4561.exr,/mnt/data_disk/ZQL/TIP_TMO_result/dnn/TMO_GAN/a4124.png,341,512,0.8768415089590289,0.8265813545221143,0.4951789878599487,0.8556919031716417,0.9212003424199577,0.7901834639233256,0.16057035326957703
a4127,/mnt/data_disk/HDRData/1000hdr/HDRtest/a4127-DSC_0152.exr,/mnt/data_disk/ZQL/TIP_TMO_result/dnn/TMO_GAN/a4127.png,340,512,0.8426559829708938,0.9569257736189491,0.15129845314596202,0.48014471409161225,0.9602790081798371,1.0420003387327818e-05,0.08010069280862808
a4131,/mnt/data_disk/HDRData/1000hdr/HDRtest/a4131-DSC_0001-2.exr,/mnt/data_disk/ZQL/TIP_TMO_result/dnn/TMO_GAN/a4131.png,340,512,0.8501170253435328,0.902613507793637,0.24583110200366762,0.48631781171811805,0.8567890414625802,0.11584658197365594,0.09626593440771103
a4134,/mnt/data_disk/HDRData/1000hdr/HDRtest/a4134-IMG_0086.exr,/mnt/data_disk/ZQL/TIP_TMO_result/dnn/TMO_GAN/a4134.png,341,512,0.8062086571680731,0.9236719024621305,0.05110441770634938,0.4722493104298041,0.944498620859608,2.0480939522166023e-16,0.09338051825761795
a4142,/mnt/data_disk/HDRData/1000hdr/HDRtest/a4142-_DGW6275.exr,/mnt/data_disk/ZQL/TIP_TMO_result/dnn/TMO_GAN/a4142.png,341,512,0.8634606165743186,0.8505798439033291,0.3835809052672613,0.43605497567299495,0.8711008927947042,0.0010090585512857937,0.22284577786922455
a4143,/mnt/data_disk/HDRData/1000hdr/HDRtest/a4143-LSCRW_0029.exr,/mnt/data_disk/ZQL/TIP_TMO_result/dnn/TMO_GAN/a4143.png,384,512,0.8721957325113094,0.9463626436796851,0.298271000439212,0.9123524890918737,0.8750553590173683,0.949649619166379,0.08688034117221832
a4144,/mnt/data_disk/HDRData/1000hdr/HDRtest/a4144-050623_122602__MG_3246.exr,/mnt/data_disk/ZQL/TIP_TMO_result/dnn/TMO_GAN/a4144.png,341,512,0.8976855168205352,0.9393389481643694,0.44289549026818364,0.7943934184493666,0.8915949686365233,0.6971918682622099,0.12160517275333405
a4150,/mnt/data_disk/HDRData/1000hdr/HDRtest/a4150-_DGW6309.exr,/mnt/data_disk/ZQL/TIP_TMO_result/dnn/TMO_GAN/a4150.png,341,512,0.9001841971051471,0.7454985955543553,0.7856117853407075,0.9189843501797597,0.8435281319790526,0.9944405683804666,0.30137547850608826
a4151,/mnt/data_disk/HDRData/1000hdr/HDRtest/a4151-dvf_026.exr,/mnt/data_disk/ZQL/TIP_TMO_result/dnn/TMO_GAN/a4151.png,341,512,0.7853256756007685,0.7785955631506531,0.11505123296638572,0.38844820007627623,0.7768941922913065,2.2078612459444557e-06,0.21885362267494202
a4154,/mnt/data_disk/HDRData/1000hdr/HDRtest/a4154-IMG_4620.exr,/mnt/data_disk/ZQL/TIP_TMO_result/dnn/TMO_GAN/a4154.png,341,512,0.929912044414749,0.8772995804945027,0.7363441918148713,0.931867899014758,0.8892356829717608,0.974500115057755,0.1564483940601349
a4155,/mnt/data_disk/HDRData/1000hdr/HDRtest/a4155-WP_CRW_0237.exr,/mnt/data_disk/ZQL/TIP_TMO_result/dnn/TMO_GAN/a4155.png,341,512,0.8696371007554966,0.8967473075261608,0.35071128792504047,0.5261539569165904,0.855838577747258,0.19646933608592282,0.1349562108516693
a4156,/mnt/data_disk/HDRData/1000hdr/HDRtest/a4156-IMG_0159.exr,/mnt/data_disk/ZQL/TIP_TMO_result/dnn/TMO_GAN/a4156.png,341,512,0.8438037728496611,0.7859759757235116,0.37541657160063546,0.5733601924869359,0.9009692956766032,0.24575108929726858,0.19518382847309113
a4158,/mnt/data_disk/HDRData/1000hdr/HDRtest/a4158-WP_CRW_4109.exr,/mnt/data_disk/ZQL/TIP_TMO_result/dnn/TMO_GAN/a4158.png,341,512,0.8457652959152534,0.8978179539538469,0.23137196682371694,0.37962719499321884,0.7592460752669742,8.314719463472861e-06,0.09530036896467209
a4160,/mnt/data_disk/HDRData/1000hdr/HDRtest/a4160-jn_20070824_0167.exr,/mnt/data_disk/ZQL/TIP_TMO_result/dnn/TMO_GAN/a4160.png,341,512,0.7900727365302289,0.8618181878254584,0.05170917342029658,0.4449761865318812,0.8856738488704863,0.004278524193276148,0.26413440704345703
a4161,/mnt/data_disk/HDRData/1000hdr/HDRtest/a4161-tc_DSC2218.exr,/mnt/data_disk/ZQL/TIP_TMO_result/dnn/TMO_GAN/a4161.png,340,512,0.8148148104596905,0.9649491995301729,0.04558967231406317,0.4677200932208108,0.9354401790658651,7.375756581569858e-09,0.17930084466934204
a4167,/mnt/data_disk/HDRData/1000hdr/HDRtest/a4167-IMG_0031.exr,/mnt/data_disk/ZQL/TIP_TMO_result/dnn/TMO_GAN/a4167.png,341,512,0.8472625393448908,0.8916956939523777,0.2459199913340636,0.4485523557293658,0.8869952340630207,0.010109477395710928,0.18414317071437836
a4170,/mnt/data_disk/HDRData/1000hdr/HDRtest/a4170-jmac_DSC3333.exr,/mnt/data_disk/ZQL/TIP_TMO_result/dnn/TMO_GAN/a4170.png,343,512,0.7803951273586888,0.8205884913508847,0.056785139108887564,0.37269354515270037,0.745387090305261,1.3980357815469552e-13,0.13696888089179993
a4174,/mnt/data_disk/HDRData/1000hdr/HDRtest/a4174-dgw_083.exr,/mnt/data_disk/ZQL/TIP_TMO_result/dnn/TMO_GAN/a4174.png,341,512,0.8764465515017,0.8041712672396887,0.5296890438826019,0.5707511808659225,0.8597740810217293,0.28172828071011574,0.32497766613960266
a4177,/mnt/data_disk/HDRData/1000hdr/HDRtest/a4177-jmac_DSC1412.exr,/mnt/data_disk/ZQL/TIP_TMO_result/dnn/TMO_GAN/a4177.png,340,512,0.951811021365324,0.9625359178648374,0.7353378704401481,0.9732203753877349,0.9490410976574657,0.997399653118004,0.10125458240509033
a4178,/mnt/data_disk/HDRData/1000hdr/HDRtest/a4178-IMG_0487.exr,/mnt/data_disk/ZQL/TIP_TMO_result/dnn/TMO_GAN/a4178.png,341,512,0.8364296467568482,0.9562600567845934,0.1270957480238081,0.45532178019022723,0.910067449504826,0.0005761108756285139,0.0766264796257019
a4184,/mnt/data_disk/HDRData/1000hdr/HDRtest/a4184-jmac_MG_5507.exr,/mnt/data_disk/ZQL/TIP_TMO_result/dnn/TMO_GAN/a4184.png,341,512,0.9006202451956553,0.7893583540353516,0.7046363032148786,0.8946225974680351,0.7968768706870354,0.9923683242490349,0.2532881200313568
a4185,/mnt/data_disk/HDRData/1000hdr/HDRtest/a4185-DSC_0055-2.exr,/mnt/data_disk/ZQL/TIP_TMO_result/dnn/TMO_GAN/a4185.png,340,512,0.8721466963709364,0.9055048735152493,0.35181999282432885,0.5947380190325173,0.927942461450955,0.2615335766140796,0.1602829396724701
a4188,/mnt/data_disk/HDRData/1000hdr/HDRtest/a4188-_MG_1604.exr,/mnt/data_disk/ZQL/TIP_TMO_result/dnn/TMO_GAN/a4188.png,341,512,0.8889752726720238,0.7939840639502671,0.6229456918282908,0.823145977300177,0.6945031011487429,0.9517888534516112,0.2512000501155853
a4191,/mnt/data_disk/HDRData/1000hdr/HDRtest/a4191-IMG_4849.exr,/mnt/data_disk/ZQL/TIP_TMO_result/dnn/TMO_GAN/a4191.png,341,512,0.8278670771047832,0.888527387165533,0.16317481594629374,0.4449461806798815,0.889845560434154,4.68009256090918e-05,0.1524745672941208
a4194,/mnt/data_disk/HDRData/1000hdr/HDRtest/a4194-LS051026_day_1_arive50.exr,/mnt/data_disk/ZQL/TIP_TMO_result/dnn/TMO_GAN/a4194.png,341,512,0.8141046408552595,0.8311832964901834,0.17069550191733074,0.42939599877952317,0.858790223770492,1.7737885543354295e-06,0.1364409476518631
a4197,/mnt/data_disk/HDRData/1000hdr/HDRtest/a4197-_MG_6428.exr,/mnt/data_disk/ZQL/TIP_TMO_result/dnn/TMO_GAN/a4197.png,341,512,0.9784309625182164,0.9629474507363537,0.9130898571422988,0.9775275069205933,0.9690936110342838,0.9859614028069029,0.08336648344993591
a4198,/mnt/data_disk/HDRData/1000hdr/HDRtest/a4198-_DSC6401.exr,/mnt/data_disk/ZQL/TIP_TMO_result/dnn/TMO_GAN/a4198.png,341,512,0.7530421962791746,0.7026263622096773,0.08109478775022132,0.4229220554339211,0.8457135206572002,0.00013059021064197756,0.25961899757385254
a4199,/mnt/data_disk/HDRData/1000hdr/HDRtest/a4199-jmac_MG_5003.exr,/mnt/data_disk/ZQL/TIP_TMO_result/dnn/TMO_GAN/a4199.png,341,512,0.7955362985152759,0.8005550174265202,0.1300448661854145,0.9342490578029179,0.8710878516118009,0.9974102639940348,0.2807169258594513
a4201,/mnt/data_disk/HDRData/1000hdr/HDRtest/a4201-_DSC0120.exr,/mnt/data_disk/ZQL/TIP_TMO_result/dnn/TMO_GAN/a4201.png,340,512,0.8514950888672191,0.8629904261266523,0.3038898256413111,0.4522704479316335,0.729237399257524,0.17530349660574313,0.22529074549674988
a4202,/mnt/data_disk/HDRData/1000hdr/HDRtest/a4202-DSC_0439.exr,/mnt/data_disk/ZQL/TIP_TMO_result/dnn/TMO_GAN/a4202.png,343,512,0.8405542471783849,0.8920917243506024,0.21440682692814572,0.4545993079457819,0.9060879289185353,0.0031106869730285398,0.14569084346294403
a4204,/mnt/data_disk/HDRData/1000hdr/HDRtest/a4204-_DGW7870.exr,/mnt/data_disk/ZQL/TIP_TMO_result/dnn/TMO_GAN/a4204.png,341,512,0.9059373553782057,0.8774341830605654,0.5854304295287462,0.9438368044759673,0.8946240837303592,0.9930495252215754,0.10252714902162552
a4212,/mnt/data_disk/HDRData/1000hdr/HDRtest/a4212-Duggan_090321_5925.exr,/mnt/data_disk/ZQL/TIP_TMO_result/dnn/TMO_GAN/a4212.png,341,512,0.887798437973348,0.8025576562862297,0.6006556074611807,0.957254916743026,0.9149941981994837,0.9995156352865683,0.18266138434410095
a4214,/mnt/data_disk/HDRData/1000hdr/HDRtest/a4214-DSC_0267.exr,/mnt/data_disk/ZQL/TIP_TMO_result/dnn/TMO_GAN/a4214.png,343,512,0.7941022707607827,0.9263104755676475,0.01764602487283889,0.4611828721980771,0.922365744396141,1.3138110970247163e-14,0.13039158284664154
a4216,/mnt/data_disk/HDRData/1000hdr/HDRtest/a4216-DSC_0118.exr,/mnt/data_disk/ZQL/TIP_TMO_result/dnn/TMO_GAN/a4216.png,343,512,0.8294397361431873,0.9302536964905732,0.12562005247336044,0.4602614631726459,0.9204564049669449,6.652137834685762e-05,0.1272762417793274
a4220,/mnt/data_disk/HDRData/1000hdr/HDRtest/a4220-Duggan_090305_5359.exr,/mnt/data_disk/ZQL/TIP_TMO_result/dnn/TMO_GAN/a4220.png,341,512,0.9188166313803462,0.8472358149670558,0.7171919837641398,0.5708436924345675,0.8463850750661036,0.29530230980303124,0.2029815912246704
a4228,/mnt/data_disk/HDRData/1000hdr/HDRtest/a4228-DSC_0037-2.exr,/mnt/data_disk/ZQL/TIP_TMO_result/dnn/TMO_GAN/a4228.png,340,512,0.9170560367013487,0.9315029567796462,0.5670961913247619,0.9494279973859144,0.9100681222650369,0.988787872506792,0.0892319604754448
a4230,/mnt/data_disk/HDRData/1000hdr/HDRtest/a4230-Duggan_090426_7798.exr,/mnt/data_disk/ZQL/TIP_TMO_result/dnn/TMO_GAN/a4230.png,341,512,0.7577586224547321,0.7572238020622192,0.04374300844500448,0.4228833019016281,0.8457666038032562,2.068025198084318e-17,0.18856476247310638
a4231,/mnt/data_disk/HDRData/1000hdr/HDRtest/a4231-Duggan_080326_5786.exr,/mnt/data_disk/ZQL/TIP_TMO_result/dnn/TMO_GAN/a4231.png,341,512,0.7476587728491367,0.7086297217361126,0.05748798451831782,0.37397699431932635,0.7479539885764418,6.221085375819096e-11,0.08383829891681671
a4232,/mnt/data_disk/HDRData/1000hdr/HDRtest/a4232-Duggan_090323_6181.exr,/mnt/data_disk/ZQL/TIP_TMO_result/dnn/TMO_GAN/a4232.png,341,512,0.7850876776927982,0.8490935241279641,0.04720509953045088,0.9024726852290258,0.8654485008364987,0.9394968696215529,0.24673466384410858
a4235,/mnt/data_disk/HDRData/1000hdr/HDRtest/a4235-DSC_0433.exr,/mnt/data_disk/ZQL/TIP_TMO_result/dnn/TMO_GAN/a4235.png,343,512,0.8101184427643009,0.8604356109496775,0.12208361964442062,0.3313474228856618,0.662694803118692,4.265263169227614e-08,0.14681221544742584
a4236,/mnt/data_disk/HDRData/1000hdr/HDRtest/a4236-DSC_0384.exr,/mnt/data_disk/ZQL/TIP_TMO_result/dnn/TMO_GAN/a4236.png,343,512,0.8119095059529572,0.917883085631204,0.07383451304953843,0.4715722781943652,0.9431445563824058,6.324596876193566e-12,0.09517217427492142
a4237,/mnt/data_disk/HDRData/1000hdr/HDRtest/a4237-20090417_at_18h06m01__MG_1955.exr,/mnt/data_disk/ZQL/TIP_TMO_result/dnn/TMO_GAN/a4237.png,341,512,0.7691850589079683,0.8112757262104335,0.0322658802756078,0.31268262072805736,0.6253652414561147,2.5099426098178537e-20,0.14593110978603363
a4238,/mnt/data_disk/HDRData/1000hdr/HDRtest/a4238-Duggan_090320_5609.exr,/mnt/data_disk/ZQL/TIP_TMO_result/dnn/TMO_GAN/a4238.png,341,512,0.8959748630927715,0.9001799489419842,0.4907491034594332,0.9676594104382424,0.9357479585765615,0.9995708622999234,0.1476384699344635
a4239,/mnt/data_disk/HDRData/1000hdr/HDRtest/a4239-Duggan_080114_4429.exr,/mnt/data_disk/ZQL/TIP_TMO_result/dnn/TMO_GAN/a4239.png,341,512,0.7618313199952176,0.8032777369309289,0.01982825670383194,0.3181443660386153,0.6362887320772306,1.842834908133161e-18,0.13684150576591492
a4244,/mnt/data_disk/HDRData/1000hdr/HDRtest/a4244-Duggan_090504_8959.exr,/mnt/data_disk/ZQL/TIP_TMO_result/dnn/TMO_GAN/a4244.png,341,512,0.9266112910655544,0.8603496200243216,0.744542169023615,0.8763505386774014,0.8296881020802519,0.923012975274551,0.15816853940486908
a4246,/mnt/data_disk/HDRData/1000hdr/HDRtest/a4246-Duggan_090330_6226.exr,/mnt/data_disk/ZQL/TIP_TMO_result/dnn/TMO_GAN/a4246.png,341,512,0.8350452693434902,0.8130593996046417,0.29058786149364246,0.4001161389530183,0.800228180035223,4.097870813598464e-06,0.1549285650253296
a4249,/mnt/data_disk/HDRData/1000hdr/HDRtest/a4249-Duggan_090322_6001.exr,/mnt/data_disk/ZQL/TIP_TMO_result/dnn/TMO_GAN/a4249.png,341,512,0.8255110854925911,0.8352325308588653,0.21588267008744305,0.5627710343898685,0.8902889221725654,0.23525314660717173,0.2153700441122055
a4254,/mnt/data_disk/HDRData/1000hdr/HDRtest/a4254-DSC_0066.exr,/mnt/data_disk/ZQL/TIP_TMO_result/dnn/TMO_GAN/a4254.png,340,512,0.9353212566175195,0.9238114864254834,0.6925829235101838,0.9169933799253862,0.8759582797505913,0.958028480100181,0.08283477276563644
a4258,/mnt/data_disk/HDRData/1000hdr/HDRtest/a4258-_DSC0012-4.exr,/mnt/data_disk/ZQL/TIP_TMO_result/dnn/TMO_GAN/a4258.png,340,512,0.8083269408340013,0.8805423916296945,0.09534894555503133,0.4540215353220117,0.9080429576401574,1.1300386608024083e-07,0.05232705548405647
a4262,/mnt/data_disk/HDRData/1000hdr/HDRtest/a4262-DSC_0065.exr,/mnt/data_disk/ZQL/TIP_TMO_result/dnn/TMO_GAN/a4262.png,340,512,0.8438749487846742,0.9090617837613704,0.20928663223836708,0.40322162436942893,0.8044621430816414,0.0019811056572164166,0.08879884332418442
a4266,/mnt/data_disk/HDRData/1000hdr/HDRtest/a4266-DSC_0426.exr,/mnt/data_disk/ZQL/TIP_TMO_result/dnn/TMO_GAN/a4266.png,343,512,0.8105024720629675,0.7824282722303992,0.21556428000853822,0.4462323781076567,0.8586797885340597,0.03378496768125369,0.18552272021770477
a4267,/mnt/data_disk/HDRData/1000hdr/HDRtest/a4267-20090414_at_23h13m08__MG_1367.exr,/mnt/data_disk/ZQL/TIP_TMO_result/dnn/TMO_GAN/a4267.png,341,512,0.676363185953021,0.5598741173747525,0.005414538158686436,0.2628208132605965,0.525641626521193,5.38779007320624e-38,0.12212742120027542
a4271,/mnt/data_disk/HDRData/1000hdr/HDRtest/a4271-Duggan_090227_5232.exr,/mnt/data_disk/ZQL/TIP_TMO_result/dnn/TMO_GAN/a4271.png,341,512,0.8775157619179295,0.9235228825463991,0.35543694791686264,0.9558639961807057,0.9256189516336465,0.986109040727765,0.18529267609119415
a4272,/mnt/data_disk/HDRData/1000hdr/HDRtest/a4272-DSC_0398.exr,/mnt/data_disk/ZQL/TIP_TMO_result/dnn/TMO_GAN/a4272.png,343,512,0.7923465199938569,0.6040368659869985,0.40739139623641435,0.557638514826451,0.6665165961617524,0.44876043349114964,0.10937730222940445
a4275,/mnt/data_disk/HDRData/1000hdr/HDRtest/a4275-09-05-12-at-17h46m31s-_MG_8890.exr,/mnt/data_disk/ZQL/TIP_TMO_result/dnn/TMO_GAN/a4275.png,341,512,0.8699640686131959,0.8773837238632028,0.3796230669865483,0.4449414119322723,0.7833801140034813,0.10650270986106336,0.14978459477424622
a4287,/mnt/data_disk/HDRData/1000hdr/HDRtest/a4287-_DSC0083.exr,/mnt/data_disk/ZQL/TIP_TMO_result/dnn/TMO_GAN/a4287.png,340,512,0.8412640135297156,0.9085499420975999,0.1982241016736438,0.46233312820942446,0.9246515612328319,1.4695186017041759e-05,0.10449179261922836
a4291,/mnt/data_disk/HDRData/1000hdr/HDRtest/a4291-20090417_at_18h46m58__MG_2026.exr,/mnt/data_disk/ZQL/TIP_TMO_result/dnn/TMO_GAN/a4291.png,341,512,0.8909138875843711,0.9380259687930176,0.4072917152847671,0.7360218298542955,0.9055416496992432,0.5665020100093477,0.12153589725494385
a4297,/mnt/data_disk/HDRData/1000hdr/HDRtest/a4297-_DSC0034.exr,/mnt/data_disk/ZQL/TIP_TMO_result/dnn/TMO_GAN/a4297.png,340,512,0.7920205287022036,0.8611740777113843,0.058177713172024394,0.4259155011229302,0.851831002236002,9.858351366910299e-12,0.11990661919116974
a4298,/mnt/data_disk/HDRData/1000hdr/HDRtest/a4298-Duggan_090504_9090.exr,/mnt/data_disk/ZQL/TIP_TMO_result/dnn/TMO_GAN/a4298.png,341,512,0.881625524321235,0.9350629022730097,0.3614699695926763,0.9413933285202576,0.8849085404521857,0.9978781165883294,0.15698012709617615
a4302,/mnt/data_disk/HDRData/1000hdr/HDRtest/a4302-20090425_at_17h00m59__MG_0404.exr,/mnt/data_disk/ZQL/TIP_TMO_result/dnn/TMO_GAN/a4302.png,341,512,0.9308718358222013,0.8417882882525122,0.806005553725573,0.6468764255641669,0.8399537562162391,0.4537990949120947,0.25883686542510986
a4304,/mnt/data_disk/HDRData/1000hdr/HDRtest/a4304-09-05-19-at-18h03m17s-_MG_9540.exr,/mnt/data_disk/ZQL/TIP_TMO_result/dnn/TMO_GAN/a4304.png,341,512,0.838442563056932,0.8087331082472446,0.3137186573831558,0.3767312018909396,0.7460845955867759,0.007377808195103334,0.16649961471557617
a4307,/mnt/data_disk/HDRData/1000hdr/HDRtest/a4307-20050328_161219__MG_0628.exr,/mnt/data_disk/ZQL/TIP_TMO_result/dnn/TMO_GAN/a4307.png,341,512,0.7860688023964554,0.9136777759783901,0.00819583256235647,0.465404061553563,0.930808123107126,4.61068221192458e-35,0.07547708600759506
a4308,/mnt/data_disk/HDRData/1000hdr/HDRtest/a4308-Duggan_090209_4996.exr,/mnt/data_disk/ZQL/TIP_TMO_result/dnn/TMO_GAN/a4308.png,341,512,0.9223024219579815,0.8298549213610825,0.7711045856412074,0.8901317854100154,0.813267012163323,0.9669965586567077,0.2541714012622833
a4310,/mnt/data_disk/HDRData/1000hdr/HDRtest/a4310-DSC_0007.exr,/mnt/data_disk/ZQL/TIP_TMO_result/dnn/TMO_GAN/a4310.png,340,512,0.8154980183638948,0.8680610877624423,0.13504617879442757,0.4724345746395774,0.9448690782640221,7.10151327138885e-08,0.11595456302165985
a4312,/mnt/data_disk/HDRData/1000hdr/HDRtest/a4312-20090417_at_16h32m44__MG_1867.exr,/mnt/data_disk/ZQL/TIP_TMO_result/dnn/TMO_GAN/a4312.png,341,512,0.76782779642195,0.7861118266748991,0.048452844475072115,0.36504490378899945,0.73008980743432,1.4367890468332638e-10,0.2643478512763977
a4317,/mnt/data_disk/HDRData/1000hdr/HDRtest/a4317-DSC_0224.exr,/mnt/data_disk/ZQL/TIP_TMO_result/dnn/TMO_GAN/a4317.png,343,512,0.7587811848642315,0.7982885150432436,0.016239737104005895,0.3060187170176349,0.6120374340352609,8.872791383107893e-15,0.10226548463106155
a4318,/mnt/data_disk/HDRData/1000hdr/HDRtest/a4318-Duggan_090321_5920.exr,/mnt/data_disk/ZQL/TIP_TMO_result/dnn/TMO_GAN/a4318.png,341,512,0.9063991115964,0.9542138954888449,0.4708159684046842,0.6958626001572429,0.9167619640913298,0.47496323622315595,0.11592474579811096
a4319,/mnt/data_disk/HDRData/1000hdr/HDRtest/a4319-DSC_0132.exr,/mnt/data_disk/ZQL/TIP_TMO_result/dnn/TMO_GAN/a4319.png,340,512,0.8133152571382247,0.8885332054073697,0.10576097959117482,0.42110847351390196,0.8422124252001968,4.521827607180967e-06,0.13303622603416443
a4323,/mnt/data_disk/HDRData/1000hdr/HDRtest/a4323-DSC_0010.exr,/mnt/data_disk/ZQL/TIP_TMO_result/dnn/TMO_GAN/a4323.png,343,512,0.8618103794944189,0.8533547957023676,0.37072044341942123,0.3800258879677767,0.7439307098619973,0.01612106607355609,0.18354836106300354
a4324,/mnt/data_disk/HDRData/1000hdr/HDRtest/a4324-DSC_0002.exr,/mnt/data_disk/ZQL/TIP_TMO_result/dnn/TMO_GAN/a4324.png,343,512,0.8992196025631456,0.9001621570502519,0.5095959452640894,0.41217662624475837,0.7899593171362663,0.03439393535325037,0.13364315032958984
a4326,/mnt/data_disk/HDRData/1000hdr/HDRtest/a4326-DSC_0461.exr,/mnt/data_disk/ZQL/TIP_TMO_result/dnn/TMO_GAN/a4326.png,343,512,0.7206748424950977,0.6671229937602485,0.019979090014243864,0.3114451376452673,0.6228902752905346,1.365341026125819e-30,0.12943314015865326
a4329,/mnt/data_disk/HDRData/1000hdr/HDRtest/a4329-DSC_0028.exr,/mnt/data_disk/ZQL/TIP_TMO_result/dnn/TMO_GAN/a4329.png,340,512,0.812153883683821,0.8815552064013468,0.10832482915470425,0.45202926560592205,0.8660167195761651,0.03804181163567903,0.0732061043381691
a4331,/mnt/data_disk/HDRData/1000hdr/HDRtest/a4331-_DGW0241.exr,/mnt/data_disk/ZQL/TIP_TMO_result/dnn/TMO_GAN/a4331.png,341,512,0.7156007456734826,0.6678416764543744,0.009095691294515394,0.27056426789976457,0.541128535799344,1.8518525128217312e-13,0.12247741222381592
a4335,/mnt/data_disk/HDRData/1000hdr/HDRtest/a4335-Duggan_090123_4520.exr,/mnt/data_disk/ZQL/TIP_TMO_result/dnn/TMO_GAN/a4335.png,341,512,0.8423585131841123,0.8654917713300259,0.2558523949467036,0.39754797017088295,0.7865070129320092,0.008588927409756678,0.23778307437896729
a4338,/mnt/data_disk/HDRData/1000hdr/HDRtest/a4338-DSC_0206.exr,/mnt/data_disk/ZQL/TIP_TMO_result/dnn/TMO_GAN/a4338.png,343,512,0.859202326626172,0.8916772619767647,0.30408515632228167,0.5588453764027934,0.8945324406673999,0.223158312138187,0.09628136456012726
a4339,/mnt/data_disk/HDRData/1000hdr/HDRtest/a4339-Duggan_090111_4244.exr,/mnt/data_disk/ZQL/TIP_TMO_result/dnn/TMO_GAN/a4339.png,341,512,0.8935532185399598,0.7925374986059929,0.6540368868615066,0.6050334175102267,0.8579562834200397,0.3521105516004136,0.2136700600385666
a4340,/mnt/data_disk/HDRData/1000hdr/HDRtest/a4340-DSC_0441.exr,/mnt/data_disk/ZQL/TIP_TMO_result/dnn/TMO_GAN/a4340.png,343,512,0.7659566758434034,0.6592032341163384,0.1856540834425229,0.37360922994945966,0.7450685673168647,0.0021498925820546506,0.13770340383052826
a4342,/mnt/data_disk/HDRData/1000hdr/HDRtest/a4342-DSC_0043.exr,/mnt/data_disk/ZQL/TIP_TMO_result/dnn/TMO_GAN/a4342.png,340,512,0.7942179823123312,0.8554597335124284,0.0701264430538074,0.36366948296815815,0.7273389659102889,2.602736035399572e-11,0.09879395365715027
a4345,/mnt/data_disk/HDRData/1000hdr/HDRtest/a4345-Duggan_080411_5976.exr,/mnt/data_disk/ZQL/TIP_TMO_result/dnn/TMO_GAN/a4345.png,341,512,0.7642775374985505,0.8157886876625927,0.017403361096795824,0.39541693647804016,0.7908338729560803,3.110810580444844e-28,0.1203153058886528
a4354,/mnt/data_disk/HDRData/1000hdr/HDRtest/a4354-DSC_0347.exr,/mnt/data_disk/ZQL/TIP_TMO_result/dnn/TMO_GAN/a4354.png,343,512,0.9458438686912054,0.8730875190360938,0.8494652482966527,0.8861301222036697,0.8493960399565689,0.9228642044507704,0.20549611747264862
a4356,/mnt/data_disk/HDRData/1000hdr/HDRtest/a4356-_DSC1335.exr,/mnt/data_disk/ZQL/TIP_TMO_result/dnn/TMO_GAN/a4356.png,341,512,0.7161063766061667,0.5321100713336919,0.16312277998675653,0.5069564514535685,0.671446229384068,0.3424666735230689,0.06611640006303787
a4357,/mnt/data_disk/HDRData/1000hdr/HDRtest/a4357-Duggan_090124_4645.exr,/mnt/data_disk/ZQL/TIP_TMO_result/dnn/TMO_GAN/a4357.png,341,512,0.8451948132398974,0.8605138735638873,0.2760325400570965,0.4240869433155669,0.8440855615521715,0.004088325078962334,0.1629084348678589
a4366,/mnt/data_disk/HDRData/1000hdr/HDRtest/a4366-DSC_0447.exr,/mnt/data_disk/ZQL/TIP_TMO_result/dnn/TMO_GAN/a4366.png,343,512,0.8304172795851444,0.942582002909671,0.117279003370246,0.4280681983230709,0.85613544898128,9.476648617689255e-07,0.08082236349582672
a4368,/mnt/data_disk/HDRData/1000hdr/HDRtest/a4368-Duggan_090321_5857.exr,/mnt/data_disk/ZQL/TIP_TMO_result/dnn/TMO_GAN/a4368.png,341,512,0.8313705876119565,0.8770700721117248,0.19126041890032192,0.4175017834032663,0.8350033999243212,1.6688221153266336e-07,0.18967878818511963
a4370,/mnt/data_disk/HDRData/1000hdr/HDRtest/a4370-DSC_0080.exr,/mnt/data_disk/ZQL/TIP_TMO_result/dnn/TMO_GAN/a4370.png,340,512,0.7869984316505764,0.8926112502561343,0.02143876582545042,0.3949464395658935,0.789892879131787,7.434585880676154e-30,0.08659034967422485
a4374,/mnt/data_disk/HDRData/1000hdr/HDRtest/a4374-09-05-19-at-17h54m57s-_MG_9531.exr,/mnt/data_disk/ZQL/TIP_TMO_result/dnn/TMO_GAN/a4374.png,341,512,0.876301429221482,0.9083394216984226,0.36982669789858263,0.4136655990801149,0.8096321211563416,0.017699077003888227,0.10159390419721603
a4377,/mnt/data_disk/HDRData/1000hdr/HDRtest/a4377-IMG_4929.exr,/mnt/data_disk/ZQL/TIP_TMO_result/dnn/TMO_GAN/a4377.png,341,512,0.9160066295386634,0.9315354810659836,0.5607429572538524,0.829264019514667,0.9255790648412722,0.7329489741880619,0.10550766438245773
a4382,/mnt/data_disk/HDRData/1000hdr/HDRtest/a4382-DSC_0261.exr,/mnt/data_disk/ZQL/TIP_TMO_result/dnn/TMO_GAN/a4382.png,343,512,0.8217428725110186,0.8539706490004922,0.1765489686183254,0.46635469493725024,0.9304664595913861,0.00224293028311437,0.15030652284622192
a4384,/mnt/data_disk/HDRData/1000hdr/HDRtest/a4384-DSC_0322.exr,/mnt/data_disk/ZQL/TIP_TMO_result/dnn/TMO_GAN/a4384.png,343,512,0.7781868475076046,0.8493761506066682,0.028216213833142993,0.431742143795457,0.863484287590914,1.2074482253242197e-21,0.11154861003160477
a4385,/mnt/data_disk/HDRData/1000hdr/HDRtest/a4385-_DGW9650.exr,/mnt/data_disk/ZQL/TIP_TMO_result/dnn/TMO_GAN/a4385.png,341,512,0.8659836981191622,0.8574315332839705,0.38711290504344564,0.4271225900132141,0.8270280122572191,0.027217167769209166,0.17287962138652802
a4386,/mnt/data_disk/HDRData/1000hdr/HDRtest/a4386-Duggan_090124_4632.exr,/mnt/data_disk/ZQL/TIP_TMO_result/dnn/TMO_GAN/a4386.png,341,512,0.8110644672891189,0.9133531390317832,0.07493461419867269,0.4156312095641645,0.8312624191283268,2.222653218013978e-15,0.0985005646944046
a4392,/mnt/data_disk/HDRData/1000hdr/HDRtest/a4392-Duggan_090331_6554.exr,/mnt/data_disk/ZQL/TIP_TMO_result/dnn/TMO_GAN/a4392.png,341,512,0.814617966354094,0.8641656210342689,0.13572232877342327,0.5153893945156756,0.9028731541280149,0.1279056349033361,0.22424153983592987
a4394,/mnt/data_disk/HDRData/1000hdr/HDRtest/a4394-Duggan_090127_4837.exr,/mnt/data_disk/ZQL/TIP_TMO_result/dnn/TMO_GAN/a4394.png,341,512,0.7586751514899904,0.7064647088814329,0.0966513084398093,0.3736605573670043,0.7473182082971184,2.9064368902382916e-06,0.17980985343456268
a4395,/mnt/data_disk/HDRData/1000hdr/HDRtest/a4395-Duggan_090503_8734.exr,/mnt/data_disk/ZQL/TIP_TMO_result/dnn/TMO_GAN/a4395.png,341,512,0.8153045036620548,0.8270368225673392,0.18075765057250812,0.45576584954805094,0.8890794882430452,0.02245221085305674,0.08826207369565964
a4396,/mnt/data_disk/HDRData/1000hdr/HDRtest/a4396-DSC_0073-2.exr,/mnt/data_disk/ZQL/TIP_TMO_result/dnn/TMO_GAN/a4396.png,340,512,0.8094694239883291,0.8770129604834378,0.102895914999856,0.4446703414480831,0.889340682859221,3.694525115047218e-11,0.10415232181549072
a4398,/mnt/data_disk/HDRData/1000hdr/HDRtest/a4398-Duggan_050709_1062.exr,/mnt/data_disk/ZQL/TIP_TMO_result/dnn/TMO_GAN/a4398.png,341,512,0.767592977722319,0.8375001210400428,0.011754000447972151,0.33549642522526024,0.6709928504505205,2.0964598489715101e-19,0.11996282637119293
a4399,/mnt/data_disk/HDRData/1000hdr/HDRtest/a4399-Duggan_080410_5879.exr,/mnt/data_disk/ZQL/TIP_TMO_result/dnn/TMO_GAN/a4399.png,341,512,0.7976267682140104,0.8801346135881932,0.059768118156109044,0.39801744342882023,0.7960348863963177,4.6132277209054736e-10,0.08484160900115967
a4409,/mnt/data_disk/HDRData/1000hdr/HDRtest/a4409-Duggan_090503_8738.exr,/mnt/data_disk/ZQL/TIP_TMO_result/dnn/TMO_GAN/a4409.png,341,512,0.8930425926472843,0.9170992770195433,0.44891593956175985,0.4254882040413056,0.8507496496983508,0.00022675838426047338,0.19864991307258606
a4419,/mnt/data_disk/HDRData/1000hdr/HDRtest/a4419-_DGW0269.exr,/mnt/data_disk/ZQL/TIP_TMO_result/dnn/TMO_GAN/a4419.png,341,512,0.8979632488210454,0.7873007073097136,0.6914411558669176,0.9058590578900036,0.815023918222295,0.9966941975577124,0.16922010481357574
a4420,/mnt/data_disk/HDRData/1000hdr/HDRtest/a4420-DSC_0054.exr,/mnt/data_disk/ZQL/TIP_TMO_result/dnn/TMO_GAN/a4420.png,343,512,0.7025835380863743,0.6261315505704907,0.010506211325889803,0.2560285119924546,0.5120570239849092,2.0974387156571507e-38,0.1553550660610199
a4421,/mnt/data_disk/HDRData/1000hdr/HDRtest/a4421-Duggan_090214_5129.exr,/mnt/data_disk/ZQL/TIP_TMO_result/dnn/TMO_GAN/a4421.png,341,512,0.892369145916253,0.958493963927843,0.3870735737301498,0.4321766815641346,0.8618562773519253,0.002497085776343922,0.11717905104160309
a4425,/mnt/data_disk/HDRData/1000hdr/HDRtest/a4425-DSC_0007.exr,/mnt/data_disk/ZQL/TIP_TMO_result/dnn/TMO_GAN/a4425.png,343,512,0.9001737563488572,0.8279278424752505,0.6329507160582614,0.836707464239455,0.8209926184587666,0.8524223100201433,0.16409729421138763
a4430,/mnt/data_disk/HDRData/1000hdr/HDRtest/a4430-09-05-19-at-19h04m03s-_MG_9559.exr,/mnt/data_disk/ZQL/TIP_TMO_result/dnn/TMO_GAN/a4430.png,341,512,0.8391418231944134,0.8516872654550927,0.25838065607224225,0.40237723984523244,0.804608896225889,0.000145583464575796,0.10191815346479416
a4431,/mnt/data_disk/HDRData/1000hdr/HDRtest/a4431-Duggan_090330_6282.exr,/mnt/data_disk/ZQL/TIP_TMO_result/dnn/TMO_GAN/a4431.png,341,512,0.9295075814654638,0.8773408197469676,0.7336484477534448,0.5742264878232404,0.7935454331126216,0.3549075425338592,0.17805440723896027
a4432,/mnt/data_disk/HDRData/1000hdr/HDRtest/a4432-Duggan_081114_3124.exr,/mnt/data_disk/ZQL/TIP_TMO_result/dnn/TMO_GAN/a4432.png,341,512,0.7862684933583755,0.7433807566065482,0.16012479323501783,0.3749912223154106,0.7478276014973243,0.0021548431334969197,0.15295825898647308
a4433,/mnt/data_disk/HDRData/1000hdr/HDRtest/a4433-Duggan_090504_8957.exr,/mnt/data_disk/ZQL/TIP_TMO_result/dnn/TMO_GAN/a4433.png,341,512,0.8068399817959517,0.9189776798178715,0.05669439115147629,0.4259129336791224,0.8518258673582438,1.0239734903011087e-15,0.16602717339992523
a4434,/mnt/data_disk/HDRData/1000hdr/HDRtest/a4434-20090414_at_23h05m38__MG_1365.exr,/mnt/data_disk/ZQL/TIP_TMO_result/dnn/TMO_GAN/a4434.png,341,512,0.7023229505108146,0.6079576565062876,0.023236709424158328,0.3337477554753154,0.6674250750636168,7.043588701396418e-05,0.045355185866355896
a4435,/mnt/data_disk/HDRData/1000hdr/HDRtest/a4435-WP_CRW_0591.exr,/mnt/data_disk/ZQL/TIP_TMO_result/dnn/TMO_GAN/a4435.png,341,512,0.8474304306862116,0.8956946850816002,0.24174467809897962,0.45751826715757943,0.8807907506380027,0.03424578367715618,0.16753405332565308
a4436,/mnt/data_disk/HDRData/1000hdr/HDRtest/a4436-DSC_0153.exr,/mnt/data_disk/ZQL/TIP_TMO_result/dnn/TMO_GAN/a4436.png,343,512,0.878943872097404,0.9272286763174225,0.3579264188340874,0.5357062325138539,0.8365647992421246,0.2348476657855831,0.1232643723487854
a4442,/mnt/data_disk/HDRData/1000hdr/HDRtest/a4442-Duggan_080629_9284.exr,/mnt/data_disk/ZQL/TIP_TMO_result/dnn/TMO_GAN/a4442.png,341,512,0.7706026045582622,0.827746094332503,0.02424090363915712,0.31499725971592746,0.6299945194318467,8.167050100648585e-15,0.12498700618743896
a4447,/mnt/data_disk/HDRData/1000hdr/HDRtest/a4447-Duggan_090321_5856.exr,/mnt/data_disk/ZQL/TIP_TMO_result/dnn/TMO_GAN/a4447.png,341,512,0.8729696955935092,0.8113971870411066,0.4974121686615655,0.869115464964294,0.8945796999049587,0.8436512300236295,0.20843645930290222
a4448,/mnt/data_disk/HDRData/1000hdr/HDRtest/a4448-Duggan_080119_4778.exr,/mnt/data_disk/ZQL/TIP_TMO_result/dnn/TMO_GAN/a4448.png,341,512,0.9050822979499106,0.9549176616663576,0.46232304032884114,0.4748664904643829,0.8944180299557793,0.055314950972986394,0.08415880054235458
a4449,/mnt/data_disk/HDRData/1000hdr/HDRtest/a4449-DSC_0030.exr,/mnt/data_disk/ZQL/TIP_TMO_result/dnn/TMO_GAN/a4449.png,343,512,0.7565546354592053,0.7781254971481185,0.024387890937794265,0.36608184757065343,0.7321636951413069,1.3754747487971768e-17,0.12676888704299927
a4452,/mnt/data_disk/HDRData/1000hdr/HDRtest/a4452-DSC_0084.exr,/mnt/data_disk/ZQL/TIP_TMO_result/dnn/TMO_GAN/a4452.png,340,512,0.7974777614110241,0.8902055491163489,0.05113743496106777,0.394660989919584,0.7893219798135891,2.5578821452351064e-11,0.14340882003307343
a4455,/mnt/data_disk/HDRData/1000hdr/HDRtest/a4455-Duggan_080106_4325.exr,/mnt/data_disk/ZQL/TIP_TMO_result/dnn/TMO_GAN/a4455.png,341,512,0.9059620572731739,0.7794907124303402,0.7577084159961603,0.7888449681237959,0.6917682433884119,0.8859216928591798,0.2382695972919464
a4456,/mnt/data_disk/HDRData/1000hdr/HDRtest/a4456-DSC_0472.exr,/mnt/data_disk/ZQL/TIP_TMO_result/dnn/TMO_GAN/a4456.png,343,512,0.7819515457046814,0.8423958742262804,0.04345902013701124,0.38559885284468615,0.7711977056893619,1.0443619178186618e-14,0.13156260550022125
a4457,/mnt/data_disk/HDRData/1000hdr/HDRtest/a4457-_DSC0012-5.exr,/mnt/data_disk/ZQL/TIP_TMO_result/dnn/TMO_GAN/a4457.png,340,512,0.8113727473601569,0.9169693764989161,0.07283965460316351,0.4556051932116527,0.9112103864233001,5.2983960383621246e-15,0.07491839677095413
a4465,/mnt/data_disk/HDRData/1000hdr/HDRtest/a4465-DSC_0051.exr,/mnt/data_disk/ZQL/TIP_TMO_result/dnn/TMO_GAN/a4465.png,340,512,0.738303757898187,0.7529612052190685,0.003270366288567823,0.24068736428348655,0.4813747285669731,7.562880331326703e-19,0.08701661229133606
a4466,/mnt/data_disk/HDRData/1000hdr/HDRtest/a4466-20090327_at_11h08m58__MG_0964.exr,/mnt/data_disk/ZQL/TIP_TMO_result/dnn/TMO_GAN/a4466.png,341,512,0.9510291994673699,0.8278370854020838,0.970584928434336,0.8863554708924014,0.7828741168050672,0.9898368249797356,0.245825856924057
a4467,/mnt/data_disk/HDRData/1000hdr/HDRtest/a4467-Duggan_090426_7873.exr,/mnt/data_disk/ZQL/TIP_TMO_result/dnn/TMO_GAN/a4467.png,341,512,0.965889885442054,0.8710641762296355,0.9920567605766217,0.9039676219493018,0.8608351476101309,0.9471000962884726,0.223354309797287
a4470,/mnt/data_disk/HDRData/1000hdr/HDRtest/a4470-Duggan_090123_4566.exr,/mnt/data_disk/ZQL/TIP_TMO_result/dnn/TMO_GAN/a4470.png,341,512,0.9063360244635148,0.906697625076847,0.54139694653109,0.7520283151263435,0.8506019774024296,0.6534546528502574,0.18035468459129333
a4471,/mnt/data_disk/HDRData/1000hdr/HDRtest/a4471-Duggan_090321_5859.exr,/mnt/data_disk/ZQL/TIP_TMO_result/dnn/TMO_GAN/a4471.png,341,512,0.8583343399399017,0.8935728715811521,0.2972404025960654,0.43240044171796926,0.863855265784238,0.0009456176517005516,0.19412890076637268
a4472,/mnt/data_disk/HDRData/1000hdr/HDRtest/a4472-Duggan_090504_9026.exr,/mnt/data_disk/ZQL/TIP_TMO_result/dnn/TMO_GAN/a4472.png,341,512,0.8214925581220377,0.8389989054042802,0.1932709404391622,0.41578394535623614,0.8315678475732367,4.313923561640691e-08,0.30521032214164734
a4474,/mnt/data_disk/HDRData/1000hdr/HDRtest/a4474-09-05-19-at-18h56m31s-_MG_9553.exr,/mnt/data_disk/ZQL/TIP_TMO_result/dnn/TMO_GAN/a4474.png,341,512,0.903895567673865,0.8506566722722216,0.6172057618705974,0.9258564810113983,0.8538038701399384,0.9979090918828583,0.11492351442575455
a4476,/mnt/data_disk/HDRData/1000hdr/HDRtest/a4476-IMG_4029.exr,/mnt/data_disk/ZQL/TIP_TMO_result/dnn/TMO_GAN/a4476.png,341,512,0.7881834944804751,0.8030311491889134,0.09963089005185452,0.42761784306569384,0.855152879508854,8.280662253370337e-05,0.11589693278074265
a4477,/mnt/data_disk/HDRData/1000hdr/HDRtest/a4477-20090327_at_06h09m52__MG_0855.exr,/mnt/data_disk/ZQL/TIP_TMO_result/dnn/TMO_GAN/a4477.png,341,512,0.8012611474360292,0.8399358952512017,0.10974644540181433,0.3254475695382622,0.6508773410210075,1.779805551688947e-05,0.1792890727519989
a4479,/mnt/data_disk/HDRData/1000hdr/HDRtest/a4479-09-05-19-at-18h39m42s-_MG_9545.exr,/mnt/data_disk/ZQL/TIP_TMO_result/dnn/TMO_GAN/a4479.png,341,512,0.8286475927056483,0.8686537721897786,0.189223614530476,0.4814775282902758,0.8519899101647461,0.11096514641580543,0.17789429426193237
a4480,/mnt/data_disk/HDRData/1000hdr/HDRtest/a4480-Duggan_090201_4896.exr,/mnt/data_disk/ZQL/TIP_TMO_result/dnn/TMO_GAN/a4480.png,341,512,0.7695872484251426,0.7627084352585687,0.07546898584810433,0.3567651524949089,0.7135303047049972,2.848205723136e-10,0.2186880260705948
a4487,/mnt/data_disk/HDRData/1000hdr/HDRtest/a4487-Duggan_090322_5971.exr,/mnt/data_disk/ZQL/TIP_TMO_result/dnn/TMO_GAN/a4487.png,341,512,0.7840036866585613,0.8189605037848147,0.06968691658991352,0.4127261584621673,0.8254523168021656,1.2216906792490734e-10,0.15471723675727844
