id,hdr_path,ldr_path,height,width,tmqi_q,tmqi_s,tmqi_n,tmqi2_q,tmqi2_s,tmqi2_n,nlpd
a2808,/mnt/data_disk/HDRData/1000hdr/HDRtest/a2808-20080516_072208__MG_0018.exr,/mnt/data_disk/ZQL/TIP_TMO_result/tradition/Ashikhmin/a2808.png,341,512,0.8659079007619852,0.8341043459553941,0.4215682947735793,0.3746465540708617,0.7492345846914856,5.852345023786088e-05,0.2145838439464569
a2824,/mnt/data_disk/HDRData/1000hdr/HDRtest/a2824-dvf_035.exr,/mnt/data_disk/ZQL/TIP_TMO_result/tradition/Ashikhmin/a2824.png,341,512,0.80360374381563,0.7552108050372045,0.2204670007630946,0.29309639691766587,0.5861927937468818,8.844988981541862e-11,0.10574179887771606
a2854,/mnt/data_disk/HDRData/1000hdr/HDRtest/a2854-NKIM_MG_7374.exr,/mnt/data_disk/ZQL/TIP_TMO_result/tradition/Ashikhmin/a2854.png,341,512,0.7688718995001984,0.8428377943735867,0.011383256251053638,0.31664504718551323,0.6332900943710265,2.0319047551532312e-22,0.3211367428302765
a2861,/mnt/data_disk/HDRData/1000hdr/HDRtest/a2861-IMG_4397.exr,/mnt/data_disk/ZQL/TIP_TMO_result/tradition/Ashikhmin/a2861.png,341,512,nan,nan,0.1367574756582568,0.2850966601915556,0.5701933203831112,2.5534680946530356e-23,0.18048419058322906
a2862,/mnt/data_disk/HDRData/1000hdr/HDRtest/a2862-_DSC0055.exr,/mnt/data_disk/ZQL/TIP_TMO_result/tradition/Ashikhmin/a2862.png,340,512,0.9582377852831397,0.858206070012194,0.9625894747945799,0.6931736989031411,0.9168346691163659,0.4695127286899163,0.19536732137203217
a2876,/mnt/data_disk/HDRData/1000hdr/HDRtest/a2876-jn_20080130_Las_Vegas_0082.exr,/mnt/data_disk/ZQL/TIP_TMO_result/tradition/Ashikhmin/a2876.png,341,512,0.7306941156622095,0.5472917173458102,0.201567537384496,0.35778618993518024,0.715572379744197,1.2616348063818217e-10,0.20519313216209412
a2883,/mnt/data_disk/HDRData/1000hdr/HDRtest/a2883-_DSC0008-2.exr,/mnt/data_disk/ZQL/TIP_TMO_result/tradition/Ashikhmin/a2883.png,340,512,0.7547973158172265,0.6693492534533249,0.12610578338333323,0.3843201400312177,0.7686332784571334,7.0016053020419205e-06,0.0808841660618782
a2913,/mnt/data_disk/HDRData/1000hdr/HDRtest/a2913-IMG_0138.exr,/mnt/data_disk/ZQL/TIP_TMO_result/tradition/Ashikhmin/a2913.png,341,512,0.8363262459048542,0.6998355938827318,0.4771267638149164,0.43448331928805384,0.8687184607773079,0.0002481777987998444,0.2566525936126709
a2933,/mnt/data_disk/HDRData/1000hdr/HDRtest/a2933-_I2E7313.exr,/mnt/data_disk/ZQL/TIP_TMO_result/tradition/Ashikhmin/a2933.png,341,512,0.7512871667510068,0.6475345170899933,0.14034501072943387,0.3470265234850046,0.6940530469700092,9.855877155114367e-29,0.20211641490459442
a2956,/mnt/data_disk/HDRData/1000hdr/HDRtest/a2956-KE_-0035.exr,/mnt/data_disk/ZQL/TIP_TMO_result/tradition/Ashikhmin/a2956.png,340,512,0.9465478572212969,0.8752974953530457,0.8502219043712675,0.8301475192215223,0.8004119466228587,0.8598830918201859,0.17068341374397278
a2986,/mnt/data_disk/HDRData/1000hdr/HDRtest/a2986-_DGW6325.exr,/mnt/data_disk/ZQL/TIP_TMO_result/tradition/Ashikhmin/a2986.png,341,512,0.8357024832099071,0.7048584450317261,0.464640094950606,0.40306249299546903,0.8061128171535337,1.2168837404407279e-05,0.30509209632873535
a3267,/mnt/data_disk/HDRData/1000hdr/HDRtest/a3267-WP_CRW_0087.exr,/mnt/data_disk/ZQL/TIP_TMO_result/tradition/Ashikhmin/a3267.png,341,512,0.9137597714132798,0.8023109199894121,0.7658477522608429,0.4362483644480326,0.8529555972165028,0.019541131679562434,0.22927382588386536
a3285,/mnt/data_disk/HDRData/1000hdr/HDRtest/a3285-CRW_0291.exr,/mnt/data_disk/ZQL/TIP_TMO_result/tradition/Ashikhmin/a3285.png,341,512,0.8077934241391971,0.7106622071419936,0.30539114307265997,0.4272165923710207,0.8544331671641717,1.7577869664545795e-08,0.3735656440258026
a3288,/mnt/data_disk/HDRData/1000hdr/HDRtest/a3288-KE_-0049.exr,/mnt/data_disk/ZQL/TIP_TMO_result/tradition/Ashikhmin/a3288.png,340,512,0.923026034700734,0.7562664111214117,0.9185569966291801,0.39692464771124075,0.7938273954783099,2.1899944171603428e-05,0.19838450849056244
a3306,/mnt/data_disk/HDRData/1000hdr/HDRtest/a3306-IMG_4969.exr,/mnt/data_disk/ZQL/TIP_TMO_result/tradition/Ashikhmin/a3306.png,341,512,0.9270761959114906,0.7640564213771622,0.9306934773798722,0.39434962270128315,0.7883898624917834,0.00030938291078284826,0.22105100750923157
a3312,/mnt/data_disk/HDRData/1000hdr/HDRtest/a3312-IMG_1063.exr,/mnt/data_disk/ZQL/TIP_TMO_result/tradition/Ashikhmin/a3312.png,341,512,0.9235138644531339,0.7377681208551111,0.9604918629043258,0.38010527298400215,0.760210545967385,6.192855852126692e-13,0.22306041419506073
a3315,/mnt/data_disk/HDRData/1000hdr/HDRtest/a3315-MB_20030906_022.exr,/mnt/data_disk/ZQL/TIP_TMO_result/tradition/Ashikhmin/a3315.png,341,512,0.8635638596745401,0.7367868313354283,0.5704660453937317,0.4356337857542833,0.7704880869488743,0.10077948455969231,0.3331768810749054
a3316,/mnt/data_disk/HDRData/1000hdr/HDRtest/a3316-20051225_163230__MG_1390.exr,/mnt/data_disk/ZQL/TIP_TMO_result/tradition/Ashikhmin/a3316.png,341,512,0.8440532126618537,0.9104997948016778,0.20840271095375518,0.42851483683983477,0.8570248519041374,4.82177553219579e-06,0.14542712271213531
a3318,/mnt/data_disk/HDRData/1000hdr/HDRtest/a3318-JI2E5722.exr,/mnt/data_disk/ZQL/TIP_TMO_result/tradition/Ashikhmin/a3318.png,341,512,0.8538263667207442,0.880895107868164,0.2915463162555539,0.48192174937952803,0.8355002960582794,0.12834320270077676,0.1326717734336853
a3321,/mnt/data_disk/HDRData/1000hdr/HDRtest/a3321-DSC_0054.exr,/mnt/data_disk/ZQL/TIP_TMO_result/tradition/Ashikhmin/a3321.png,340,512,0.8217916374371858,0.8980972263052346,0.12836465582493703,0.4510655735359854,0.9021311470038611,6.810973969165508e-11,0.11704934388399124
a3325,/mnt/data_disk/HDRData/1000hdr/HDRtest/a3325-050819_154342__MG_5227.exr,/mnt/data_disk/ZQL/TIP_TMO_result/tradition/Ashikhmin/a3325.png,341,512,0.9120812962585692,0.8702063710744993,0.6350941724188477,0.46695969916152985,0.9272165701032469,0.0067028282198127905,0.10885830223560333
a3337,/mnt/data_disk/HDRData/1000hdr/HDRtest/a3337-dgw_112.exr,/mnt/data_disk/ZQL/TIP_TMO_result/tradition/Ashikhmin/a3337.png,341,512,0.798788679856113,0.6486613192665144,0.3609970795451295,0.36291590154547265,0.7257940715474773,3.773154346793471e-05,0.39793336391448975
a3339,/mnt/data_disk/HDRData/1000hdr/HDRtest/a3339-_MG_7202.exr,/mnt/data_disk/ZQL/TIP_TMO_result/tradition/Ashikhmin/a3339.png,341,512,0.8936589204005085,0.7721315135829941,0.6920598147267522,0.3628337969758829,0.7256675939458334,5.9324702987763e-12,0.21320858597755432
a3341,/mnt/data_disk/HDRData/1000hdr/HDRtest/a3341-jmac_DSC2590.exr,/mnt/data_disk/ZQL/TIP_TMO_result/tradition/Ashikhmin/a3341.png,340,512,0.8691477287897481,0.776241141562801,0.5340028339855496,0.3788760109643313,0.7577520219286626,8.364506156780136e-21,0.09887184947729111
a3344,/mnt/data_disk/HDRData/1000hdr/HDRtest/a3344-NKIM_MG_6348.exr,/mnt/data_disk/ZQL/TIP_TMO_result/tradition/Ashikhmin/a3344.png,341,512,0.8170794762354581,0.8898290456436663,0.11859806223607672,0.38937840120384026,0.778756799034201,3.3734795392089447e-09,0.09254608303308487
a3345,/mnt/data_disk/HDRData/1000hdr/HDRtest/a3345-20080514_105211__MG_9917.exr,/mnt/data_disk/ZQL/TIP_TMO_result/tradition/Ashikhmin/a3345.png,341,512,0.9332333507202865,0.8671680501397503,0.7758584036602691,0.7053218593776404,0.8275268637151045,0.5831168550401762,0.17626407742500305
a3351,/mnt/data_disk/HDRData/1000hdr/HDRtest/a3351-KE_-1722.exr,/mnt/data_disk/ZQL/TIP_TMO_result/tradition/Ashikhmin/a3351.png,340,512,0.8777668138542035,0.7822197501343156,0.5751445424903742,0.40178102622718803,0.7425838069073466,0.06097824554702947,0.14599324762821198
a3356,/mnt/data_disk/HDRData/1000hdr/HDRtest/a3356-_DSC9981.exr,/mnt/data_disk/ZQL/TIP_TMO_result/tradition/Ashikhmin/a3356.png,341,512,0.9023146604259097,0.7903485237857065,0.7136877782590143,0.29969488228221247,0.5993897535667467,1.0997678159979187e-08,0.1921180635690689
a3360,/mnt/data_disk/HDRData/1000hdr/HDRtest/a3360-IMG_0017.exr,/mnt/data_disk/ZQL/TIP_TMO_result/tradition/Ashikhmin/a3360.png,341,512,0.8808622536536813,0.7903940869036736,0.57960483903551,0.49492702309481534,0.8944045490897233,0.09544949709990734,0.2045322209596634
a3365,/mnt/data_disk/HDRData/1000hdr/HDRtest/a3365-jn_20071207_Xmas_House_0124.exr,/mnt/data_disk/ZQL/TIP_TMO_result/tradition/Ashikhmin/a3365.png,341,512,0.8795603502766338,0.7022807496249159,0.7369957507016653,0.33165504511148813,0.6633100898105756,4.1240067526013667e-10,0.09179652482271194
a3366,/mnt/data_disk/HDRData/1000hdr/HDRtest/a3366-Ja_Pe-6.exr,/mnt/data_disk/ZQL/TIP_TMO_result/tradition/Ashikhmin/a3366.png,288,512,0.8873681083066817,0.7098275291263687,0.7727065542019307,0.5109982253418387,0.8428611601909213,0.17913529049275606,0.2568064332008362
a3369,/mnt/data_disk/HDRData/1000hdr/HDRtest/a3369-IMG_0004.exr,/mnt/data_disk/ZQL/TIP_TMO_result/tradition/Ashikhmin/a3369.png,341,512,0.8456981028904946,0.745701337320556,0.4506884065064488,0.4174966048027637,0.8331801537329239,0.0018130558726035283,0.2944420874118805
a3371,/mnt/data_disk/HDRData/1000hdr/HDRtest/a3371-07-12-01-at-11h32m58s-_MG_8498.exr,/mnt/data_disk/ZQL/TIP_TMO_result/tradition/Ashikhmin/a3371.png,341,512,0.8731940632658914,0.838447655662406,0.45553849090797843,0.3952075553108139,0.7862673339084443,0.004147776713183598,0.23880252242088318
a3382,/mnt/data_disk/HDRData/1000hdr/HDRtest/a3382-IMG_4032.exr,/mnt/data_disk/ZQL/TIP_TMO_result/tradition/Ashikhmin/a3382.png,341,512,0.8906677205925401,0.8400587871155052,0.5545320803162559,0.43500660671436975,0.8689038325472385,0.001109380881501007,0.18193505704402924
a3388,/mnt/data_disk/HDRData/1000hdr/HDRtest/a3388-jmac_DSC2214.exr,/mnt/data_disk/ZQL/TIP_TMO_result/tradition/Ashikhmin/a3388.png,340,512,0.8902395589394486,0.8664462844998043,0.5095396358615075,0.39793212489130086,0.7952538942725075,0.0006103555100942593,0.15732917189598083
a3390,/mnt/data_disk/HDRData/1000hdr/HDRtest/a3390-dgw_070.exr,/mnt/data_disk/ZQL/TIP_TMO_result/tradition/Ashikhmin/a3390.png,341,512,0.9190168696373282,0.705938199868502,0.9975054777307231,0.3412052881065048,0.6823862947642885,2.428144872112389e-05,0.2592744827270508
a3391,/mnt/data_disk/HDRData/1000hdr/HDRtest/a3391-050904_125814__I2E8654.exr,/mnt/data_disk/ZQL/TIP_TMO_result/tradition/Ashikhmin/a3391.png,341,512,0.8903797175652114,0.7212710813473234,0.7693309001944751,0.39653700644536355,0.7915381723622785,0.0015358405284485632,0.23068439960479736
a3393,/mnt/data_disk/HDRData/1000hdr/HDRtest/a3393-_DSC0057.exr,/mnt/data_disk/ZQL/TIP_TMO_result/tradition/Ashikhmin/a3393.png,340,512,0.889737589650867,0.8755876135385167,0.49237659373417825,0.4511862312503359,0.9004710374972887,0.0019014250033831334,0.154688760638237
a3394,/mnt/data_disk/HDRData/1000hdr/HDRtest/a3394-_DGW6419.exr,/mnt/data_disk/ZQL/TIP_TMO_result/tradition/Ashikhmin/a3394.png,341,512,0.9316121109331257,0.7494922146574324,0.9927893408654012,0.391506930048857,0.7829415030858211,7.235701189290409e-05,0.3704955279827118
a3400,/mnt/data_disk/HDRData/1000hdr/HDRtest/a3400-07-11-04-at-17h36m14s-_MG_4004.exr,/mnt/data_disk/ZQL/TIP_TMO_result/tradition/Ashikhmin/a3400.png,341,512,0.8156092470336886,0.5514881054030331,0.6547318835054634,0.30609112146731404,0.6121822428175746,1.1705343687332578e-10,0.23262085020542145
a3401,/mnt/data_disk/HDRData/1000hdr/HDRtest/a3401-20061111_122429__E6B5415.exr,/mnt/data_disk/ZQL/TIP_TMO_result/tradition/Ashikhmin/a3401.png,341,512,0.8722260673767337,0.8771366322954006,0.39214354560862036,0.46221427969088696,0.9241287991962368,0.000299760185537086,0.14326529204845428
a3402,/mnt/data_disk/HDRData/1000hdr/HDRtest/a3402-jmac_DSC3153.exr,/mnt/data_disk/ZQL/TIP_TMO_result/tradition/Ashikhmin/a3402.png,340,512,0.9131241208106937,0.8343727683760455,0.7033742310258434,0.4639549935754333,0.8751173602010738,0.052792626949792795,0.17689135670661926
a3413,/mnt/data_disk/HDRData/1000hdr/HDRtest/a3413-20041217_193556__E6B0485.exr,/mnt/data_disk/ZQL/TIP_TMO_result/tradition/Ashikhmin/a3413.png,341,512,0.9250250357109897,0.828003868547094,0.7924895413492492,0.40112048781699355,0.8022405322824552,4.4335153193751735e-07,0.15698960423469543
a3414,/mnt/data_disk/HDRData/1000hdr/HDRtest/a3414-DSC_0002.exr,/mnt/data_disk/ZQL/TIP_TMO_result/tradition/Ashikhmin/a3414.png,340,512,0.952747153281235,0.8238535201812234,0.9905434903720074,0.40960698425197395,0.8131810238070752,0.006032944696872658,0.1890728920698166
a3415,/mnt/data_disk/HDRData/1000hdr/HDRtest/a3415-jmac_DSC6092.exr,/mnt/data_disk/ZQL/TIP_TMO_result/tradition/Ashikhmin/a3415.png,340,512,0.8271622799780399,0.8758547458080665,0.17445982603169027,0.43095500155132627,0.8619096578278989,3.452747537225264e-07,0.13966090977191925
a3416,/mnt/data_disk/HDRData/1000hdr/HDRtest/a3416-IMG_4746.exr,/mnt/data_disk/ZQL/TIP_TMO_result/tradition/Ashikhmin/a3416.png,341,512,0.8380325661259741,0.643633285825728,0.5942020984861959,0.36146763179689884,0.722928197023839,7.066569958648018e-06,0.25745663046836853
a3418,/mnt/data_disk/HDRData/1000hdr/HDRtest/a3418-2004-02-07 16-53-50 CRW_3754.exr,/mnt/data_disk/ZQL/TIP_TMO_result/tradition/Ashikhmin/a3418.png,341,512,0.9231466345241975,0.8421923207343324,0.7542754368918922,0.48093083877678594,0.8847014490923756,0.0771602284611963,0.08872874081134796
a3422,/mnt/data_disk/HDRData/1000hdr/HDRtest/a3422-WP_CRW_0302.exr,/mnt/data_disk/ZQL/TIP_TMO_result/tradition/Ashikhmin/a3422.png,341,512,0.8076385661999607,0.8189033830800371,0.15794430532645276,0.3882108786457453,0.7764216881071386,6.918435199660831e-08,0.19076530635356903
a3424,/mnt/data_disk/HDRData/1000hdr/HDRtest/a3424-CRW_0163.exr,/mnt/data_disk/ZQL/TIP_TMO_result/tradition/Ashikhmin/a3424.png,341,512,0.8952025432223157,0.7568980412177623,0.73077720104437,0.4078921883824677,0.7831995158894256,0.03258486087550986,0.27923959493637085
a3431,/mnt/data_disk/HDRData/1000hdr/HDRtest/a3431-_DSC0103-3.exr,/mnt/data_disk/ZQL/TIP_TMO_result/tradition/Ashikhmin/a3431.png,340,512,0.9428599044980308,0.8296547264859279,0.9101187629054477,0.46443122877643395,0.9059551174642703,0.02290734008859759,0.11648818105459213
a3432,/mnt/data_disk/HDRData/1000hdr/HDRtest/a3432-jmac_DSC3184.exr,/mnt/data_disk/ZQL/TIP_TMO_result/tradition/Ashikhmin/a3432.png,340,512,0.9348085187774482,0.8559564980695366,0.8064165062703894,0.41639956699868075,0.8327870676320566,1.2066365304953556e-05,0.1213596984744072
a3433,/mnt/data_disk/HDRData/1000hdr/HDRtest/a3433-NKIM_MG_8213.exr,/mnt/data_disk/ZQL/TIP_TMO_result/tradition/Ashikhmin/a3433.png,341,512,0.8729141659981428,0.7928072142290808,0.5279841246993714,0.418710259216502,0.8371823209193311,0.00023819751367289913,0.2717200517654419
a3439,/mnt/data_disk/HDRData/1000hdr/HDRtest/a3439-IMG_3798.exr,/mnt/data_disk/ZQL/TIP_TMO_result/tradition/Ashikhmin/a3439.png,341,512,0.8528808748858587,0.6628080918448773,0.6470392589413602,0.4763463398205645,0.9453536369508027,0.007339042690326414,0.1281997412443161
a3441,/mnt/data_disk/HDRData/1000hdr/HDRtest/a3441-dgw_064.exr,/mnt/data_disk/ZQL/TIP_TMO_result/tradition/Ashikhmin/a3441.png,341,512,0.7567928062375003,0.7348119494103817,0.06096960461083762,0.4349912092664324,0.8699824185328648,5.4746497294344065e-17,0.2942962348461151
a3444,/mnt/data_disk/HDRData/1000hdr/HDRtest/a3444-WP_CRW_6313.exr,/mnt/data_disk/ZQL/TIP_TMO_result/tradition/Ashikhmin/a3444.png,341,512,0.9168872318487141,0.8111901512483608,0.7698661783578946,0.36407582006181266,0.7280714505220017,8.018960162358031e-05,0.16326479613780975
a3446,/mnt/data_disk/HDRData/1000hdr/HDRtest/a3446-050730_134124__MG_3716.exr,/mnt/data_disk/ZQL/TIP_TMO_result/tradition/Ashikhmin/a3446.png,341,512,0.8406003560331847,0.9032376240448013,0.20144345092665306,0.3925042541326673,0.7850084355250895,7.274024513870435e-08,0.21281614899635315
a3448,/mnt/data_disk/HDRData/1000hdr/HDRtest/a3448-IMG_0113.exr,/mnt/data_disk/ZQL/TIP_TMO_result/tradition/Ashikhmin/a3448.png,341,512,0.9287919551290836,0.7427059274566313,0.9872003830193714,0.4323173505707809,0.8645545441552411,8.015698632064924e-05,0.23198716342449188
a3449,/mnt/data_disk/HDRData/1000hdr/HDRtest/a3449-jmac_DSC2669.exr,/mnt/data_disk/ZQL/TIP_TMO_result/tradition/Ashikhmin/a3449.png,340,512,0.9016310888487374,0.9167060924093421,0.4985223267868569,0.44717720116457865,0.8852929239065837,0.00906147842257367,0.1294676512479782
a3451,/mnt/data_disk/HDRData/1000hdr/HDRtest/a3451-IMG_1088.exr,/mnt/data_disk/ZQL/TIP_TMO_result/tradition/Ashikhmin/a3451.png,341,512,0.9101705014282784,0.7979381335921507,0.7505072702331922,0.41768642107535703,0.8217739253762888,0.013598916774425224,0.283850759267807
a3452,/mnt/data_disk/HDRData/1000hdr/HDRtest/a3452-IMG_1205.exr,/mnt/data_disk/ZQL/TIP_TMO_result/tradition/Ashikhmin/a3452.png,341,512,0.7880580954032863,0.9218746079897473,0.007961884403191441,0.39736231470892913,0.7947246294178583,1.926148106928682e-18,0.08454582840204239
a3456,/mnt/data_disk/HDRData/1000hdr/HDRtest/a3456-DSC_0006-1-2.exr,/mnt/data_disk/ZQL/TIP_TMO_result/tradition/Ashikhmin/a3456.png,340,512,0.9496166034742974,0.8400182869397254,0.9370877773833644,0.7124868492132934,0.939761902036935,0.48521179638965184,0.14293520152568817
a3457,/mnt/data_disk/HDRData/1000hdr/HDRtest/a3457-NKIM_025.exr,/mnt/data_disk/ZQL/TIP_TMO_result/tradition/Ashikhmin/a3457.png,341,512,0.8785273195935112,0.842459124350151,0.4795868373574769,0.4364083243468621,0.8727817562918043,3.4892401919906066e-05,0.20596443116664886
a3460,/mnt/data_disk/HDRData/1000hdr/HDRtest/a3460-20080514_105637__MG_9928.exr,/mnt/data_disk/ZQL/TIP_TMO_result/tradition/Ashikhmin/a3460.png,341,512,0.9479140843129964,0.8091172109938466,0.985648629746971,0.41123917372967905,0.8224780994436943,2.4801566375803235e-07,0.19896076619625092
a3462,/mnt/data_disk/HDRData/1000hdr/HDRtest/a3462-dgw_051.exr,/mnt/data_disk/ZQL/TIP_TMO_result/tradition/Ashikhmin/a3462.png,341,512,0.8084710112118252,0.653365054763231,0.4046389854678546,0.3644127608406797,0.7287815977872347,4.3923894124712664e-05,0.32089024782180786
a3464,/mnt/data_disk/HDRData/1000hdr/HDRtest/a3464-tc_DSC2199.exr,/mnt/data_disk/ZQL/TIP_TMO_result/tradition/Ashikhmin/a3464.png,340,512,0.850394416547935,0.6448399954563149,0.6684361483245219,0.3741619846454626,0.7483234894074201,4.798835050884041e-07,0.1826060265302658
a3465,/mnt/data_disk/HDRData/1000hdr/HDRtest/a3465-20060619_114622__MG_9153.exr,/mnt/data_disk/ZQL/TIP_TMO_result/tradition/Ashikhmin/a3465.png,341,512,0.8176225303895368,0.8610602245828668,0.1512199414689915,0.4088628120471802,0.8176914397985651,3.4184295795353994e-05,0.19310049712657928
a3466,/mnt/data_disk/HDRData/1000hdr/HDRtest/a3466-IMG_3941.exr,/mnt/data_disk/ZQL/TIP_TMO_result/tradition/Ashikhmin/a3466.png,341,512,0.9323066005035957,0.8663209764020541,0.7712590235885117,0.45515579560366753,0.9043279786564147,0.005983612550920347,0.1887931078672409
a3468,/mnt/data_disk/HDRData/1000hdr/HDRtest/a3468-IMG_4793.exr,/mnt/data_disk/ZQL/TIP_TMO_result/tradition/Ashikhmin/a3468.png,341,512,0.8757284861809612,0.8387726975716477,0.4693985044482965,0.44090736156129023,0.8784145592104894,0.0034001639120910497,0.16384808719158173
a3470,/mnt/data_disk/HDRData/1000hdr/HDRtest/a3470-IMG_0835.exr,/mnt/data_disk/ZQL/TIP_TMO_result/tradition/Ashikhmin/a3470.png,341,512,0.9061732316309332,0.7340593426220696,0.8487185387028867,0.39690933195178807,0.7937852803532701,3.338355030598777e-05,0.2693922519683838
a3474,/mnt/data_disk/HDRData/1000hdr/HDRtest/a3474-jmac_MG_1125.exr,/mnt/data_disk/ZQL/TIP_TMO_result/tradition/Ashikhmin/a3474.png,341,512,0.8599247097711059,0.8627748018684946,0.34732451562645533,0.4387318765135215,0.8769982714522697,0.00046548157477337805,0.1198318675160408
a3477,/mnt/data_disk/HDRData/1000hdr/HDRtest/a3477-_DSC0048.exr,/mnt/data_disk/ZQL/TIP_TMO_result/tradition/Ashikhmin/a3477.png,340,512,0.9042202868427526,0.7873415431701074,0.7315781153657072,0.538188976168472,0.8862757639151714,0.19010218842177276,0.1825057864189148
a3483,/mnt/data_disk/HDRData/1000hdr/HDRtest/a3483-_DSC0023-1.exr,/mnt/data_disk/ZQL/TIP_TMO_result/tradition/Ashikhmin/a3483.png,340,512,0.872814896878942,0.7980729360918171,0.5185455632245359,0.5082518501254594,0.8901293244330583,0.1263743758178605,0.1052861288189888
a3486,/mnt/data_disk/HDRData/1000hdr/HDRtest/a3486-jmac_DSC3897.exr,/mnt/data_disk/ZQL/TIP_TMO_result/tradition/Ashikhmin/a3486.png,343,512,0.9296600299940811,0.7581443850133485,0.9609152851718364,0.42771777809290473,0.8553932658381447,4.22903476647624e-05,0.21400012075901031
a3491,/mnt/data_disk/HDRData/1000hdr/HDRtest/a3491-DSC_0091.exr,/mnt/data_disk/ZQL/TIP_TMO_result/tradition/Ashikhmin/a3491.png,340,512,0.881826871495023,0.8378655250442735,0.5059484847820087,0.4309466619387814,0.8558321847661118,0.006061139111451053,0.185266375541687
a3493,/mnt/data_disk/HDRData/1000hdr/HDRtest/a3493-IMG_0279.exr,/mnt/data_disk/ZQL/TIP_TMO_result/tradition/Ashikhmin/a3493.png,341,512,0.9185425565099368,0.7334305008768847,0.9349159876561921,0.38605283948314006,0.7721056789661987,8.134064472631641e-14,0.23958073556423187
a3499,/mnt/data_disk/HDRData/1000hdr/HDRtest/a3499-jn_2007_12_11__BU_CRUISE_019.exr,/mnt/data_disk/ZQL/TIP_TMO_result/tradition/Ashikhmin/a3499.png,341,512,0.9087004590917966,0.7242004916394,0.8863332069332469,0.3967773547244211,0.7935544208323674,2.8861647479099443e-07,0.15056079626083374
a3503,/mnt/data_disk/HDRData/1000hdr/HDRtest/a3503-050731_155906__I2E5378.exr,/mnt/data_disk/ZQL/TIP_TMO_result/tradition/Ashikhmin/a3503.png,341,512,0.8608167155348515,0.8348441184840711,0.39264056610358344,0.3755983183130041,0.750590764417534,0.0006058722084742378,0.18416686356067657
a3504,/mnt/data_disk/HDRData/1000hdr/HDRtest/a3504-IMG_0903.exr,/mnt/data_disk/ZQL/TIP_TMO_result/tradition/Ashikhmin/a3504.png,341,512,0.9213256924817479,0.8651430171327601,0.7020392484756842,0.5997531687098543,0.9230153619364576,0.2764909754832511,0.1762833148241043
a3505,/mnt/data_disk/HDRData/1000hdr/HDRtest/a3505-CRW_0288.exr,/mnt/data_disk/ZQL/TIP_TMO_result/tradition/Ashikhmin/a3505.png,341,512,0.7465807724304709,0.7531014127068062,0.01832902052571446,0.37445616373641305,0.7489123274728261,9.087465289631162e-18,0.2552034556865692
a3508,/mnt/data_disk/HDRData/1000hdr/HDRtest/a3508-NKIM_095.exr,/mnt/data_disk/ZQL/TIP_TMO_result/tradition/Ashikhmin/a3508.png,341,512,0.876807870954216,0.7465198489389586,0.6336333126863953,0.43434550296147795,0.8686852446039844,5.761318971400861e-06,0.3322693109512329
a3509,/mnt/data_disk/HDRData/1000hdr/HDRtest/a3509-_DGW6337.exr,/mnt/data_disk/ZQL/TIP_TMO_result/tradition/Ashikhmin/a3509.png,341,512,0.7813944468015599,0.7573276330658714,0.12386265903229315,0.3827951660780253,0.7655903321520048,4.0457427613385165e-12,0.4000341594219208
a3510,/mnt/data_disk/HDRData/1000hdr/HDRtest/a3510-JI2E4365.exr,/mnt/data_disk/ZQL/TIP_TMO_result/tradition/Ashikhmin/a3510.png,341,512,0.8931513090656826,0.7418315943608639,0.7466491600479955,0.4510739476813672,0.7039545861440702,0.19819330921866418,0.28244316577911377
a3511,/mnt/data_disk/HDRData/1000hdr/HDRtest/a3511-jmac_MG_0542.exr,/mnt/data_disk/ZQL/TIP_TMO_result/tradition/Ashikhmin/a3511.png,341,512,0.9589586696381196,0.8454440885361038,0.9922180014814503,0.4261024008808295,0.8522047584679538,4.3293705224945255e-08,0.1373477727174759
a3512,/mnt/data_disk/HDRData/1000hdr/HDRtest/a3512-LSstone_060805_9380.exr,/mnt/data_disk/ZQL/TIP_TMO_result/tradition/Ashikhmin/a3512.png,341,512,0.9018006413745849,0.8060553971804295,0.6817503438035276,0.39970120304286494,0.7994020991517156,3.06934014357509e-07,0.1621837317943573
a3521,/mnt/data_disk/HDRData/1000hdr/HDRtest/a3521-JI2E5091.exr,/mnt/data_disk/ZQL/TIP_TMO_result/tradition/Ashikhmin/a3521.png,341,512,0.8514714008963711,0.681213751391749,0.6016810430658258,0.40502221020803075,0.8090669150620176,0.0009775053540439056,0.16744044423103333
a3522,/mnt/data_disk/HDRData/1000hdr/HDRtest/a3522-IMG_4772.exr,/mnt/data_disk/ZQL/TIP_TMO_result/tradition/Ashikhmin/a3522.png,341,512,0.9614120926965578,0.8679757855187203,0.9663322759185621,0.5089401410494006,0.8483802757009101,0.169500006397891,0.12957611680030823
a3525,/mnt/data_disk/HDRData/1000hdr/HDRtest/a3525-IMG_0713.exr,/mnt/data_disk/ZQL/TIP_TMO_result/tradition/Ashikhmin/a3525.png,341,512,0.7860876455336754,0.9087318301143165,0.010574357252461452,0.422535613851057,0.845071227702114,1.1888050105951563e-24,0.21736332774162292
a3529,/mnt/data_disk/HDRData/1000hdr/HDRtest/a3529-WP_CRW_0659.exr,/mnt/data_disk/ZQL/TIP_TMO_result/tradition/Ashikhmin/a3529.png,341,512,0.941231080077214,0.882239325990988,0.8020917736815545,0.43880714135675397,0.8692323868713044,0.008381895842203498,0.1749686300754547
a3531,/mnt/data_disk/HDRData/1000hdr/HDRtest/a3531-07-06-30-at-04h02m08s-_MG_1936.exr,/mnt/data_disk/ZQL/TIP_TMO_result/tradition/Ashikhmin/a3531.png,341,512,0.8760526480273935,0.7725768544169612,0.5817372026481384,0.37396432348562625,0.7479286447863723,2.1848802168346095e-09,0.20575092732906342
a3540,/mnt/data_disk/HDRData/1000hdr/HDRtest/a3540-07-12-02-at-14h05m14s-_MG_8949.exr,/mnt/data_disk/ZQL/TIP_TMO_result/tradition/Ashikhmin/a3540.png,341,512,0.8776508271656305,0.6945508575930655,0.7403211031677788,0.34853822098301274,0.6718657181559342,0.025210723810091214,0.25908663868904114
a3541,/mnt/data_disk/HDRData/1000hdr/HDRtest/a3541-IMG_4107.exr,/mnt/data_disk/ZQL/TIP_TMO_result/tradition/Ashikhmin/a3541.png,341,512,0.8600991477742522,0.764639330622729,0.5008837385483956,0.3467136634880592,0.6611515795275911,0.032275747448527355,0.14727473258972168
a3545,/mnt/data_disk/HDRData/1000hdr/HDRtest/a3545-jmac_DSC0491.exr,/mnt/data_disk/ZQL/TIP_TMO_result/tradition/Ashikhmin/a3545.png,340,512,0.8800114256884575,0.8235566930579254,0.5185486547088339,0.4547791943035514,0.9089228720054728,0.0006355166016299269,0.11923077702522278
a3548,/mnt/data_disk/HDRData/1000hdr/HDRtest/a3548-CRW_0993.exr,/mnt/data_disk/ZQL/TIP_TMO_result/tradition/Ashikhmin/a3548.png,341,512,0.9251765124173724,0.8764429435925118,0.7072600092837759,0.4565981476789688,0.9088848760739595,0.0043114192839780125,0.12247294932603836
a3549,/mnt/data_disk/HDRData/1000hdr/HDRtest/a3549-KE_-2455.exr,/mnt/data_disk/ZQL/TIP_TMO_result/tradition/Ashikhmin/a3549.png,340,512,0.9641727849702085,0.9312230930729772,0.8704168466338948,0.5741548653836008,0.8991431278881824,0.24916660287901934,0.1309233456850052
a3557,/mnt/data_disk/HDRData/1000hdr/HDRtest/a3557-IMG_1507.exr,/mnt/data_disk/ZQL/TIP_TMO_result/tradition/Ashikhmin/a3557.png,341,512,0.843739298520792,0.9184902986883473,0.1977453260058993,0.4258095878901899,0.8516092844923346,9.891288045185273e-06,0.10941571742296219
a3563,/mnt/data_disk/HDRData/1000hdr/HDRtest/a3563-07-11-30-at-15h55m08s-_MG_8326.exr,/mnt/data_disk/ZQL/TIP_TMO_result/tradition/Ashikhmin/a3563.png,341,512,0.8818718870252539,0.8500813367951784,0.4867957821608212,0.3903475304695239,0.771572090773707,0.009122970165340829,0.1806449145078659
a3571,/mnt/data_disk/HDRData/1000hdr/HDRtest/a3571-IMG_0290.exr,/mnt/data_disk/ZQL/TIP_TMO_result/tradition/Ashikhmin/a3571.png,341,512,0.7997993038507911,0.6962869810005752,0.28788803710389554,0.3889318727615414,0.7777972875681864,6.645795489633678e-05,0.06596875190734863
a3575,/mnt/data_disk/HDRData/1000hdr/HDRtest/a3575-IMG_0834.exr,/mnt/data_disk/ZQL/TIP_TMO_result/tradition/Ashikhmin/a3575.png,341,512,0.8824814489605951,0.7025097844239789,0.7555667296981836,0.3907112418371095,0.781341887805982,8.059586823695382e-05,0.26057863235473633
a3576,/mnt/data_disk/HDRData/1000hdr/HDRtest/a3576-LS051026_day_15_LL003.exr,/mnt/data_disk/ZQL/TIP_TMO_result/tradition/Ashikhmin/a3576.png,341,512,0.9066994275242168,0.7983308155445158,0.7272238183701416,0.451792800339183,0.8471795683913308,0.05640603228703517,0.19754554331302643
a3585,/mnt/data_disk/HDRData/1000hdr/HDRtest/a3585-IMG_4211.exr,/mnt/data_disk/ZQL/TIP_TMO_result/tradition/Ashikhmin/a3585.png,341,512,0.7336936080626058,0.5152494869802344,0.2721112609140319,0.2774456427022414,0.5533833559044359,0.0015079295000469458,0.15947777032852173
a3586,/mnt/data_disk/HDRData/1000hdr/HDRtest/a3586-IMG_4591.exr,/mnt/data_disk/ZQL/TIP_TMO_result/tradition/Ashikhmin/a3586.png,341,512,0.7663364509066685,0.6620779849097554,0.18324130410159437,0.36569955816919886,0.7313653479483256,3.376839007208983e-05,0.2196962684392929
a3588,/mnt/data_disk/HDRData/1000hdr/HDRtest/a3588-CRW_0983.exr,/mnt/data_disk/ZQL/TIP_TMO_result/tradition/Ashikhmin/a3588.png,341,512,0.9050465106048151,0.8746664547402008,0.5845180673346406,0.4688160105574856,0.8934879064026747,0.04414411471229655,0.15090809762477875
a3591,/mnt/data_disk/HDRData/1000hdr/HDRtest/a3591-07-11-30-at-16h19m33s-_MG_8384.exr,/mnt/data_disk/ZQL/TIP_TMO_result/tradition/Ashikhmin/a3591.png,341,512,0.9188947836195838,0.8687370075632176,0.6803736535466482,0.411098726323164,0.8013884687709335,0.02080898387539456,0.2146763801574707
a3593,/mnt/data_disk/HDRData/1000hdr/HDRtest/a3593-_DSC5689.exr,/mnt/data_disk/ZQL/TIP_TMO_result/tradition/Ashikhmin/a3593.png,341,512,0.9008791041080487,0.7663614536047126,0.749537315739123,0.39832579343821783,0.7784825399455187,0.018169046930916893,0.2748863697052002
a3600,/mnt/data_disk/HDRData/1000hdr/HDRtest/a3600-JI2E3496.exr,/mnt/data_disk/ZQL/TIP_TMO_result/tradition/Ashikhmin/a3600.png,341,512,0.811487677803116,0.7756445267334526,0.229097247611011,0.3855003886658338,0.7710007754440592,1.8876084389665924e-09,0.24875232577323914
a3602,/mnt/data_disk/HDRData/1000hdr/HDRtest/a3602-_DSC9759.exr,/mnt/data_disk/ZQL/TIP_TMO_result/tradition/Ashikhmin/a3602.png,341,512,0.7509739682767216,0.6705287630074062,0.11009536576987441,0.27132621502703047,0.5426523732977119,5.6756349088214204e-08,0.17022742331027985
a3605,/mnt/data_disk/HDRData/1000hdr/HDRtest/a3605-IMG_2772.exr,/mnt/data_disk/ZQL/TIP_TMO_result/tradition/Ashikhmin/a3605.png,341,512,0.9310733301589202,0.8301441185222592,0.8288945249387951,0.4559894890875772,0.9066678320719196,0.0053111461032348236,0.13480879366397858
a3608,/mnt/data_disk/HDRData/1000hdr/HDRtest/a3608-NKIM_MG_7004.exr,/mnt/data_disk/ZQL/TIP_TMO_result/tradition/Ashikhmin/a3608.png,341,512,0.907848914120677,0.8801114855116854,0.5927104220358297,0.4147781252931063,0.829197300532806,0.00035895005340661466,0.12235389649868011
a3609,/mnt/data_disk/HDRData/1000hdr/HDRtest/a3609-IMG_1702.exr,/mnt/data_disk/ZQL/TIP_TMO_result/tradition/Ashikhmin/a3609.png,341,512,0.8457181368189034,0.8796912941068035,0.25370661234854247,0.3886768170906141,0.7747004694186566,0.002653164762571578,0.1646408587694168
a3613,/mnt/data_disk/HDRData/1000hdr/HDRtest/a3613-_DSC3264.exr,/mnt/data_disk/ZQL/TIP_TMO_result/tradition/Ashikhmin/a3613.png,341,512,0.9304962536825386,0.7628548904201433,0.9570282523388632,0.3672656189329238,0.7345271419392395,4.095926608108332e-06,0.24103249609470367
a3623,/mnt/data_disk/HDRData/1000hdr/HDRtest/a3623-20051220_201437__MG_9239.exr,/mnt/data_disk/ZQL/TIP_TMO_result/tradition/Ashikhmin/a3623.png,341,512,0.856451735298331,0.6907384743770697,0.6137082208589985,0.38855341808759536,0.7733858198390817,0.00372101633610901,0.3202969431877136
a3624,/mnt/data_disk/HDRData/1000hdr/HDRtest/a3624-DSC_0070.exr,/mnt/data_disk/ZQL/TIP_TMO_result/tradition/Ashikhmin/a3624.png,340,512,0.9257502869724651,0.9315979284098022,0.6199461572455957,0.4723040027728471,0.9366768173793875,0.007931188166306743,0.13202302157878876
a3628,/mnt/data_disk/HDRData/1000hdr/HDRtest/a3628-_DSC9996.exr,/mnt/data_disk/ZQL/TIP_TMO_result/tradition/Ashikhmin/a3628.png,341,512,0.8608601210521685,0.6783943567165538,0.6656021109608226,0.2561877737235589,0.5123755474413036,5.8141787515448655e-12,0.2193436622619629
a3633,/mnt/data_disk/HDRData/1000hdr/HDRtest/a3633-JI2E3892.exr,/mnt/data_disk/ZQL/TIP_TMO_result/tradition/Ashikhmin/a3633.png,341,512,0.8132855044239321,0.7852136466620875,0.2245964584580184,0.35770964284105305,0.7150408088656938,0.00037847681641229816,0.13142862915992737
a3634,/mnt/data_disk/HDRData/1000hdr/HDRtest/a3634-IMG_4959.exr,/mnt/data_disk/ZQL/TIP_TMO_result/tradition/Ashikhmin/a3634.png,341,512,0.7623654874746612,0.6492106670522237,0.18428440821956388,0.29195475618769623,0.583853316485731,5.619588966143418e-05,0.28824567794799805
a3635,/mnt/data_disk/HDRData/1000hdr/HDRtest/a3635-IMG_4031.exr,/mnt/data_disk/ZQL/TIP_TMO_result/tradition/Ashikhmin/a3635.png,341,512,0.819655306110902,0.706542709200678,0.3734218176078859,0.39457862679205497,0.7891557000687577,1.5535153522826988e-06,0.2929193377494812
a3636,/mnt/data_disk/HDRData/1000hdr/HDRtest/a3636-20041222_195608__E6B6989.exr,/mnt/data_disk/ZQL/TIP_TMO_result/tradition/Ashikhmin/a3636.png,341,512,0.8121079481493835,0.7915730261114244,0.21090008111908282,0.35702039006375597,0.714035347105428,5.433022083846759e-06,0.12652026116847992
a3641,/mnt/data_disk/HDRData/1000hdr/HDRtest/a3641-_DSC4628.exr,/mnt/data_disk/ZQL/TIP_TMO_result/tradition/Ashikhmin/a3641.png,341,512,0.8620481491166868,0.7944001553436418,0.4625176777243444,0.44234411894634623,0.8846831143743478,5.123518344739867e-06,0.32282012701034546
a3644,/mnt/data_disk/HDRData/1000hdr/HDRtest/a3644-jmac_MG_5959.exr,/mnt/data_disk/ZQL/TIP_TMO_result/tradition/Ashikhmin/a3644.png,341,512,0.9067446647237432,0.7979092931772311,0.7282949900671583,0.4419421479931049,0.8837361059057848,0.00014819008042499504,0.2449064552783966
a3649,/mnt/data_disk/HDRData/1000hdr/HDRtest/a3649-WP_CRW_0691.exr,/mnt/data_disk/ZQL/TIP_TMO_result/tradition/Ashikhmin/a3649.png,341,512,0.9426532448988875,0.9137900864965746,0.7567114439463931,0.49958904213913496,0.9583462839342382,0.040831800344031825,0.09325108677148819
a3654,/mnt/data_disk/HDRData/1000hdr/HDRtest/a3654-IMG_0777.exr,/mnt/data_disk/ZQL/TIP_TMO_result/tradition/Ashikhmin/a3654.png,341,512,0.8802106336400122,0.8300785020824457,0.509093311661178,0.41479457983563517,0.8276256281292294,0.0019635315420410042,0.19013288617134094
a3658,/mnt/data_disk/HDRData/1000hdr/HDRtest/a3658-jmac_MG_0418.exr,/mnt/data_disk/ZQL/TIP_TMO_result/tradition/Ashikhmin/a3658.png,341,512,0.8758488989245061,0.8649723921178345,0.4298847005941273,0.4192126053188182,0.8347495891186161,0.0036756215190203376,0.14452415704727173
a3670,/mnt/data_disk/HDRData/1000hdr/HDRtest/a3670-jmac_MG_5917.exr,/mnt/data_disk/ZQL/TIP_TMO_result/tradition/Ashikhmin/a3670.png,341,512,0.8128344786068993,0.8886123781008993,0.10391458721167159,0.4094702816899026,0.8189405633711463,8.65893933657408e-12,0.13693471252918243
a3673,/mnt/data_disk/HDRData/1000hdr/HDRtest/a3673-_DSC1109.exr,/mnt/data_disk/ZQL/TIP_TMO_result/tradition/Ashikhmin/a3673.png,341,512,0.8012641961292634,0.7605988816470255,0.20270741183056934,0.42093544842247527,0.8418708756080553,2.1236895265263723e-08,0.3771006762981415
a3677,/mnt/data_disk/HDRData/1000hdr/HDRtest/a3677-IMG_4696.exr,/mnt/data_disk/ZQL/TIP_TMO_result/tradition/Ashikhmin/a3677.png,341,512,0.8155062942284601,0.781706067977638,0.23960040946535147,0.3999592532228707,0.7999181877720034,3.1867373798398164e-07,0.20330049097537994
a3686,/mnt/data_disk/HDRData/1000hdr/HDRtest/a3686-jmac_MG_0353.exr,/mnt/data_disk/ZQL/TIP_TMO_result/tradition/Ashikhmin/a3686.png,341,512,0.896076813968105,0.8107900879852863,0.6373473410875728,0.4227290394307667,0.844521797466839,0.000936281394694415,0.3285492956638336
a3688,/mnt/data_disk/HDRData/1000hdr/HDRtest/a3688-jmac_MG_1424.exr,/mnt/data_disk/ZQL/TIP_TMO_result/tradition/Ashikhmin/a3688.png,341,512,0.8166344301917966,0.8862461900265365,0.12052736526284667,0.45230612571573775,0.9046122277004756,2.373099990455435e-08,0.2009386122226715
a3689,/mnt/data_disk/HDRData/1000hdr/HDRtest/a3689-JI2E3798.exr,/mnt/data_disk/ZQL/TIP_TMO_result/tradition/Ashikhmin/a3689.png,341,512,0.7558050789988121,0.6021487949635523,0.22612823681202637,0.39889896874412456,0.7977806386348378,1.7298853411300384e-05,0.1308063119649887
a3696,/mnt/data_disk/HDRData/1000hdr/HDRtest/a3696-jmac_DSC1242.exr,/mnt/data_disk/ZQL/TIP_TMO_result/tradition/Ashikhmin/a3696.png,343,512,0.832655374465556,0.829154519241246,0.25703918907747997,0.4340466635737586,0.8680029799541787,9.034719333844116e-05,0.20181918144226074
a3697,/mnt/data_disk/HDRData/1000hdr/HDRtest/a3697-07-11-24-at-16h05m35s-_MG_6729.exr,/mnt/data_disk/ZQL/TIP_TMO_result/tradition/Ashikhmin/a3697.png,341,512,0.8531223174831155,0.8054614875244421,0.39554567899849113,0.4098865115906248,0.8114503020223925,0.00832272115885706,0.1883794665336609
a3700,/mnt/data_disk/HDRData/1000hdr/HDRtest/a3700-tc_DSC1892.exr,/mnt/data_disk/ZQL/TIP_TMO_result/tradition/Ashikhmin/a3700.png,340,512,0.9464699361764484,0.8414250646395383,0.9125723256276838,0.41073498915621137,0.8198325484067294,0.0016374299056933356,0.15048013627529144
a3706,/mnt/data_disk/HDRData/1000hdr/HDRtest/a3706-dgw_065.exr,/mnt/data_disk/ZQL/TIP_TMO_result/tradition/Ashikhmin/a3706.png,341,512,0.8133001165986045,0.709587486391385,0.3351336539482102,0.40482042881391567,0.8096408562593798,1.3684515781126768e-09,0.3527759909629822
a3707,/mnt/data_disk/HDRData/1000hdr/HDRtest/a3707-NKIM_121.exr,/mnt/data_disk/ZQL/TIP_TMO_result/tradition/Ashikhmin/a3707.png,341,512,0.7262943232470211,0.36913685055486534,0.5784012940835337,0.2314112564779919,0.4628225108432747,2.1127091210464547e-09,0.24979041516780853
a3710,/mnt/data_disk/HDRData/1000hdr/HDRtest/a3710-07-11-20-at-16h52m05s-_MG_5742.exr,/mnt/data_disk/ZQL/TIP_TMO_result/tradition/Ashikhmin/a3710.png,341,512,0.7896416025484497,0.7953660075027577,0.1130946126159342,0.3828170542269303,0.7656340876457182,2.0808142475533143e-08,0.10646674782037735
a3712,/mnt/data_disk/HDRData/1000hdr/HDRtest/a3712-IMG_4852.exr,/mnt/data_disk/ZQL/TIP_TMO_result/tradition/Ashikhmin/a3712.png,341,512,0.9360940528883175,0.847657340383467,0.8301800287860659,0.41717785506457894,0.807668873804226,0.026686836324931833,0.1498337686061859
a3715,/mnt/data_disk/HDRData/1000hdr/HDRtest/a3715-_MG_7773.exr,/mnt/data_disk/ZQL/TIP_TMO_result/tradition/Ashikhmin/a3715.png,341,512,0.8138486953722633,0.6046405974053584,0.5283916621160958,0.2503216855809377,0.5006433711572291,4.646227849709037e-12,0.28064844012260437
a3716,/mnt/data_disk/HDRData/1000hdr/HDRtest/a3716-IMG_0301.exr,/mnt/data_disk/ZQL/TIP_TMO_result/tradition/Ashikhmin/a3716.png,341,512,0.8964977839317154,0.803906052504666,0.6521521812095641,0.38491698093141413,0.7607134074172166,0.009120554445611674,0.11557716131210327
a3719,/mnt/data_disk/HDRData/1000hdr/HDRtest/a3719-07-11-29-at-15h43m28s-_MG_8075.exr,/mnt/data_disk/ZQL/TIP_TMO_result/tradition/Ashikhmin/a3719.png,341,512,0.9385001287759874,0.8314040880123768,0.8768413836723165,0.4356237660040259,0.8712475319968523,1.1199534561869772e-11,0.3668780028820038
a3720,/mnt/data_disk/HDRData/1000hdr/HDRtest/a3720-jmac_MG_0851.exr,/mnt/data_disk/ZQL/TIP_TMO_result/tradition/Ashikhmin/a3720.png,341,512,0.8606978663492186,0.8409312767487037,0.38295229874134623,0.42397040792971485,0.8471629736977312,0.0007778421616984681,0.21082085371017456
a3721,/mnt/data_disk/HDRData/1000hdr/HDRtest/a3721-KE_-01.exr,/mnt/data_disk/ZQL/TIP_TMO_result/tradition/Ashikhmin/a3721.png,340,512,0.879899610668452,0.7778359278388457,0.5958169707090941,0.42119062416313663,0.8118174416111881,0.030563806715085177,0.24908307194709778
a3724,/mnt/data_disk/HDRData/1000hdr/HDRtest/a3724-20060101_092918__E6B0305.exr,/mnt/data_disk/ZQL/TIP_TMO_result/tradition/Ashikhmin/a3724.png,341,512,0.8059064112778392,0.849402714008645,0.11745733762176491,0.4228645227365563,0.8457290450280046,4.451079044143412e-10,0.29970476031303406
a3727,/mnt/data_disk/HDRData/1000hdr/HDRtest/a3727-2004-01-18 11-49-42 CRW_2889.exr,/mnt/data_disk/ZQL/TIP_TMO_result/tradition/Ashikhmin/a3727.png,341,512,0.7527162709086987,0.8021835010091415,0.0034060668909490625,0.41957319740057814,0.8391463948011563,4.1109275155652215e-26,0.18162685632705688
a3729,/mnt/data_disk/HDRData/1000hdr/HDRtest/a3729-07-11-24-at-21h39m19s-_MG_6853.exr,/mnt/data_disk/ZQL/TIP_TMO_result/tradition/Ashikhmin/a3729.png,341,512,0.7986811914752922,0.6743322057454536,0.317196536703424,0.26212707239481214,0.5240439180327131,0.00021022675691120308,0.17335133254528046
a3730,/mnt/data_disk/HDRData/1000hdr/HDRtest/a3730-IMG_0113.exr,/mnt/data_disk/ZQL/TIP_TMO_result/tradition/Ashikhmin/a3730.png,341,512,0.910167909050539,0.8161866277095742,0.7169679326941337,0.4149930067400452,0.8244438345401638,0.0055421789399266105,0.2689303457736969
a3732,/mnt/data_disk/HDRData/1000hdr/HDRtest/a3732-_DGW6272.exr,/mnt/data_disk/ZQL/TIP_TMO_result/tradition/Ashikhmin/a3732.png,341,512,0.9323398599245968,0.9123571399257092,0.6924884363408531,0.7228424012559269,0.9223222108352537,0.5233625916766002,0.13016003370285034
a3733,/mnt/data_disk/HDRData/1000hdr/HDRtest/a3733-WP_CRW_4827.exr,/mnt/data_disk/ZQL/TIP_TMO_result/tradition/Ashikhmin/a3733.png,341,512,0.9253770066616883,0.8010146279375959,0.8457140341388961,0.5574602244827995,0.7711642965156991,0.34375615244990004,0.18325307965278625
a3735,/mnt/data_disk/HDRData/1000hdr/HDRtest/a3735-_MG_7825.exr,/mnt/data_disk/ZQL/TIP_TMO_result/tradition/Ashikhmin/a3735.png,341,512,0.8579168468590871,0.7722766467799979,0.47542433130596834,0.41294030364718026,0.8258285221144209,5.2085179939612784e-05,0.24640615284442902
a3737,/mnt/data_disk/HDRData/1000hdr/HDRtest/a3737-dgw_022.exr,/mnt/data_disk/ZQL/TIP_TMO_result/tradition/Ashikhmin/a3737.png,341,512,0.9310183767512774,0.7570981422367337,0.9726370335261832,0.3523102989451134,0.7043856009653889,0.00023499692483781764,0.2326030284166336
a3739,/mnt/data_disk/HDRData/1000hdr/HDRtest/a3739-KE_-0068.exr,/mnt/data_disk/ZQL/TIP_TMO_result/tradition/Ashikhmin/a3739.png,340,512,0.7927966920538119,0.8172748905925445,0.10177291564153589,0.46272472149216587,0.9246683137335439,0.0007811292507878751,0.13442747294902802
a3740,/mnt/data_disk/HDRData/1000hdr/HDRtest/a3740-_DSC1411.exr,/mnt/data_disk/ZQL/TIP_TMO_result/tradition/Ashikhmin/a3740.png,341,512,0.8611978581038381,0.7847275916932045,0.4735077125437698,0.324022183499324,0.6480301142098436,1.4252788804441666e-05,0.15296590328216553
a3742,/mnt/data_disk/HDRData/1000hdr/HDRtest/a3742-IMG_0206.exr,/mnt/data_disk/ZQL/TIP_TMO_result/tradition/Ashikhmin/a3742.png,341,512,0.8959286543889752,0.6868391369370564,0.8784687620519935,0.40148229601403074,0.8027958118789561,0.00016878014910536713,0.29648929834365845
a3743,/mnt/data_disk/HDRData/1000hdr/HDRtest/a3743-DSC_0038.exr,/mnt/data_disk/ZQL/TIP_TMO_result/tradition/Ashikhmin/a3743.png,340,512,0.8603332197989764,0.9070451307371016,0.2896025290547101,0.434467128383,0.8665912748376485,0.002342981928351513,0.12299082428216934
a3744,/mnt/data_disk/HDRData/1000hdr/HDRtest/a3744-NKIM_MG_6757.exr,/mnt/data_disk/ZQL/TIP_TMO_result/tradition/Ashikhmin/a3744.png,341,512,0.8515585975444411,0.6937668142529876,0.5780191321748414,0.36749778019909884,0.7349955603707958,2.7401862116299493e-11,0.22178831696510315
a3749,/mnt/data_disk/HDRData/1000hdr/HDRtest/a3749-IMG_4592.exr,/mnt/data_disk/ZQL/TIP_TMO_result/tradition/Ashikhmin/a3749.png,341,512,0.8635535190987286,0.608517563141859,0.8343623976486712,0.3943899100465663,0.788777722018932,2.0980742005994074e-06,0.26478031277656555
a3750,/mnt/data_disk/HDRData/1000hdr/HDRtest/a3750-IMG_4253.exr,/mnt/data_disk/ZQL/TIP_TMO_result/tradition/Ashikhmin/a3750.png,341,512,0.8342008459804955,0.6765925257754004,0.5073217749292463,0.3248211572504822,0.6496423109875404,3.513424015450842e-09,0.2240447998046875
a3753,/mnt/data_disk/HDRData/1000hdr/HDRtest/a3753-dgw_073.exr,/mnt/data_disk/ZQL/TIP_TMO_result/tradition/Ashikhmin/a3753.png,341,512,0.7339571661313554,0.6735152163170904,0.04956391314590256,0.3875539542772264,0.7751079085529554,1.4974054051084348e-12,0.47228243947029114
a3754,/mnt/data_disk/HDRData/1000hdr/HDRtest/a3754-050731_151704__I2E5362.exr,/mnt/data_disk/ZQL/TIP_TMO_result/tradition/Ashikhmin/a3754.png,341,512,0.80444382482953,0.8878284844787564,0.07519929595920583,0.38395200665768775,0.7679039841003479,2.9215027610021173e-08,0.1475876271724701
a3756,/mnt/data_disk/HDRData/1000hdr/HDRtest/a3756-jmac_MG_5949.exr,/mnt/data_disk/ZQL/TIP_TMO_result/tradition/Ashikhmin/a3756.png,341,512,0.8675648190008505,0.8294568656960528,0.43791718294302673,0.41951918504891567,0.8385116928071322,0.000526677290699137,0.1565132886171341
a3760,/mnt/data_disk/HDRData/1000hdr/HDRtest/a3760-IMG_2504.exr,/mnt/data_disk/ZQL/TIP_TMO_result/tradition/Ashikhmin/a3760.png,341,512,0.8392147881542349,0.9079779030423586,0.1898598478946597,0.45351832040933326,0.9070366336017406,7.216925987564251e-09,0.11368374526500702
a3764,/mnt/data_disk/HDRData/1000hdr/HDRtest/a3764-20060618_093109__MG_8792.exr,/mnt/data_disk/ZQL/TIP_TMO_result/tradition/Ashikhmin/a3764.png,341,512,0.8715257141799351,0.7919253041078667,0.5213062434419573,0.40686286119944914,0.8113523445106129,0.0023733778882853752,0.21554477512836456
a3766,/mnt/data_disk/HDRData/1000hdr/HDRtest/a3766-20041219_194831__E6B5558.exr,/mnt/data_disk/ZQL/TIP_TMO_result/tradition/Ashikhmin/a3766.png,341,512,0.714679340430294,0.5076436737656174,0.1975106904118679,0.27305701238617464,0.5461140247723492,1.235197159776586e-16,0.12835973501205444
a3769,/mnt/data_disk/HDRData/1000hdr/HDRtest/a3769-IMG_3943.exr,/mnt/data_disk/ZQL/TIP_TMO_result/tradition/Ashikhmin/a3769.png,341,512,0.9178812180021727,0.8823705252524284,0.650980752206431,0.4498658166345094,0.8931496946688898,0.006581938600129045,0.13269522786140442
a3771,/mnt/data_disk/HDRData/1000hdr/HDRtest/a3771-07-06-01-at-13h03m06-s_MG_1256.exr,/mnt/data_disk/ZQL/TIP_TMO_result/tradition/Ashikhmin/a3771.png,341,512,0.8078587808104071,0.7170117043415161,0.29592115380430745,0.4121789576157703,0.8241837196811626,0.00017419555037797373,0.27933812141418457
a3772,/mnt/data_disk/HDRData/1000hdr/HDRtest/a3772-dgw_123.exr,/mnt/data_disk/ZQL/TIP_TMO_result/tradition/Ashikhmin/a3772.png,341,512,0.8946955176464315,0.8484762538190627,0.5648217783705904,0.4131060999457984,0.8262116003801727,5.995114240836645e-07,0.26100626587867737
a3774,/mnt/data_disk/HDRData/1000hdr/HDRtest/a3774-_DSC0017.exr,/mnt/data_disk/ZQL/TIP_TMO_result/tradition/Ashikhmin/a3774.png,340,512,0.9225456406750042,0.8401044851713849,0.7541032899224187,0.46686985060322556,0.8819210759830369,0.05181862522341421,0.17962715029716492
a3778,/mnt/data_disk/HDRData/1000hdr/HDRtest/a3778-IMG_4838.exr,/mnt/data_disk/ZQL/TIP_TMO_result/tradition/Ashikhmin/a3778.png,341,512,0.8393478316293861,0.7407495267613593,0.423558745185442,0.3788084615204872,0.7575065571521953,0.00011036588877909431,0.31171032786369324
a3780,/mnt/data_disk/HDRData/1000hdr/HDRtest/a3780-JI2E3902.exr,/mnt/data_disk/ZQL/TIP_TMO_result/tradition/Ashikhmin/a3780.png,341,512,0.8993110276314953,0.8290519345767158,0.625661591332134,0.4638910055743316,0.888473609645896,0.03930840150276724,0.16374818980693817
a3781,/mnt/data_disk/HDRData/1000hdr/HDRtest/a3781-2004-06-24 06-45-08 CRW_2040.exr,/mnt/data_disk/ZQL/TIP_TMO_result/tradition/Ashikhmin/a3781.png,341,512,0.9716555278584823,0.8895737512894673,0.9979360243845136,0.4311280621219264,0.8614494713514963,0.0008066528923564495,0.10315065085887909
a3783,/mnt/data_disk/HDRData/1000hdr/HDRtest/a3783-KE_-0052.exr,/mnt/data_disk/ZQL/TIP_TMO_result/tradition/Ashikhmin/a3783.png,340,512,0.9142697856834696,0.7541767302357819,0.8627336934164225,0.3526751236121554,0.7053502472185175,5.793343587427782e-12,0.1638706624507904
a3786,/mnt/data_disk/HDRData/1000hdr/HDRtest/a3786-_I2E8191.exr,/mnt/data_disk/ZQL/TIP_TMO_result/tradition/Ashikhmin/a3786.png,341,512,0.8584606974393575,0.863971783855021,0.3380375613732721,0.5287710340611622,0.8888425592111744,0.16869950891115004,0.1896001100540161
a3796,/mnt/data_disk/HDRData/1000hdr/HDRtest/a3796-NKIM_MG_7319.exr,/mnt/data_disk/ZQL/TIP_TMO_result/tradition/Ashikhmin/a3796.png,341,512,0.9098306067011227,0.8107745633770549,0.7246282029856542,0.34009243307031467,0.6733304849237807,0.006854381216848723,0.28103798627853394
a3798,/mnt/data_disk/HDRData/1000hdr/HDRtest/a3798-IMG_2539.exr,/mnt/data_disk/ZQL/TIP_TMO_result/tradition/Ashikhmin/a3798.png,341,512,0.8763933747520889,0.8316863504010226,0.48441383416222716,0.4375229724589438,0.8749914387638934,5.450615399410775e-05,0.23188722133636475
a3800,/mnt/data_disk/HDRData/1000hdr/HDRtest/a3800-dgw_090.exr,/mnt/data_disk/ZQL/TIP_TMO_result/tradition/Ashikhmin/a3800.png,341,512,0.8788317077628843,0.7861933883455674,0.5746404749835113,0.36917338596713006,0.738340738089701,6.033844559068013e-06,0.20081426203250885
a3804,/mnt/data_disk/HDRData/1000hdr/HDRtest/a3804-_DSC3608.exr,/mnt/data_disk/ZQL/TIP_TMO_result/tradition/Ashikhmin/a3804.png,343,512,0.8964915516322575,0.7385743213506681,0.7749614345025483,0.4204851091718906,0.8404430451112438,0.0005271732325374252,0.10177045315504074
a3816,/mnt/data_disk/HDRData/1000hdr/HDRtest/a3816-jmac_DSC3118.exr,/mnt/data_disk/ZQL/TIP_TMO_result/tradition/Ashikhmin/a3816.png,340,512,0.8242554140760038,0.8676012489696256,0.1715183682247528,0.4638809750258535,0.9277615052557306,4.4479597643511196e-07,0.17768070101737976
a3820,/mnt/data_disk/HDRData/1000hdr/HDRtest/a3820-dgw_025.exr,/mnt/data_disk/ZQL/TIP_TMO_result/tradition/Ashikhmin/a3820.png,341,512,0.6574629446970177,0.4259307145447051,0.10294320343465753,0.3471531540202479,0.694304182350704,2.1256897917292413e-06,0.11837289482355118
a3822,/mnt/data_disk/HDRData/1000hdr/HDRtest/a3822-07-11-21-at-09h53m21s-_MG_5852.exr,/mnt/data_disk/ZQL/TIP_TMO_result/tradition/Ashikhmin/a3822.png,341,512,0.96627025073701,0.8894166483650036,0.960246702447297,0.4401292880039716,0.8802577504337608,8.255741824378434e-07,0.16167183220386505
a3827,/mnt/data_disk/HDRData/1000hdr/HDRtest/a3827-JI2E3823.exr,/mnt/data_disk/ZQL/TIP_TMO_result/tradition/Ashikhmin/a3827.png,341,512,0.7636547409948518,0.6456612563632899,0.19504762198940825,0.39979316549008914,0.7994213903334244,0.00016494064675391258,0.1484900861978531
a3830,/mnt/data_disk/HDRData/1000hdr/HDRtest/a3830-LS_060715_8670.exr,/mnt/data_disk/ZQL/TIP_TMO_result/tradition/Ashikhmin/a3830.png,341,512,0.9145144573078262,0.6931543378411882,0.9939440795324301,0.4219385396363824,0.8438607475706239,1.6331702140859584e-05,0.24289803206920624
a3832,/mnt/data_disk/HDRData/1000hdr/HDRtest/a3832-20060613_091536__MG_7749.exr,/mnt/data_disk/ZQL/TIP_TMO_result/tradition/Ashikhmin/a3832.png,341,512,0.7703056687982489,0.7643426813995019,0.0762636586885745,0.3632036179500783,0.7264072358993127,8.439260606940702e-13,0.24426019191741943
a3833,/mnt/data_disk/HDRData/1000hdr/HDRtest/a3833-_DSC0003-2.exr,/mnt/data_disk/ZQL/TIP_TMO_result/tradition/Ashikhmin/a3833.png,340,512,0.9481356663587005,0.9064496984113207,0.8055470091931807,0.4589607806000878,0.9177852733140432,0.0001362878861324393,0.11967506259679794
a3834,/mnt/data_disk/HDRData/1000hdr/HDRtest/a3834-IMG_0007.exr,/mnt/data_disk/ZQL/TIP_TMO_result/tradition/Ashikhmin/a3834.png,341,512,0.8713299578658723,0.6550035704674237,0.7820669419183083,0.4109946770799576,0.8208161622871328,0.0011731918727824434,0.26652368903160095
a3846,/mnt/data_disk/HDRData/1000hdr/HDRtest/a3846-IMG_3087.exr,/mnt/data_disk/ZQL/TIP_TMO_result/tradition/Ashikhmin/a3846.png,341,512,0.9401873335711499,0.8812140393366888,0.7969676805109621,0.5097713547779202,0.900415881280719,0.11912682827512151,0.13451509177684784
a3847,/mnt/data_disk/HDRData/1000hdr/HDRtest/a3847-NKIM_MG_6113.exr,/mnt/data_disk/ZQL/TIP_TMO_result/tradition/Ashikhmin/a3847.png,341,512,0.8119215894624223,0.4700821417270847,0.8373379993655029,0.3648093935747746,0.729618779564443,7.585106258312263e-09,0.23404040932655334
a3848,/mnt/data_disk/HDRData/1000hdr/HDRtest/a3848-DSC_0024.exr,/mnt/data_disk/ZQL/TIP_TMO_result/tradition/Ashikhmin/a3848.png,340,512,0.836558069273837,0.8852304024423907,0.20460011195968106,0.45938286374677,0.9187656660985065,6.139503347169503e-08,0.09664854407310486
a3851,/mnt/data_disk/HDRData/1000hdr/HDRtest/a3851-IMG_3430.exr,/mnt/data_disk/ZQL/TIP_TMO_result/tradition/Ashikhmin/a3851.png,341,512,0.8947928139627351,0.7836442063201725,0.6779994808190241,0.4361044308656139,0.6814250610305462,0.1907838007006816,0.1273687779903412
a3862,/mnt/data_disk/HDRData/1000hdr/HDRtest/a3862-JI2E0423.exr,/mnt/data_disk/ZQL/TIP_TMO_result/tradition/Ashikhmin/a3862.png,341,512,0.8500388609481477,0.8628082168353624,0.29685534174503175,0.4147431530021715,0.8294217779671791,6.45280371639856e-05,0.11853377521038055
a3863,/mnt/data_disk/HDRData/1000hdr/HDRtest/a3863-IMG_1159.exr,/mnt/data_disk/ZQL/TIP_TMO_result/tradition/Ashikhmin/a3863.png,341,512,0.938608353829459,0.8112912112481286,0.9162784761066662,0.43221945168696885,0.8644277261084385,1.1177265499138355e-05,0.22603288292884827
a3864,/mnt/data_disk/HDRData/1000hdr/HDRtest/a3864-_DSC1992.exr,/mnt/data_disk/ZQL/TIP_TMO_result/tradition/Ashikhmin/a3864.png,341,512,0.7152004008561725,0.5416248451620972,0.1446719595627283,0.3718773833792178,0.7434943378468768,0.000260428911558752,0.1299479752779007
a3872,/mnt/data_disk/HDRData/1000hdr/HDRtest/a3872-IMG_4058.exr,/mnt/data_disk/ZQL/TIP_TMO_result/tradition/Ashikhmin/a3872.png,341,512,0.8831934757500006,0.8035679100422569,0.5709451554240924,0.39639554857000564,0.7917523583865989,0.0010387387534124132,0.2404620498418808
a3877,/mnt/data_disk/HDRData/1000hdr/HDRtest/a3877-KE_-0019.exr,/mnt/data_disk/ZQL/TIP_TMO_result/tradition/Ashikhmin/a3877.png,340,512,0.8838430169715498,0.7286284284915224,0.712224883695723,0.31712540086760727,0.634250666855329,1.3487988545546585e-07,0.20259307324886322
a3879,/mnt/data_disk/HDRData/1000hdr/HDRtest/a3879-IMG_0091.exr,/mnt/data_disk/ZQL/TIP_TMO_result/tradition/Ashikhmin/a3879.png,341,512,0.880675549116714,0.7829424551677526,0.5915196906714582,0.4466825364002904,0.8929914970072602,0.00037357579332048375,0.22519415616989136
a3890,/mnt/data_disk/HDRData/1000hdr/HDRtest/a3890-IMG_4308.exr,/mnt/data_disk/ZQL/TIP_TMO_result/tradition/Ashikhmin/a3890.png,341,512,0.8613993957957251,0.7247123893004046,0.5795302969485947,0.32980051671642935,0.6595824374681981,1.8595964660528514e-05,0.163232684135437
a3893,/mnt/data_disk/HDRData/1000hdr/HDRtest/a3893-_DGW6301.exr,/mnt/data_disk/ZQL/TIP_TMO_result/tradition/Ashikhmin/a3893.png,341,512,0.8755678588610061,0.6491605136012105,0.8230535340405324,0.33784727018183636,0.6756853432135564,9.197150116217544e-06,0.29741930961608887
a3899,/mnt/data_disk/HDRData/1000hdr/HDRtest/a3899-jmac_DSC2259.exr,/mnt/data_disk/ZQL/TIP_TMO_result/tradition/Ashikhmin/a3899.png,340,512,0.869142519017856,0.8772240091737054,0.3754608064273842,0.4504498425073342,0.9007521777555156,0.00014750725915281304,0.15766046941280365
a3900,/mnt/data_disk/HDRData/1000hdr/HDRtest/a3900-jmac_DSC5843.exr,/mnt/data_disk/ZQL/TIP_TMO_result/tradition/Ashikhmin/a3900.png,340,512,0.8268607213778678,0.9311767587350933,0.11483783030949626,0.3908642460372127,0.7817283874834876,1.0459093781875173e-07,0.16795285046100616
a3902,/mnt/data_disk/HDRData/1000hdr/HDRtest/a3902-jmac_DSC3970.exr,/mnt/data_disk/ZQL/TIP_TMO_result/tradition/Ashikhmin/a3902.png,340,512,0.9085617884900821,0.8374936861798948,0.6688751067107644,0.4281153497968358,0.8490458410673559,0.0071848585263156696,0.1084638312458992
a3903,/mnt/data_disk/HDRData/1000hdr/HDRtest/a3903-IMG_2386.exr,/mnt/data_disk/ZQL/TIP_TMO_result/tradition/Ashikhmin/a3903.png,341,512,0.9200019442309264,0.7633237994884227,0.883385208501724,0.5567025258360567,0.8985976728015518,0.2148073788705617,0.1343524008989334
a3906,/mnt/data_disk/HDRData/1000hdr/HDRtest/a3906-LS051025_day_3_LL003.exr,/mnt/data_disk/ZQL/TIP_TMO_result/tradition/Ashikhmin/a3906.png,341,512,0.9345144828533261,0.7959549834834453,0.9181019312015418,0.4571160962156128,0.7872103465575548,0.12702184587367074,0.20878538489341736
a3911,/mnt/data_disk/HDRData/1000hdr/HDRtest/a3911-07-07-01-at-10h50m55s-_MG_2028.exr,/mnt/data_disk/ZQL/TIP_TMO_result/tradition/Ashikhmin/a3911.png,341,512,0.8981985027004962,0.6892696535654212,0.8887409722744303,0.38620434442029444,0.772408659620978,2.9219610827600484e-08,0.20897608995437622
a3913,/mnt/data_disk/HDRData/1000hdr/HDRtest/a3913-IMG_0289.exr,/mnt/data_disk/ZQL/TIP_TMO_result/tradition/Ashikhmin/a3913.png,341,512,0.7736983535840541,0.6141208221601877,0.2919769336699911,0.35744168616961397,0.7148159839755415,6.738836368643917e-05,0.12163908779621124
a3914,/mnt/data_disk/HDRData/1000hdr/HDRtest/a3914-DSC_0002-1.exr,/mnt/data_disk/ZQL/TIP_TMO_result/tradition/Ashikhmin/a3914.png,340,512,0.908133366391024,0.8320921848921549,0.6756150843607212,0.4600406407922071,0.8331124204222242,0.08696886116218998,0.16219505667686462
a3919,/mnt/data_disk/HDRData/1000hdr/HDRtest/a3919-KE_-1608.exr,/mnt/data_disk/ZQL/TIP_TMO_result/tradition/Ashikhmin/a3919.png,340,512,0.8520267175654711,0.6883913039183683,0.5911559499266001,0.3372914511877951,0.6745829023250324,5.055774949536265e-11,0.17836862802505493
a3923,/mnt/data_disk/HDRData/1000hdr/HDRtest/a3923-_DSC0095.exr,/mnt/data_disk/ZQL/TIP_TMO_result/tradition/Ashikhmin/a3923.png,340,512,0.8666488457273396,0.762207143934174,0.5435552958357993,0.4503201638439144,0.8733450070550146,0.027295320632814122,0.15630534291267395
a3924,/mnt/data_disk/HDRData/1000hdr/HDRtest/a3924-_DSC6358.exr,/mnt/data_disk/ZQL/TIP_TMO_result/tradition/Ashikhmin/a3924.png,341,512,0.703073552608058,0.48307180295473684,0.1894575172178581,0.2524310034095814,0.5048620068191628,1.6099187435803608e-27,0.25734201073646545
a3926,/mnt/data_disk/HDRData/1000hdr/HDRtest/a3926-dgw_077.exr,/mnt/data_disk/ZQL/TIP_TMO_result/tradition/Ashikhmin/a3926.png,341,512,0.8555151095984865,0.5817832538799543,0.8432780283591127,0.3138854532988522,0.6277709065935463,4.1581427984478964e-12,0.21407687664031982
a3927,/mnt/data_disk/HDRData/1000hdr/HDRtest/a3927-IMG_6048.exr,/mnt/data_disk/ZQL/TIP_TMO_result/tradition/Ashikhmin/a3927.png,341,512,0.8035953970036295,0.7154114637215098,0.2773244400198011,0.41213151293450473,0.8236373177109088,0.0006257081581007473,0.22635973989963531
a3930,/mnt/data_disk/HDRData/1000hdr/HDRtest/a3930-IMG_5083.exr,/mnt/data_disk/ZQL/TIP_TMO_result/tradition/Ashikhmin/a3930.png,341,512,0.9366770558779017,0.8292490518297314,0.8684889872088336,0.4158152907023253,0.8312825959284208,0.0003479854762298001,0.22517086565494537
a3931,/mnt/data_disk/HDRData/1000hdr/HDRtest/a3931-_DGW6259.exr,/mnt/data_disk/ZQL/TIP_TMO_result/tradition/Ashikhmin/a3931.png,341,512,0.751972915207809,0.30275452059844404,0.9745195275046763,0.24650483346895422,0.49300966693772696,1.8148528634728686e-13,0.34519293904304504
a3940,/mnt/data_disk/HDRData/1000hdr/HDRtest/a3940-20050602_180025__MG_2820.exr,/mnt/data_disk/ZQL/TIP_TMO_result/tradition/Ashikhmin/a3940.png,341,512,0.9196605226267318,0.83539046806337,0.743769932891684,0.48621450384896303,0.913547328934259,0.05888167876366699,0.18548361957073212
a3943,/mnt/data_disk/HDRData/1000hdr/HDRtest/a3943-_DSC0054.exr,/mnt/data_disk/ZQL/TIP_TMO_result/tradition/Ashikhmin/a3943.png,340,512,0.9104886283896638,0.8426862725662762,0.6720105604517469,0.457963767889966,0.8762471830159588,0.03968035276397319,0.1406761258840561
a3947,/mnt/data_disk/HDRData/1000hdr/HDRtest/a3947-jmac_MG_1444.exr,/mnt/data_disk/ZQL/TIP_TMO_result/tradition/Ashikhmin/a3947.png,341,512,0.8756350411285581,0.8298999023310536,0.48290681255864326,0.49076664193660124,0.8723573410146551,0.1091759428585474,0.1512443572282791
a3948,/mnt/data_disk/HDRData/1000hdr/HDRtest/a3948-_DSC0045.exr,/mnt/data_disk/ZQL/TIP_TMO_result/tradition/Ashikhmin/a3948.png,340,512,0.8504805835469691,0.6824976901859464,0.5931311100600718,0.427262636702269,0.8419965053372046,0.012528768067333334,0.1937253773212433
a3954,/mnt/data_disk/HDRData/1000hdr/HDRtest/a3954-_MG_0841.exr,/mnt/data_disk/ZQL/TIP_TMO_result/tradition/Ashikhmin/a3954.png,341,512,0.8139986316652262,0.8882763213713905,0.1085438163434111,0.433319412060156,0.8666388239827771,1.375348515850192e-10,0.2695501148700714
a3958,/mnt/data_disk/HDRData/1000hdr/HDRtest/a3958-_DSC3890.exr,/mnt/data_disk/ZQL/TIP_TMO_result/tradition/Ashikhmin/a3958.png,341,512,0.973272248223407,0.9284565997769064,0.9380160673769371,0.6595265965944261,0.8974627163692541,0.4215904768195982,0.10401090979576111
a3961,/mnt/data_disk/HDRData/1000hdr/HDRtest/a3961-_DSC0049.exr,/mnt/data_disk/ZQL/TIP_TMO_result/tradition/Ashikhmin/a3961.png,340,512,0.8059226875490196,0.6945945601758609,0.3212913688064457,0.49316976014959446,0.8037331909563593,0.1826063293428296,0.1168605163693428
a3963,/mnt/data_disk/HDRData/1000hdr/HDRtest/a3963-jmac_DSC3835.exr,/mnt/data_disk/ZQL/TIP_TMO_result/tradition/Ashikhmin/a3963.png,340,512,0.7914098739937397,0.7579668273745763,0.16344841035861635,0.4316682886442192,0.8632249117546644,0.00011166553377390791,0.2140296995639801
a3964,/mnt/data_disk/HDRData/1000hdr/HDRtest/a3964-NKIM_MG_6716.exr,/mnt/data_disk/ZQL/TIP_TMO_result/tradition/Ashikhmin/a3964.png,341,512,0.832822044365517,0.7046805977636473,0.4486829106445443,0.3438282366139858,0.6876564732279715,7.226353237640702e-17,0.19717387855052948
a3970,/mnt/data_disk/HDRData/1000hdr/HDRtest/a3970-WP_Amanda_3rd_bday014.exr,/mnt/data_disk/ZQL/TIP_TMO_result/tradition/Ashikhmin/a3970.png,341,512,0.8980583715232501,0.7856765949964548,0.6950356749276377,0.4163311004994907,0.832662200998941,4.039506001145238e-14,0.09163916856050491
a3973,/mnt/data_disk/HDRData/1000hdr/HDRtest/a3973-DSC_0068-2.exr,/mnt/data_disk/ZQL/TIP_TMO_result/tradition/Ashikhmin/a3973.png,340,512,0.8837339272863854,0.8685362624434049,0.46880886547385453,0.46842979659019685,0.9366512791220833,0.0002083140583103186,0.11040151864290237
a3975,/mnt/data_disk/HDRData/1000hdr/HDRtest/a3975-jmac_MG_5721.exr,/mnt/data_disk/ZQL/TIP_TMO_result/tradition/Ashikhmin/a3975.png,341,512,0.9377259716206869,0.920877177745338,0.7128330769422733,0.44550234737553757,0.890406003679934,0.000598691071141048,0.14168184995651245
a3976,/mnt/data_disk/HDRData/1000hdr/HDRtest/a3976-Ja_Pe-10.exr,/mnt/data_disk/ZQL/TIP_TMO_result/tradition/Ashikhmin/a3976.png,288,512,0.9479123442952171,0.8709388909030478,0.8674215773884174,0.5347284477728325,0.9183597650862706,0.15109713045939438,0.17700105905532837
a3991,/mnt/data_disk/HDRData/1000hdr/HDRtest/a3991-DSC_0005-2.exr,/mnt/data_disk/ZQL/TIP_TMO_result/tradition/Ashikhmin/a3991.png,340,512,0.9090266482664767,0.8373055056074701,0.6721398158488208,0.4278487762896105,0.8449234825164714,0.010774070062749516,0.164361372590065
a3992,/mnt/data_disk/HDRData/1000hdr/HDRtest/a3992-KE_-0044.exr,/mnt/data_disk/ZQL/TIP_TMO_result/tradition/Ashikhmin/a3992.png,340,512,0.8001413805534298,0.5490272665600923,0.565296998395502,0.6329786418748693,0.9113935289130579,0.3545637548366806,0.1025523990392685
a3993,/mnt/data_disk/HDRData/1000hdr/HDRtest/a3993-IMG_2812.exr,/mnt/data_disk/ZQL/TIP_TMO_result/tradition/Ashikhmin/a3993.png,341,512,0.6660483743398685,0.5242529586295506,0.010591939540352558,0.3966818450496892,0.7933636900993783,2.4112660390707277e-21,0.15996994078159332
a3995,/mnt/data_disk/HDRData/1000hdr/HDRtest/a3995-IMG_0187.exr,/mnt/data_disk/ZQL/TIP_TMO_result/tradition/Ashikhmin/a3995.png,341,512,0.8930561048051235,0.6971377551846725,0.8369414143375049,0.4116059073216508,0.8232092481884946,2.566454806989623e-06,0.20527835190296173
a4001,/mnt/data_disk/HDRData/1000hdr/HDRtest/a4001-jn_20070824_0168.exr,/mnt/data_disk/ZQL/TIP_TMO_result/tradition/Ashikhmin/a4001.png,341,512,0.7891339312007009,0.7394962222179752,0.17716514524052748,0.4153348611842396,0.8306683032014518,1.4191670274304971e-06,0.1447252333164215
a4003,/mnt/data_disk/HDRData/1000hdr/HDRtest/a4003-NKIM_MG_6603.exr,/mnt/data_disk/ZQL/TIP_TMO_result/tradition/Ashikhmin/a4003.png,341,512,0.8190750440739313,0.8313754266199802,0.1919144201400166,0.41086175315893114,0.8217234332630518,7.305481054363569e-08,0.2036014348268509
a4004,/mnt/data_disk/HDRData/1000hdr/HDRtest/a4004-050812_113412__MG_3770.exr,/mnt/data_disk/ZQL/TIP_TMO_result/tradition/Ashikhmin/a4004.png,341,512,0.7798075598827,0.8364436671697568,0.042032656859882916,0.4355546336878318,0.8711092673744585,1.2051031579823426e-12,0.12042713165283203
a4007,/mnt/data_disk/HDRData/1000hdr/HDRtest/a4007-_MG_7167.exr,/mnt/data_disk/ZQL/TIP_TMO_result/tradition/Ashikhmin/a4007.png,341,512,0.8174656110296,0.7552909808097569,0.2862387766739752,0.38789854438222243,0.7757954324062941,1.6563581507273745e-06,0.2707430422306061
a4008,/mnt/data_disk/HDRData/1000hdr/HDRtest/a4008-dgw_019.exr,/mnt/data_disk/ZQL/TIP_TMO_result/tradition/Ashikhmin/a4008.png,341,512,0.8198146659972371,0.7108945352959971,0.3670984354923407,0.31768281336827836,0.6346039664285305,0.0007616603080262521,0.22162409126758575
a4009,/mnt/data_disk/HDRData/1000hdr/HDRtest/a4009-jmac_MG_7717.exr,/mnt/data_disk/ZQL/TIP_TMO_result/tradition/Ashikhmin/a4009.png,341,512,0.8637701881513945,0.8143010363561743,0.44040081860578295,0.4087691150059011,0.8175379011565022,3.2885529997635475e-07,0.27938392758369446
a4013,/mnt/data_disk/HDRData/1000hdr/HDRtest/a4013-_I2E6911.exr,/mnt/data_disk/ZQL/TIP_TMO_result/tradition/Ashikhmin/a4013.png,341,512,0.9115574581191328,0.7520519401457721,0.848622316445891,0.3471546603849806,0.6937379198565299,0.0005714009134313123,0.3094131350517273
a4014,/mnt/data_disk/HDRData/1000hdr/HDRtest/a4014-JI2E4114.exr,/mnt/data_disk/ZQL/TIP_TMO_result/tradition/Ashikhmin/a4014.png,341,512,0.8635562076771841,0.7990474211437906,0.46353708672730004,0.41197166304779975,0.8239421842435384,1.1418520611031263e-06,0.2474164068698883
a4017,/mnt/data_disk/HDRData/1000hdr/HDRtest/a4017-DSC_0023.exr,/mnt/data_disk/ZQL/TIP_TMO_result/tradition/Ashikhmin/a4017.png,340,512,0.9501951441111884,0.854061120651058,0.9144112225826831,0.7376326299115601,0.9240920229391035,0.5511732368840166,0.1409761905670166
a4020,/mnt/data_disk/HDRData/1000hdr/HDRtest/a4020-IMG_3763.exr,/mnt/data_disk/ZQL/TIP_TMO_result/tradition/Ashikhmin/a4020.png,341,512,0.8152485224062074,0.6847429708001052,0.3864904842704288,0.4076988098469964,0.814387930667523,0.0010096890264698225,0.15331271290779114
a4025,/mnt/data_disk/HDRData/1000hdr/HDRtest/a4025-IMG_5601.exr,/mnt/data_disk/ZQL/TIP_TMO_result/tradition/Ashikhmin/a4025.png,341,512,0.9311398215703379,0.7996605485270658,0.8875665002693472,0.4098169190610423,0.819402815900244,0.00023102222184057285,0.22062677145004272
a4026,/mnt/data_disk/HDRData/1000hdr/HDRtest/a4026-NKIM_MG_6632.exr,/mnt/data_disk/ZQL/TIP_TMO_result/tradition/Ashikhmin/a4026.png,341,512,0.775905922289805,0.8848644433841237,0.004055268501147117,0.46377404702328273,0.9275480940424663,4.0991860883201784e-12,0.19145053625106812
a4027,/mnt/data_disk/HDRData/1000hdr/HDRtest/a4027-IMG_2393.exr,/mnt/data_disk/ZQL/TIP_TMO_result/tradition/Ashikhmin/a4027.png,341,512,0.9248974677040414,0.7619148671971693,0.9199537843400535,0.5593890733619845,0.8395587491909109,0.27921939753305813,0.17187926173210144
a4028,/mnt/data_disk/HDRData/1000hdr/HDRtest/a4028-060810_105728__MG_6096.exr,/mnt/data_disk/ZQL/TIP_TMO_result/tradition/Ashikhmin/a4028.png,341,512,0.9448943941970406,0.8003210465526838,0.9819553266444986,0.4163507893402549,0.8326946628087698,6.915871739966994e-06,0.1963752955198288
a4038,/mnt/data_disk/HDRData/1000hdr/HDRtest/a4038-Ja_Pe-20.exr,/mnt/data_disk/ZQL/TIP_TMO_result/tradition/Ashikhmin/a4038.png,288,512,0.9279440777016486,0.817798507156168,0.8310315375798801,0.4896606981278416,0.8879297731910332,0.09139162306465003,0.19139215350151062
a4040,/mnt/data_disk/HDRData/1000hdr/HDRtest/a4040-IMG_0233.exr,/mnt/data_disk/ZQL/TIP_TMO_result/tradition/Ashikhmin/a4040.png,341,512,0.8499099238508631,0.6632718025550244,0.6276101179337368,0.38554275452920067,0.7710610460938275,2.446296457376445e-05,0.33756765723228455
a4047,/mnt/data_disk/HDRData/1000hdr/HDRtest/a4047-IMG_1285.exr,/mnt/data_disk/ZQL/TIP_TMO_result/tradition/Ashikhmin/a4047.png,341,512,0.9693211220395836,0.9222518411425078,0.9216678551905367,0.6235900324481449,0.9650473817045652,0.2821326831917247,0.10590213537216187
a4049,/mnt/data_disk/HDRData/1000hdr/HDRtest/a4049-_DSC3858.exr,/mnt/data_disk/ZQL/TIP_TMO_result/tradition/Ashikhmin/a4049.png,341,512,0.7890040311660567,0.5883191448001337,0.4192092867363584,0.37327647106486633,0.7465234979222327,2.9444207499981117e-05,0.328897625207901
a4051,/mnt/data_disk/HDRData/1000hdr/HDRtest/a4051-_DSC0018-3.exr,/mnt/data_disk/ZQL/TIP_TMO_result/tradition/Ashikhmin/a4051.png,340,512,0.9515953736677,0.8544702685013212,0.9233350599628085,0.8551932165574612,0.9160962840732725,0.79429014904165,0.1441093385219574
a4052,/mnt/data_disk/HDRData/1000hdr/HDRtest/a4052-20060620_165511__MG_9535.exr,/mnt/data_disk/ZQL/TIP_TMO_result/tradition/Ashikhmin/a4052.png,341,512,0.9206592890077191,0.8776200803926292,0.6764578319449953,0.4147466514983776,0.8235819356155024,0.005911367381252767,0.21894608438014984
a4060,/mnt/data_disk/HDRData/1000hdr/HDRtest/a4060-_DSC5597.exr,/mnt/data_disk/ZQL/TIP_TMO_result/tradition/Ashikhmin/a4060.png,341,512,0.913471166531302,0.738519595221127,0.8892591053058031,0.40560133031744083,0.8068198546185853,0.004382806016296355,0.2568381130695343
a4064,/mnt/data_disk/HDRData/1000hdr/HDRtest/a4064-07-12-02-at-16h23m18s-_MG_9020.exr,/mnt/data_disk/ZQL/TIP_TMO_result/tradition/Ashikhmin/a4064.png,341,512,0.8358276999711994,0.8235296384346714,0.27997314616360924,0.36322787443755433,0.7264541414184317,1.6074566769894366e-06,0.22750714421272278
a4068,/mnt/data_disk/HDRData/1000hdr/HDRtest/a4068-tc_DSC2612.exr,/mnt/data_disk/ZQL/TIP_TMO_result/tradition/Ashikhmin/a4068.png,340,512,0.8752611888995345,0.6902050150416503,0.7336971923227092,0.31816455920869846,0.5507311923897594,0.08559792602763751,0.2163858562707901
a4075,/mnt/data_disk/HDRData/1000hdr/HDRtest/a4075-JI2E0444.exr,/mnt/data_disk/ZQL/TIP_TMO_result/tradition/Ashikhmin/a4075.png,341,512,0.8927695473664802,0.6597807052950787,0.916536371249174,0.3927703629846615,0.7855208526797428,1.9873289580170655e-05,0.3191705048084259
a4076,/mnt/data_disk/HDRData/1000hdr/HDRtest/a4076-_DGW6244.exr,/mnt/data_disk/ZQL/TIP_TMO_result/tradition/Ashikhmin/a4076.png,341,512,0.8137915433514195,0.5275178884467194,0.7001450744044551,0.38947972588441254,0.7789439626131356,1.5489155689472203e-05,0.36753469705581665
a4080,/mnt/data_disk/HDRData/1000hdr/HDRtest/a4080-IMG_3765.exr,/mnt/data_disk/ZQL/TIP_TMO_result/tradition/Ashikhmin/a4080.png,341,512,0.9026118467897861,0.7810970396469409,0.7328493565413905,0.48004927990515905,0.8327448866984127,0.12735367311190537,0.21272049844264984
a4085,/mnt/data_disk/HDRData/1000hdr/HDRtest/a4085-_MG_2385.exr,/mnt/data_disk/ZQL/TIP_TMO_result/tradition/Ashikhmin/a4085.png,341,512,0.917780806205703,0.8363846412502726,0.7297810758885267,0.4234629580588991,0.8080093371598162,0.03891657895798204,0.157681405544281
a4087,/mnt/data_disk/HDRData/1000hdr/HDRtest/a4087-NKIM_MG_6395.exr,/mnt/data_disk/ZQL/TIP_TMO_result/tradition/Ashikhmin/a4087.png,341,512,0.7756462211872467,0.7502999739947019,0.1099603623621195,0.4055069633482279,0.8110139266962824,1.7343467342553306e-13,0.3099749982357025
a4088,/mnt/data_disk/HDRData/1000hdr/HDRtest/a4088-dvf_041.exr,/mnt/data_disk/ZQL/TIP_TMO_result/tradition/Ashikhmin/a4088.png,341,512,0.9201105874801735,0.8147660647833525,0.7844762307061964,0.3993896364202987,0.7987792728326529,7.944377403095214e-12,0.10237061232328415
a4091,/mnt/data_disk/HDRData/1000hdr/HDRtest/a4091-_DSC0041.exr,/mnt/data_disk/ZQL/TIP_TMO_result/tradition/Ashikhmin/a4091.png,340,512,0.8960897724754899,0.7812216172364644,0.6906970985579157,0.4716253910137876,0.8282499621492824,0.11500081987829283,0.17883245646953583
a4092,/mnt/data_disk/HDRData/1000hdr/HDRtest/a4092-07-12-03-at-09h35m54s-_MG_9192.exr,/mnt/data_disk/ZQL/TIP_TMO_result/tradition/Ashikhmin/a4092.png,341,512,0.8132217151207023,0.7824656984295716,0.22796010826390448,0.422117956786737,0.8442358903331214,2.324035263015573e-08,0.32839158177375793
a4093,/mnt/data_disk/HDRData/1000hdr/HDRtest/a4093-jn_20071117-031.exr,/mnt/data_disk/ZQL/TIP_TMO_result/tradition/Ashikhmin/a4093.png,341,512,0.9020680141731283,0.7072752152787847,0.8766177801912233,0.39332026773842976,0.7848130838131457,0.0018274516637138362,0.3171558976173401
a4096,/mnt/data_disk/HDRData/1000hdr/HDRtest/a4096-jmac_MG_0095.exr,/mnt/data_disk/ZQL/TIP_TMO_result/tradition/Ashikhmin/a4096.png,341,512,0.7957638704607967,0.7589998690967847,0.18065539803112943,0.3014792301244463,0.5881072880627025,0.014851172186190049,0.17985300719738007
a4097,/mnt/data_disk/HDRData/1000hdr/HDRtest/a4097-20080623_at_14h52m36__MG_9904.exr,/mnt/data_disk/ZQL/TIP_TMO_result/tradition/Ashikhmin/a4097.png,341,512,0.9073477852486158,0.9147630863633205,0.5349453948103017,0.5528873057932989,0.9050700384903531,0.20070457309624481,0.1469188630580902
a4099,/mnt/data_disk/HDRData/1000hdr/HDRtest/a4099-_DSC0014-2.exr,/mnt/data_disk/ZQL/TIP_TMO_result/tradition/Ashikhmin/a4099.png,340,512,0.9585232648943024,0.8883266867132967,0.9083567453122893,0.5093107636437266,0.9332739165790417,0.08534761070841151,0.1259075254201889
a4101,/mnt/data_disk/HDRData/1000hdr/HDRtest/a4101-IMG_5823.exr,/mnt/data_disk/ZQL/TIP_TMO_result/tradition/Ashikhmin/a4101.png,341,512,0.7633719057016242,0.6553702337069993,0.1798897978661575,0.3461993461635489,0.6923559070490155,4.2785278082373675e-05,0.1925281584262848
a4102,/mnt/data_disk/HDRData/1000hdr/HDRtest/a4102-07-06-30-at-11h38m56s-_MG_1997.exr,/mnt/data_disk/ZQL/TIP_TMO_result/tradition/Ashikhmin/a4102.png,341,512,0.8957340226860798,0.8387347118294591,0.5872698858044432,0.4631155468543576,0.919225683820367,0.007005409888348188,0.22248125076293945
a4104,/mnt/data_disk/HDRData/1000hdr/HDRtest/a4104-DSC_0260.exr,/mnt/data_disk/ZQL/TIP_TMO_result/tradition/Ashikhmin/a4104.png,340,512,0.9344997292669132,0.8723595748852843,0.7750037258618719,0.5041005589393137,0.7773633450274172,0.23083777285121027,0.09074559807777405
a4105,/mnt/data_disk/HDRData/1000hdr/HDRtest/a4105-07-11-26-at-16h02m57s-_MG_7151.exr,/mnt/data_disk/ZQL/TIP_TMO_result/tradition/Ashikhmin/a4105.png,341,512,0.8270737432714867,0.7060021350967166,0.41446251340789503,0.3832059654574241,0.7650699205772722,0.0013420103375759813,0.24507655203342438
a4107,/mnt/data_disk/HDRData/1000hdr/HDRtest/a4107-dvf_018.exr,/mnt/data_disk/ZQL/TIP_TMO_result/tradition/Ashikhmin/a4107.png,341,512,0.752831954242924,0.6328980293121048,0.16671523993769685,0.34631047029440665,0.6926209405888133,8.228499785416772e-26,0.16599774360656738
a4108,/mnt/data_disk/HDRData/1000hdr/HDRtest/a4108-MB_080329_057.exr,/mnt/data_disk/ZQL/TIP_TMO_result/tradition/Ashikhmin/a4108.png,341,512,0.8387815826813713,0.8321567650429257,0.28268506847240965,0.37399436713700007,0.7479553936581859,3.334061581425225e-05,0.3294776976108551
a4110,/mnt/data_disk/HDRData/1000hdr/HDRtest/a4110-dgw_069.exr,/mnt/data_disk/ZQL/TIP_TMO_result/tradition/Ashikhmin/a4110.png,341,512,0.8790965627314244,0.731505556851422,0.6763607350278764,0.4201246313952271,0.8333199645375171,0.006929298252937143,0.3207360506057739
a4113,/mnt/data_disk/HDRData/1000hdr/HDRtest/a4113-IMG_2800.exr,/mnt/data_disk/ZQL/TIP_TMO_result/tradition/Ashikhmin/a4113.png,341,512,0.7990514807810329,0.8176617446142876,0.1248940825604354,0.3017690266186258,0.6005061126358269,0.003031940601424754,0.14177055656909943
a4116,/mnt/data_disk/HDRData/1000hdr/HDRtest/a4116-IMG_2042.exr,/mnt/data_disk/ZQL/TIP_TMO_result/tradition/Ashikhmin/a4116.png,341,512,0.8493323581907867,0.8006171268033778,0.38253806260952555,0.377920218733169,0.7558404374643372,2.0008334651705846e-12,0.0993993878364563
a4117,/mnt/data_disk/HDRData/1000hdr/HDRtest/a4117-050918_141526__MG_5987.exr,/mnt/data_disk/ZQL/TIP_TMO_result/tradition/Ashikhmin/a4117.png,341,512,0.8275936729506872,0.7318334491966486,0.37435815923523763,0.4085435280566203,0.8151957049572295,0.001891351156011168,0.285616397857666
a4124,/mnt/data_disk/HDRData/1000hdr/HDRtest/a4124-20080709_at_10h04m23__MG_4561.exr,/mnt/data_disk/ZQL/TIP_TMO_result/tradition/Ashikhmin/a4124.png,341,512,0.8831381838965112,0.7340229423662483,0.6972188218762841,0.42903203430025805,0.8502273906312121,0.007836677969304,0.21027974784374237
a4127,/mnt/data_disk/HDRData/1000hdr/HDRtest/a4127-DSC_0152.exr,/mnt/data_disk/ZQL/TIP_TMO_result/tradition/Ashikhmin/a4127.png,340,512,0.8823316650578538,0.9072549589579179,0.4038005673302074,0.46232010280553215,0.9198433078956685,0.004796897715395796,0.11676012724637985
a4131,/mnt/data_disk/HDRData/1000hdr/HDRtest/a4131-DSC_0001-2.exr,/mnt/data_disk/ZQL/TIP_TMO_result/tradition/Ashikhmin/a4131.png,340,512,0.8632490439378846,0.7947591347521675,0.4687555234458189,0.4429644099783666,0.8370075201428131,0.04892129981392009,0.12860478460788727
a4134,/mnt/data_disk/HDRData/1000hdr/HDRtest/a4134-IMG_0086.exr,/mnt/data_disk/ZQL/TIP_TMO_result/tradition/Ashikhmin/a4134.png,341,512,0.9396269088364393,0.8852122892057392,0.7861995901367577,0.505714573355238,0.9280000350582626,0.08342911165221338,0.136325404047966
a4142,/mnt/data_disk/HDRData/1000hdr/HDRtest/a4142-_DGW6275.exr,/mnt/data_disk/ZQL/TIP_TMO_result/tradition/Ashikhmin/a4142.png,341,512,0.7772873304384024,0.7983042621850999,0.06685270651540133,0.3420648877351111,0.6841297754225248,4.769743819428711e-11,0.25443801283836365
a4143,/mnt/data_disk/HDRData/1000hdr/HDRtest/a4143-LSCRW_0029.exr,/mnt/data_disk/ZQL/TIP_TMO_result/tradition/Ashikhmin/a4143.png,384,512,0.8781737828033103,0.9013125794579856,0.389690137888003,0.44336748791622355,0.8794095852414054,0.007325390591041695,0.10924948006868362
a4144,/mnt/data_disk/HDRData/1000hdr/HDRtest/a4144-050623_122602__MG_3246.exr,/mnt/data_disk/ZQL/TIP_TMO_result/tradition/Ashikhmin/a4144.png,341,512,0.8707054982385575,0.8678785781376241,0.3973603844364877,0.4522827114801507,0.9044350695517132,0.00013035340858825477,0.16852304339408875
a4150,/mnt/data_disk/HDRData/1000hdr/HDRtest/a4150-_DGW6309.exr,/mnt/data_disk/ZQL/TIP_TMO_result/tradition/Ashikhmin/a4150.png,341,512,0.827009329057043,0.6684387036059871,0.4809132809233406,0.4067775424592238,0.8135165282233812,3.8556695066511964e-05,0.3466368317604065
a4151,/mnt/data_disk/HDRData/1000hdr/HDRtest/a4151-dvf_026.exr,/mnt/data_disk/ZQL/TIP_TMO_result/tradition/Ashikhmin/a4151.png,341,512,0.910258675083556,0.7112522380850581,0.924512933578295,0.37479984881337536,0.7495996858796218,1.1747128929668251e-08,0.26998406648635864
a4154,/mnt/data_disk/HDRData/1000hdr/HDRtest/a4154-IMG_4620.exr,/mnt/data_disk/ZQL/TIP_TMO_result/tradition/Ashikhmin/a4154.png,341,512,0.864300732018668,0.8090276549402426,0.45172433353472496,0.41831345123401603,0.8365145888620521,0.0001123136059799631,0.20650696754455566
a4155,/mnt/data_disk/HDRData/1000hdr/HDRtest/a4155-WP_CRW_0237.exr,/mnt/data_disk/ZQL/TIP_TMO_result/tradition/Ashikhmin/a4155.png,341,512,0.9298291736410349,0.8530275190614909,0.7786816406455322,0.44712560000781476,0.8905263085462215,0.003724891469407988,0.17483001947402954
a4156,/mnt/data_disk/HDRData/1000hdr/HDRtest/a4156-IMG_0159.exr,/mnt/data_disk/ZQL/TIP_TMO_result/tradition/Ashikhmin/a4156.png,341,512,0.8926268695297013,0.697428891497779,0.833436060826721,0.5097056067711286,0.8712573440722737,0.14815386946998346,0.24036936461925507
a4158,/mnt/data_disk/HDRData/1000hdr/HDRtest/a4158-WP_CRW_4109.exr,/mnt/data_disk/ZQL/TIP_TMO_result/tradition/Ashikhmin/a4158.png,341,512,0.8848177036962475,0.8117665181894658,0.5667478880219702,0.37051817580517926,0.7273196374941108,0.013716714116247745,0.15160134434700012
a4160,/mnt/data_disk/HDRData/1000hdr/HDRtest/a4160-jn_20070824_0167.exr,/mnt/data_disk/ZQL/TIP_TMO_result/tradition/Ashikhmin/a4160.png,341,512,0.8874254846444608,0.8053365550578226,0.5935573709539085,0.42210987798213867,0.8441637062788684,5.604968540891343e-05,0.32147693634033203
a4161,/mnt/data_disk/HDRData/1000hdr/HDRtest/a4161-tc_DSC2218.exr,/mnt/data_disk/ZQL/TIP_TMO_result/tradition/Ashikhmin/a4161.png,340,512,0.7884172513964638,0.9333325210663982,0.0038719262692189674,0.43323598968194044,0.8664719793638809,1.1228791497564078e-28,0.22982868552207947
a4167,/mnt/data_disk/HDRData/1000hdr/HDRtest/a4167-IMG_0031.exr,/mnt/data_disk/ZQL/TIP_TMO_result/tradition/Ashikhmin/a4167.png,341,512,0.9522359342569782,0.837099691834995,0.9610222652369873,0.43338571797288233,0.8649119134582917,0.0018595224874729764,0.236576110124588
a4170,/mnt/data_disk/HDRData/1000hdr/HDRtest/a4170-jmac_DSC3333.exr,/mnt/data_disk/ZQL/TIP_TMO_result/tradition/Ashikhmin/a4170.png,343,512,0.9300848872341971,0.742172915343316,0.9974885010187008,0.3609123728816137,0.7218245854423555,1.603208718651675e-07,0.19562329351902008
a4174,/mnt/data_disk/HDRData/1000hdr/HDRtest/a4174-dgw_083.exr,/mnt/data_disk/ZQL/TIP_TMO_result/tradition/Ashikhmin/a4174.png,341,512,0.8122309107843642,0.779749054149653,0.22702149341175226,0.42317316659461524,0.8463462460128516,8.717637887900069e-08,0.3628324866294861
a4177,/mnt/data_disk/HDRData/1000hdr/HDRtest/a4177-jmac_DSC1412.exr,/mnt/data_disk/ZQL/TIP_TMO_result/tradition/Ashikhmin/a4177.png,340,512,0.8333473209657379,0.9215071894510912,0.15015724163841931,0.43253909150023245,0.8650781800512221,2.9492428576981693e-09,0.12812025845050812
a4178,/mnt/data_disk/HDRData/1000hdr/HDRtest/a4178-IMG_0487.exr,/mnt/data_disk/ZQL/TIP_TMO_result/tradition/Ashikhmin/a4178.png,341,512,0.9223123278171466,0.8988976636447654,0.6513525673668995,0.4802027138008686,0.9541956414581482,0.006209786143589055,0.11115479469299316
a4184,/mnt/data_disk/HDRData/1000hdr/HDRtest/a4184-jmac_MG_5507.exr,/mnt/data_disk/ZQL/TIP_TMO_result/tradition/Ashikhmin/a4184.png,341,512,0.903243823736853,0.776104637882884,0.7463820166435754,0.4108455189006964,0.8192715819395173,0.0024194558618755462,0.29192879796028137
a4185,/mnt/data_disk/HDRData/1000hdr/HDRtest/a4185-DSC_0055-2.exr,/mnt/data_disk/ZQL/TIP_TMO_result/tradition/Ashikhmin/a4185.png,340,512,0.8779343468392593,0.8130941318245247,0.5235866289325015,0.42747594080419304,0.8539023163809216,0.0010495652274644513,0.21603868901729584
a4188,/mnt/data_disk/HDRData/1000hdr/HDRtest/a4188-_MG_1604.exr,/mnt/data_disk/ZQL/TIP_TMO_result/tradition/Ashikhmin/a4188.png,341,512,0.9082151668503723,0.7483078554772131,0.833598662337339,0.4586824394647063,0.7455696693730093,0.17179520955640343,0.28317761421203613
a4191,/mnt/data_disk/HDRData/1000hdr/HDRtest/a4191-IMG_4849.exr,/mnt/data_disk/ZQL/TIP_TMO_result/tradition/Ashikhmin/a4191.png,341,512,0.9584171013820174,0.8395979631779892,0.9997722482066198,0.439455444327762,0.8755029914039281,0.0034078972515959754,0.19876524806022644
a4194,/mnt/data_disk/HDRData/1000hdr/HDRtest/a4194-LS051026_day_1_arive50.exr,/mnt/data_disk/ZQL/TIP_TMO_result/tradition/Ashikhmin/a4194.png,341,512,0.9212219951569505,0.7473311351156204,0.924482689922847,0.4946325204984503,0.8554217583445799,0.13384328265232068,0.18237626552581787
a4197,/mnt/data_disk/HDRData/1000hdr/HDRtest/a4197-_MG_6428.exr,/mnt/data_disk/ZQL/TIP_TMO_result/tradition/Ashikhmin/a4197.png,341,512,0.7806642386671429,0.8674555671233756,0.02231489168040038,0.46048277013181216,0.9209655402636243,4.46261646594834e-21,0.1223839521408081
a4198,/mnt/data_disk/HDRData/1000hdr/HDRtest/a4198-_DSC6401.exr,/mnt/data_disk/ZQL/TIP_TMO_result/tradition/Ashikhmin/a4198.png,341,512,0.8367253172238843,0.5496136078142654,0.7955940227068073,0.3765367009889132,0.7528453241290024,0.00022807784882394977,0.30904656648635864
a4199,/mnt/data_disk/HDRData/1000hdr/HDRtest/a4199-jmac_MG_5003.exr,/mnt/data_disk/ZQL/TIP_TMO_result/tradition/Ashikhmin/a4199.png,341,512,0.8291631017069383,0.6933023235028396,0.4481388387842221,0.38161359843387405,0.7606937176941294,0.002533479173618732,0.34048891067504883
a4201,/mnt/data_disk/HDRData/1000hdr/HDRtest/a4201-_DSC0120.exr,/mnt/data_disk/ZQL/TIP_TMO_result/tradition/Ashikhmin/a4201.png,340,512,0.9071441257011961,0.7841883429229618,0.7565411313130362,0.5159678399981538,0.7720792882157506,0.25985639178055703,0.2771330177783966
a4202,/mnt/data_disk/HDRData/1000hdr/HDRtest/a4202-DSC_0439.exr,/mnt/data_disk/ZQL/TIP_TMO_result/tradition/Ashikhmin/a4202.png,343,512,0.9422808906400983,0.8399643097713063,0.8865142901250557,0.5546079649646725,0.8856923730069386,0.22352355692240636,0.1874437928199768
a4204,/mnt/data_disk/HDRData/1000hdr/HDRtest/a4204-_DGW7870.exr,/mnt/data_disk/ZQL/TIP_TMO_result/tradition/Ashikhmin/a4204.png,341,512,0.7832736291982317,0.7322174102979947,0.1616717065412423,0.4245415646094783,0.8490819766968635,1.1525220930607475e-06,0.13470402359962463
a4212,/mnt/data_disk/HDRData/1000hdr/HDRtest/a4212-Duggan_090321_5925.exr,/mnt/data_disk/ZQL/TIP_TMO_result/tradition/Ashikhmin/a4212.png,341,512,0.8378610501607903,0.7121722606661062,0.46401773597046014,0.42221265091763377,0.8442568061642514,0.00016849567101613174,0.23807202279567719
a4214,/mnt/data_disk/HDRData/1000hdr/HDRtest/a4214-DSC_0267.exr,/mnt/data_disk/ZQL/TIP_TMO_result/tradition/Ashikhmin/a4214.png,343,512,0.914399438713158,0.9024856004408526,0.5965846384263637,0.4969900543465444,0.9463784496357217,0.04760165905736717,0.16115553677082062
a4216,/mnt/data_disk/HDRData/1000hdr/HDRtest/a4216-DSC_0118.exr,/mnt/data_disk/ZQL/TIP_TMO_result/tradition/Ashikhmin/a4216.png,343,512,0.9668635131312145,0.8826128473537481,0.9771181916076743,0.4750180941601082,0.9209209121158853,0.029115276204331093,0.169751837849617
a4220,/mnt/data_disk/HDRData/1000hdr/HDRtest/a4220-Duggan_090305_5359.exr,/mnt/data_disk/ZQL/TIP_TMO_result/tradition/Ashikhmin/a4220.png,341,512,0.8703697108379613,0.75291221213517,0.5824093539503704,0.4040622832600161,0.8081245665047052,1.532697532698434e-11,0.2510586082935333
a4228,/mnt/data_disk/HDRData/1000hdr/HDRtest/a4228-DSC_0037-2.exr,/mnt/data_disk/ZQL/TIP_TMO_result/tradition/Ashikhmin/a4228.png,340,512,0.7875389244584591,0.8565907547577664,0.04839781028093806,0.4442541954596466,0.8885083909192656,2.764787798196351e-14,0.11971042305231094
a4230,/mnt/data_disk/HDRData/1000hdr/HDRtest/a4230-Duggan_090426_7798.exr,/mnt/data_disk/ZQL/TIP_TMO_result/tradition/Ashikhmin/a4230.png,341,512,0.8618994700604671,0.6597338959607828,0.7105460350163295,0.4021575223663443,0.804314776187533,2.685451555045019e-07,0.23403410613536835
a4231,/mnt/data_disk/HDRData/1000hdr/HDRtest/a4231-Duggan_080326_5786.exr,/mnt/data_disk/ZQL/TIP_TMO_result/tradition/Ashikhmin/a4231.png,341,512,0.9056444799328387,0.7575726420356553,0.7979849810034833,0.492240750822563,0.8489407176879527,0.13554078395717334,0.12942086160182953
a4232,/mnt/data_disk/HDRData/1000hdr/HDRtest/a4232-Duggan_090323_6181.exr,/mnt/data_disk/ZQL/TIP_TMO_result/tradition/Ashikhmin/a4232.png,341,512,0.8467525340853099,0.7550380821151985,0.4409965302115521,0.3817492462542902,0.7631568054742661,0.0003416870343142003,0.3104861080646515
a4235,/mnt/data_disk/HDRData/1000hdr/HDRtest/a4235-DSC_0433.exr,/mnt/data_disk/ZQL/TIP_TMO_result/tradition/Ashikhmin/a4235.png,343,512,0.942427862906052,0.8075821333091071,0.9501366844796921,0.36778488810805265,0.7337324842064933,0.0018372920096120227,0.1972668468952179
a4236,/mnt/data_disk/HDRData/1000hdr/HDRtest/a4236-DSC_0384.exr,/mnt/data_disk/ZQL/TIP_TMO_result/tradition/Ashikhmin/a4236.png,343,512,0.8869813379658223,0.8600934999421634,0.5005765356904897,0.5397274342614031,0.9318310503864177,0.1476238181363887,0.1378944367170334
a4237,/mnt/data_disk/HDRData/1000hdr/HDRtest/a4237-20090417_at_18h06m01__MG_1955.exr,/mnt/data_disk/ZQL/TIP_TMO_result/tradition/Ashikhmin/a4237.png,341,512,0.8527784547799728,0.7281169791508049,0.5219250718474395,0.31073095978521537,0.6214615863586813,3.3321174942606297e-07,0.18221239745616913
a4238,/mnt/data_disk/HDRData/1000hdr/HDRtest/a4238-Duggan_090320_5609.exr,/mnt/data_disk/ZQL/TIP_TMO_result/tradition/Ashikhmin/a4238.png,341,512,0.819791472463291,0.786698258696834,0.2530136626162586,0.4250713359507607,0.8501425972120275,7.468949390281228e-08,0.20301584899425507
a4239,/mnt/data_disk/HDRData/1000hdr/HDRtest/a4239-Duggan_080114_4429.exr,/mnt/data_disk/ZQL/TIP_TMO_result/tradition/Ashikhmin/a4239.png,341,512,0.8506414997468384,0.7882386484675628,0.40883543368026265,0.34262554634758696,0.6852291026035999,2.1990091574011135e-05,0.16764375567436218
a4244,/mnt/data_disk/HDRData/1000hdr/HDRtest/a4244-Duggan_090504_8959.exr,/mnt/data_disk/ZQL/TIP_TMO_result/tradition/Ashikhmin/a4244.png,341,512,0.7364471375646318,0.606297807737197,0.13670253292342133,0.3896221551190062,0.7791883739155525,5.593632245996756e-05,0.1998082548379898
a4246,/mnt/data_disk/HDRData/1000hdr/HDRtest/a4246-Duggan_090330_6226.exr,/mnt/data_disk/ZQL/TIP_TMO_result/tradition/Ashikhmin/a4246.png,341,512,0.9025242542605912,0.7116338326129582,0.8705165411911804,0.3780074342286514,0.7560101355176516,4.732939651212951e-06,0.22149798274040222
a4249,/mnt/data_disk/HDRData/1000hdr/HDRtest/a4249-Duggan_090322_6001.exr,/mnt/data_disk/ZQL/TIP_TMO_result/tradition/Ashikhmin/a4249.png,341,512,0.8852836773703276,0.7271585098825393,0.7243931426566227,0.40330112306049803,0.8065586395186835,4.360660231266218e-05,0.2690708637237549
a4254,/mnt/data_disk/HDRData/1000hdr/HDRtest/a4254-DSC_0066.exr,/mnt/data_disk/ZQL/TIP_TMO_result/tradition/Ashikhmin/a4254.png,340,512,0.8037128875166292,0.8317619388396688,0.1277175500945737,0.4210281779838277,0.8420563524255,3.5421553575801444e-09,0.11680144816637039
a4258,/mnt/data_disk/HDRData/1000hdr/HDRtest/a4258-_DSC0012-4.exr,/mnt/data_disk/ZQL/TIP_TMO_result/tradition/Ashikhmin/a4258.png,340,512,0.9015264889186578,0.8399025027430967,0.6207907011792778,0.46700882597681187,0.9270014603807102,0.007016191572913542,0.06818217039108276
a4262,/mnt/data_disk/HDRData/1000hdr/HDRtest/a4262-DSC_0065.exr,/mnt/data_disk/ZQL/TIP_TMO_result/tradition/Ashikhmin/a4262.png,340,512,0.8638345487638023,0.8426868241180318,0.3972696968145284,0.4015794599790757,0.7817004017217889,0.021458518236362422,0.12429609894752502
a4266,/mnt/data_disk/HDRData/1000hdr/HDRtest/a4266-DSC_0426.exr,/mnt/data_disk/ZQL/TIP_TMO_result/tradition/Ashikhmin/a4266.png,343,512,0.8751683799284774,0.6856911753918875,0.7423759533745324,0.46034343273381956,0.8638059808422011,0.05688088462543804,0.23431400954723358
a4267,/mnt/data_disk/HDRData/1000hdr/HDRtest/a4267-20090414_at_23h13m08__MG_1367.exr,/mnt/data_disk/ZQL/TIP_TMO_result/tradition/Ashikhmin/a4267.png,341,512,0.7586195799439033,0.596945802238529,0.24771401514144434,0.3208861004502075,0.6417721562922372,4.460817781298824e-08,0.15026487410068512
a4271,/mnt/data_disk/HDRData/1000hdr/HDRtest/a4271-Duggan_090227_5232.exr,/mnt/data_disk/ZQL/TIP_TMO_result/tradition/Ashikhmin/a4271.png,341,512,0.9173150668411847,0.8536766515208839,0.6962755796568473,0.46897745813642505,0.8933236571870008,0.04463125908584933,0.24039575457572937
a4272,/mnt/data_disk/HDRData/1000hdr/HDRtest/a4272-DSC_0398.exr,/mnt/data_disk/ZQL/TIP_TMO_result/tradition/Ashikhmin/a4272.png,343,512,0.6926003722016729,0.4200927563829438,0.2642823919561756,0.24709736702783142,0.4938827663326463,0.0003119677230165363,0.1306915581226349
a4275,/mnt/data_disk/HDRData/1000hdr/HDRtest/a4275-09-05-12-at-17h46m31s-_MG_8890.exr,/mnt/data_disk/ZQL/TIP_TMO_result/tradition/Ashikhmin/a4275.png,341,512,0.9333582007691423,0.8128205258222668,0.877218779757897,0.3808026618744231,0.7505702697989185,0.011035053949927619,0.19121062755584717
a4287,/mnt/data_disk/HDRData/1000hdr/HDRtest/a4287-_DSC0083.exr,/mnt/data_disk/ZQL/TIP_TMO_result/tradition/Ashikhmin/a4287.png,340,512,0.933113862152156,0.8520158332377592,0.8022776034116588,0.5803370591743529,0.8924114580436515,0.2682626603050541,0.14946527779102325
a4291,/mnt/data_disk/HDRData/1000hdr/HDRtest/a4291-20090417_at_18h46m58__MG_2026.exr,/mnt/data_disk/ZQL/TIP_TMO_result/tradition/Ashikhmin/a4291.png,341,512,0.8420603317194312,0.8654365531575118,0.25450172270965205,0.3983270470195298,0.7966445483511183,9.54568794129667e-06,0.1678345650434494
a4297,/mnt/data_disk/HDRData/1000hdr/HDRtest/a4297-_DSC0034.exr,/mnt/data_disk/ZQL/TIP_TMO_result/tradition/Ashikhmin/a4297.png,340,512,0.9447146676130149,0.803473082230684,0.974363836025353,0.43069300198261945,0.8528738595417819,0.008512144423457012,0.16283470392227173
a4298,/mnt/data_disk/HDRData/1000hdr/HDRtest/a4298-Duggan_090504_9090.exr,/mnt/data_disk/ZQL/TIP_TMO_result/tradition/Ashikhmin/a4298.png,341,512,0.8726805217418144,0.9099051945963968,0.3486052613261149,0.4460671171702239,0.8918073315727565,0.0003269027676913462,0.1740267127752304
a4302,/mnt/data_disk/HDRData/1000hdr/HDRtest/a4302-20090425_at_17h00m59__MG_0404.exr,/mnt/data_disk/ZQL/TIP_TMO_result/tradition/Ashikhmin/a4302.png,341,512,0.835851800628123,0.8181663509205158,0.28747517318926297,0.40219425051296,0.8043860522484444,2.4487774755921314e-06,0.2855430543422699
a4304,/mnt/data_disk/HDRData/1000hdr/HDRtest/a4304-09-05-19-at-18h03m17s-_MG_9540.exr,/mnt/data_disk/ZQL/TIP_TMO_result/tradition/Ashikhmin/a4304.png,341,512,0.829747703762072,0.6774271369296914,0.4800482742123879,0.36176900628093994,0.7234792625698183,5.8749992061558434e-05,0.21016761660575867
a4307,/mnt/data_disk/HDRData/1000hdr/HDRtest/a4307-20050328_161219__MG_0628.exr,/mnt/data_disk/ZQL/TIP_TMO_result/tradition/Ashikhmin/a4307.png,341,512,0.9465816190101118,0.8536762295568036,0.8902453868935639,0.42856442365271724,0.8571288473029263,2.5081647869815953e-12,0.11563887447118759
a4308,/mnt/data_disk/HDRData/1000hdr/HDRtest/a4308-Duggan_090209_4996.exr,/mnt/data_disk/ZQL/TIP_TMO_result/tradition/Ashikhmin/a4308.png,341,512,0.8654713894513406,0.8081272478399888,0.4597709124609349,0.4044166149344689,0.7978272841701264,0.01100594569881138,0.28866156935691833
a4310,/mnt/data_disk/HDRData/1000hdr/HDRtest/a4310-DSC_0007.exr,/mnt/data_disk/ZQL/TIP_TMO_result/tradition/Ashikhmin/a4310.png,340,512,0.9282160744752028,0.7585893088191779,0.9498814839057185,0.7399034927905357,0.9247694888661588,0.5550374967149124,0.15535512566566467
a4312,/mnt/data_disk/HDRData/1000hdr/HDRtest/a4312-20090417_at_16h32m44__MG_1867.exr,/mnt/data_disk/ZQL/TIP_TMO_result/tradition/Ashikhmin/a4312.png,341,512,0.8858020755812173,0.6830761444423569,0.8180526809910245,0.3497249511607178,0.6994499003214144,2.000021105203895e-09,0.32316893339157104
a4317,/mnt/data_disk/HDRData/1000hdr/HDRtest/a4317-DSC_0224.exr,/mnt/data_disk/ZQL/TIP_TMO_result/tradition/Ashikhmin/a4317.png,343,512,0.8537528714701332,0.7114662482098378,0.5579944233250729,0.3179148662380336,0.635829724926834,7.549233241201776e-09,0.13906796276569366
a4318,/mnt/data_disk/HDRData/1000hdr/HDRtest/a4318-Duggan_090321_5920.exr,/mnt/data_disk/ZQL/TIP_TMO_result/tradition/Ashikhmin/a4318.png,341,512,0.8998184658797019,0.8890011659581265,0.5303738797828403,0.46647793666511356,0.9295532647622956,0.0034026085679314633,0.1604137122631073
a4319,/mnt/data_disk/HDRData/1000hdr/HDRtest/a4319-DSC_0132.exr,/mnt/data_disk/ZQL/TIP_TMO_result/tradition/Ashikhmin/a4319.png,340,512,0.9441399017923577,0.7953977383268178,0.9865563127776573,0.504400034437381,0.8305698946611066,0.17823017421365545,0.1825239509344101
a4323,/mnt/data_disk/HDRData/1000hdr/HDRtest/a4323-DSC_0010.exr,/mnt/data_disk/ZQL/TIP_TMO_result/tradition/Ashikhmin/a4323.png,343,512,0.9323198626270282,0.7972671874009082,0.9003637481779978,0.37985728536182367,0.7301503213170528,0.029564249406594516,0.23398831486701965
a4324,/mnt/data_disk/HDRData/1000hdr/HDRtest/a4324-DSC_0002.exr,/mnt/data_disk/ZQL/TIP_TMO_result/tradition/Ashikhmin/a4324.png,343,512,0.9051848736298702,0.8152429599705406,0.6867679572573062,0.5065373879215325,0.7253564901611939,0.28771828568187113,0.18222038447856903
a4326,/mnt/data_disk/HDRData/1000hdr/HDRtest/a4326-DSC_0461.exr,/mnt/data_disk/ZQL/TIP_TMO_result/tradition/Ashikhmin/a4326.png,343,512,0.86746553679022,0.720668714841536,0.6242314961023548,0.3415275498295094,0.683055097098215,2.5608038069858207e-09,0.1745748370885849
a4329,/mnt/data_disk/HDRData/1000hdr/HDRtest/a4329-DSC_0028.exr,/mnt/data_disk/ZQL/TIP_TMO_result/tradition/Ashikhmin/a4329.png,340,512,0.843870100065198,0.8439344239597777,0.29175774256558057,0.44383573870601134,0.887487279570906,0.0001841978411167258,0.10696948319673538
a4331,/mnt/data_disk/HDRData/1000hdr/HDRtest/a4331-_DGW0241.exr,/mnt/data_disk/ZQL/TIP_TMO_result/tradition/Ashikhmin/a4331.png,341,512,0.7786094217863349,0.6711725264339776,0.22489779064419857,0.2733502142520444,0.5467002826843702,1.45819718654144e-07,0.1652189940214157
a4335,/mnt/data_disk/HDRData/1000hdr/HDRtest/a4335-Duggan_090123_4520.exr,/mnt/data_disk/ZQL/TIP_TMO_result/tradition/Ashikhmin/a4335.png,341,512,0.9307833004495949,0.7569531220980243,0.9712848068595045,0.38267673769929444,0.7653534146887099,6.070987898258669e-08,0.30258795619010925
a4338,/mnt/data_disk/HDRData/1000hdr/HDRtest/a4338-DSC_0206.exr,/mnt/data_disk/ZQL/TIP_TMO_result/tradition/Ashikhmin/a4338.png,343,512,0.8380927675217628,0.8256917987593622,0.28814712781094265,0.42696022061701255,0.8539204108932478,3.0340777333717824e-08,0.1264679729938507
a4339,/mnt/data_disk/HDRData/1000hdr/HDRtest/a4339-Duggan_090111_4244.exr,/mnt/data_disk/ZQL/TIP_TMO_result/tradition/Ashikhmin/a4339.png,341,512,0.8555501029064974,0.6408956386819321,0.7095950054239801,0.355812529649925,0.7116248554907989,2.0380905108138628e-07,0.26640474796295166
a4340,/mnt/data_disk/HDRData/1000hdr/HDRtest/a4340-DSC_0441.exr,/mnt/data_disk/ZQL/TIP_TMO_result/tradition/Ashikhmin/a4340.png,343,512,0.9029224976111121,0.7132339240243474,0.8698616947039854,0.37981685612000016,0.759478042187602,0.00015567005239831342,0.18773162364959717
a4342,/mnt/data_disk/HDRData/1000hdr/HDRtest/a4342-DSC_0043.exr,/mnt/data_disk/ZQL/TIP_TMO_result/tradition/Ashikhmin/a4342.png,340,512,0.9138690141021693,0.7821378967513625,0.8048600918422508,0.3957469165097352,0.7904143181810958,0.0010795148383746726,0.13893654942512512
a4345,/mnt/data_disk/HDRData/1000hdr/HDRtest/a4345-Duggan_080411_5976.exr,/mnt/data_disk/ZQL/TIP_TMO_result/tradition/Ashikhmin/a4345.png,341,512,0.8802934336036886,0.750849819099898,0.6473041897417289,0.4166236605841431,0.8332473210602892,1.0799698907579655e-10,0.1626477688550949
a4354,/mnt/data_disk/HDRData/1000hdr/HDRtest/a4354-DSC_0347.exr,/mnt/data_disk/ZQL/TIP_TMO_result/tradition/Ashikhmin/a4354.png,343,512,0.8890078712322821,0.8221076942197677,0.5744952292567683,0.4290926404945248,0.844681708716858,0.01350357227219153,0.25128352642059326
a4356,/mnt/data_disk/HDRData/1000hdr/HDRtest/a4356-_DSC1335.exr,/mnt/data_disk/ZQL/TIP_TMO_result/tradition/Ashikhmin/a4356.png,341,512,0.6860722473318374,0.48335398171759203,0.11920054843648548,0.32262589791820756,0.6452515028376347,2.92998780481792e-07,0.08544979989528656
a4357,/mnt/data_disk/HDRData/1000hdr/HDRtest/a4357-Duggan_090124_4645.exr,/mnt/data_disk/ZQL/TIP_TMO_result/tradition/Ashikhmin/a4357.png,341,512,0.9174839519142691,0.7769464046058479,0.8391887794776657,0.3864569390118301,0.7727899666120694,0.00012391141159070654,0.21341554820537567
a4366,/mnt/data_disk/HDRData/1000hdr/HDRtest/a4366-DSC_0447.exr,/mnt/data_disk/ZQL/TIP_TMO_result/tradition/Ashikhmin/a4366.png,343,512,0.9416080572948782,0.9204493758076198,0.7386422043076095,0.5026387669462603,0.91611844158803,0.0891590923044905,0.11620044708251953
a4368,/mnt/data_disk/HDRData/1000hdr/HDRtest/a4368-Duggan_090321_5857.exr,/mnt/data_disk/ZQL/TIP_TMO_result/tradition/Ashikhmin/a4368.png,341,512,0.9361094220336119,0.7997820464112422,0.9215799495192843,0.3700975768195437,0.7401939046935524,1.2489455350170325e-06,0.23378828167915344
a4370,/mnt/data_disk/HDRData/1000hdr/HDRtest/a4370-DSC_0080.exr,/mnt/data_disk/ZQL/TIP_TMO_result/tradition/Ashikhmin/a4370.png,340,512,0.9523801734755313,0.830115720281127,0.9756359481704865,0.4327607573223179,0.8655215047327962,9.911839534955064e-09,0.14093753695487976
a4374,/mnt/data_disk/HDRData/1000hdr/HDRtest/a4374-09-05-19-at-17h54m57s-_MG_9531.exr,/mnt/data_disk/ZQL/TIP_TMO_result/tradition/Ashikhmin/a4374.png,341,512,0.8630116177231808,0.8014002081994014,0.4566589996823715,0.34365483395698665,0.6732423448302461,0.014067323083727122,0.15069136023521423
a4377,/mnt/data_disk/HDRData/1000hdr/HDRtest/a4377-IMG_4929.exr,/mnt/data_disk/ZQL/TIP_TMO_result/tradition/Ashikhmin/a4377.png,341,512,0.8501166702591553,0.8675930980021107,0.2908262065436928,0.4409225177736817,0.8818389375157332,6.098031630231142e-06,0.15350213646888733
a4382,/mnt/data_disk/HDRData/1000hdr/HDRtest/a4382-DSC_0261.exr,/mnt/data_disk/ZQL/TIP_TMO_result/tradition/Ashikhmin/a4382.png,343,512,0.8918322795084577,0.7790922069893013,0.6676184393034383,0.7008542782969067,0.893104865813274,0.5086036907805396,0.19583116471767426
a4384,/mnt/data_disk/HDRData/1000hdr/HDRtest/a4384-DSC_0322.exr,/mnt/data_disk/ZQL/TIP_TMO_result/tradition/Ashikhmin/a4384.png,343,512,0.9162655036388287,0.7723671856775268,0.8399726827631324,0.449878051788881,0.89567041807013,0.004085685507632021,0.14919660985469818
a4385,/mnt/data_disk/HDRData/1000hdr/HDRtest/a4385-_DGW9650.exr,/mnt/data_disk/ZQL/TIP_TMO_result/tradition/Ashikhmin/a4385.png,341,512,0.9045329602521093,0.7162990222642425,0.8744013785396026,0.3567697873886884,0.708079602959716,0.005459971817660873,0.22815291583538055
a4386,/mnt/data_disk/HDRData/1000hdr/HDRtest/a4386-Duggan_090124_4632.exr,/mnt/data_disk/ZQL/TIP_TMO_result/tradition/Ashikhmin/a4386.png,341,512,0.921540132376166,0.8412172334610623,0.7455417894424051,0.407986307710164,0.8158723708498022,0.00010024457052565948,0.15942300856113434
a4392,/mnt/data_disk/HDRData/1000hdr/HDRtest/a4392-Duggan_090331_6554.exr,/mnt/data_disk/ZQL/TIP_TMO_result/tradition/Ashikhmin/a4392.png,341,512,0.8911263795072161,0.7782158093498255,0.6647724731227311,0.4257980943261368,0.8488933609642487,0.002702827688024837,0.27397483587265015
a4394,/mnt/data_disk/HDRData/1000hdr/HDRtest/a4394-Duggan_090127_4837.exr,/mnt/data_disk/ZQL/TIP_TMO_result/tradition/Ashikhmin/a4394.png,341,512,0.8787099919967121,0.6845538811190273,0.7678966491233085,0.3937382959469159,0.781538753004338,0.005937838889493874,0.22445350885391235
a4395,/mnt/data_disk/HDRData/1000hdr/HDRtest/a4395-Duggan_090503_8734.exr,/mnt/data_disk/ZQL/TIP_TMO_result/tradition/Ashikhmin/a4395.png,341,512,0.6667974532367211,0.5412805745604,0.0017689923109888964,0.40680926487814045,0.8136185297562809,1.4874408804500725e-26,0.10801421105861664
a4396,/mnt/data_disk/HDRData/1000hdr/HDRtest/a4396-DSC_0073-2.exr,/mnt/data_disk/ZQL/TIP_TMO_result/tradition/Ashikhmin/a4396.png,340,512,0.9469776753144817,0.8200513627437448,0.957402049585597,0.43496370431343934,0.8668192351195406,0.0031081735073380176,0.14679810404777527
a4398,/mnt/data_disk/HDRData/1000hdr/HDRtest/a4398-Duggan_050709_1062.exr,/mnt/data_disk/ZQL/TIP_TMO_result/tradition/Ashikhmin/a4398.png,341,512,0.8468759904015993,0.7232998248053772,0.4960810253250143,0.36681763597953654,0.7326809035052665,0.0009543684538066049,0.1603965163230896
a4399,/mnt/data_disk/HDRData/1000hdr/HDRtest/a4399-Duggan_080410_5879.exr,/mnt/data_disk/ZQL/TIP_TMO_result/tradition/Ashikhmin/a4399.png,341,512,0.8821842026002116,0.8454514940732806,0.49591108267807466,0.4234844205978619,0.8453735811028738,0.0015952600928500267,0.13604377210140228
a4409,/mnt/data_disk/HDRData/1000hdr/HDRtest/a4409-Duggan_090503_8738.exr,/mnt/data_disk/ZQL/TIP_TMO_result/tradition/Ashikhmin/a4409.png,341,512,0.8189637154705638,0.9048691640413287,0.11076662553180587,0.40543328908292525,0.810866578164765,1.0855136773842364e-12,0.22783440351486206
a4419,/mnt/data_disk/HDRData/1000hdr/HDRtest/a4419-_DGW0269.exr,/mnt/data_disk/ZQL/TIP_TMO_result/tradition/Ashikhmin/a4419.png,341,512,0.7808612859814694,0.7804151048341817,0.09663724008222102,0.4013790580220599,0.8027512375370207,6.878507099181759e-06,0.20160239934921265
a4420,/mnt/data_disk/HDRData/1000hdr/HDRtest/a4420-DSC_0054.exr,/mnt/data_disk/ZQL/TIP_TMO_result/tradition/Ashikhmin/a4420.png,343,512,0.8231454735493129,0.7243146526744585,0.36289437396375507,0.29054564982368025,0.5810912996472083,1.5222243944276463e-13,0.2087460160255432
a4421,/mnt/data_disk/HDRData/1000hdr/HDRtest/a4421-Duggan_090214_5129.exr,/mnt/data_disk/ZQL/TIP_TMO_result/tradition/Ashikhmin/a4421.png,341,512,0.7564696588545902,0.8019502382154158,0.009560934802026582,0.3913714209405532,0.7827428418811064,2.441722475584594e-22,0.15047697722911835
a4425,/mnt/data_disk/HDRData/1000hdr/HDRtest/a4425-DSC_0007.exr,/mnt/data_disk/ZQL/TIP_TMO_result/tradition/Ashikhmin/a4425.png,343,512,0.7689965102464682,0.7246722405450298,0.11401213804556037,0.381896194114652,0.7637923880239019,2.0540207929145078e-10,0.20809750258922577
a4430,/mnt/data_disk/HDRData/1000hdr/HDRtest/a4430-09-05-19-at-19h04m03s-_MG_9559.exr,/mnt/data_disk/ZQL/TIP_TMO_result/tradition/Ashikhmin/a4430.png,341,512,0.7613812820939935,0.5724501289558659,0.30348345721413444,0.3202733187069847,0.6405379537388581,8.683675111344152e-06,0.13976037502288818
a4431,/mnt/data_disk/HDRData/1000hdr/HDRtest/a4431-Duggan_090330_6282.exr,/mnt/data_disk/ZQL/TIP_TMO_result/tradition/Ashikhmin/a4431.png,341,512,0.7942197910816344,0.7800053922322755,0.14838699975347,0.2843617542060826,0.5687227378017633,7.706104019028078e-07,0.20819216966629028
a4432,/mnt/data_disk/HDRData/1000hdr/HDRtest/a4432-Duggan_081114_3124.exr,/mnt/data_disk/ZQL/TIP_TMO_result/tradition/Ashikhmin/a4432.png,341,512,0.8890159074286372,0.6346085201517758,0.9482492361152137,0.48396913322045,0.6649595481052563,0.30297871833564377,0.1954825073480606
a4433,/mnt/data_disk/HDRData/1000hdr/HDRtest/a4433-Duggan_090504_8957.exr,/mnt/data_disk/ZQL/TIP_TMO_result/tradition/Ashikhmin/a4433.png,341,512,0.7484859294425605,0.7851743555426905,0.0043118143128291885,0.3753780239385354,0.7507560478770708,2.8933885284566203e-28,0.20918358862400055
a4434,/mnt/data_disk/HDRData/1000hdr/HDRtest/a4434-20090414_at_23h05m38__MG_1365.exr,/mnt/data_disk/ZQL/TIP_TMO_result/tradition/Ashikhmin/a4434.png,341,512,0.7017680282898822,0.577371906573459,0.050651653821289305,0.33490085399280567,0.6698017079770366,8.574747590968844e-12,0.06284373998641968
a4435,/mnt/data_disk/HDRData/1000hdr/HDRtest/a4435-WP_CRW_0591.exr,/mnt/data_disk/ZQL/TIP_TMO_result/tradition/Ashikhmin/a4435.png,341,512,0.9087984105978171,0.826818320324711,0.6891443899409065,0.4508603255495351,0.8802772725126939,0.021443378586376214,0.2288176566362381
a4436,/mnt/data_disk/HDRData/1000hdr/HDRtest/a4436-DSC_0153.exr,/mnt/data_disk/ZQL/TIP_TMO_result/tradition/Ashikhmin/a4436.png,343,512,0.9149548380997665,0.873888767190609,0.6468470393369192,0.5705209438823483,0.9203135023638891,0.2207283854008075,0.162282794713974
a4442,/mnt/data_disk/HDRData/1000hdr/HDRtest/a4442-Duggan_080629_9284.exr,/mnt/data_disk/ZQL/TIP_TMO_result/tradition/Ashikhmin/a4442.png,341,512,0.893757199536531,0.8055440032646928,0.6321565460991724,0.31542343228065617,0.6308468143524911,5.0208821211571925e-08,0.17811936140060425
a4447,/mnt/data_disk/HDRData/1000hdr/HDRtest/a4447-Duggan_090321_5856.exr,/mnt/data_disk/ZQL/TIP_TMO_result/tradition/Ashikhmin/a4447.png,341,512,0.8965754503650817,0.715142109435503,0.8229767944998634,0.42709384848256526,0.8493877546477082,0.00479994231742232,0.25493690371513367
a4448,/mnt/data_disk/HDRData/1000hdr/HDRtest/a4448-Duggan_080119_4778.exr,/mnt/data_disk/ZQL/TIP_TMO_result/tradition/Ashikhmin/a4448.png,341,512,0.8496034654377191,0.9276499526340363,0.21341755711017898,0.4575053061842701,0.9149982787942429,1.2333574297345772e-05,0.12499872595071793
a4449,/mnt/data_disk/HDRData/1000hdr/HDRtest/a4449-DSC_0030.exr,/mnt/data_disk/ZQL/TIP_TMO_result/tradition/Ashikhmin/a4449.png,343,512,0.8659215437003341,0.7222976685835842,0.6116302470328926,0.38622575825387173,0.7717124456011152,0.00073907090662823,0.1661142110824585
a4452,/mnt/data_disk/HDRData/1000hdr/HDRtest/a4452-DSC_0084.exr,/mnt/data_disk/ZQL/TIP_TMO_result/tradition/Ashikhmin/a4452.png,340,512,0.9558189434051634,0.8307507155498786,0.9987014993084481,0.41159777125379243,0.8231546074619243,4.093504566061595e-05,0.20520107448101044
a4455,/mnt/data_disk/HDRData/1000hdr/HDRtest/a4455-Duggan_080106_4325.exr,/mnt/data_disk/ZQL/TIP_TMO_result/tradition/Ashikhmin/a4455.png,341,512,0.858265837222091,0.8198713207268808,0.4014147271325671,0.36476672122040815,0.6936223595916343,0.035911082849182034,0.27056655287742615
a4456,/mnt/data_disk/HDRData/1000hdr/HDRtest/a4456-DSC_0472.exr,/mnt/data_disk/ZQL/TIP_TMO_result/tradition/Ashikhmin/a4456.png,343,512,0.8767804759063489,0.7864281073951156,0.5618849222896498,0.419573077694021,0.8340527964283906,0.005093358959651497,0.1765228807926178
a4457,/mnt/data_disk/HDRData/1000hdr/HDRtest/a4457-_DSC0012-5.exr,/mnt/data_disk/ZQL/TIP_TMO_result/tradition/Ashikhmin/a4457.png,340,512,0.9367797170220014,0.8619294115900101,0.8087569002701567,0.6141623878724491,0.8995425782028905,0.3287821975420078,0.10892285406589508
a4465,/mnt/data_disk/HDRData/1000hdr/HDRtest/a4465-DSC_0051.exr,/mnt/data_disk/ZQL/TIP_TMO_result/tradition/Ashikhmin/a4465.png,340,512,0.8129672810978682,0.7897232968437365,0.21720068590709188,0.3113141688405954,0.6204953110455447,0.0021330266356460632,0.11585023999214172
a4466,/mnt/data_disk/HDRData/1000hdr/HDRtest/a4466-20090327_at_11h08m58__MG_0964.exr,/mnt/data_disk/ZQL/TIP_TMO_result/tradition/Ashikhmin/a4466.png,341,512,0.8629621207998902,0.8399800359536715,0.39657821213643174,0.3961444589800933,0.7922775534903754,1.1364469811148416e-05,0.26725202798843384
a4467,/mnt/data_disk/HDRData/1000hdr/HDRtest/a4467-Duggan_090426_7873.exr,/mnt/data_disk/ZQL/TIP_TMO_result/tradition/Ashikhmin/a4467.png,341,512,0.8541131452465573,0.7817697740525454,0.4383418207941734,0.41993299815531393,0.8398659961956219,1.1500601504020945e-10,0.2596755027770996
a4470,/mnt/data_disk/HDRData/1000hdr/HDRtest/a4470-Duggan_090123_4566.exr,/mnt/data_disk/ZQL/TIP_TMO_result/tradition/Ashikhmin/a4470.png,341,512,0.8933235747854047,0.8071780474276213,0.6265950483380188,0.39647268592939877,0.7918345530100332,0.0011108188487643398,0.2309582680463791
a4471,/mnt/data_disk/HDRData/1000hdr/HDRtest/a4471-Duggan_090321_5859.exr,/mnt/data_disk/ZQL/TIP_TMO_result/tradition/Ashikhmin/a4471.png,341,512,0.933454421864489,0.7901765268284305,0.9222363762471346,0.39727497487163743,0.7945499473998714,2.3434034849750313e-09,0.2534182071685791
a4472,/mnt/data_disk/HDRData/1000hdr/HDRtest/a4472-Duggan_090504_9026.exr,/mnt/data_disk/ZQL/TIP_TMO_result/tradition/Ashikhmin/a4472.png,341,512,0.7802659780226714,0.8214974779623136,0.05560798253719053,0.35539652193092225,0.7107930438618445,2.6465925937576168e-21,0.33793675899505615
a4474,/mnt/data_disk/HDRData/1000hdr/HDRtest/a4474-09-05-19-at-18h56m31s-_MG_9553.exr,/mnt/data_disk/ZQL/TIP_TMO_result/tradition/Ashikhmin/a4474.png,341,512,0.799203177160471,0.7523325645912515,0.20444168144766847,0.4284773864231615,0.8569512331081711,3.5397381519152964e-06,0.14316998422145844
a4476,/mnt/data_disk/HDRData/1000hdr/HDRtest/a4476-IMG_4029.exr,/mnt/data_disk/ZQL/TIP_TMO_result/tradition/Ashikhmin/a4476.png,341,512,0.906874997779197,0.8014634285696596,0.72258829334403,0.42612022201665556,0.8479869318519979,0.004253512181313255,0.15899191796779633
a4477,/mnt/data_disk/HDRData/1000hdr/HDRtest/a4477-20090327_at_06h09m52__MG_0855.exr,/mnt/data_disk/ZQL/TIP_TMO_result/tradition/Ashikhmin/a4477.png,341,512,0.9102721425707256,0.8159873393954857,0.718000398893524,0.3491382535483976,0.6894442664595963,0.008832240637198894,0.21041786670684814
a4479,/mnt/data_disk/HDRData/1000hdr/HDRtest/a4479-09-05-19-at-18h39m42s-_MG_9545.exr,/mnt/data_disk/ZQL/TIP_TMO_result/tradition/Ashikhmin/a4479.png,341,512,0.8875282282623317,0.808562629514002,0.5886176978566299,0.3857006591995325,0.7708120671278293,0.0005892512712356221,0.24092712998390198
a4480,/mnt/data_disk/HDRData/1000hdr/HDRtest/a4480-Duggan_090201_4896.exr,/mnt/data_disk/ZQL/TIP_TMO_result/tradition/Ashikhmin/a4480.png,341,512,0.8871509683061721,0.657875615954031,0.8821526356701627,0.33540629138515937,0.6708105668327576,2.015937561103864e-06,0.25703370571136475
a4487,/mnt/data_disk/HDRData/1000hdr/HDRtest/a4487-Duggan_090322_5971.exr,/mnt/data_disk/ZQL/TIP_TMO_result/tradition/Ashikhmin/a4487.png,341,512,0.9180423396094317,0.7485469610775406,0.9000042645563582,0.3996539143667513,0.7992719921124142,3.5836621088462426e-05,0.1989538073539734
