id,hdr_path,ldr_path,height,width,tmqi_q,tmqi_s,tmqi_n,tmqi2_q,tmqi2_s,tmqi2_n,nlpd
a2808,/mnt/data_disk/HDRData/1000hdr/HDRtest/a2808-20080516_072208__MG_0018.exr,/mnt/data_disk/ZQL/TIP_TMO_result/dnn/ZSDH/a2808.png,341,512,0.7275314462809727,0.6907370773993384,0.018435498208562447,0.27651772937204716,0.5530354587440943,8.382301935586729e-19,0.22393032908439636
a2824,/mnt/data_disk/HDRData/1000hdr/HDRtest/a2824-dvf_035.exr,/mnt/data_disk/ZQL/TIP_TMO_result/dnn/ZSDH/a2824.png,341,512,0.6064472946685592,0.396380131351036,0.001569529833985523,0.1526722268077998,0.3053444536155996,2.614524938948794e-32,0.12017623335123062
a2854,/mnt/data_disk/HDRData/1000hdr/HDRtest/a2854-NKIM_MG_7374.exr,/mnt/data_disk/ZQL/TIP_TMO_result/dnn/ZSDH/a2854.png,341,512,0.6697709308646526,0.5387692654627556,0.007401967943157635,0.2388265555559542,0.4776531111119084,2.2691300303305773e-38,0.32677745819091797
a2861,/mnt/data_disk/HDRData/1000hdr/HDRtest/a2861-IMG_4397.exr,/mnt/data_disk/ZQL/TIP_TMO_result/dnn/ZSDH/a2861.png,341,512,0.6362573199411234,0.4598393919336155,0.003884385229074204,0.1903540996342921,0.3807081992685842,9.940330611904304e-27,0.17240343987941742
a2862,/mnt/data_disk/HDRData/1000hdr/HDRtest/a2862-_DSC0055.exr,/mnt/data_disk/ZQL/TIP_TMO_result/dnn/ZSDH/a2862.png,340,512,0.7140642094794454,0.5818228010285597,0.08523987988668277,0.296419745941475,0.5928387151041902,7.767787598490605e-07,0.20652148127555847
a2876,/mnt/data_disk/HDRData/1000hdr/HDRtest/a2876-jn_20080130_Las_Vegas_0082.exr,/mnt/data_disk/ZQL/TIP_TMO_result/dnn/ZSDH/a2876.png,341,512,0.592769500782392,0.3661406849235306,0.0024468548482682833,0.20042219533381206,0.4008443906676241,3.337934844961609e-37,0.2153891623020172
a2883,/mnt/data_disk/HDRData/1000hdr/HDRtest/a2883-_DSC0008-2.exr,/mnt/data_disk/ZQL/TIP_TMO_result/dnn/ZSDH/a2883.png,340,512,0.4179815602370687,0.11357074687978769,0.00547321690600076,0.1444674131374408,0.2889348262748816,1.9723553900928168e-39,0.10706125944852829
a2913,/mnt/data_disk/HDRData/1000hdr/HDRtest/a2913-IMG_0138.exr,/mnt/data_disk/ZQL/TIP_TMO_result/dnn/ZSDH/a2913.png,341,512,0.6823747666077787,0.5314089051687124,0.04342210462120784,0.2987051336418983,0.5974102672608587,2.293793392681791e-11,0.2904728055000305
a2933,/mnt/data_disk/HDRData/1000hdr/HDRtest/a2933-_I2E7313.exr,/mnt/data_disk/ZQL/TIP_TMO_result/dnn/ZSDH/a2933.png,341,512,0.5542135010040117,0.2808474244808869,0.014791399416741836,0.17790539741802533,0.3558107948360505,1.6596070403209891e-16,0.21749506890773773
a2956,/mnt/data_disk/HDRData/1000hdr/HDRtest/a2956-KE_-0035.exr,/mnt/data_disk/ZQL/TIP_TMO_result/dnn/ZSDH/a2956.png,340,512,0.7261576342440856,0.7090780644707798,0.004946211453706495,0.28459423054730837,0.5691884610946167,3.6987866827962746e-46,0.21373090147972107
a2986,/mnt/data_disk/HDRData/1000hdr/HDRtest/a2986-_DGW6325.exr,/mnt/data_disk/ZQL/TIP_TMO_result/dnn/ZSDH/a2986.png,341,512,0.6855944451387004,0.5746448510199128,0.012306118556723129,0.3215531113390476,0.6431062226780953,4.636860070978622e-24,0.33104708790779114
a3267,/mnt/data_disk/HDRData/1000hdr/HDRtest/a3267-WP_CRW_0087.exr,/mnt/data_disk/ZQL/TIP_TMO_result/dnn/ZSDH/a3267.png,341,512,0.6586425938722674,0.5008606431301357,0.013899265696819516,0.2132702584977492,0.4265405169954983,1.0672376442045773e-16,0.28488704562187195
a3285,/mnt/data_disk/HDRData/1000hdr/HDRtest/a3285-CRW_0291.exr,/mnt/data_disk/ZQL/TIP_TMO_result/dnn/ZSDH/a3285.png,341,512,0.6910681716658182,0.5468877178056387,0.05186618352698836,0.26172118899511493,0.5234423779665734,2.365645559506125e-11,0.3921283185482025
a3288,/mnt/data_disk/HDRData/1000hdr/HDRtest/a3288-KE_-0049.exr,/mnt/data_disk/ZQL/TIP_TMO_result/dnn/ZSDH/a3288.png,340,512,0.6674748112858572,0.5098586894432154,0.02585204739945973,0.23487866021474363,0.46975732042948726,1.9501450540307133e-22,0.22615066170692444
a3306,/mnt/data_disk/HDRData/1000hdr/HDRtest/a3306-IMG_4969.exr,/mnt/data_disk/ZQL/TIP_TMO_result/dnn/ZSDH/a3306.png,341,512,0.7154560905495019,0.6528385960244815,0.018709062822671606,0.2749946596869201,0.5499893193738402,4.492763588117701e-26,0.24379171431064606
a3312,/mnt/data_disk/HDRData/1000hdr/HDRtest/a3312-IMG_1063.exr,/mnt/data_disk/ZQL/TIP_TMO_result/dnn/ZSDH/a3312.png,341,512,0.6874271618502968,0.5751032461428875,0.015719627814289996,0.26332899932758785,0.5266579986551757,1.160357167170373e-32,0.2334800511598587
a3315,/mnt/data_disk/HDRData/1000hdr/HDRtest/a3315-MB_20030906_022.exr,/mnt/data_disk/ZQL/TIP_TMO_result/dnn/ZSDH/a3315.png,341,512,0.6989181870468864,0.5879307985406612,0.032174346116079174,0.24983328402734456,0.4996665680546891,3.073969571578419e-20,0.37150079011917114
a3316,/mnt/data_disk/HDRData/1000hdr/HDRtest/a3316-20051225_163230__MG_1390.exr,/mnt/data_disk/ZQL/TIP_TMO_result/dnn/ZSDH/a3316.png,341,512,0.7337914873814214,0.7107044254596104,0.018478950634461817,0.25242084570528384,0.5048416914105677,2.9452336900270765e-22,0.15486782789230347
a3318,/mnt/data_disk/HDRData/1000hdr/HDRtest/a3318-JI2E5722.exr,/mnt/data_disk/ZQL/TIP_TMO_result/dnn/ZSDH/a3318.png,341,512,0.6959350181848635,0.5915350895950631,0.021665581010839423,0.21737183699786788,0.43474367399573577,2.7755050335075436e-19,0.15025164186954498
a3321,/mnt/data_disk/HDRData/1000hdr/HDRtest/a3321-DSC_0054.exr,/mnt/data_disk/ZQL/TIP_TMO_result/dnn/ZSDH/a3321.png,340,512,0.7428485437521815,0.6991210097268185,0.05186342290209917,0.282266519114741,0.564485313873001,4.772435648087632e-05,0.13757193088531494
a3325,/mnt/data_disk/HDRData/1000hdr/HDRtest/a3325-050819_154342__MG_5227.exr,/mnt/data_disk/ZQL/TIP_TMO_result/dnn/ZSDH/a3325.png,341,512,0.6749902151363476,0.5259211802647469,0.02914263957110253,0.24923657662411952,0.4984731489508415,4.297397558708466e-09,0.1275635063648224
a3337,/mnt/data_disk/HDRData/1000hdr/HDRtest/a3337-dgw_112.exr,/mnt/data_disk/ZQL/TIP_TMO_result/dnn/ZSDH/a3337.png,341,512,0.6736958444207211,0.5273773394786665,0.024567230107546408,0.27349534557504723,0.5469906911500945,4.3366855619602966e-29,0.44258981943130493
a3339,/mnt/data_disk/HDRData/1000hdr/HDRtest/a3339-_MG_7202.exr,/mnt/data_disk/ZQL/TIP_TMO_result/dnn/ZSDH/a3339.png,341,512,0.6736445498843853,0.5437232970451561,0.01105765779979841,0.26594136266034085,0.5318827253206817,1.7614349549150173e-43,0.24175043404102325
a3341,/mnt/data_disk/HDRData/1000hdr/HDRtest/a3341-jmac_DSC2590.exr,/mnt/data_disk/ZQL/TIP_TMO_result/dnn/ZSDH/a3341.png,340,512,0.7307545967002295,0.6948362870187311,0.02286159530885117,0.2799365575188131,0.559873114907824,1.2980213508342683e-10,0.10131752490997314
a3344,/mnt/data_disk/HDRData/1000hdr/HDRtest/a3344-NKIM_MG_6348.exr,/mnt/data_disk/ZQL/TIP_TMO_result/dnn/ZSDH/a3344.png,341,512,0.7132146252588677,0.6477029232594099,0.017493685133307273,0.24514159953710116,0.4902831990330731,4.112921864659509e-11,0.11016084253787994
a3345,/mnt/data_disk/HDRData/1000hdr/HDRtest/a3345-20080514_105211__MG_9917.exr,/mnt/data_disk/ZQL/TIP_TMO_result/dnn/ZSDH/a3345.png,341,512,0.7190324700719919,0.6847503641347856,0.005729975508028774,0.21242549461400453,0.42485098922800907,8.825157533872417e-27,0.18765489757061005
a3351,/mnt/data_disk/HDRData/1000hdr/HDRtest/a3351-KE_-1722.exr,/mnt/data_disk/ZQL/TIP_TMO_result/dnn/ZSDH/a3351.png,340,512,0.6205892665484357,0.409942704544033,0.014648610401315093,0.17074677406466837,0.3414935481290775,2.5925607509815197e-13,0.16704943776130676
a3356,/mnt/data_disk/HDRData/1000hdr/HDRtest/a3356-_DSC9981.exr,/mnt/data_disk/ZQL/TIP_TMO_result/dnn/ZSDH/a3356.png,341,512,0.7156674110132653,0.6687453523716274,0.008691663570986491,0.230809736293224,0.461619472586448,8.737311574915498e-34,0.2089557945728302
a3360,/mnt/data_disk/HDRData/1000hdr/HDRtest/a3360-IMG_0017.exr,/mnt/data_disk/ZQL/TIP_TMO_result/dnn/ZSDH/a3360.png,341,512,0.7099352750942101,0.6368464840179019,0.018208763327475893,0.3128324272103983,0.6256648544207966,5.320937341661636e-20,0.22623376548290253
a3365,/mnt/data_disk/HDRData/1000hdr/HDRtest/a3365-jn_20071207_Xmas_House_0124.exr,/mnt/data_disk/ZQL/TIP_TMO_result/dnn/ZSDH/a3365.png,341,512,0.6400882794337865,0.4550848641775018,0.014145144573825357,0.2168900572277119,0.4337801144554238,1.5096250910858403e-26,0.11589498072862625
a3366,/mnt/data_disk/HDRData/1000hdr/HDRtest/a3366-Ja_Pe-6.exr,/mnt/data_disk/ZQL/TIP_TMO_result/dnn/ZSDH/a3366.png,288,512,0.646894769593909,0.4732668449280782,0.012608517862290487,0.2454343476642656,0.4908686953285312,1.3506876364651855e-19,0.2895568609237671
a3369,/mnt/data_disk/HDRData/1000hdr/HDRtest/a3369-IMG_0004.exr,/mnt/data_disk/ZQL/TIP_TMO_result/dnn/ZSDH/a3369.png,341,512,0.6939038959125712,0.5823449161810214,0.024549631602631926,0.2838203552429343,0.5676407104858686,5.1555223754592195e-23,0.3452291786670685
a3371,/mnt/data_disk/HDRData/1000hdr/HDRtest/a3371-07-12-01-at-11h32m58s-_MG_8498.exr,/mnt/data_disk/ZQL/TIP_TMO_result/dnn/ZSDH/a3371.png,341,512,0.6512822033063388,0.48179888963112383,0.014444583326873511,0.1822691440832405,0.364538288166481,2.0436621672993948e-35,0.26243487000465393
a3382,/mnt/data_disk/HDRData/1000hdr/HDRtest/a3382-IMG_4032.exr,/mnt/data_disk/ZQL/TIP_TMO_result/dnn/ZSDH/a3382.png,341,512,0.7468833273825344,0.7350962567407296,0.03211398071432086,0.3546725225251086,0.7093450450072715,4.2945772750245765e-11,0.18076768517494202
a3388,/mnt/data_disk/HDRData/1000hdr/HDRtest/a3388-jmac_DSC2214.exr,/mnt/data_disk/ZQL/TIP_TMO_result/dnn/ZSDH/a3388.png,340,512,0.7414941853499497,0.7172516409021569,0.03224746414895491,0.3084950254192008,0.6169900508332732,5.1285048546570646e-12,0.168115496635437
a3390,/mnt/data_disk/HDRData/1000hdr/HDRtest/a3390-dgw_070.exr,/mnt/data_disk/ZQL/TIP_TMO_result/dnn/ZSDH/a3390.png,341,512,0.689976270414007,0.5562880555066788,0.03873609068243296,0.28102302675517643,0.5620460535103529,4.845641986333089e-27,0.293777734041214
a3391,/mnt/data_disk/HDRData/1000hdr/HDRtest/a3391-050904_125814__I2E8654.exr,/mnt/data_disk/ZQL/TIP_TMO_result/dnn/ZSDH/a3391.png,341,512,0.6487336726470172,0.4847849625355793,0.00734375924592545,0.2511133872386573,0.5022267744773146,5.207188709444157e-38,0.2610105574131012
a3393,/mnt/data_disk/HDRData/1000hdr/HDRtest/a3393-_DSC0057.exr,/mnt/data_disk/ZQL/TIP_TMO_result/dnn/ZSDH/a3393.png,340,512,0.7331990420766288,0.6900723092839746,0.03270493104831237,0.3081188877060354,0.6162377754120708,3.794676393363668e-23,0.18876683712005615
a3394,/mnt/data_disk/HDRData/1000hdr/HDRtest/a3394-_DGW6419.exr,/mnt/data_disk/ZQL/TIP_TMO_result/dnn/ZSDH/a3394.png,341,512,0.6783738010340655,0.5528251412445683,0.013734483945610828,0.2615545650648256,0.5231091301296512,2.089403698292601e-42,0.40357181429862976
a3400,/mnt/data_disk/HDRData/1000hdr/HDRtest/a3400-07-11-04-at-17h36m14s-_MG_4004.exr,/mnt/data_disk/ZQL/TIP_TMO_result/dnn/ZSDH/a3400.png,341,512,0.646580108627785,0.48256038605554624,0.005309913245316685,0.2204092035082831,0.4408184070165662,1.1252848956950469e-35,0.24951809644699097
a3401,/mnt/data_disk/HDRData/1000hdr/HDRtest/a3401-20061111_122429__E6B5415.exr,/mnt/data_disk/ZQL/TIP_TMO_result/dnn/ZSDH/a3401.png,341,512,0.7373879510368805,0.7083718855690537,0.028745005133715494,0.2905735099174414,0.5811470198205628,1.431999822647315e-11,0.16622310876846313
a3402,/mnt/data_disk/HDRData/1000hdr/HDRtest/a3402-jmac_DSC3153.exr,/mnt/data_disk/ZQL/TIP_TMO_result/dnn/ZSDH/a3402.png,340,512,0.7147683999857195,0.6090225970037111,0.05637618652733016,0.3012438566735905,0.6024877133397107,7.470229794161302e-12,0.21041755378246307
a3413,/mnt/data_disk/HDRData/1000hdr/HDRtest/a3413-20041217_193556__E6B0485.exr,/mnt/data_disk/ZQL/TIP_TMO_result/dnn/ZSDH/a3413.png,341,512,0.6629485178951268,0.49854252034048696,0.0256562514555279,0.25427919703804097,0.5085583940760807,1.2494884839934153e-15,0.17371495068073273
a3414,/mnt/data_disk/HDRData/1000hdr/HDRtest/a3414-DSC_0002.exr,/mnt/data_disk/ZQL/TIP_TMO_result/dnn/ZSDH/a3414.png,340,512,0.6707245527623019,0.5402095904547738,0.008115180527982444,0.24793883428472635,0.4958776685694527,8.586970480122482e-27,0.21918873488903046
a3415,/mnt/data_disk/HDRData/1000hdr/HDRtest/a3415-jmac_DSC6092.exr,/mnt/data_disk/ZQL/TIP_TMO_result/dnn/ZSDH/a3415.png,340,512,0.6417668562182364,0.47208145269232654,0.004501445581287712,0.25940787192732306,0.5188157438546461,1.1760151195554076e-55,0.16929641366004944
a3416,/mnt/data_disk/HDRData/1000hdr/HDRtest/a3416-IMG_4746.exr,/mnt/data_disk/ZQL/TIP_TMO_result/dnn/ZSDH/a3416.png,341,512,0.6412714501530068,0.45845045816511965,0.013668585245552147,0.2052782212400247,0.4105564424373768,4.2672581084419426e-11,0.2749916613101959
a3418,/mnt/data_disk/HDRData/1000hdr/HDRtest/a3418-2004-02-07 16-53-50 CRW_3754.exr,/mnt/data_disk/ZQL/TIP_TMO_result/dnn/ZSDH/a3418.png,341,512,0.6754442875641358,0.5515964558361018,0.008977398475456968,0.2534918147568644,0.5069836295137288,3.55485860449708e-28,0.11724871397018433
a3422,/mnt/data_disk/HDRData/1000hdr/HDRtest/a3422-WP_CRW_0302.exr,/mnt/data_disk/ZQL/TIP_TMO_result/dnn/ZSDH/a3422.png,341,512,0.6986202888858608,0.6063543324680648,0.016131253863627484,0.23143820028642006,0.46287640057284013,3.4783435667091525e-30,0.22330182790756226
a3424,/mnt/data_disk/HDRData/1000hdr/HDRtest/a3424-CRW_0163.exr,/mnt/data_disk/ZQL/TIP_TMO_result/dnn/ZSDH/a3424.png,341,512,0.698331469263862,0.580143737153099,0.03799235598936302,0.27200170153575515,0.5440034030715103,1.9616668561353634e-20,0.31308385729789734
a3431,/mnt/data_disk/HDRData/1000hdr/HDRtest/a3431-_DSC0103-3.exr,/mnt/data_disk/ZQL/TIP_TMO_result/dnn/ZSDH/a3431.png,340,512,0.6617307961758635,0.4926698086743149,0.02842711797463008,0.24890556105618047,0.49781110399153017,1.812083075622503e-08,0.15447071194648743
a3432,/mnt/data_disk/HDRData/1000hdr/HDRtest/a3432-jmac_DSC3184.exr,/mnt/data_disk/ZQL/TIP_TMO_result/dnn/ZSDH/a3432.png,340,512,0.6522060051090026,0.4660441999458632,0.03178398331570697,0.25397079367048603,0.5079415873408372,1.3493570997489176e-13,0.14514406025409698
a3433,/mnt/data_disk/HDRData/1000hdr/HDRtest/a3433-NKIM_MG_8213.exr,/mnt/data_disk/ZQL/TIP_TMO_result/dnn/ZSDH/a3433.png,341,512,0.709301947850075,0.628487253411714,0.02318632567939603,0.2644316263999003,0.5288632527998006,8.255646659258866e-25,0.30454277992248535
a3439,/mnt/data_disk/HDRData/1000hdr/HDRtest/a3439-IMG_3798.exr,/mnt/data_disk/ZQL/TIP_TMO_result/dnn/ZSDH/a3439.png,341,512,nan,nan,0.00762774291233201,0.343122795303584,0.686245590607168,2.040834999340721e-28,0.1481483429670334
a3441,/mnt/data_disk/HDRData/1000hdr/HDRtest/a3441-dgw_064.exr,/mnt/data_disk/ZQL/TIP_TMO_result/dnn/ZSDH/a3441.png,341,512,0.6438284618151491,0.4700201550264332,0.00931457048725041,0.30088327370651885,0.6017665474130377,3.36807344182185e-48,0.3153020739555359
a3444,/mnt/data_disk/HDRData/1000hdr/HDRtest/a3444-WP_CRW_6313.exr,/mnt/data_disk/ZQL/TIP_TMO_result/dnn/ZSDH/a3444.png,341,512,0.700300338911144,0.6158511772571542,0.012857258106565678,0.22811636263941415,0.4562327252788283,4.345583720722315e-27,0.18016596138477325
a3446,/mnt/data_disk/HDRData/1000hdr/HDRtest/a3446-050730_134124__MG_3716.exr,/mnt/data_disk/ZQL/TIP_TMO_result/dnn/ZSDH/a3446.png,341,512,0.6552236131978629,0.500397261754829,0.0077808116248781894,0.23671208499824098,0.47342416999648196,2.952959300577688e-47,0.23936820030212402
a3448,/mnt/data_disk/HDRData/1000hdr/HDRtest/a3448-IMG_0113.exr,/mnt/data_disk/ZQL/TIP_TMO_result/dnn/ZSDH/a3448.png,341,512,0.6843676583807203,0.5412721408917262,0.03860885349957886,0.2877055042721055,0.5754110085441931,1.7844184915171922e-14,0.2503419518470764
a3449,/mnt/data_disk/HDRData/1000hdr/HDRtest/a3449-jmac_DSC2669.exr,/mnt/data_disk/ZQL/TIP_TMO_result/dnn/ZSDH/a3449.png,340,512,0.7537645706835201,0.7123610329622699,0.07335428747234231,0.28538625272169305,0.5707723887798627,1.1666352336398678e-07,0.1382022351026535
a3451,/mnt/data_disk/HDRData/1000hdr/HDRtest/a3451-IMG_1088.exr,/mnt/data_disk/ZQL/TIP_TMO_result/dnn/ZSDH/a3451.png,341,512,0.7137190430643098,0.6638165539021651,0.008069164795390113,0.3043190129322146,0.6086380258644292,5.513724545892057e-38,0.30799630284309387
a3452,/mnt/data_disk/HDRData/1000hdr/HDRtest/a3452-IMG_1205.exr,/mnt/data_disk/ZQL/TIP_TMO_result/dnn/ZSDH/a3452.png,341,512,0.5928240705899683,0.35263197227610477,0.013849890718203944,0.16956835389847072,0.3391367074260172,3.7092426073472183e-10,0.09716425836086273
a3456,/mnt/data_disk/HDRData/1000hdr/HDRtest/a3456-DSC_0006-1-2.exr,/mnt/data_disk/ZQL/TIP_TMO_result/dnn/ZSDH/a3456.png,340,512,0.6516812179525902,0.47124754423003373,0.025056794371874382,0.2592213005244523,0.5184420925349622,5.08513942393823e-07,0.18184153735637665
a3457,/mnt/data_disk/HDRData/1000hdr/HDRtest/a3457-NKIM_025.exr,/mnt/data_disk/ZQL/TIP_TMO_result/dnn/ZSDH/a3457.png,341,512,0.7321587822565263,0.684357418509763,0.03474158900256898,0.26790311740590567,0.5358062348118096,1.7280219828313358e-15,0.22870352864265442
a3460,/mnt/data_disk/HDRData/1000hdr/HDRtest/a3460-20080514_105637__MG_9928.exr,/mnt/data_disk/ZQL/TIP_TMO_result/dnn/ZSDH/a3460.png,341,512,0.7160111460171756,0.6290996439900104,0.03998359275631019,0.29468625445769003,0.5893725089153522,2.792022472409694e-14,0.20889697968959808
a3462,/mnt/data_disk/HDRData/1000hdr/HDRtest/a3462-dgw_051.exr,/mnt/data_disk/ZQL/TIP_TMO_result/dnn/ZSDH/a3462.png,341,512,0.714251143662459,0.6482480649049526,0.019393854460038735,0.2993739336345347,0.5987478672690694,3.090491636679372e-29,0.34376323223114014
a3464,/mnt/data_disk/HDRData/1000hdr/HDRtest/a3464-tc_DSC2199.exr,/mnt/data_disk/ZQL/TIP_TMO_result/dnn/ZSDH/a3464.png,340,512,0.6749650387228406,0.5292494516427583,0.025921566629900153,0.25990296792713535,0.5198059358542707,2.2172117885045615e-23,0.19487611949443817
a3465,/mnt/data_disk/HDRData/1000hdr/HDRtest/a3465-20060619_114622__MG_9153.exr,/mnt/data_disk/ZQL/TIP_TMO_result/dnn/ZSDH/a3465.png,341,512,0.7000530085254423,0.6235300614883543,0.007538623371008095,0.24525880076374149,0.49051760152748297,3.221491403238176e-32,0.20423653721809387
a3466,/mnt/data_disk/HDRData/1000hdr/HDRtest/a3466-IMG_3941.exr,/mnt/data_disk/ZQL/TIP_TMO_result/dnn/ZSDH/a3466.png,341,512,0.7181987235066796,0.6443072440967251,0.03218645788234257,0.29105751869761165,0.5821150373951222,1.0109910098664954e-13,0.2036188840866089
a3468,/mnt/data_disk/HDRData/1000hdr/HDRtest/a3468-IMG_4793.exr,/mnt/data_disk/ZQL/TIP_TMO_result/dnn/ZSDH/a3468.png,341,512,0.7020038599863666,0.6068395625043858,0.02339550163608661,0.26185028076970884,0.523700561406271,1.331467538287978e-10,0.196836456656456
a3470,/mnt/data_disk/HDRData/1000hdr/HDRtest/a3470-IMG_0835.exr,/mnt/data_disk/ZQL/TIP_TMO_result/dnn/ZSDH/a3470.png,341,512,0.668722548260162,0.5200495982302549,0.01950291665527808,0.26256926415676407,0.5251385283135281,5.394146509890322e-23,0.30225640535354614
a3474,/mnt/data_disk/HDRData/1000hdr/HDRtest/a3474-jmac_MG_1125.exr,/mnt/data_disk/ZQL/TIP_TMO_result/dnn/ZSDH/a3474.png,341,512,0.6033430084518978,0.38450545932566016,0.004796243209787076,0.19435848258587055,0.3887169651717411,7.73965780578063e-55,0.14886146783828735
a3477,/mnt/data_disk/HDRData/1000hdr/HDRtest/a3477-_DSC0048.exr,/mnt/data_disk/ZQL/TIP_TMO_result/dnn/ZSDH/a3477.png,340,512,0.668343985791486,0.5035933325271807,0.034341898811516475,0.2673577136533194,0.5347154273066388,4.618171616520367e-17,0.21841365098953247
a3483,/mnt/data_disk/HDRData/1000hdr/HDRtest/a3483-_DSC0023-1.exr,/mnt/data_disk/ZQL/TIP_TMO_result/dnn/ZSDH/a3483.png,340,512,0.7406542665477495,0.7061856910860517,0.03918524606894166,0.3106847434985751,0.6213690150299493,4.719672008620484e-07,0.11379148066043854
a3486,/mnt/data_disk/HDRData/1000hdr/HDRtest/a3486-jmac_DSC3897.exr,/mnt/data_disk/ZQL/TIP_TMO_result/dnn/ZSDH/a3486.png,343,512,0.6675562129120203,0.5084805746295494,0.027380521510726372,0.29401649148193976,0.5880329829638795,7.204718153707758e-23,0.24981537461280823
a3491,/mnt/data_disk/HDRData/1000hdr/HDRtest/a3491-DSC_0091.exr,/mnt/data_disk/ZQL/TIP_TMO_result/dnn/ZSDH/a3491.png,340,512,0.7027240613627737,0.6086616214850504,0.023613399344824804,0.2817767786579849,0.5635535573125395,3.430260049443135e-12,0.20322859287261963
a3493,/mnt/data_disk/HDRData/1000hdr/HDRtest/a3493-IMG_0279.exr,/mnt/data_disk/ZQL/TIP_TMO_result/dnn/ZSDH/a3493.png,341,512,0.641035568719968,0.4652198083075293,0.007884328457964412,0.2360899722187226,0.4721799444374452,8.625523082766645e-43,0.27223995327949524
a3499,/mnt/data_disk/HDRData/1000hdr/HDRtest/a3499-jn_2007_12_11__BU_CRUISE_019.exr,/mnt/data_disk/ZQL/TIP_TMO_result/dnn/ZSDH/a3499.png,341,512,0.6723768215930325,0.5409384341723433,0.010625019703275123,0.24374336904936575,0.4874867380987315,4.7195725937997197e-36,0.16313666105270386
a3503,/mnt/data_disk/HDRData/1000hdr/HDRtest/a3503-050731_155906__I2E5378.exr,/mnt/data_disk/ZQL/TIP_TMO_result/dnn/ZSDH/a3503.png,341,512,0.7370993984827645,0.7038517252158245,0.0316036565274289,0.23329389548340276,0.4665877907860025,1.808030126514141e-10,0.18900327384471893
a3504,/mnt/data_disk/HDRData/1000hdr/HDRtest/a3504-IMG_0903.exr,/mnt/data_disk/ZQL/TIP_TMO_result/dnn/ZSDH/a3504.png,341,512,0.7306236650779645,0.6820871561425195,0.03259248174845468,0.3257599186027942,0.6515198372055884,9.252585382117667e-18,0.1981307417154312
a3505,/mnt/data_disk/HDRData/1000hdr/HDRtest/a3505-CRW_0288.exr,/mnt/data_disk/ZQL/TIP_TMO_result/dnn/ZSDH/a3505.png,341,512,0.6542742325341728,0.47928827266961566,0.023378719155993186,0.20254139187986406,0.40508278375932144,4.0664792714380673e-13,0.26173409819602966
a3508,/mnt/data_disk/HDRData/1000hdr/HDRtest/a3508-NKIM_095.exr,/mnt/data_disk/ZQL/TIP_TMO_result/dnn/ZSDH/a3508.png,341,512,0.680558485528097,0.5639238689302453,0.010073554154892382,0.29696971416232143,0.5939394283246429,5.924696424762761e-37,0.3636603355407715
a3509,/mnt/data_disk/HDRData/1000hdr/HDRtest/a3509-_DGW6337.exr,/mnt/data_disk/ZQL/TIP_TMO_result/dnn/ZSDH/a3509.png,341,512,0.7285725239700103,0.6893143346615247,0.021826137322209255,0.27285281069150313,0.5457056213830063,2.5670422946944563e-26,0.4180477261543274
a3510,/mnt/data_disk/HDRData/1000hdr/HDRtest/a3510-JI2E4365.exr,/mnt/data_disk/ZQL/TIP_TMO_result/dnn/ZSDH/a3510.png,341,512,0.6805476420719881,0.5565827966434016,0.015374774073206053,0.23447892525994168,0.46895785051988337,7.2295899281129e-31,0.32069021463394165
a3511,/mnt/data_disk/HDRData/1000hdr/HDRtest/a3511-jmac_MG_0542.exr,/mnt/data_disk/ZQL/TIP_TMO_result/dnn/ZSDH/a3511.png,341,512,0.7102761909758815,0.643202193905868,0.014413383343599123,0.2978663681366725,0.595732736273345,1.12571215357709e-22,0.15715405344963074
a3512,/mnt/data_disk/HDRData/1000hdr/HDRtest/a3512-LSstone_060805_9380.exr,/mnt/data_disk/ZQL/TIP_TMO_result/dnn/ZSDH/a3512.png,341,512,0.66167750186031,0.5140929678408614,0.009735256023503986,0.21857148240356428,0.43714296480712855,2.525993762370854e-38,0.1854761391878128
a3521,/mnt/data_disk/HDRData/1000hdr/HDRtest/a3521-JI2E5091.exr,/mnt/data_disk/ZQL/TIP_TMO_result/dnn/ZSDH/a3521.png,341,512,0.6853074199089187,0.5716640966955604,0.013880437781813075,0.2151850191521305,0.43037003829234594,1.191508061565034e-11,0.17294028401374817
a3522,/mnt/data_disk/HDRData/1000hdr/HDRtest/a3522-IMG_4772.exr,/mnt/data_disk/ZQL/TIP_TMO_result/dnn/ZSDH/a3522.png,341,512,0.7159431807297226,0.6674278417075468,0.00996728859229108,0.3184617226805045,0.636923445361009,8.194569605144458e-30,0.16119174659252167
a3525,/mnt/data_disk/HDRData/1000hdr/HDRtest/a3525-IMG_0713.exr,/mnt/data_disk/ZQL/TIP_TMO_result/dnn/ZSDH/a3525.png,341,512,0.7577424150652573,0.7279421570261079,0.07071536057359532,0.28335587380940014,0.5667101266950487,1.6209237515646215e-06,0.22620995342731476
a3529,/mnt/data_disk/HDRData/1000hdr/HDRtest/a3529-WP_CRW_0659.exr,/mnt/data_disk/ZQL/TIP_TMO_result/dnn/ZSDH/a3529.png,341,512,0.6868051115236214,0.5679964587281722,0.019972353067691316,0.2658162858954788,0.5316325717909576,9.653176360086571e-28,0.21240085363388062
a3531,/mnt/data_disk/HDRData/1000hdr/HDRtest/a3531-07-06-30-at-04h02m08s-_MG_1936.exr,/mnt/data_disk/ZQL/TIP_TMO_result/dnn/ZSDH/a3531.png,341,512,0.6759058760829331,0.5612565066081987,0.003983581355173069,0.19351200862103218,0.38702401724206437,8.239467657646392e-36,0.2189309298992157
a3540,/mnt/data_disk/HDRData/1000hdr/HDRtest/a3540-07-12-02-at-14h05m14s-_MG_8949.exr,/mnt/data_disk/ZQL/TIP_TMO_result/dnn/ZSDH/a3540.png,341,512,0.6659668276130953,0.5306634144492675,0.0061644375685249945,0.22886727941129742,0.45773455882259484,3.952587182150442e-37,0.2912173271179199
a3541,/mnt/data_disk/HDRData/1000hdr/HDRtest/a3541-IMG_4107.exr,/mnt/data_disk/ZQL/TIP_TMO_result/dnn/ZSDH/a3541.png,341,512,0.7146156389864872,0.6530025443317315,0.01674814746892907,0.21902278755590915,0.43804555667859973,1.843321854958152e-08,0.1545417159795761
a3545,/mnt/data_disk/HDRData/1000hdr/HDRtest/a3545-jmac_DSC0491.exr,/mnt/data_disk/ZQL/TIP_TMO_result/dnn/ZSDH/a3545.png,340,512,0.6998632197122752,0.612447541916371,0.01433641175113593,0.2858550270283532,0.5717100540567023,4.110729908596586e-15,0.13224942982196808
a3548,/mnt/data_disk/HDRData/1000hdr/HDRtest/a3548-CRW_0993.exr,/mnt/data_disk/ZQL/TIP_TMO_result/dnn/ZSDH/a3548.png,341,512,0.6817332514990283,0.5571602208636238,0.0174629444827447,0.2894375652898113,0.5788751305796226,3.3608238012660383e-21,0.15990766882896423
a3549,/mnt/data_disk/HDRData/1000hdr/HDRtest/a3549-KE_-2455.exr,/mnt/data_disk/ZQL/TIP_TMO_result/dnn/ZSDH/a3549.png,340,512,0.6612453636946678,0.5005434056831461,0.019782059467874372,0.2637017062650224,0.527403412530044,7.449253388474791e-16,0.17043887078762054
a3557,/mnt/data_disk/HDRData/1000hdr/HDRtest/a3557-IMG_1507.exr,/mnt/data_disk/ZQL/TIP_TMO_result/dnn/ZSDH/a3557.png,341,512,0.761325444758853,0.8159264722371276,0.011256178856048613,0.3709421314696039,0.7418842629392056,2.260361503256973e-15,0.11072053015232086
a3563,/mnt/data_disk/HDRData/1000hdr/HDRtest/a3563-07-11-30-at-15h55m08s-_MG_8326.exr,/mnt/data_disk/ZQL/TIP_TMO_result/dnn/ZSDH/a3563.png,341,512,0.7006679022102918,0.6283744550414877,0.005851232282918222,0.2959394357232983,0.5918788714465966,6.494888004862277e-48,0.21840180456638336
a3571,/mnt/data_disk/HDRData/1000hdr/HDRtest/a3571-IMG_0290.exr,/mnt/data_disk/ZQL/TIP_TMO_result/dnn/ZSDH/a3571.png,341,512,0.6401513012832667,0.45642911598961516,0.013122138176929931,0.2604373686241426,0.5208747372482851,1.588323690086565e-20,0.09252651035785675
a3575,/mnt/data_disk/HDRData/1000hdr/HDRtest/a3575-IMG_0834.exr,/mnt/data_disk/ZQL/TIP_TMO_result/dnn/ZSDH/a3575.png,341,512,0.6629604902375978,0.49886944195330185,0.025369841686641297,0.23820224570493823,0.4764044914092947,5.817651098490445e-13,0.28338348865509033
a3576,/mnt/data_disk/HDRData/1000hdr/HDRtest/a3576-LS051026_day_15_LL003.exr,/mnt/data_disk/ZQL/TIP_TMO_result/dnn/ZSDH/a3576.png,341,512,0.6873859254697137,0.5658986144673638,0.02308227246654429,0.2743698864246256,0.5487397728492511,8.04538160191401e-17,0.23799778521060944
a3585,/mnt/data_disk/HDRData/1000hdr/HDRtest/a3585-IMG_4211.exr,/mnt/data_disk/ZQL/TIP_TMO_result/dnn/ZSDH/a3585.png,341,512,0.5213314976448257,0.2377657532194566,0.00413331024063514,0.11370745796917026,0.2274149159383405,3.7493925593065157e-22,0.17028440535068512
a3586,/mnt/data_disk/HDRData/1000hdr/HDRtest/a3586-IMG_4591.exr,/mnt/data_disk/ZQL/TIP_TMO_result/dnn/ZSDH/a3586.png,341,512,0.7316176253810496,0.6919946692911255,0.027119658284424503,0.30902308796586403,0.6180461759317281,3.016034737028046e-31,0.25038662552833557
a3588,/mnt/data_disk/HDRData/1000hdr/HDRtest/a3588-CRW_0983.exr,/mnt/data_disk/ZQL/TIP_TMO_result/dnn/ZSDH/a3588.png,341,512,0.7435354372188278,0.713666291450544,0.04075376009587472,0.2953257688201657,0.590651537640278,5.343986976448242e-14,0.1635817438364029
a3591,/mnt/data_disk/HDRData/1000hdr/HDRtest/a3591-07-11-30-at-16h19m33s-_MG_8384.exr,/mnt/data_disk/ZQL/TIP_TMO_result/dnn/ZSDH/a3591.png,341,512,0.69341737749645,0.6107682181060775,0.003960378456951971,0.2535788338131846,0.5071576676263692,8.613010735808277e-50,0.23856012523174286
a3593,/mnt/data_disk/HDRData/1000hdr/HDRtest/a3593-_DSC5689.exr,/mnt/data_disk/ZQL/TIP_TMO_result/dnn/ZSDH/a3593.png,341,512,0.6947305975740898,0.5636653003712424,0.04452660099373723,0.2900759244711365,0.5801518115221256,3.742014740522748e-08,0.30294764041900635
a3600,/mnt/data_disk/HDRData/1000hdr/HDRtest/a3600-JI2E3496.exr,/mnt/data_disk/ZQL/TIP_TMO_result/dnn/ZSDH/a3600.png,341,512,0.7011349366270125,0.602997136827021,0.024499468393080513,0.27431819236440497,0.5486363847288099,6.222227976212757e-26,0.26240378618240356
a3602,/mnt/data_disk/HDRData/1000hdr/HDRtest/a3602-_DSC9759.exr,/mnt/data_disk/ZQL/TIP_TMO_result/dnn/ZSDH/a3602.png,341,512,0.6849548770101705,0.562774360624806,0.020073359891664668,0.2666738466982089,0.5333476832599924,1.0136425488948404e-08,0.17583021521568298
a3605,/mnt/data_disk/HDRData/1000hdr/HDRtest/a3605-IMG_2772.exr,/mnt/data_disk/ZQL/TIP_TMO_result/dnn/ZSDH/a3605.png,341,512,0.650462692053918,0.4788768315218643,0.015210576375781496,0.25416461825587283,0.5083292365117457,4.870618270225359e-24,0.15952178835868835
a3608,/mnt/data_disk/HDRData/1000hdr/HDRtest/a3608-NKIM_MG_7004.exr,/mnt/data_disk/ZQL/TIP_TMO_result/dnn/ZSDH/a3608.png,341,512,0.6887864877484146,0.5586306902314501,0.03321823371012525,0.2740021551630219,0.5480043103260438,1.461420697487338e-20,0.1477314680814743
a3609,/mnt/data_disk/HDRData/1000hdr/HDRtest/a3609-IMG_1702.exr,/mnt/data_disk/ZQL/TIP_TMO_result/dnn/ZSDH/a3609.png,341,512,0.6783884582961869,0.5624266436998079,0.007188125209680055,0.20314506871243748,0.40629013742487496,1.0473864243857173e-32,0.18539586663246155
a3613,/mnt/data_disk/HDRData/1000hdr/HDRtest/a3613-_DSC3264.exr,/mnt/data_disk/ZQL/TIP_TMO_result/dnn/ZSDH/a3613.png,341,512,0.6859838243012502,0.5501303583631645,0.03407431434656737,0.24776542783362604,0.4955308556672521,6.114021455915515e-23,0.2698219120502472
a3623,/mnt/data_disk/HDRData/1000hdr/HDRtest/a3623-20051220_201437__MG_9239.exr,/mnt/data_disk/ZQL/TIP_TMO_result/dnn/ZSDH/a3623.png,341,512,0.6824698449742456,0.550720930322451,0.024610731452468323,0.2714459580021422,0.5428919160042844,4.307498136921871e-20,0.35612043738365173
a3624,/mnt/data_disk/HDRData/1000hdr/HDRtest/a3624-DSC_0070.exr,/mnt/data_disk/ZQL/TIP_TMO_result/dnn/ZSDH/a3624.png,340,512,0.736111453542666,0.7281573803413951,0.012118658618727159,0.2968631956006906,0.5937263912013812,2.4085161246632453e-22,0.15020276606082916
a3628,/mnt/data_disk/HDRData/1000hdr/HDRtest/a3628-_DSC9996.exr,/mnt/data_disk/ZQL/TIP_TMO_result/dnn/ZSDH/a3628.png,341,512,0.6841734231866355,0.5768323828744506,0.008194299401285429,0.20202448195682826,0.4040489639136565,6.415200700410446e-38,0.2274547517299652
a3633,/mnt/data_disk/HDRData/1000hdr/HDRtest/a3633-JI2E3892.exr,/mnt/data_disk/ZQL/TIP_TMO_result/dnn/ZSDH/a3633.png,341,512,0.7488661044612307,0.7702159902834554,0.012524684587430843,0.348273183523131,0.696546367046262,7.946401057527489e-46,0.16719795763492584
a3634,/mnt/data_disk/HDRData/1000hdr/HDRtest/a3634-IMG_4959.exr,/mnt/data_disk/ZQL/TIP_TMO_result/dnn/ZSDH/a3634.png,341,512,0.6309022670297624,0.4236144723243903,0.024016147685566643,0.1382271952737929,0.2764543905475858,1.1394014271930978e-18,0.29668182134628296
a3635,/mnt/data_disk/HDRData/1000hdr/HDRtest/a3635-IMG_4031.exr,/mnt/data_disk/ZQL/TIP_TMO_result/dnn/ZSDH/a3635.png,341,512,0.695374830525877,0.5890227142109771,0.02242374251942677,0.3247666676212578,0.6495333352425156,2.6454875959786724e-29,0.31620317697525024
a3636,/mnt/data_disk/HDRData/1000hdr/HDRtest/a3636-20041222_195608__E6B6989.exr,/mnt/data_disk/ZQL/TIP_TMO_result/dnn/ZSDH/a3636.png,341,512,0.6975688655691614,0.6239798009414026,0.003463112136091505,0.25274836876226214,0.5054967375245243,2.5615108755253467e-32,0.12671254575252533
a3641,/mnt/data_disk/HDRData/1000hdr/HDRtest/a3641-_DSC4628.exr,/mnt/data_disk/ZQL/TIP_TMO_result/dnn/ZSDH/a3641.png,341,512,0.7075617400451051,0.6007245718587162,0.04353721854358941,0.3152094684500066,0.6304189369000132,1.0914061442844616e-20,0.34401941299438477
a3644,/mnt/data_disk/HDRData/1000hdr/HDRtest/a3644-jmac_MG_5959.exr,/mnt/data_disk/ZQL/TIP_TMO_result/dnn/ZSDH/a3644.png,341,512,0.6886373172404192,0.5748280078048185,0.018560885302656326,0.24183126551351802,0.48366253102703605,3.7865578224452815e-27,0.27641069889068604
a3649,/mnt/data_disk/HDRData/1000hdr/HDRtest/a3649-WP_CRW_0691.exr,/mnt/data_disk/ZQL/TIP_TMO_result/dnn/ZSDH/a3649.png,341,512,0.6990100854801017,0.5954690319914154,0.02570873463354361,0.27270726306977744,0.5454144100918839,1.1604767100452245e-07,0.11121603101491928
a3654,/mnt/data_disk/HDRData/1000hdr/HDRtest/a3654-IMG_0777.exr,/mnt/data_disk/ZQL/TIP_TMO_result/dnn/ZSDH/a3654.png,341,512,0.6662807404658428,0.523696878813922,0.011441718790119218,0.21680801294721153,0.43361602589442305,1.7401687558212628e-26,0.2252846211194992
a3658,/mnt/data_disk/HDRData/1000hdr/HDRtest/a3658-jmac_MG_0418.exr,/mnt/data_disk/ZQL/TIP_TMO_result/dnn/ZSDH/a3658.png,341,512,0.702860451241424,0.6337044352401975,0.006497943054679415,0.30315559246702145,0.6063111849340429,4.885576556287094e-35,0.16589483618736267
a3670,/mnt/data_disk/HDRData/1000hdr/HDRtest/a3670-jmac_MG_5917.exr,/mnt/data_disk/ZQL/TIP_TMO_result/dnn/ZSDH/a3670.png,341,512,0.74913843274863,0.7779773242266805,0.00876813493438504,0.34131661636161315,0.6826332327232263,4.9840546163024227e-26,0.15381832420825958
a3673,/mnt/data_disk/HDRData/1000hdr/HDRtest/a3673-_DSC1109.exr,/mnt/data_disk/ZQL/TIP_TMO_result/dnn/ZSDH/a3673.png,341,512,0.7026445397849642,0.6053606379957258,0.02618036411601478,0.3381062581247707,0.6762125162495414,4.219032704570017e-32,0.40946564078330994
a3677,/mnt/data_disk/HDRData/1000hdr/HDRtest/a3677-IMG_4696.exr,/mnt/data_disk/ZQL/TIP_TMO_result/dnn/ZSDH/a3677.png,341,512,0.669870353480727,0.5063323187995057,0.035548047849538446,0.25732373850957363,0.5146472283267335,2.4869241379846106e-07,0.23817481100559235
a3686,/mnt/data_disk/HDRData/1000hdr/HDRtest/a3686-jmac_MG_0353.exr,/mnt/data_disk/ZQL/TIP_TMO_result/dnn/ZSDH/a3686.png,341,512,0.6751313916375637,0.5494850443851855,0.00982967663718257,0.29469224128098426,0.5893844825619685,7.942663691416046e-43,0.3582591116428375
a3688,/mnt/data_disk/HDRData/1000hdr/HDRtest/a3688-jmac_MG_1424.exr,/mnt/data_disk/ZQL/TIP_TMO_result/dnn/ZSDH/a3688.png,341,512,0.757170994660899,0.7158440965157004,0.0812056567691696,0.30584672885043085,0.6116934521235773,5.577284417270268e-09,0.20713740587234497
a3689,/mnt/data_disk/HDRData/1000hdr/HDRtest/a3689-JI2E3798.exr,/mnt/data_disk/ZQL/TIP_TMO_result/dnn/ZSDH/a3689.png,341,512,0.6510255947230323,0.48301922173965306,0.01291746350780394,0.2767239667875494,0.5534479335750988,5.7621095171663965e-33,0.16023774445056915
a3696,/mnt/data_disk/HDRData/1000hdr/HDRtest/a3696-jmac_DSC1242.exr,/mnt/data_disk/ZQL/TIP_TMO_result/dnn/ZSDH/a3696.png,343,512,0.7296830107262858,0.6847654621779367,0.027999378093470383,0.29816768506659874,0.5963353701313678,1.8296022448642346e-12,0.24080537259578705
a3697,/mnt/data_disk/HDRData/1000hdr/HDRtest/a3697-07-11-24-at-16h05m35s-_MG_6729.exr,/mnt/data_disk/ZQL/TIP_TMO_result/dnn/ZSDH/a3697.png,341,512,0.5847439204490599,0.34530000410052314,0.0058770783794553074,0.21671939077199523,0.43343878154399046,6.511962182544348e-57,0.21684305369853973
a3700,/mnt/data_disk/HDRData/1000hdr/HDRtest/a3700-tc_DSC1892.exr,/mnt/data_disk/ZQL/TIP_TMO_result/dnn/ZSDH/a3700.png,340,512,0.6907883605960625,0.5754311350422492,0.023001996244747067,0.28303275763811353,0.5660655152762271,5.812666283440478e-23,0.19008031487464905
a3706,/mnt/data_disk/HDRData/1000hdr/HDRtest/a3706-dgw_065.exr,/mnt/data_disk/ZQL/TIP_TMO_result/dnn/ZSDH/a3706.png,341,512,0.6970100470305239,0.5966733131647919,0.019996745410481596,0.31547496375042905,0.6309499275008581,1.001364768590769e-20,0.3740217387676239
a3707,/mnt/data_disk/HDRData/1000hdr/HDRtest/a3707-NKIM_121.exr,/mnt/data_disk/ZQL/TIP_TMO_result/dnn/ZSDH/a3707.png,341,512,0.5901152684805389,0.3514368741478746,0.00975495344787592,0.18907960000492147,0.37815920000984293,2.8936421443849503e-29,0.27347370982170105
a3710,/mnt/data_disk/HDRData/1000hdr/HDRtest/a3710-07-11-20-at-16h52m05s-_MG_5742.exr,/mnt/data_disk/ZQL/TIP_TMO_result/dnn/ZSDH/a3710.png,341,512,0.5488131969856401,0.27608795474429293,0.009733451823570787,0.19573210457994483,0.39146420915988966,8.715799628949817e-29,0.1269076019525528
a3712,/mnt/data_disk/HDRData/1000hdr/HDRtest/a3712-IMG_4852.exr,/mnt/data_disk/ZQL/TIP_TMO_result/dnn/ZSDH/a3712.png,341,512,0.7069141440724453,0.6495065582648091,0.0046279205864630316,0.27749171467395206,0.5549834293479041,7.420950974728731e-33,0.16518795490264893
a3715,/mnt/data_disk/HDRData/1000hdr/HDRtest/a3715-_MG_7773.exr,/mnt/data_disk/ZQL/TIP_TMO_result/dnn/ZSDH/a3715.png,341,512,0.6520465590503135,0.5046331512462207,0.0010290960749044437,0.19551847302072559,0.39103694604145117,3.552676113279862e-40,0.29102715849876404
a3716,/mnt/data_disk/HDRData/1000hdr/HDRtest/a3716-IMG_0301.exr,/mnt/data_disk/ZQL/TIP_TMO_result/dnn/ZSDH/a3716.png,341,512,0.6748272101601771,0.5524988640524021,0.007317151126535765,0.18029210656026246,0.3605842131205249,2.694891588750382e-36,0.11933161318302155
a3719,/mnt/data_disk/HDRData/1000hdr/HDRtest/a3719-07-11-29-at-15h43m28s-_MG_8075.exr,/mnt/data_disk/ZQL/TIP_TMO_result/dnn/ZSDH/a3719.png,341,512,0.7103591481933152,0.6617075614617868,0.003835376333248118,0.313852174841226,0.627704349682452,7.409160635849018e-51,0.38596928119659424
a3720,/mnt/data_disk/HDRData/1000hdr/HDRtest/a3720-jmac_MG_0851.exr,/mnt/data_disk/ZQL/TIP_TMO_result/dnn/ZSDH/a3720.png,341,512,0.6414170301243809,0.46788563513319925,0.006659908401867403,0.25337233214655663,0.5067446642931133,3.350941633987126e-18,0.24078668653964996
a3721,/mnt/data_disk/HDRData/1000hdr/HDRtest/a3721-KE_-01.exr,/mnt/data_disk/ZQL/TIP_TMO_result/dnn/ZSDH/a3721.png,340,512,0.6842996184429407,0.5199126346532096,0.062420406059440714,0.23286565059102268,0.46573130118204464,7.2518566666570805e-16,0.2763049900531769
a3724,/mnt/data_disk/HDRData/1000hdr/HDRtest/a3724-20060101_092918__E6B0305.exr,/mnt/data_disk/ZQL/TIP_TMO_result/dnn/ZSDH/a3724.png,341,512,0.7409165933468205,0.7159384937293259,0.0317953308650276,0.31722555906501493,0.6344511181300299,7.712740082380524e-20,0.3207763433456421
a3727,/mnt/data_disk/HDRData/1000hdr/HDRtest/a3727-2004-01-18 11-49-42 CRW_2889.exr,/mnt/data_disk/ZQL/TIP_TMO_result/dnn/ZSDH/a3727.png,341,512,0.669355885613448,0.5423681663409285,0.004593053856237952,0.26632839321564955,0.5326567864312991,7.66740449662226e-40,0.17958098649978638
a3729,/mnt/data_disk/HDRData/1000hdr/HDRtest/a3729-07-11-24-at-21h39m19s-_MG_6853.exr,/mnt/data_disk/ZQL/TIP_TMO_result/dnn/ZSDH/a3729.png,341,512,0.6570447858648426,0.4972857375632299,0.01352641483918815,0.183347915017679,0.366695830035358,2.8356653426800856e-22,0.1944134682416916
a3730,/mnt/data_disk/HDRData/1000hdr/HDRtest/a3730-IMG_0113.exr,/mnt/data_disk/ZQL/TIP_TMO_result/dnn/ZSDH/a3730.png,341,512,0.6241814107232283,0.4292335057121579,0.005446900096137526,0.2612489452916811,0.5224978905833622,6.865149718144009e-28,0.31273940205574036
a3732,/mnt/data_disk/HDRData/1000hdr/HDRtest/a3732-_DGW6272.exr,/mnt/data_disk/ZQL/TIP_TMO_result/dnn/ZSDH/a3732.png,341,512,0.687412548526974,0.5565446076950064,0.03162408424110504,0.3023489009784723,0.6046978019569446,5.310376315838195e-18,0.14290069043636322
a3733,/mnt/data_disk/HDRData/1000hdr/HDRtest/a3733-WP_CRW_4827.exr,/mnt/data_disk/ZQL/TIP_TMO_result/dnn/ZSDH/a3733.png,341,512,0.7063999850269793,0.6039523987137447,0.03717899779156031,0.21385759799313148,0.42771439194287664,8.040433863245235e-07,0.1985556185245514
a3735,/mnt/data_disk/HDRData/1000hdr/HDRtest/a3735-_MG_7825.exr,/mnt/data_disk/ZQL/TIP_TMO_result/dnn/ZSDH/a3735.png,341,512,0.6952838584235848,0.5741352869524516,0.03555524307115061,0.3122960679418802,0.6245921358837604,2.9918285317348895e-19,0.2762977182865143
a3737,/mnt/data_disk/HDRData/1000hdr/HDRtest/a3737-dgw_022.exr,/mnt/data_disk/ZQL/TIP_TMO_result/dnn/ZSDH/a3737.png,341,512,0.6820188602500356,0.5646957427280666,0.012336290667029353,0.2689933569422644,0.5379867138845288,6.690624170744464e-27,0.2591894268989563
a3739,/mnt/data_disk/HDRData/1000hdr/HDRtest/a3739-KE_-0068.exr,/mnt/data_disk/ZQL/TIP_TMO_result/dnn/ZSDH/a3739.png,340,512,0.7211930679132035,0.6551431852650426,0.030696827038447543,0.32117492487703553,0.6423498497511089,2.9621815704026553e-12,0.18368276953697205
a3740,/mnt/data_disk/HDRData/1000hdr/HDRtest/a3740-_DSC1411.exr,/mnt/data_disk/ZQL/TIP_TMO_result/dnn/ZSDH/a3740.png,341,512,0.7065660891960083,0.6481628516451852,0.004769392010658359,0.23089007023114638,0.46178014046229277,4.593613795421684e-48,0.1689434051513672
a3742,/mnt/data_disk/HDRData/1000hdr/HDRtest/a3742-IMG_0206.exr,/mnt/data_disk/ZQL/TIP_TMO_result/dnn/ZSDH/a3742.png,341,512,0.6511641156723349,0.4625006557441697,0.032914276288026116,0.2411240873149208,0.4822481746298416,2.4361267568564545e-17,0.3390720784664154
a3743,/mnt/data_disk/HDRData/1000hdr/HDRtest/a3743-DSC_0038.exr,/mnt/data_disk/ZQL/TIP_TMO_result/dnn/ZSDH/a3743.png,340,512,0.7388072525617901,0.7315312448942973,0.015523559198929315,0.24439274338594663,0.4887854867718931,1.7028019174893714e-16,0.12760481238365173
a3744,/mnt/data_disk/HDRData/1000hdr/HDRtest/a3744-NKIM_MG_6757.exr,/mnt/data_disk/ZQL/TIP_TMO_result/dnn/ZSDH/a3744.png,341,512,0.6479363342718448,0.48037159492034026,0.0090784155531116,0.2621746602790591,0.5243493205581182,5.9458983388007856e-30,0.24150778353214264
a3749,/mnt/data_disk/HDRData/1000hdr/HDRtest/a3749-IMG_4592.exr,/mnt/data_disk/ZQL/TIP_TMO_result/dnn/ZSDH/a3749.png,341,512,0.6356661387871664,0.43980577735977133,0.01864427473486737,0.30873562796725224,0.6174712559345045,2.746883686423498e-25,0.3024437427520752
a3750,/mnt/data_disk/HDRData/1000hdr/HDRtest/a3750-IMG_4253.exr,/mnt/data_disk/ZQL/TIP_TMO_result/dnn/ZSDH/a3750.png,341,512,0.627095857669863,0.4331183770663164,0.007423874751590853,0.20256260201870077,0.40512520403740154,1.8635785332762997e-31,0.2439541071653366
a3753,/mnt/data_disk/HDRData/1000hdr/HDRtest/a3753-dgw_073.exr,/mnt/data_disk/ZQL/TIP_TMO_result/dnn/ZSDH/a3753.png,341,512,0.7094751213406264,0.6251771640745949,0.02630567919288106,0.3032942534150764,0.6065885068301528,9.246052920636049e-23,0.5073376297950745
a3754,/mnt/data_disk/HDRData/1000hdr/HDRtest/a3754-050731_151704__I2E5362.exr,/mnt/data_disk/ZQL/TIP_TMO_result/dnn/ZSDH/a3754.png,341,512,0.7261174601834449,0.673772766217057,0.027861753037609183,0.2491734022370393,0.498346804311108,1.6297055646530232e-10,0.15692928433418274
a3756,/mnt/data_disk/HDRData/1000hdr/HDRtest/a3756-jmac_MG_5949.exr,/mnt/data_disk/ZQL/TIP_TMO_result/dnn/ZSDH/a3756.png,341,512,0.7441737900716267,0.7189982646192197,0.037979903422743676,0.31696993706235027,0.6339398657546762,8.37002432064048e-09,0.17916078865528107
a3760,/mnt/data_disk/HDRData/1000hdr/HDRtest/a3760-IMG_2504.exr,/mnt/data_disk/ZQL/TIP_TMO_result/dnn/ZSDH/a3760.png,341,512,0.6755297831679378,0.5510932403805865,0.009469272786672518,0.2828420900884364,0.5656841801768705,2.299633977825716e-15,0.13756480813026428
a3764,/mnt/data_disk/HDRData/1000hdr/HDRtest/a3764-20060618_093109__MG_8792.exr,/mnt/data_disk/ZQL/TIP_TMO_result/dnn/ZSDH/a3764.png,341,512,0.6927174285633083,0.5915929377311173,0.014538553959255943,0.2762383756289658,0.5524767512579315,8.883060068009625e-17,0.24129660427570343
a3766,/mnt/data_disk/HDRData/1000hdr/HDRtest/a3766-20041219_194831__E6B5558.exr,/mnt/data_disk/ZQL/TIP_TMO_result/dnn/ZSDH/a3766.png,341,512,0.6487440701004861,0.49813141094182195,0.00040172702812880197,0.19162235770222988,0.38324471540445976,4.562821097628237e-71,0.12570327520370483
a3769,/mnt/data_disk/HDRData/1000hdr/HDRtest/a3769-IMG_3943.exr,/mnt/data_disk/ZQL/TIP_TMO_result/dnn/ZSDH/a3769.png,341,512,0.7092287702124288,0.6270366184395619,0.02417940360459536,0.2874083488317184,0.5748166955299752,2.1334615927107065e-09,0.14629830420017242
a3771,/mnt/data_disk/HDRData/1000hdr/HDRtest/a3771-07-06-01-at-13h03m06-s_MG_1256.exr,/mnt/data_disk/ZQL/TIP_TMO_result/dnn/ZSDH/a3771.png,341,512,0.713174133835173,0.6260370416293612,0.035064056542766266,0.30539846918561436,0.6107969383712287,2.2207374030487595e-23,0.31006160378456116
a3772,/mnt/data_disk/HDRData/1000hdr/HDRtest/a3772-dgw_123.exr,/mnt/data_disk/ZQL/TIP_TMO_result/dnn/ZSDH/a3772.png,341,512,0.7340962940873552,0.6814411840791907,0.042623688920049065,0.26577682500735705,0.5315536500146856,2.855020663791132e-14,0.27056965231895447
a3774,/mnt/data_disk/HDRData/1000hdr/HDRtest/a3774-_DSC0017.exr,/mnt/data_disk/ZQL/TIP_TMO_result/dnn/ZSDH/a3774.png,340,512,0.6566674131754898,0.4982631731761277,0.012002346882225534,0.24666297426838626,0.49332594853677253,1.3704279949299286e-30,0.21504491567611694
a3778,/mnt/data_disk/HDRData/1000hdr/HDRtest/a3778-IMG_4838.exr,/mnt/data_disk/ZQL/TIP_TMO_result/dnn/ZSDH/a3778.png,341,512,0.66354062131295,0.5016050670785448,0.02415972711937708,0.2632595469825807,0.5265190939651614,1.3504724278096996e-27,0.3414136469364166
a3780,/mnt/data_disk/HDRData/1000hdr/HDRtest/a3780-JI2E3902.exr,/mnt/data_disk/ZQL/TIP_TMO_result/dnn/ZSDH/a3780.png,341,512,0.6954775056583062,0.5959792168126264,0.017130729428331857,0.30319314850735135,0.6063862969977528,1.6949858102800144e-11,0.18547828495502472
a3781,/mnt/data_disk/HDRData/1000hdr/HDRtest/a3781-2004-06-24 06-45-08 CRW_2040.exr,/mnt/data_disk/ZQL/TIP_TMO_result/dnn/ZSDH/a3781.png,341,512,0.7013887262546415,0.6228024018452234,0.010379138313587529,0.27846720373697714,0.5569344074739543,4.656438943023478e-21,0.13381102681159973
a3783,/mnt/data_disk/HDRData/1000hdr/HDRtest/a3783-KE_-0052.exr,/mnt/data_disk/ZQL/TIP_TMO_result/dnn/ZSDH/a3783.png,340,512,0.682988636791401,0.5367842738850348,0.03944845497695117,0.2459843701227573,0.4919687398490302,3.964844243846243e-10,0.1831347793340683
a3786,/mnt/data_disk/HDRData/1000hdr/HDRtest/a3786-_I2E8191.exr,/mnt/data_disk/ZQL/TIP_TMO_result/dnn/ZSDH/a3786.png,341,512,0.6849049652837519,0.5707433769024659,0.013736121790662368,0.24231454224334908,0.48462908448669817,3.074358521033265e-24,0.2530677616596222
a3796,/mnt/data_disk/HDRData/1000hdr/HDRtest/a3796-NKIM_MG_7319.exr,/mnt/data_disk/ZQL/TIP_TMO_result/dnn/ZSDH/a3796.png,341,512,0.7210403253460426,0.6572465279119696,0.028555601469935365,0.22847985974450452,0.456959719489009,3.7568244424361826e-17,0.3047555387020111
a3798,/mnt/data_disk/HDRData/1000hdr/HDRtest/a3798-IMG_2539.exr,/mnt/data_disk/ZQL/TIP_TMO_result/dnn/ZSDH/a3798.png,341,512,0.696852706128622,0.5710160418676321,0.042990139149832,0.2431451074484272,0.48629021489680035,5.408225971125826e-14,0.257488876581192
a3800,/mnt/data_disk/HDRData/1000hdr/HDRtest/a3800-dgw_090.exr,/mnt/data_disk/ZQL/TIP_TMO_result/dnn/ZSDH/a3800.png,341,512,0.7047171947633528,0.6330759138432792,0.010123547933343854,0.32029594694766805,0.6405918938953361,1.795474572223282e-34,0.22476142644882202
a3804,/mnt/data_disk/HDRData/1000hdr/HDRtest/a3804-_DSC3608.exr,/mnt/data_disk/ZQL/TIP_TMO_result/dnn/ZSDH/a3804.png,343,512,0.6156729258552749,0.40278327131678304,0.011349714017498638,0.31120601601259934,0.6224120320251987,9.253046148434111e-50,0.1446942389011383
a3816,/mnt/data_disk/HDRData/1000hdr/HDRtest/a3816-jmac_DSC3118.exr,/mnt/data_disk/ZQL/TIP_TMO_result/dnn/ZSDH/a3816.png,340,512,0.7500986178571619,0.6872509921388411,0.08762063362229129,0.34597039709138006,0.6919407695758027,2.460695733510879e-08,0.20697221159934998
a3820,/mnt/data_disk/HDRData/1000hdr/HDRtest/a3820-dgw_025.exr,/mnt/data_disk/ZQL/TIP_TMO_result/dnn/ZSDH/a3820.png,341,512,0.5287095294503292,0.2508234461088214,0.002629194180379067,0.08777551516834253,0.17555103033668507,6.5524876819356126e-18,0.1398240327835083
a3822,/mnt/data_disk/HDRData/1000hdr/HDRtest/a3822-07-11-21-at-09h53m21s-_MG_5852.exr,/mnt/data_disk/ZQL/TIP_TMO_result/dnn/ZSDH/a3822.png,341,512,0.7027339544413169,0.6228423384417839,0.012962991697916221,0.27741443790583226,0.5548288758116645,1.7814021649808865e-26,0.19599153101444244
a3827,/mnt/data_disk/HDRData/1000hdr/HDRtest/a3827-JI2E3823.exr,/mnt/data_disk/ZQL/TIP_TMO_result/dnn/ZSDH/a3827.png,341,512,0.6706126050525867,0.5380024715213415,0.00939300087131334,0.2874005708070429,0.5748011416140858,6.266915309467267e-28,0.17398548126220703
a3830,/mnt/data_disk/HDRData/1000hdr/HDRtest/a3830-LS_060715_8670.exr,/mnt/data_disk/ZQL/TIP_TMO_result/dnn/ZSDH/a3830.png,341,512,0.6773257922628417,0.5448762607422264,0.017747483730245737,0.2788795068293711,0.5577590136587423,1.0519327280640673e-17,0.2613827586174011
a3832,/mnt/data_disk/HDRData/1000hdr/HDRtest/a3832-20060613_091536__MG_7749.exr,/mnt/data_disk/ZQL/TIP_TMO_result/dnn/ZSDH/a3832.png,341,512,0.674009765659264,0.5413374034821572,0.01353236732568494,0.2457945363286359,0.4915890726572718,3.645577949113257e-29,0.2528020143508911
a3833,/mnt/data_disk/HDRData/1000hdr/HDRtest/a3833-_DSC0003-2.exr,/mnt/data_disk/ZQL/TIP_TMO_result/dnn/ZSDH/a3833.png,340,512,0.7227184004021864,0.6624569107953783,0.02850579120949317,0.3242184038805069,0.6484368077609979,1.5915109496397238e-14,0.1401551216840744
a3834,/mnt/data_disk/HDRData/1000hdr/HDRtest/a3834-IMG_0007.exr,/mnt/data_disk/ZQL/TIP_TMO_result/dnn/ZSDH/a3834.png,341,512,0.6391459045821551,0.44004163868105894,0.02658104456146715,0.26883625230343744,0.5376725046068693,5.598951247706193e-15,0.31042370200157166
a3846,/mnt/data_disk/HDRData/1000hdr/HDRtest/a3846-IMG_3087.exr,/mnt/data_disk/ZQL/TIP_TMO_result/dnn/ZSDH/a3846.png,341,512,0.7146740290582602,0.6475629958904536,0.020870732871108265,0.2918158989320612,0.5836317978641224,5.310537458039337e-21,0.16040772199630737
a3847,/mnt/data_disk/HDRData/1000hdr/HDRtest/a3847-NKIM_MG_6113.exr,/mnt/data_disk/ZQL/TIP_TMO_result/dnn/ZSDH/a3847.png,341,512,0.595104744216151,0.35607616196057024,0.014988336952848956,0.2687460457176353,0.5374920914352705,1.1214881759081454e-36,0.24318426847457886
a3848,/mnt/data_disk/HDRData/1000hdr/HDRtest/a3848-DSC_0024.exr,/mnt/data_disk/ZQL/TIP_TMO_result/dnn/ZSDH/a3848.png,340,512,0.7045221327171113,0.6019529959682866,0.033998025012255746,0.2701541828928928,0.5403083657857518,3.370774213256124e-14,0.12255346775054932
a3851,/mnt/data_disk/HDRData/1000hdr/HDRtest/a3851-IMG_3430.exr,/mnt/data_disk/ZQL/TIP_TMO_result/dnn/ZSDH/a3851.png,341,512,0.6741162990050961,0.5552773670701688,0.004561604154990045,0.21726161902769917,0.43452323805539833,1.698065573619289e-19,0.14235208928585052
a3862,/mnt/data_disk/HDRData/1000hdr/HDRtest/a3862-JI2E0423.exr,/mnt/data_disk/ZQL/TIP_TMO_result/dnn/ZSDH/a3862.png,341,512,0.7227505825521295,0.6735934740705578,0.01995709050342578,0.22758800093322254,0.4551760003770092,1.4894358247952228e-09,0.12738361954689026
a3863,/mnt/data_disk/HDRData/1000hdr/HDRtest/a3863-IMG_1159.exr,/mnt/data_disk/ZQL/TIP_TMO_result/dnn/ZSDH/a3863.png,341,512,0.6604249780910553,0.4928262016837284,0.025045766302414153,0.2569761573778023,0.5139523147556045,5.246018142244383e-17,0.24998772144317627
a3864,/mnt/data_disk/HDRData/1000hdr/HDRtest/a3864-_DSC1992.exr,/mnt/data_disk/ZQL/TIP_TMO_result/dnn/ZSDH/a3864.png,341,512,0.5908972735128278,0.3543639171232948,0.008504551694936158,0.20227815913865316,0.4045563009048234,1.7372482875673556e-08,0.1353735774755478
a3872,/mnt/data_disk/HDRData/1000hdr/HDRtest/a3872-IMG_4058.exr,/mnt/data_disk/ZQL/TIP_TMO_result/dnn/ZSDH/a3872.png,341,512,0.7107417400030938,0.6231018034754299,0.031278095957163424,0.2655439683424913,0.5310879366844798,5.027177408589401e-13,0.2551449239253998
a3877,/mnt/data_disk/HDRData/1000hdr/HDRtest/a3877-KE_-0019.exr,/mnt/data_disk/ZQL/TIP_TMO_result/dnn/ZSDH/a3877.png,340,512,0.4974643167561846,0.2025571602066541,0.00529163460844934,0.1562991248915426,0.3125982497830852,4.780089078047461e-29,0.2292374223470688
a3879,/mnt/data_disk/HDRData/1000hdr/HDRtest/a3879-IMG_0091.exr,/mnt/data_disk/ZQL/TIP_TMO_result/dnn/ZSDH/a3879.png,341,512,0.656800799254645,0.49723927831614634,0.013071466531470085,0.27181377976774634,0.5436275595345539,9.388375036767318e-13,0.2658466398715973
a3890,/mnt/data_disk/HDRData/1000hdr/HDRtest/a3890-IMG_4308.exr,/mnt/data_disk/ZQL/TIP_TMO_result/dnn/ZSDH/a3890.png,341,512,0.673003397216298,0.5225350836204846,0.027404171511650897,0.23587296229150267,0.4717459244804907,1.0251465491735037e-10,0.1697387397289276
a3893,/mnt/data_disk/HDRData/1000hdr/HDRtest/a3893-_DGW6301.exr,/mnt/data_disk/ZQL/TIP_TMO_result/dnn/ZSDH/a3893.png,341,512,0.7122809340762528,0.6611742117217884,0.007077368106127077,0.27466792251499395,0.5493358450299879,5.362357077109727e-32,0.3069482743740082
a3899,/mnt/data_disk/HDRData/1000hdr/HDRtest/a3899-jmac_DSC2259.exr,/mnt/data_disk/ZQL/TIP_TMO_result/dnn/ZSDH/a3899.png,340,512,0.732676410294983,0.7167870886417508,0.012204555898512414,0.311985300898275,0.62397060179655,6.607510635323886e-24,0.17181533575057983
a3900,/mnt/data_disk/HDRData/1000hdr/HDRtest/a3900-jmac_DSC5843.exr,/mnt/data_disk/ZQL/TIP_TMO_result/dnn/ZSDH/a3900.png,340,512,0.682561226303082,0.5574426334727012,0.019065493723890072,0.21263714643977163,0.42527429287954327,3.540134443233251e-21,0.19676896929740906
a3902,/mnt/data_disk/HDRData/1000hdr/HDRtest/a3902-jmac_DSC3970.exr,/mnt/data_disk/ZQL/TIP_TMO_result/dnn/ZSDH/a3902.png,340,512,0.6575804736279627,0.4932517982571706,0.018059478117781264,0.22562874828876842,0.4512574965773463,1.9052922536473352e-13,0.1288023740053177
a3903,/mnt/data_disk/HDRData/1000hdr/HDRtest/a3903-IMG_2386.exr,/mnt/data_disk/ZQL/TIP_TMO_result/dnn/ZSDH/a3903.png,341,512,0.6586844456213296,0.49746253888861824,0.016813510396635856,0.24097519646901022,0.48195039107115994,1.866860507299952e-09,0.15013264119625092
a3906,/mnt/data_disk/HDRData/1000hdr/HDRtest/a3906-LS051025_day_3_LL003.exr,/mnt/data_disk/ZQL/TIP_TMO_result/dnn/ZSDH/a3906.png,341,512,0.7122656501954397,0.6229439387451773,0.03543587119988152,0.25309102731365846,0.5061820546272945,2.241684054739127e-14,0.22577016055583954
a3911,/mnt/data_disk/HDRData/1000hdr/HDRtest/a3911-07-07-01-at-10h50m55s-_MG_2028.exr,/mnt/data_disk/ZQL/TIP_TMO_result/dnn/ZSDH/a3911.png,341,512,0.6718786745152804,0.5207302636796362,0.026334357333955824,0.26254733713108863,0.5250946742621773,1.8090828703167816e-18,0.22130580246448517
a3913,/mnt/data_disk/HDRData/1000hdr/HDRtest/a3913-IMG_0289.exr,/mnt/data_disk/ZQL/TIP_TMO_result/dnn/ZSDH/a3913.png,341,512,0.6136837052719134,0.4015320248372986,0.008725015155625598,0.2649431548418814,0.5298863096837628,6.922931065032618e-24,0.13576263189315796
a3914,/mnt/data_disk/HDRData/1000hdr/HDRtest/a3914-DSC_0002-1.exr,/mnt/data_disk/ZQL/TIP_TMO_result/dnn/ZSDH/a3914.png,340,512,0.7031177067912661,0.6222660146436735,0.014137729898133108,0.2504280626425314,0.5008561252667567,1.830614541797987e-11,0.187118262052536
a3919,/mnt/data_disk/HDRData/1000hdr/HDRtest/a3919-KE_-1608.exr,/mnt/data_disk/ZQL/TIP_TMO_result/dnn/ZSDH/a3919.png,340,512,0.64404673722638,0.4661118365447049,0.01281809644731481,0.22890306328646073,0.45780612657292147,2.566893443698967e-32,0.20140931010246277
a3923,/mnt/data_disk/HDRData/1000hdr/HDRtest/a3923-_DSC0095.exr,/mnt/data_disk/ZQL/TIP_TMO_result/dnn/ZSDH/a3923.png,340,512,0.629167543320579,0.4088744822725154,0.03649487156587947,0.2551271573568715,0.5102543101059029,4.6078401118335624e-09,0.18003250658512115
a3924,/mnt/data_disk/HDRData/1000hdr/HDRtest/a3924-_DSC6358.exr,/mnt/data_disk/ZQL/TIP_TMO_result/dnn/ZSDH/a3924.png,341,512,0.5522375732738976,0.288072883674874,0.0037994628885565144,0.17835824079397744,0.3567164815879549,7.214419045428867e-36,0.26782727241516113
a3926,/mnt/data_disk/HDRData/1000hdr/HDRtest/a3926-dgw_077.exr,/mnt/data_disk/ZQL/TIP_TMO_result/dnn/ZSDH/a3926.png,341,512,0.6300606512527314,0.44259850356756025,0.005554003532060311,0.16781799710957174,0.3356359942191435,1.3842603458385315e-27,0.25069111585617065
a3927,/mnt/data_disk/HDRData/1000hdr/HDRtest/a3927-IMG_6048.exr,/mnt/data_disk/ZQL/TIP_TMO_result/dnn/ZSDH/a3927.png,341,512,0.6054266651098938,0.3645266862547332,0.029222819921734308,0.21112859515082555,0.4222571903016511,7.429150621189458e-28,0.28885576128959656
a3930,/mnt/data_disk/HDRData/1000hdr/HDRtest/a3930-IMG_5083.exr,/mnt/data_disk/ZQL/TIP_TMO_result/dnn/ZSDH/a3930.png,341,512,0.697856757500353,0.6218707281602608,0.004905425349154984,0.32819826018032483,0.6563965203606497,5.0442520463962136e-51,0.2622360289096832
a3931,/mnt/data_disk/HDRData/1000hdr/HDRtest/a3931-_DGW6259.exr,/mnt/data_disk/ZQL/TIP_TMO_result/dnn/ZSDH/a3931.png,341,512,0.5536815993673828,0.28450151453546324,0.009541780469639645,0.16843597215087933,0.33687194430175865,1.7447376031055897e-32,0.34961187839508057
a3940,/mnt/data_disk/HDRData/1000hdr/HDRtest/a3940-20050602_180025__MG_2820.exr,/mnt/data_disk/ZQL/TIP_TMO_result/dnn/ZSDH/a3940.png,341,512,0.687705340318117,0.5686347273434679,0.02150916878595724,0.3190542197544514,0.6381084395088771,2.5759238965731857e-14,0.20713914930820465
a3943,/mnt/data_disk/HDRData/1000hdr/HDRtest/a3943-_DSC0054.exr,/mnt/data_disk/ZQL/TIP_TMO_result/dnn/ZSDH/a3943.png,340,512,0.7049747103915712,0.6064688987085533,0.03108790470672144,0.2743591016571647,0.5487182033141337,1.9578341532914192e-13,0.16890400648117065
a3947,/mnt/data_disk/HDRData/1000hdr/HDRtest/a3947-jmac_MG_1444.exr,/mnt/data_disk/ZQL/TIP_TMO_result/dnn/ZSDH/a3947.png,341,512,0.6475832684447854,0.4801264495068582,0.008624395547160142,0.2364992877220329,0.47299857544406554,3.0247163983025243e-16,0.17020553350448608
a3948,/mnt/data_disk/HDRData/1000hdr/HDRtest/a3948-_DSC0045.exr,/mnt/data_disk/ZQL/TIP_TMO_result/dnn/ZSDH/a3948.png,340,512,0.654307289996774,0.4746932277798307,0.028042866716488438,0.27107250045676584,0.5421450009135317,5.5117094278780555e-21,0.22107401490211487
a3954,/mnt/data_disk/HDRData/1000hdr/HDRtest/a3954-_MG_0841.exr,/mnt/data_disk/ZQL/TIP_TMO_result/dnn/ZSDH/a3954.png,341,512,0.7753449528296757,0.7568482167249825,0.10167071355394036,0.2769773106359365,0.553954068882022,5.523898509866094e-07,0.26830241084098816
a3958,/mnt/data_disk/HDRData/1000hdr/HDRtest/a3958-_DSC3890.exr,/mnt/data_disk/ZQL/TIP_TMO_result/dnn/ZSDH/a3958.png,341,512,0.7520423608588602,0.7476658490904153,0.03577492074016811,0.3577516969827745,0.7155033939651013,4.476561848953681e-13,0.12067385017871857
a3961,/mnt/data_disk/HDRData/1000hdr/HDRtest/a3961-_DSC0049.exr,/mnt/data_disk/ZQL/TIP_TMO_result/dnn/ZSDH/a3961.png,340,512,0.7041126594934796,0.639286256215421,0.005517586834087536,0.20919386708444299,0.41838773416888597,3.5422481496545904e-21,0.14024265110492706
a3963,/mnt/data_disk/HDRData/1000hdr/HDRtest/a3963-jmac_DSC3835.exr,/mnt/data_disk/ZQL/TIP_TMO_result/dnn/ZSDH/a3963.png,340,512,0.711818787949858,0.6162587451391724,0.04044071421519644,0.30714462537543513,0.614289250716573,3.4297177298372816e-11,0.2545129954814911
a3964,/mnt/data_disk/HDRData/1000hdr/HDRtest/a3964-NKIM_MG_6716.exr,/mnt/data_disk/ZQL/TIP_TMO_result/dnn/ZSDH/a3964.png,341,512,0.6660471941784369,0.5282325307077316,0.007842316738621275,0.225524222716903,0.451048445433806,8.334377101203886e-29,0.20785734057426453
a3970,/mnt/data_disk/HDRData/1000hdr/HDRtest/a3970-WP_Amanda_3rd_bday014.exr,/mnt/data_disk/ZQL/TIP_TMO_result/dnn/ZSDH/a3970.png,341,512,0.7247303835899924,0.6614324435516244,0.034585101292799375,0.26789284002193625,0.5357856800438519,2.0670723488313153e-14,0.09500302374362946
a3973,/mnt/data_disk/HDRData/1000hdr/HDRtest/a3973-DSC_0068-2.exr,/mnt/data_disk/ZQL/TIP_TMO_result/dnn/ZSDH/a3973.png,340,512,0.7380113471829367,0.7067998271663986,0.03159014155153535,0.2994661161575337,0.5989308688498948,1.3634651726799218e-06,0.12239441275596619
a3975,/mnt/data_disk/HDRData/1000hdr/HDRtest/a3975-jmac_MG_5721.exr,/mnt/data_disk/ZQL/TIP_TMO_result/dnn/ZSDH/a3975.png,341,512,0.6996738258571257,0.607666461113736,0.01742701671292402,0.2619494886334518,0.5238989772669036,1.5269638115438023e-17,0.18408986926078796
a3976,/mnt/data_disk/HDRData/1000hdr/HDRtest/a3976-Ja_Pe-10.exr,/mnt/data_disk/ZQL/TIP_TMO_result/dnn/ZSDH/a3976.png,288,512,0.6980794900880417,0.5935730232636545,0.025060322001350905,0.2557830337647692,0.5115660675116406,1.7897844003675435e-11,0.1957734376192093
a3991,/mnt/data_disk/HDRData/1000hdr/HDRtest/a3991-DSC_0005-2.exr,/mnt/data_disk/ZQL/TIP_TMO_result/dnn/ZSDH/a3991.png,340,512,0.6964601373047784,0.5956937965974096,0.019527290908371405,0.23190945739783023,0.46381891479564863,1.18112900879071e-14,0.174406036734581
a3992,/mnt/data_disk/HDRData/1000hdr/HDRtest/a3992-KE_-0044.exr,/mnt/data_disk/ZQL/TIP_TMO_result/dnn/ZSDH/a3992.png,340,512,0.6584746810487114,0.4987489891432412,0.01528086390637192,0.2700069605714446,0.5400139211428892,1.0254388829180693e-17,0.12499839812517166
a3993,/mnt/data_disk/HDRData/1000hdr/HDRtest/a3993-IMG_2812.exr,/mnt/data_disk/ZQL/TIP_TMO_result/dnn/ZSDH/a3993.png,341,512,0.6798006633403317,0.5374340965090368,0.03029181088427918,0.17538575314161176,0.350771488391475,1.789174852373602e-08,0.1894357055425644
a3995,/mnt/data_disk/HDRData/1000hdr/HDRtest/a3995-IMG_0187.exr,/mnt/data_disk/ZQL/TIP_TMO_result/dnn/ZSDH/a3995.png,341,512,0.6682078466252793,0.5094799386531983,0.028033799683843556,0.2757493882963297,0.5514987762769882,3.156712143759751e-10,0.2100471705198288
a4001,/mnt/data_disk/HDRData/1000hdr/HDRtest/a4001-jn_20070824_0168.exr,/mnt/data_disk/ZQL/TIP_TMO_result/dnn/ZSDH/a4001.png,341,512,0.6954363943744226,0.5759346763870304,0.034239183721826896,0.20878551716131938,0.41757103432263876,4.5324553432959194e-18,0.17270000278949738
a4003,/mnt/data_disk/HDRData/1000hdr/HDRtest/a4003-NKIM_MG_6603.exr,/mnt/data_disk/ZQL/TIP_TMO_result/dnn/ZSDH/a4003.png,341,512,0.5875533791235172,0.3455160243487422,0.010586525653408606,0.2572313929081701,0.5144627858162943,4.586873671163887e-14,0.22999195754528046
a4004,/mnt/data_disk/HDRData/1000hdr/HDRtest/a4004-050812_113412__MG_3770.exr,/mnt/data_disk/ZQL/TIP_TMO_result/dnn/ZSDH/a4004.png,341,512,nan,nan,0.014896693878709696,0.24108055675441115,0.48216111153745644,1.971365827853244e-09,0.13363757729530334
a4007,/mnt/data_disk/HDRData/1000hdr/HDRtest/a4007-_MG_7167.exr,/mnt/data_disk/ZQL/TIP_TMO_result/dnn/ZSDH/a4007.png,341,512,0.6661566400338765,0.513224392789356,0.019662469266888426,0.2613184517559439,0.5226369028282634,6.836245407628348e-10,0.310036301612854
a4008,/mnt/data_disk/HDRData/1000hdr/HDRtest/a4008-dgw_019.exr,/mnt/data_disk/ZQL/TIP_TMO_result/dnn/ZSDH/a4008.png,341,512,0.5986133864926387,0.3639138056520306,0.014193129057339823,0.20291394134666768,0.40582788269333536,1.2141324524232773e-32,0.2443966418504715
a4009,/mnt/data_disk/HDRData/1000hdr/HDRtest/a4009-jmac_MG_7717.exr,/mnt/data_disk/ZQL/TIP_TMO_result/dnn/ZSDH/a4009.png,341,512,0.6410621876316879,0.47149853455984625,0.003833008861481405,0.2549189685880685,0.509837937176137,2.721880630364309e-28,0.3192591071128845
a4013,/mnt/data_disk/HDRData/1000hdr/HDRtest/a4013-_I2E6911.exr,/mnt/data_disk/ZQL/TIP_TMO_result/dnn/ZSDH/a4013.png,341,512,0.6583433437435059,0.487155260816938,0.025510792869484013,0.21493906109520947,0.42987812219041754,1.3856529393645264e-15,0.32866233587265015
a4014,/mnt/data_disk/HDRData/1000hdr/HDRtest/a4014-JI2E4114.exr,/mnt/data_disk/ZQL/TIP_TMO_result/dnn/ZSDH/a4014.png,341,512,0.719252358033889,0.6602743410578298,0.021820008809231482,0.27423962528555723,0.5484792505711145,9.449475300667262e-22,0.26003673672676086
a4017,/mnt/data_disk/HDRData/1000hdr/HDRtest/a4017-DSC_0023.exr,/mnt/data_disk/ZQL/TIP_TMO_result/dnn/ZSDH/a4017.png,340,512,0.7443687283500637,0.7397298349498767,0.022408026199946227,0.30005852658284154,0.6001170531496106,1.6072433199635803e-11,0.15646007657051086
a4020,/mnt/data_disk/HDRData/1000hdr/HDRtest/a4020-IMG_3763.exr,/mnt/data_disk/ZQL/TIP_TMO_result/dnn/ZSDH/a4020.png,341,512,0.6463157336542432,0.4800482721365739,0.006511786909997852,0.2459543070303424,0.4919086140606848,5.138621748852868e-18,0.18789352476596832
a4025,/mnt/data_disk/HDRData/1000hdr/HDRtest/a4025-IMG_5601.exr,/mnt/data_disk/ZQL/TIP_TMO_result/dnn/ZSDH/a4025.png,341,512,0.7092432618148338,0.6201307769006591,0.030019522538963315,0.23850730272154122,0.47701460544308244,4.3633424719260554e-20,0.2583797872066498
a4026,/mnt/data_disk/HDRData/1000hdr/HDRtest/a4026-NKIM_MG_6632.exr,/mnt/data_disk/ZQL/TIP_TMO_result/dnn/ZSDH/a4026.png,341,512,0.7385542319075282,0.6780246486831641,0.05913800203201793,0.36010420211902444,0.7202084017106622,2.5273865831726967e-09,0.26844826340675354
a4027,/mnt/data_disk/HDRData/1000hdr/HDRtest/a4027-IMG_2393.exr,/mnt/data_disk/ZQL/TIP_TMO_result/dnn/ZSDH/a4027.png,341,512,0.6679375713137842,0.5191774910613558,0.018497204012064436,0.26803575022119797,0.5360715004251478,1.724804236826172e-11,0.20141328871250153
a4028,/mnt/data_disk/HDRData/1000hdr/HDRtest/a4028-060810_105728__MG_6096.exr,/mnt/data_disk/ZQL/TIP_TMO_result/dnn/ZSDH/a4028.png,341,512,0.6707287961133772,0.5286512396767173,0.016674687091567823,0.25160975609519565,0.5032195121903913,1.452089783490493e-32,0.2357223778963089
a4038,/mnt/data_disk/HDRData/1000hdr/HDRtest/a4038-Ja_Pe-20.exr,/mnt/data_disk/ZQL/TIP_TMO_result/dnn/ZSDH/a4038.png,288,512,0.6910480272978058,0.5729478670886202,0.025771438957167596,0.27611225571360587,0.5522245114272114,3.3334059766374854e-16,0.2136533111333847
a4040,/mnt/data_disk/HDRData/1000hdr/HDRtest/a4040-IMG_0233.exr,/mnt/data_disk/ZQL/TIP_TMO_result/dnn/ZSDH/a4040.png,341,512,0.6369765329322103,0.4471998163852925,0.014630913971033842,0.24168279900809483,0.48336559801618967,7.899379090177771e-19,0.3768515884876251
a4047,/mnt/data_disk/HDRData/1000hdr/HDRtest/a4047-IMG_1285.exr,/mnt/data_disk/ZQL/TIP_TMO_result/dnn/ZSDH/a4047.png,341,512,0.6754975703406629,0.5216894545673734,0.03467426201505007,0.2681585187366839,0.5363170300812119,7.392155886173156e-09,0.13585317134857178
a4049,/mnt/data_disk/HDRData/1000hdr/HDRtest/a4049-_DSC3858.exr,/mnt/data_disk/ZQL/TIP_TMO_result/dnn/ZSDH/a4049.png,341,512,0.622129343804184,0.413776392236135,0.01424837018054303,0.28173486333817516,0.5634697266763503,4.216943871442598e-44,0.3559071719646454
a4051,/mnt/data_disk/HDRData/1000hdr/HDRtest/a4051-_DSC0018-3.exr,/mnt/data_disk/ZQL/TIP_TMO_result/dnn/ZSDH/a4051.png,340,512,0.7040908879060862,0.6159127847497254,0.02098277801186021,0.2954747303300017,0.5909494606600034,1.468872749532787e-18,0.1738356053829193
a4052,/mnt/data_disk/HDRData/1000hdr/HDRtest/a4052-20060620_165511__MG_9535.exr,/mnt/data_disk/ZQL/TIP_TMO_result/dnn/ZSDH/a4052.png,341,512,0.694622236476724,0.6085198188885171,0.007030871346928603,0.25147291327167925,0.5029458265433585,5.272311899252811e-41,0.24893291294574738
a4060,/mnt/data_disk/HDRData/1000hdr/HDRtest/a4060-_DSC5597.exr,/mnt/data_disk/ZQL/TIP_TMO_result/dnn/ZSDH/a4060.png,341,512,0.6931033799837212,0.5710670580831052,0.032697136032618,0.24583347011960166,0.4916669402392033,1.1110958540543757e-17,0.27895796298980713
a4064,/mnt/data_disk/HDRData/1000hdr/HDRtest/a4064-07-12-02-at-16h23m18s-_MG_9020.exr,/mnt/data_disk/ZQL/TIP_TMO_result/dnn/ZSDH/a4064.png,341,512,0.6872714043287915,0.5761193447094681,0.014630077972453085,0.260851685696949,0.521703371393898,5.274281216245721e-38,0.24650850892066956
a4068,/mnt/data_disk/HDRData/1000hdr/HDRtest/a4068-tc_DSC2612.exr,/mnt/data_disk/ZQL/TIP_TMO_result/dnn/ZSDH/a4068.png,340,512,0.6748098513807564,0.5581989456059899,0.004013580993891871,0.18348246019223147,0.36696492038446293,4.4708609273509694e-32,0.23535169661045074
a4075,/mnt/data_disk/HDRData/1000hdr/HDRtest/a4075-JI2E0444.exr,/mnt/data_disk/ZQL/TIP_TMO_result/dnn/ZSDH/a4075.png,341,512,0.6320455555730421,0.43603341932719014,0.01438265645000519,0.28947661186696644,0.5789532237339329,1.2808555896524103e-44,0.3627476692199707
a4076,/mnt/data_disk/HDRData/1000hdr/HDRtest/a4076-_DGW6244.exr,/mnt/data_disk/ZQL/TIP_TMO_result/dnn/ZSDH/a4076.png,341,512,0.6526923797411684,0.4818160917039328,0.017426320196918855,0.27139915610310417,0.5427983122062083,1.5805048166759911e-27,0.3945024013519287
a4080,/mnt/data_disk/HDRData/1000hdr/HDRtest/a4080-IMG_3765.exr,/mnt/data_disk/ZQL/TIP_TMO_result/dnn/ZSDH/a4080.png,341,512,0.6581728801363983,0.5004126520295435,0.013304747612109428,0.2572983274493766,0.5145966548987532,1.0035948654605283e-17,0.25768235325813293
a4085,/mnt/data_disk/HDRData/1000hdr/HDRtest/a4085-_MG_2385.exr,/mnt/data_disk/ZQL/TIP_TMO_result/dnn/ZSDH/a4085.png,341,512,0.7320841107426782,0.6836414248437973,0.035150143805840126,0.24761868491648156,0.49523736983265676,3.0637838329478303e-13,0.16580307483673096
a4087,/mnt/data_disk/HDRData/1000hdr/HDRtest/a4087-NKIM_MG_6395.exr,/mnt/data_disk/ZQL/TIP_TMO_result/dnn/ZSDH/a4087.png,341,512,0.6661021527205894,0.5069879539485151,0.02523911901777419,0.2689770125538612,0.5379539582946887,6.681303363853602e-08,0.33526501059532166
a4088,/mnt/data_disk/HDRData/1000hdr/HDRtest/a4088-dvf_041.exr,/mnt/data_disk/ZQL/TIP_TMO_result/dnn/ZSDH/a4088.png,341,512,0.6899172613236082,0.5680372030781888,0.027349887335444675,0.2502602962041619,0.5005205924083238,5.259476457919666e-18,0.12340017408132553
a4091,/mnt/data_disk/HDRData/1000hdr/HDRtest/a4091-_DSC0041.exr,/mnt/data_disk/ZQL/TIP_TMO_result/dnn/ZSDH/a4091.png,340,512,0.7092950925738843,0.5886001693419632,0.061499375128926205,0.2793208801742329,0.5586417603447879,3.677922957347098e-12,0.20601357519626617
a4092,/mnt/data_disk/HDRData/1000hdr/HDRtest/a4092-07-12-03-at-09h35m54s-_MG_9192.exr,/mnt/data_disk/ZQL/TIP_TMO_result/dnn/ZSDH/a4092.png,341,512,0.6985291148175067,0.6026590486448226,0.018724201999478052,0.2792689672574798,0.5585379345149596,1.0155545191190953e-19,0.3711053133010864
a4093,/mnt/data_disk/HDRData/1000hdr/HDRtest/a4093-jn_20071117-031.exr,/mnt/data_disk/ZQL/TIP_TMO_result/dnn/ZSDH/a4093.png,341,512,0.6056751422480057,0.38611071297946165,0.007310220024084833,0.23632816675870055,0.4726563335174011,3.2473566995748105e-39,0.3542273938655853
a4096,/mnt/data_disk/HDRData/1000hdr/HDRtest/a4096-jmac_MG_0095.exr,/mnt/data_disk/ZQL/TIP_TMO_result/dnn/ZSDH/a4096.png,341,512,0.5940162500294669,0.37012836742395155,0.001627756111065448,0.11796928342339806,0.23593856684679612,1.1540119770487103e-41,0.21226824820041656
a4097,/mnt/data_disk/HDRData/1000hdr/HDRtest/a4097-20080623_at_14h52m36__MG_9904.exr,/mnt/data_disk/ZQL/TIP_TMO_result/dnn/ZSDH/a4097.png,341,512,0.6985598130685352,0.6154777505307507,0.009757870656490064,0.2479875595522874,0.4959751191045748,9.80074373078677e-38,0.17064861953258514
a4099,/mnt/data_disk/HDRData/1000hdr/HDRtest/a4099-_DSC0014-2.exr,/mnt/data_disk/ZQL/TIP_TMO_result/dnn/ZSDH/a4099.png,340,512,0.7465898717793614,0.6952909285622111,0.0672745594177607,0.30956854170096876,0.619137064201494,1.920044359229322e-08,0.13747504353523254
a4101,/mnt/data_disk/HDRData/1000hdr/HDRtest/a4101-IMG_5823.exr,/mnt/data_disk/ZQL/TIP_TMO_result/dnn/ZSDH/a4101.png,341,512,0.6207650973037933,0.42441359359954306,0.003554367379352121,0.14086875989808748,0.28173751979617495,2.783656300351996e-26,0.18543365597724915
a4102,/mnt/data_disk/HDRData/1000hdr/HDRtest/a4102-07-06-30-at-11h38m56s-_MG_1997.exr,/mnt/data_disk/ZQL/TIP_TMO_result/dnn/ZSDH/a4102.png,341,512,0.7194878426145492,0.6434429105104352,0.03637255456871294,0.29361157309979674,0.5872231461995934,6.937112261477835e-17,0.23917192220687866
a4104,/mnt/data_disk/HDRData/1000hdr/HDRtest/a4104-DSC_0260.exr,/mnt/data_disk/ZQL/TIP_TMO_result/dnn/ZSDH/a4104.png,340,512,0.6894321655280647,0.5868939480501633,0.01128484231418367,0.20338762428153606,0.4067752485630635,8.596143623415811e-15,0.11315719038248062
a4105,/mnt/data_disk/HDRData/1000hdr/HDRtest/a4105-07-11-26-at-16h02m57s-_MG_7151.exr,/mnt/data_disk/ZQL/TIP_TMO_result/dnn/ZSDH/a4105.png,341,512,0.6444175759880671,0.4565449007129782,0.022331699380738285,0.1985617160673847,0.3971234321347694,2.1196466413816013e-29,0.2617146670818329
a4107,/mnt/data_disk/HDRData/1000hdr/HDRtest/a4107-dvf_018.exr,/mnt/data_disk/ZQL/TIP_TMO_result/dnn/ZSDH/a4107.png,341,512,0.6194867634897564,0.4188181819564966,0.005325011647404658,0.22877227715935947,0.45754455431871893,1.0343850935492576e-32,0.1792731136083603
a4108,/mnt/data_disk/HDRData/1000hdr/HDRtest/a4108-MB_080329_057.exr,/mnt/data_disk/ZQL/TIP_TMO_result/dnn/ZSDH/a4108.png,341,512,0.7203296486671309,0.6351851811895614,0.04645013146075988,0.2631993375320208,0.5263986750640416,1.0585951848512674e-18,0.35200071334838867
a4110,/mnt/data_disk/HDRData/1000hdr/HDRtest/a4110-dgw_069.exr,/mnt/data_disk/ZQL/TIP_TMO_result/dnn/ZSDH/a4110.png,341,512,0.6501357235119793,0.4663454971568309,0.026230272478033844,0.275221933348775,0.55044386669755,2.7361384827424993e-21,0.3670884668827057
a4113,/mnt/data_disk/HDRData/1000hdr/HDRtest/a4113-IMG_2800.exr,/mnt/data_disk/ZQL/TIP_TMO_result/dnn/ZSDH/a4113.png,341,512,0.6675413112690325,0.5329432989559106,0.007341674025619883,0.23386636494603646,0.46773272989200565,6.726437438714719e-14,0.1613328903913498
a4116,/mnt/data_disk/HDRData/1000hdr/HDRtest/a4116-IMG_2042.exr,/mnt/data_disk/ZQL/TIP_TMO_result/dnn/ZSDH/a4116.png,341,512,0.7018827621996431,0.6144594442270348,0.017152513779699535,0.2850276677917804,0.5700553355731932,1.0367631920748724e-11,0.11269251257181168
a4117,/mnt/data_disk/HDRData/1000hdr/HDRtest/a4117-050918_141526__MG_5987.exr,/mnt/data_disk/ZQL/TIP_TMO_result/dnn/ZSDH/a4117.png,341,512,0.6839441806884405,0.5461464755471439,0.03259108398054443,0.27569025015150317,0.5513805003017143,1.292071240313045e-12,0.33204185962677
a4124,/mnt/data_disk/HDRData/1000hdr/HDRtest/a4124-20080709_at_10h04m23__MG_4561.exr,/mnt/data_disk/ZQL/TIP_TMO_result/dnn/ZSDH/a4124.png,341,512,0.6493820154838631,0.4580640905036169,0.03311160407452981,0.25411064132285727,0.508221280499457,2.1462574535504073e-09,0.23512035608291626
a4127,/mnt/data_disk/HDRData/1000hdr/HDRtest/a4127-DSC_0152.exr,/mnt/data_disk/ZQL/TIP_TMO_result/dnn/ZSDH/a4127.png,340,512,0.7167907937938206,0.6454005823695023,0.027666937574250063,0.32303839567560855,0.6460767913512131,3.991205806886153e-15,0.13870151340961456
a4131,/mnt/data_disk/HDRData/1000hdr/HDRtest/a4131-DSC_0001-2.exr,/mnt/data_disk/ZQL/TIP_TMO_result/dnn/ZSDH/a4131.png,340,512,0.6383723865666044,0.4565131760606427,0.009630477967288338,0.2247357989022001,0.4494715978044002,9.072876210754411e-35,0.1502438634634018
a4134,/mnt/data_disk/HDRData/1000hdr/HDRtest/a4134-IMG_0086.exr,/mnt/data_disk/ZQL/TIP_TMO_result/dnn/ZSDH/a4134.png,341,512,0.729571260523803,0.6559966331706364,0.05343358227851444,0.3291897914044001,0.6583795827702432,3.855694001367353e-11,0.1673905849456787
a4142,/mnt/data_disk/HDRData/1000hdr/HDRtest/a4142-_DGW6275.exr,/mnt/data_disk/ZQL/TIP_TMO_result/dnn/ZSDH/a4142.png,341,512,0.6938312448765183,0.5915229645269915,0.016949580731024372,0.24477353078003314,0.4895470615599915,7.475302292191031e-14,0.2665988504886627
a4143,/mnt/data_disk/HDRData/1000hdr/HDRtest/a4143-LSCRW_0029.exr,/mnt/data_disk/ZQL/TIP_TMO_result/dnn/ZSDH/a4143.png,384,512,0.6630455849286335,0.5225572856819187,0.0064383661991387515,0.2901227756671257,0.5802455513342514,9.328773920729876e-51,0.1314449906349182
a4144,/mnt/data_disk/HDRData/1000hdr/HDRtest/a4144-050623_122602__MG_3246.exr,/mnt/data_disk/ZQL/TIP_TMO_result/dnn/ZSDH/a4144.png,341,512,0.7211056092196491,0.6655265422092935,0.022163876799139233,0.27218959674939963,0.5443791933223682,1.7643109347734896e-10,0.2020011693239212
a4150,/mnt/data_disk/HDRData/1000hdr/HDRtest/a4150-_DGW6309.exr,/mnt/data_disk/ZQL/TIP_TMO_result/dnn/ZSDH/a4150.png,341,512,0.6423829577185891,0.4637414678404153,0.011485394806579195,0.2724243089853214,0.5448486179706428,2.7914049016644286e-42,0.3886145055294037
a4151,/mnt/data_disk/HDRData/1000hdr/HDRtest/a4151-dvf_026.exr,/mnt/data_disk/ZQL/TIP_TMO_result/dnn/ZSDH/a4151.png,341,512,0.6369814074127806,0.4483452375477378,0.013637516244307818,0.2531615185817189,0.5063230371634379,4.661287603123441e-23,0.2988368272781372
a4154,/mnt/data_disk/HDRData/1000hdr/HDRtest/a4154-IMG_4620.exr,/mnt/data_disk/ZQL/TIP_TMO_result/dnn/ZSDH/a4154.png,341,512,0.7273388844707692,0.6864218051887803,0.021088967177277734,0.3608237988209866,0.7216475976419732,1.3143659112425646e-18,0.2235710769891739
a4155,/mnt/data_disk/HDRData/1000hdr/HDRtest/a4155-WP_CRW_0237.exr,/mnt/data_disk/ZQL/TIP_TMO_result/dnn/ZSDH/a4155.png,341,512,0.6773103287841769,0.538166222741557,0.023452955743101425,0.29018273109816,0.58036546219632,2.635533219009232e-25,0.2082761973142624
a4156,/mnt/data_disk/HDRData/1000hdr/HDRtest/a4156-IMG_0159.exr,/mnt/data_disk/ZQL/TIP_TMO_result/dnn/ZSDH/a4156.png,341,512,0.680673426592355,0.504621519364006,0.06987182682646942,0.2842069442982186,0.5684138843401727,4.256264448996067e-09,0.25801077485084534
a4158,/mnt/data_disk/HDRData/1000hdr/HDRtest/a4158-WP_CRW_4109.exr,/mnt/data_disk/ZQL/TIP_TMO_result/dnn/ZSDH/a4158.png,341,512,0.6971622080962709,0.6106332312190652,0.010247739514811748,0.25562185236542706,0.5112437047308541,3.080709793317436e-38,0.1814119964838028
a4160,/mnt/data_disk/HDRData/1000hdr/HDRtest/a4160-jn_20070824_0167.exr,/mnt/data_disk/ZQL/TIP_TMO_result/dnn/ZSDH/a4160.png,341,512,0.7057191815184124,0.6227011418253348,0.019425755239136703,0.2527305361785918,0.5054610723571836,5.405409525824954e-26,0.37840548157691956
a4161,/mnt/data_disk/HDRData/1000hdr/HDRtest/a4161-tc_DSC2218.exr,/mnt/data_disk/ZQL/TIP_TMO_result/dnn/ZSDH/a4161.png,340,512,0.7091081479804764,0.596791452845792,0.0520748643069389,0.3765513410845815,0.7531026796326044,2.5365586359857218e-09,0.2530447244644165
a4167,/mnt/data_disk/HDRData/1000hdr/HDRtest/a4167-IMG_0031.exr,/mnt/data_disk/ZQL/TIP_TMO_result/dnn/ZSDH/a4167.png,341,512,0.7151973985212453,0.6447235415046726,0.0243109362569303,0.2834642155463431,0.5669284310926862,8.942830867365767e-18,0.2526746988296509
a4170,/mnt/data_disk/HDRData/1000hdr/HDRtest/a4170-jmac_DSC3333.exr,/mnt/data_disk/ZQL/TIP_TMO_result/dnn/ZSDH/a4170.png,343,512,0.6802891100302901,0.5487997931128877,0.021139650363500437,0.2842924160803503,0.5685848321607005,1.624015499464391e-21,0.2266763299703598
a4174,/mnt/data_disk/HDRData/1000hdr/HDRtest/a4174-dgw_083.exr,/mnt/data_disk/ZQL/TIP_TMO_result/dnn/ZSDH/a4174.png,341,512,0.7017683218901856,0.6080878961162948,0.021826790075895962,0.29380771592906524,0.5876154318581305,5.7591445547180146e-30,0.381746381521225
a4177,/mnt/data_disk/HDRData/1000hdr/HDRtest/a4177-jmac_DSC1412.exr,/mnt/data_disk/ZQL/TIP_TMO_result/dnn/ZSDH/a4177.png,340,512,0.6775514091911602,0.5591028581607338,0.007829810498838536,0.2555875071419627,0.5111750142839254,1.3308313634080734e-34,0.1477316915988922
a4178,/mnt/data_disk/HDRData/1000hdr/HDRtest/a4178-IMG_0487.exr,/mnt/data_disk/ZQL/TIP_TMO_result/dnn/ZSDH/a4178.png,341,512,0.7414592063465455,0.7218378928837036,0.028547840400326898,0.31866245304641605,0.6373248033816025,1.0271122958286969e-07,0.12508948147296906
a4184,/mnt/data_disk/HDRData/1000hdr/HDRtest/a4184-jmac_MG_5507.exr,/mnt/data_disk/ZQL/TIP_TMO_result/dnn/ZSDH/a4184.png,341,512,0.6749059660938993,0.5310253279080073,0.02414446141649089,0.25988640873190977,0.5197728174638195,1.614457172637905e-30,0.3356114327907562
a4185,/mnt/data_disk/HDRData/1000hdr/HDRtest/a4185-DSC_0055-2.exr,/mnt/data_disk/ZQL/TIP_TMO_result/dnn/ZSDH/a4185.png,340,512,0.7200516231712641,0.6117266003450377,0.07019482626446245,0.27559543900399924,0.5511908779435606,6.443795436234451e-11,0.24326887726783752
a4188,/mnt/data_disk/HDRData/1000hdr/HDRtest/a4188-_MG_1604.exr,/mnt/data_disk/ZQL/TIP_TMO_result/dnn/ZSDH/a4188.png,341,512,0.6933945003465788,0.5787591518880538,0.026421254192863924,0.2177828427913996,0.4355656855827988,4.094600857443124e-16,0.3083571493625641
a4191,/mnt/data_disk/HDRData/1000hdr/HDRtest/a4191-IMG_4849.exr,/mnt/data_disk/ZQL/TIP_TMO_result/dnn/ZSDH/a4191.png,341,512,0.7262435979053994,0.673596150854447,0.02832032895017288,0.29230815338189975,0.5846163067633571,4.4241098551763384e-13,0.21968728303909302
a4194,/mnt/data_disk/HDRData/1000hdr/HDRtest/a4194-LS051026_day_1_arive50.exr,/mnt/data_disk/ZQL/TIP_TMO_result/dnn/ZSDH/a4194.png,341,512,0.7045296889953465,0.5787683372456233,0.0575169627578608,0.30810998569289294,0.6162199713827043,3.0815143952091645e-12,0.20636384189128876
a4197,/mnt/data_disk/HDRData/1000hdr/HDRtest/a4197-_MG_6428.exr,/mnt/data_disk/ZQL/TIP_TMO_result/dnn/ZSDH/a4197.png,341,512,0.6155068285759705,0.39679762145858255,0.01665614814013325,0.23589221643474376,0.471784402617145,3.02523425015704e-08,0.1464160680770874
a4198,/mnt/data_disk/HDRData/1000hdr/HDRtest/a4198-_DSC6401.exr,/mnt/data_disk/ZQL/TIP_TMO_result/dnn/ZSDH/a4198.png,341,512,0.5654519876582362,0.30056087632797224,0.014535466793551471,0.20962572283766473,0.41925144567532946,1.0915551592272465e-24,0.3559063971042633
a4199,/mnt/data_disk/HDRData/1000hdr/HDRtest/a4199-jmac_MG_5003.exr,/mnt/data_disk/ZQL/TIP_TMO_result/dnn/ZSDH/a4199.png,341,512,0.6791551953085456,0.5405713793803945,0.025727959144013535,0.2565603643977699,0.5131207287955398,2.3866899450197125e-17,0.38518455624580383
a4201,/mnt/data_disk/HDRData/1000hdr/HDRtest/a4201-_DSC0120.exr,/mnt/data_disk/ZQL/TIP_TMO_result/dnn/ZSDH/a4201.png,340,512,0.7168528054096985,0.6400915672877405,0.03232729529181107,0.2658129733697082,0.5316259467394164,1.889782543987331e-27,0.31940722465515137
a4202,/mnt/data_disk/HDRData/1000hdr/HDRtest/a4202-DSC_0439.exr,/mnt/data_disk/ZQL/TIP_TMO_result/dnn/ZSDH/a4202.png,343,512,0.7083280095979907,0.6315274589073934,0.01859557505591837,0.29378858402332336,0.5875771680466467,3.3880441510996756e-21,0.21296146512031555
a4204,/mnt/data_disk/HDRData/1000hdr/HDRtest/a4204-_DGW7870.exr,/mnt/data_disk/ZQL/TIP_TMO_result/dnn/ZSDH/a4204.png,341,512,0.7124120745633361,0.6472084582292951,0.016113470887963107,0.25563698989256617,0.5112739797838558,1.2765397745063073e-12,0.15291939675807953
a4212,/mnt/data_disk/HDRData/1000hdr/HDRtest/a4212-Duggan_090321_5925.exr,/mnt/data_disk/ZQL/TIP_TMO_result/dnn/ZSDH/a4212.png,341,512,0.6794797782938635,0.547776316548283,0.02015387599659867,0.25940928979516403,0.5188185795903281,1.9926941440300749e-19,0.27176496386528015
a4214,/mnt/data_disk/HDRData/1000hdr/HDRtest/a4214-DSC_0267.exr,/mnt/data_disk/ZQL/TIP_TMO_result/dnn/ZSDH/a4214.png,343,512,0.7047636344079241,0.6144526828456227,0.023732880833369413,0.2922396798890702,0.5844793597781093,3.1060744117705665e-14,0.19212938845157623
a4216,/mnt/data_disk/HDRData/1000hdr/HDRtest/a4216-DSC_0118.exr,/mnt/data_disk/ZQL/TIP_TMO_result/dnn/ZSDH/a4216.png,343,512,0.7113996497280414,0.6360100761381604,0.022178733642306565,0.3080086063362227,0.6160172126724454,8.834688525296664e-18,0.18792997300624847
a4220,/mnt/data_disk/HDRData/1000hdr/HDRtest/a4220-Duggan_090305_5359.exr,/mnt/data_disk/ZQL/TIP_TMO_result/dnn/ZSDH/a4220.png,341,512,0.6670815341844644,0.5348168422003484,0.005442361800581068,0.26456504533112973,0.5291300906622595,1.5063625397688806e-28,0.2786727249622345
a4228,/mnt/data_disk/HDRData/1000hdr/HDRtest/a4228-DSC_0037-2.exr,/mnt/data_disk/ZQL/TIP_TMO_result/dnn/ZSDH/a4228.png,340,512,0.6606544366672668,0.5027625716548824,0.016545874396931993,0.21163804605958828,0.42327530402727076,7.880919058007752e-07,0.13748662173748016
a4230,/mnt/data_disk/HDRData/1000hdr/HDRtest/a4230-Duggan_090426_7798.exr,/mnt/data_disk/ZQL/TIP_TMO_result/dnn/ZSDH/a4230.png,341,512,0.6286690274786862,0.4317641248713855,0.011359448052655893,0.20868965444484333,0.41737930888968666,8.48958773250981e-28,0.266808420419693
a4231,/mnt/data_disk/HDRData/1000hdr/HDRtest/a4231-Duggan_080326_5786.exr,/mnt/data_disk/ZQL/TIP_TMO_result/dnn/ZSDH/a4231.png,341,512,0.752270466855534,0.740871450607265,0.04201512427989438,0.3189727226029651,0.6379454444909667,7.149635285511813e-10,0.142308309674263
a4232,/mnt/data_disk/HDRData/1000hdr/HDRtest/a4232-Duggan_090323_6181.exr,/mnt/data_disk/ZQL/TIP_TMO_result/dnn/ZSDH/a4232.png,341,512,0.6879309417221937,0.5612547830653083,0.02854358076470672,0.2731208357504704,0.5462416715009407,7.248957189592688e-17,0.35143712162971497
a4235,/mnt/data_disk/HDRData/1000hdr/HDRtest/a4235-DSC_0433.exr,/mnt/data_disk/ZQL/TIP_TMO_result/dnn/ZSDH/a4235.png,343,512,0.7213635818564105,0.6736248099835839,0.016860670112236294,0.23525350154913058,0.47050700309826116,2.025857235800876e-28,0.22187981009483337
a4236,/mnt/data_disk/HDRData/1000hdr/HDRtest/a4236-DSC_0384.exr,/mnt/data_disk/ZQL/TIP_TMO_result/dnn/ZSDH/a4236.png,343,512,0.7398008772897443,0.7126658956776157,0.031518739820144,0.3202716667831089,0.6405433335662122,5.610044000797271e-15,0.1611151397228241
a4237,/mnt/data_disk/HDRData/1000hdr/HDRtest/a4237-20090417_at_18h06m01__MG_1955.exr,/mnt/data_disk/ZQL/TIP_TMO_result/dnn/ZSDH/a4237.png,341,512,0.6756318505399435,0.5526197907047803,0.008637665539448692,0.17795021934202565,0.3559004386840513,3.315487705812829e-27,0.19731606543064117
a4238,/mnt/data_disk/HDRData/1000hdr/HDRtest/a4238-Duggan_090320_5609.exr,/mnt/data_disk/ZQL/TIP_TMO_result/dnn/ZSDH/a4238.png,341,512,0.679449279154344,0.5358705534660276,0.03090073397221853,0.26911071885721366,0.5382214376835118,3.091546687972701e-11,0.22119814157485962
a4239,/mnt/data_disk/HDRData/1000hdr/HDRtest/a4239-Duggan_080114_4429.exr,/mnt/data_disk/ZQL/TIP_TMO_result/dnn/ZSDH/a4239.png,341,512,0.6655362760325597,0.5334607148532856,0.003907662079541441,0.22502211628350557,0.45004423256701115,4.37328842901325e-25,0.18063461780548096
a4244,/mnt/data_disk/HDRData/1000hdr/HDRtest/a4244-Duggan_090504_8959.exr,/mnt/data_disk/ZQL/TIP_TMO_result/dnn/ZSDH/a4244.png,341,512,0.535284796589417,0.24678391216642012,0.019311972395421102,0.17947797220680678,0.35895594441361356,2.1838899224734126e-32,0.2243763953447342
a4246,/mnt/data_disk/HDRData/1000hdr/HDRtest/a4246-Duggan_090330_6226.exr,/mnt/data_disk/ZQL/TIP_TMO_result/dnn/ZSDH/a4246.png,341,512,0.6988335988760865,0.6073577004953372,0.015847678602069114,0.2421798435583468,0.4843596871166936,1.838184982118497e-33,0.24948309361934662
a4249,/mnt/data_disk/HDRData/1000hdr/HDRtest/a4249-Duggan_090322_6001.exr,/mnt/data_disk/ZQL/TIP_TMO_result/dnn/ZSDH/a4249.png,341,512,0.6623155277650193,0.5055424392249657,0.017781569882793835,0.2857554944823521,0.5715109889647042,4.85197291448199e-27,0.3035496473312378
a4254,/mnt/data_disk/HDRData/1000hdr/HDRtest/a4254-DSC_0066.exr,/mnt/data_disk/ZQL/TIP_TMO_result/dnn/ZSDH/a4254.png,340,512,0.7381107550007543,0.7264753516069172,0.01732645420744888,0.35244191594285224,0.7048838318857045,1.727420649850083e-25,0.14064253866672516
a4258,/mnt/data_disk/HDRData/1000hdr/HDRtest/a4258-_DSC0012-4.exr,/mnt/data_disk/ZQL/TIP_TMO_result/dnn/ZSDH/a4258.png,340,512,0.652804136518665,0.4800436849230123,0.01926772635056367,0.23831934529371632,0.4766386869603744,3.6270581851193685e-09,0.09915363043546677
a4262,/mnt/data_disk/HDRData/1000hdr/HDRtest/a4262-DSC_0065.exr,/mnt/data_disk/ZQL/TIP_TMO_result/dnn/ZSDH/a4262.png,340,512,0.6861604240860203,0.5717721663858991,0.015571629228182832,0.16245127692978648,0.32490255298088627,8.786866557204589e-10,0.1401527374982834
a4266,/mnt/data_disk/HDRData/1000hdr/HDRtest/a4266-DSC_0426.exr,/mnt/data_disk/ZQL/TIP_TMO_result/dnn/ZSDH/a4266.png,343,512,0.6650155602874686,0.4922004438083002,0.03754039352211984,0.2601926061772426,0.5203852123539726,5.126029118443835e-13,0.267219215631485
a4267,/mnt/data_disk/HDRData/1000hdr/HDRtest/a4267-20090414_at_23h13m08__MG_1367.exr,/mnt/data_disk/ZQL/TIP_TMO_result/dnn/ZSDH/a4267.png,341,512,0.6071767414185348,0.39713497385072594,0.001995024731087995,0.17402439030699599,0.34804878061399197,3.734501477566141e-51,0.17476920783519745
a4271,/mnt/data_disk/HDRData/1000hdr/HDRtest/a4271-Duggan_090227_5232.exr,/mnt/data_disk/ZQL/TIP_TMO_result/dnn/ZSDH/a4271.png,341,512,0.7318750750444312,0.6869513413278103,0.03182607373400196,0.30986533384781967,0.6197306676956393,1.118664066376011e-17,0.27604836225509644
a4272,/mnt/data_disk/HDRData/1000hdr/HDRtest/a4272-DSC_0398.exr,/mnt/data_disk/ZQL/TIP_TMO_result/dnn/ZSDH/a4272.png,343,512,0.6911310077926385,0.5972088374665965,0.00776797880219262,0.25055616644567574,0.5011123328913515,4.150922428261055e-26,0.15138041973114014
a4275,/mnt/data_disk/HDRData/1000hdr/HDRtest/a4275-09-05-12-at-17h46m31s-_MG_8890.exr,/mnt/data_disk/ZQL/TIP_TMO_result/dnn/ZSDH/a4275.png,341,512,0.6870539696117577,0.5763984103246719,0.013976270592737807,0.23254028699248153,0.46508057398496305,1.8766452681707371e-28,0.22501951456069946
a4287,/mnt/data_disk/HDRData/1000hdr/HDRtest/a4287-_DSC0083.exr,/mnt/data_disk/ZQL/TIP_TMO_result/dnn/ZSDH/a4287.png,340,512,0.7232552554709368,0.6478311685146577,0.0427866580721799,0.2909853731460379,0.5819707462796063,1.2469482895422636e-11,0.1775175780057907
a4291,/mnt/data_disk/HDRData/1000hdr/HDRtest/a4291-20090417_at_18h46m58__MG_2026.exr,/mnt/data_disk/ZQL/TIP_TMO_result/dnn/ZSDH/a4291.png,341,512,0.6997797867252253,0.6184314942677053,0.010149789064884718,0.24651437128737388,0.49302874257464263,1.0515163704264859e-13,0.17003636062145233
a4297,/mnt/data_disk/HDRData/1000hdr/HDRtest/a4297-_DSC0034.exr,/mnt/data_disk/ZQL/TIP_TMO_result/dnn/ZSDH/a4297.png,340,512,0.6781554675558937,0.5439086315559403,0.02041324226455862,0.2832941663396778,0.5665883326793556,3.4147794564343546e-20,0.19245299696922302
a4298,/mnt/data_disk/HDRData/1000hdr/HDRtest/a4298-Duggan_090504_9090.exr,/mnt/data_disk/ZQL/TIP_TMO_result/dnn/ZSDH/a4298.png,341,512,0.6773751515964662,0.5609617979235658,0.006393206414019231,0.2988176394034847,0.5976352788069694,2.333194781522513e-37,0.18885251879692078
a4302,/mnt/data_disk/HDRData/1000hdr/HDRtest/a4302-20090425_at_17h00m59__MG_0404.exr,/mnt/data_disk/ZQL/TIP_TMO_result/dnn/ZSDH/a4302.png,341,512,0.6689466391471567,0.5256626904220336,0.015304782168731717,0.258053923396397,0.516107846792794,1.2169715002031956e-18,0.3108024299144745
a4304,/mnt/data_disk/HDRData/1000hdr/HDRtest/a4304-09-05-19-at-18h03m17s-_MG_9540.exr,/mnt/data_disk/ZQL/TIP_TMO_result/dnn/ZSDH/a4304.png,341,512,0.6791611202819153,0.5556180677764467,0.013248049141122136,0.1872299442731262,0.3744598885462511,1.2851448102195289e-15,0.22013776004314423
a4307,/mnt/data_disk/HDRData/1000hdr/HDRtest/a4307-20050328_161219__MG_0628.exr,/mnt/data_disk/ZQL/TIP_TMO_result/dnn/ZSDH/a4307.png,341,512,0.6861982121263278,0.585459453059875,0.006423542718574904,0.28560294588986007,0.5712058917797201,5.115356831181652e-32,0.1391211599111557
a4308,/mnt/data_disk/HDRData/1000hdr/HDRtest/a4308-Duggan_090209_4996.exr,/mnt/data_disk/ZQL/TIP_TMO_result/dnn/ZSDH/a4308.png,341,512,0.6936692343732926,0.5680244839036878,0.03714225380593245,0.2367517108463778,0.4735034216927556,1.7013288751916048e-23,0.32526418566703796
a4310,/mnt/data_disk/HDRData/1000hdr/HDRtest/a4310-DSC_0007.exr,/mnt/data_disk/ZQL/TIP_TMO_result/dnn/ZSDH/a4310.png,340,512,0.6551587373248159,0.4726848352521093,0.032332360500102166,0.286997795433179,0.5739946914728549,8.993935031424007e-07,0.17679955065250397
a4312,/mnt/data_disk/HDRData/1000hdr/HDRtest/a4312-20090417_at_16h32m44__MG_1867.exr,/mnt/data_disk/ZQL/TIP_TMO_result/dnn/ZSDH/a4312.png,341,512,0.6796513575824765,0.5344381830381778,0.03283099265151389,0.2501341354203479,0.5002682708406958,7.426270399368712e-21,0.34481409192085266
a4317,/mnt/data_disk/HDRData/1000hdr/HDRtest/a4317-DSC_0224.exr,/mnt/data_disk/ZQL/TIP_TMO_result/dnn/ZSDH/a4317.png,343,512,0.6867974809616222,0.5881761693765749,0.005842038724581166,0.24179598559157278,0.48359197118314556,1.5409189790458636e-40,0.16383026540279388
a4318,/mnt/data_disk/HDRData/1000hdr/HDRtest/a4318-Duggan_090321_5920.exr,/mnt/data_disk/ZQL/TIP_TMO_result/dnn/ZSDH/a4318.png,341,512,0.7440554851188611,0.7438900066104205,0.018827997467173445,0.2929961493846959,0.5859922987693783,1.3507559792865354e-14,0.17660430073738098
a4319,/mnt/data_disk/HDRData/1000hdr/HDRtest/a4319-DSC_0132.exr,/mnt/data_disk/ZQL/TIP_TMO_result/dnn/ZSDH/a4319.png,340,512,0.6678065747622346,0.5104863638810911,0.026065660145974934,0.23655732803569726,0.473114656071337,5.753404505547457e-14,0.20407530665397644
a4323,/mnt/data_disk/HDRData/1000hdr/HDRtest/a4323-DSC_0010.exr,/mnt/data_disk/ZQL/TIP_TMO_result/dnn/ZSDH/a4323.png,343,512,0.7213187581549199,0.6905893502007584,0.006432413736418998,0.29388386055005006,0.5877677211001001,1.266385280890118e-48,0.26605701446533203
a4324,/mnt/data_disk/HDRData/1000hdr/HDRtest/a4324-DSC_0002.exr,/mnt/data_disk/ZQL/TIP_TMO_result/dnn/ZSDH/a4324.png,343,512,0.7292423805654442,0.7075429744990639,0.011084289592475328,0.3119154054225367,0.6238308108450734,2.145862367588047e-36,0.20460404455661774
a4326,/mnt/data_disk/HDRData/1000hdr/HDRtest/a4326-DSC_0461.exr,/mnt/data_disk/ZQL/TIP_TMO_result/dnn/ZSDH/a4326.png,343,512,0.6664545365587251,0.5073927459884349,0.025711953680283325,0.24280534771844453,0.48561069543688906,5.190390338663666e-22,0.19141903519630432
a4329,/mnt/data_disk/HDRData/1000hdr/HDRtest/a4329-DSC_0028.exr,/mnt/data_disk/ZQL/TIP_TMO_result/dnn/ZSDH/a4329.png,340,512,0.721811340452707,0.6461402355904576,0.040298724411049716,0.34556753013340674,0.6910883437373105,4.67165295029339e-05,0.11543561518192291
a4331,/mnt/data_disk/HDRData/1000hdr/HDRtest/a4331-_DGW0241.exr,/mnt/data_disk/ZQL/TIP_TMO_result/dnn/ZSDH/a4331.png,341,512,0.7067656184572143,0.6386795587731989,0.010450761592851831,0.22226888377492296,0.44453776754981794,2.7961353883486567e-14,0.17447739839553833
a4335,/mnt/data_disk/HDRData/1000hdr/HDRtest/a4335-Duggan_090123_4520.exr,/mnt/data_disk/ZQL/TIP_TMO_result/dnn/ZSDH/a4335.png,341,512,0.7014147045879994,0.619331497427392,0.012711409752366799,0.2413745398601925,0.482749079720385,1.4087217521793553e-27,0.31425586342811584
a4338,/mnt/data_disk/HDRData/1000hdr/HDRtest/a4338-DSC_0206.exr,/mnt/data_disk/ZQL/TIP_TMO_result/dnn/ZSDH/a4338.png,343,512,0.7235957571668874,0.6699632078730265,0.02467578390811472,0.28474498302934337,0.5694899660586823,4.4460134725371e-15,0.1408805251121521
a4339,/mnt/data_disk/HDRData/1000hdr/HDRtest/a4339-Duggan_090111_4244.exr,/mnt/data_disk/ZQL/TIP_TMO_result/dnn/ZSDH/a4339.png,341,512,0.6412919670315923,0.46499454077184843,0.00849734126431404,0.28815004985885234,0.5763000997177047,5.026510441930444e-36,0.3026335835456848
a4340,/mnt/data_disk/HDRData/1000hdr/HDRtest/a4340-DSC_0441.exr,/mnt/data_disk/ZQL/TIP_TMO_result/dnn/ZSDH/a4340.png,343,512,0.7061722498120074,0.6242148057194294,0.01929070800655231,0.23263162453429173,0.46526324906739397,1.1894798896326797e-12,0.20117153227329254
a4342,/mnt/data_disk/HDRData/1000hdr/HDRtest/a4342-DSC_0043.exr,/mnt/data_disk/ZQL/TIP_TMO_result/dnn/ZSDH/a4342.png,340,512,0.6628898162279955,0.49356704484587194,0.030463413167379768,0.21441414758262456,0.4288282951652491,4.3279529744385844e-20,0.1605760008096695
a4345,/mnt/data_disk/HDRData/1000hdr/HDRtest/a4345-Duggan_080411_5976.exr,/mnt/data_disk/ZQL/TIP_TMO_result/dnn/ZSDH/a4345.png,341,512,0.6792702165033863,0.5465257616163567,0.020735979361174908,0.25546272587802443,0.5109254517560489,1.1006867510177489e-26,0.18459060788154602
a4354,/mnt/data_disk/HDRData/1000hdr/HDRtest/a4354-DSC_0347.exr,/mnt/data_disk/ZQL/TIP_TMO_result/dnn/ZSDH/a4354.png,343,512,0.7075441038527396,0.6317979909410125,0.016680247995518992,0.3260103703755552,0.6520207407511104,1.5563666050423887e-35,0.2703896760940552
a4356,/mnt/data_disk/HDRData/1000hdr/HDRtest/a4356-_DSC1335.exr,/mnt/data_disk/ZQL/TIP_TMO_result/dnn/ZSDH/a4356.png,341,512,0.7134076567923439,0.6547626232800041,0.013030648823452604,0.1731464031607366,0.3462920150567365,7.912647366725103e-07,0.11260225623846054
a4357,/mnt/data_disk/HDRData/1000hdr/HDRtest/a4357-Duggan_090124_4645.exr,/mnt/data_disk/ZQL/TIP_TMO_result/dnn/ZSDH/a4357.png,341,512,0.7040042399283047,0.5993432268160916,0.03503642003673405,0.25137978215603146,0.5027595642709197,4.114321953069541e-11,0.22741608321666718
a4366,/mnt/data_disk/HDRData/1000hdr/HDRtest/a4366-DSC_0447.exr,/mnt/data_disk/ZQL/TIP_TMO_result/dnn/ZSDH/a4366.png,343,512,0.7380990148456741,0.7053167171825606,0.033023359393322675,0.2978892625712001,0.5957785251345334,7.866695422679657e-12,0.1425180584192276
a4368,/mnt/data_disk/HDRData/1000hdr/HDRtest/a4368-Duggan_090321_5857.exr,/mnt/data_disk/ZQL/TIP_TMO_result/dnn/ZSDH/a4368.png,341,512,0.6486463155942593,0.4836562177845251,0.007977141691364526,0.2894710039887994,0.5789420079775988,1.8333043068320233e-41,0.2653188705444336
a4370,/mnt/data_disk/HDRData/1000hdr/HDRtest/a4370-DSC_0080.exr,/mnt/data_disk/ZQL/TIP_TMO_result/dnn/ZSDH/a4370.png,340,512,0.689278801539117,0.568600195745543,0.02527839133811861,0.2577636798949271,0.5155273597898542,1.7097427688697954e-23,0.17388120293617249
a4374,/mnt/data_disk/HDRData/1000hdr/HDRtest/a4374-09-05-19-at-17h54m57s-_MG_9531.exr,/mnt/data_disk/ZQL/TIP_TMO_result/dnn/ZSDH/a4374.png,341,512,0.6725377074618358,0.5405690559422791,0.011194525671532366,0.18462129462412824,0.3692425892482565,6.737244658698741e-20,0.18121550977230072
a4377,/mnt/data_disk/HDRData/1000hdr/HDRtest/a4377-IMG_4929.exr,/mnt/data_disk/ZQL/TIP_TMO_result/dnn/ZSDH/a4377.png,341,512,0.7154676463355352,0.6389097041737241,0.029767475192835305,0.2670812385850258,0.534162475717442,1.4526095822477595e-09,0.18020284175872803
a4382,/mnt/data_disk/HDRData/1000hdr/HDRtest/a4382-DSC_0261.exr,/mnt/data_disk/ZQL/TIP_TMO_result/dnn/ZSDH/a4382.png,343,512,0.7028317929581905,0.5978567200331631,0.03329989957254636,0.28125759496370084,0.5625151899273927,8.954706338464549e-15,0.2340724915266037
a4384,/mnt/data_disk/HDRData/1000hdr/HDRtest/a4384-DSC_0322.exr,/mnt/data_disk/ZQL/TIP_TMO_result/dnn/ZSDH/a4384.png,343,512,0.6845665910336316,0.5710744374761234,0.012813518487421748,0.24131948119583113,0.48263896239166226,2.0983834289080016e-21,0.17401504516601562
a4385,/mnt/data_disk/HDRData/1000hdr/HDRtest/a4385-_DGW9650.exr,/mnt/data_disk/ZQL/TIP_TMO_result/dnn/ZSDH/a4385.png,341,512,0.680980804196655,0.5616094757424734,0.012503940954355246,0.24388510289689452,0.48777020579378905,2.355526025311685e-25,0.2528446316719055
a4386,/mnt/data_disk/HDRData/1000hdr/HDRtest/a4386-Duggan_090124_4632.exr,/mnt/data_disk/ZQL/TIP_TMO_result/dnn/ZSDH/a4386.png,341,512,0.7000426257060575,0.6036574107327694,0.021376793845714042,0.26755682923567503,0.5351136584713501,2.29138771762788e-28,0.18034899234771729
a4392,/mnt/data_disk/HDRData/1000hdr/HDRtest/a4392-Duggan_090331_6554.exr,/mnt/data_disk/ZQL/TIP_TMO_result/dnn/ZSDH/a4392.png,341,512,0.6873531894656532,0.5517883424305315,0.036099315820051506,0.2907128564051651,0.5814257128102059,1.2423303664943543e-13,0.30415040254592896
a4394,/mnt/data_disk/HDRData/1000hdr/HDRtest/a4394-Duggan_090127_4837.exr,/mnt/data_disk/ZQL/TIP_TMO_result/dnn/ZSDH/a4394.png,341,512,0.6324152988152707,0.44657893911641705,0.006593433801712114,0.17361448392015807,0.34722896784031615,5.174283494061888e-30,0.2666390538215637
a4395,/mnt/data_disk/HDRData/1000hdr/HDRtest/a4395-Duggan_090503_8734.exr,/mnt/data_disk/ZQL/TIP_TMO_result/dnn/ZSDH/a4395.png,341,512,nan,nan,0.006245021585618598,0.13342346796342205,0.2668469322336849,3.6931592431207304e-09,0.13100647926330566
a4396,/mnt/data_disk/HDRData/1000hdr/HDRtest/a4396-DSC_0073-2.exr,/mnt/data_disk/ZQL/TIP_TMO_result/dnn/ZSDH/a4396.png,340,512,0.6942011164767865,0.5785129478954921,0.02865124847745582,0.26656416134226973,0.5331283226845395,2.163007233431043e-17,0.18091753125190735
a4398,/mnt/data_disk/HDRData/1000hdr/HDRtest/a4398-Duggan_050709_1062.exr,/mnt/data_disk/ZQL/TIP_TMO_result/dnn/ZSDH/a4398.png,341,512,0.6656141451315326,0.5313902597650111,0.005176413553456333,0.2437449045312326,0.4874898090624652,3.626138401317252e-32,0.18832187354564667
a4399,/mnt/data_disk/HDRData/1000hdr/HDRtest/a4399-Duggan_080410_5879.exr,/mnt/data_disk/ZQL/TIP_TMO_result/dnn/ZSDH/a4399.png,341,512,0.7327895445271441,0.7067422091692653,0.018983932778213607,0.30595305849481474,0.6119061169896295,7.39210788974566e-20,0.14759618043899536
a4409,/mnt/data_disk/HDRData/1000hdr/HDRtest/a4409-Duggan_090503_8738.exr,/mnt/data_disk/ZQL/TIP_TMO_result/dnn/ZSDH/a4409.png,341,512,0.6977518908922213,0.6019123183694399,0.017580477686125664,0.2236945427164893,0.4473890854329786,1.2811365789677033e-18,0.2361428141593933
a4419,/mnt/data_disk/HDRData/1000hdr/HDRtest/a4419-_DGW0269.exr,/mnt/data_disk/ZQL/TIP_TMO_result/dnn/ZSDH/a4419.png,341,512,0.6456494035372353,0.4679684104929891,0.014511901187937923,0.19198313713671927,0.38396627427343855,6.034239908775861e-20,0.21243979036808014
a4420,/mnt/data_disk/HDRData/1000hdr/HDRtest/a4420-DSC_0054.exr,/mnt/data_disk/ZQL/TIP_TMO_result/dnn/ZSDH/a4420.png,343,512,0.6182031263329678,0.40426784355624085,0.015067583361883019,0.17211216759658876,0.3442243351931775,1.0776922221856523e-27,0.2280886173248291
a4421,/mnt/data_disk/HDRData/1000hdr/HDRtest/a4421-Duggan_090214_5129.exr,/mnt/data_disk/ZQL/TIP_TMO_result/dnn/ZSDH/a4421.png,341,512,0.7033172119426208,0.6093376922453495,0.024476705263449736,0.21436801179007536,0.4284986479997632,0.00023737558038747867,0.18208613991737366
a4425,/mnt/data_disk/HDRData/1000hdr/HDRtest/a4425-DSC_0007.exr,/mnt/data_disk/ZQL/TIP_TMO_result/dnn/ZSDH/a4425.png,343,512,0.6945249930133542,0.571259666935892,0.0362965810784402,0.2933552820164208,0.5867105638594596,1.7338200770290337e-10,0.23992089927196503
a4430,/mnt/data_disk/HDRData/1000hdr/HDRtest/a4430-09-05-19-at-19h04m03s-_MG_9559.exr,/mnt/data_disk/ZQL/TIP_TMO_result/dnn/ZSDH/a4430.png,341,512,0.7204458148985168,0.6820906013707403,0.009595108335521624,0.30420197498351514,0.6084039499670303,3.52818771906433e-40,0.1654823273420334
a4431,/mnt/data_disk/HDRData/1000hdr/HDRtest/a4431-Duggan_090330_6282.exr,/mnt/data_disk/ZQL/TIP_TMO_result/dnn/ZSDH/a4431.png,341,512,0.6940881452978058,0.6026833329902695,0.0096406599708075,0.17476772101839275,0.34953544199132863,4.545687514622025e-11,0.21923670172691345
a4432,/mnt/data_disk/HDRData/1000hdr/HDRtest/a4432-Duggan_081114_3124.exr,/mnt/data_disk/ZQL/TIP_TMO_result/dnn/ZSDH/a4432.png,341,512,0.6546214791800667,0.49163793246111676,0.013175104609481183,0.20224418980935607,0.4044883796187121,3.969143589182203e-17,0.21359659731388092
a4433,/mnt/data_disk/HDRData/1000hdr/HDRtest/a4433-Duggan_090504_8957.exr,/mnt/data_disk/ZQL/TIP_TMO_result/dnn/ZSDH/a4433.png,341,512,0.6961013331790302,0.5909763767985653,0.022513912900275067,0.21784806397729556,0.43569299344212065,3.134512470485886e-06,0.2216883897781372
a4434,/mnt/data_disk/HDRData/1000hdr/HDRtest/a4434-20090414_at_23h05m38__MG_1365.exr,/mnt/data_disk/ZQL/TIP_TMO_result/dnn/ZSDH/a4434.png,341,512,nan,nan,0.003565612593596421,0.14914925607669807,0.2982985121425272,1.0868997461036318e-11,0.0807434543967247
a4435,/mnt/data_disk/HDRData/1000hdr/HDRtest/a4435-WP_CRW_0591.exr,/mnt/data_disk/ZQL/TIP_TMO_result/dnn/ZSDH/a4435.png,341,512,0.7462541334685839,0.7001617693896356,0.06133082755053852,0.3045688572803416,0.6091377145606705,1.2775414104248028e-14,0.25501108169555664
a4436,/mnt/data_disk/HDRData/1000hdr/HDRtest/a4436-DSC_0153.exr,/mnt/data_disk/ZQL/TIP_TMO_result/dnn/ZSDH/a4436.png,343,512,0.7100340778338995,0.6313445140236938,0.022643983711081565,0.25161036125404823,0.5032207224941171,1.3979363217449545e-11,0.16909892857074738
a4442,/mnt/data_disk/HDRData/1000hdr/HDRtest/a4442-Duggan_080629_9284.exr,/mnt/data_disk/ZQL/TIP_TMO_result/dnn/ZSDH/a4442.png,341,512,0.6840544312026211,0.5677004058892966,0.014244463557324352,0.24418196193423886,0.4883639238684777,7.130006558015965e-21,0.19573089480400085
a4447,/mnt/data_disk/HDRData/1000hdr/HDRtest/a4447-Duggan_090321_5856.exr,/mnt/data_disk/ZQL/TIP_TMO_result/dnn/ZSDH/a4447.png,341,512,0.6839487530190783,0.5495090452890553,0.029385418159520848,0.28412726711330927,0.5682545342265419,7.66124729037399e-14,0.2716241180896759
a4448,/mnt/data_disk/HDRData/1000hdr/HDRtest/a4448-Duggan_080119_4778.exr,/mnt/data_disk/ZQL/TIP_TMO_result/dnn/ZSDH/a4448.png,341,512,0.7240553520420434,0.6392185736686269,0.05350378225414291,0.30793232848691315,0.6158646382526253,1.8721201079644166e-08,0.14280544221401215
a4449,/mnt/data_disk/HDRData/1000hdr/HDRtest/a4449-DSC_0030.exr,/mnt/data_disk/ZQL/TIP_TMO_result/dnn/ZSDH/a4449.png,343,512,0.6746117058573167,0.5462948898941578,0.011076795986093199,0.20866821129574586,0.41733642259149173,4.290685394659595e-21,0.17644613981246948
a4452,/mnt/data_disk/HDRData/1000hdr/HDRtest/a4452-DSC_0084.exr,/mnt/data_disk/ZQL/TIP_TMO_result/dnn/ZSDH/a4452.png,340,512,0.7268133020850684,0.6552318866305415,0.04601009687290629,0.28656185637923404,0.5731237127584667,1.362078131133897e-15,0.21660980582237244
a4455,/mnt/data_disk/HDRData/1000hdr/HDRtest/a4455-Duggan_080106_4325.exr,/mnt/data_disk/ZQL/TIP_TMO_result/dnn/ZSDH/a4455.png,341,512,0.7140510523177452,0.5823111426657899,0.08459342774998999,0.29668630203341934,0.5933726012484437,2.8183949767535478e-09,0.2938486933708191
a4456,/mnt/data_disk/HDRData/1000hdr/HDRtest/a4456-DSC_0472.exr,/mnt/data_disk/ZQL/TIP_TMO_result/dnn/ZSDH/a4456.png,343,512,0.7191511502121591,0.6654585178553136,0.017779442609873776,0.2804209707210551,0.5608419414421102,2.848385295347026e-30,0.20477819442749023
a4457,/mnt/data_disk/HDRData/1000hdr/HDRtest/a4457-_DSC0012-5.exr,/mnt/data_disk/ZQL/TIP_TMO_result/dnn/ZSDH/a4457.png,340,512,0.6807596633082518,0.5382573652280739,0.03197062834020016,0.2995425888073153,0.5990850942522938,8.336233678161436e-08,0.1461481899023056
a4465,/mnt/data_disk/HDRData/1000hdr/HDRtest/a4465-DSC_0051.exr,/mnt/data_disk/ZQL/TIP_TMO_result/dnn/ZSDH/a4465.png,340,512,0.6465235006061657,0.4830922989671554,0.004894895235756131,0.16660888129129475,0.3332177548642455,7.718344013086681e-09,0.13352592289447784
a4466,/mnt/data_disk/HDRData/1000hdr/HDRtest/a4466-20090327_at_11h08m58__MG_0964.exr,/mnt/data_disk/ZQL/TIP_TMO_result/dnn/ZSDH/a4466.png,341,512,0.6621671582458114,0.4881788111532075,0.03420967870942071,0.21476673991958745,0.42953347983905515,1.1971201048974712e-13,0.2870039939880371
a4467,/mnt/data_disk/HDRData/1000hdr/HDRtest/a4467-Duggan_090426_7873.exr,/mnt/data_disk/ZQL/TIP_TMO_result/dnn/ZSDH/a4467.png,341,512,0.7153991721326014,0.670890463523445,0.007031336623989704,0.318126498296234,0.636252996592468,3.381443279866435e-47,0.28302842378616333
a4470,/mnt/data_disk/HDRData/1000hdr/HDRtest/a4470-Duggan_090123_4566.exr,/mnt/data_disk/ZQL/TIP_TMO_result/dnn/ZSDH/a4470.png,341,512,0.7316782552924792,0.7042912609167952,0.018207944887410055,0.29651038687460857,0.5930207737492171,2.4425079918602793e-24,0.23726342618465424
a4471,/mnt/data_disk/HDRData/1000hdr/HDRtest/a4471-Duggan_090321_5859.exr,/mnt/data_disk/ZQL/TIP_TMO_result/dnn/ZSDH/a4471.png,341,512,0.7162996520446745,0.6726828500142348,0.007579607018568152,0.2791588063302204,0.5583176126604408,1.2095578924152567e-32,0.26375457644462585
a4472,/mnt/data_disk/HDRData/1000hdr/HDRtest/a4472-Duggan_090504_9026.exr,/mnt/data_disk/ZQL/TIP_TMO_result/dnn/ZSDH/a4472.png,341,512,0.7344429930486488,0.6958059239328314,0.0312417519909913,0.24647900825692431,0.4929580162056601,3.081885553318083e-10,0.3366275131702423
a4474,/mnt/data_disk/HDRData/1000hdr/HDRtest/a4474-09-05-19-at-18h56m31s-_MG_9553.exr,/mnt/data_disk/ZQL/TIP_TMO_result/dnn/ZSDH/a4474.png,341,512,0.6775306912506305,0.564823867721387,0.004455292012578757,0.2879440986920203,0.5758881973840406,2.0144875494719175e-38,0.16869290173053741
a4476,/mnt/data_disk/HDRData/1000hdr/HDRtest/a4476-IMG_4029.exr,/mnt/data_disk/ZQL/TIP_TMO_result/dnn/ZSDH/a4476.png,341,512,0.6635179634357298,0.5176565187193546,0.010597774014575624,0.2285232095571346,0.457046419088492,2.5777214160461204e-11,0.1674681007862091
a4477,/mnt/data_disk/HDRData/1000hdr/HDRtest/a4477-20090327_at_06h09m52__MG_0855.exr,/mnt/data_disk/ZQL/TIP_TMO_result/dnn/ZSDH/a4477.png,341,512,0.6808146568014359,0.559141672071714,0.013983945917051962,0.19688524048106273,0.39377048096212547,1.6573724246601301e-18,0.24513721466064453
a4479,/mnt/data_disk/HDRData/1000hdr/HDRtest/a4479-09-05-19-at-18h39m42s-_MG_9545.exr,/mnt/data_disk/ZQL/TIP_TMO_result/dnn/ZSDH/a4479.png,341,512,0.6830791568788028,0.5535111582456474,0.02360363536375237,0.27017370434616156,0.5403474086923231,9.002610498178719e-41,0.28148531913757324
a4480,/mnt/data_disk/HDRData/1000hdr/HDRtest/a4480-Duggan_090201_4896.exr,/mnt/data_disk/ZQL/TIP_TMO_result/dnn/ZSDH/a4480.png,341,512,0.6549316124816329,0.5028817236673275,0.005680541445858664,0.2144119352554832,0.4288238705109664,3.8192353203553214e-30,0.2822502851486206
a4487,/mnt/data_disk/HDRData/1000hdr/HDRtest/a4487-Duggan_090322_5971.exr,/mnt/data_disk/ZQL/TIP_TMO_result/dnn/ZSDH/a4487.png,341,512,0.6747744484720961,0.527391775182988,0.027194422879903424,0.253796515048666,0.5075930300971692,1.6285620173850772e-13,0.2191617786884308
