id,hdr_path,ldr_path,height,width,tmqi_q,tmqi_s,tmqi_n,tmqi2_q,tmqi2_s,tmqi2_n,nlpd
a2808,/mnt/data_disk/HDRData/1000hdr/HDRtest/a2808-20080516_072208__MG_0018.exr,/mnt/data_disk/ZQL/TIP_TMO_result/dnn/PS-TMO/a2808.png,341,512,0.9134736242724034,0.7879918029185901,0.7909992564089768,0.362164441403513,0.7218397186668922,0.002489164140133749,0.17417874932289124
a2824,/mnt/data_disk/HDRData/1000hdr/HDRtest/a2824-dvf_035.exr,/mnt/data_disk/ZQL/TIP_TMO_result/dnn/PS-TMO/a2824.png,341,512,0.7840494711498077,0.6300388115662698,0.3168038782331501,0.21660976158618817,0.43321952317237633,5.568246755695026e-23,0.10405191034078598
a2854,/mnt/data_disk/HDRData/1000hdr/HDRtest/a2854-NKIM_MG_7374.exr,/mnt/data_disk/ZQL/TIP_TMO_result/dnn/PS-TMO/a2854.png,341,512,0.90753548611512,0.8355307967204774,0.6658221965928673,0.3842565957381597,0.7530868202775787,0.015426371198740652,0.24128195643424988
a2861,/mnt/data_disk/HDRData/1000hdr/HDRtest/a2861-IMG_4397.exr,/mnt/data_disk/ZQL/TIP_TMO_result/dnn/PS-TMO/a2861.png,341,512,0.8543020311979812,0.6472534690576393,0.6881447277439438,0.2851872638968828,0.5703744345776338,9.321613186359176e-08,0.1400497704744339
a2862,/mnt/data_disk/HDRData/1000hdr/HDRtest/a2862-_DSC0055.exr,/mnt/data_disk/ZQL/TIP_TMO_result/dnn/PS-TMO/a2862.png,340,512,0.8968761598237474,0.8653430926974358,0.550439455026013,0.44173190927926903,0.8834587669220105,5.051636527513687e-06,0.16101884841918945
a2876,/mnt/data_disk/HDRData/1000hdr/HDRtest/a2876-jn_20080130_Las_Vegas_0082.exr,/mnt/data_disk/ZQL/TIP_TMO_result/dnn/PS-TMO/a2876.png,341,512,0.7438299000187308,0.5136850283703658,0.3257182694324488,0.18256697379107645,0.3651339475821529,1.7274081933165444e-24,0.18670424818992615
a2883,/mnt/data_disk/HDRData/1000hdr/HDRtest/a2883-_DSC0008-2.exr,/mnt/data_disk/ZQL/TIP_TMO_result/dnn/PS-TMO/a2883.png,340,512,0.8277051386887917,0.5354538175322613,0.7709211799941024,0.23953249667889526,0.4790645589843686,4.343734219254128e-07,0.0766129344701767
a2913,/mnt/data_disk/HDRData/1000hdr/HDRtest/a2913-IMG_0138.exr,/mnt/data_disk/ZQL/TIP_TMO_result/dnn/PS-TMO/a2913.png,341,512,0.8774804408459239,0.8090513286473009,0.5276315705730028,0.4160329168152287,0.8320650730002159,7.606302414440637e-07,0.2153274267911911
a2933,/mnt/data_disk/HDRData/1000hdr/HDRtest/a2933-_I2E7313.exr,/mnt/data_disk/ZQL/TIP_TMO_result/dnn/PS-TMO/a2933.png,341,512,0.7638680584592824,0.6196400286229349,0.2356177911901867,0.3116420811893405,0.623284162378681,3.524871241256446e-28,0.1770498901605606
a2956,/mnt/data_disk/HDRData/1000hdr/HDRtest/a2956-KE_-0035.exr,/mnt/data_disk/ZQL/TIP_TMO_result/dnn/PS-TMO/a2956.png,340,512,0.902696552271613,0.8576087413282073,0.5982238153947738,0.4148447740107412,0.8273742710623242,0.0023152769591582353,0.15080787241458893
a2986,/mnt/data_disk/HDRData/1000hdr/HDRtest/a2986-_DGW6325.exr,/mnt/data_disk/ZQL/TIP_TMO_result/dnn/PS-TMO/a2986.png,341,512,0.8145784167238811,0.83022467374332,0.17384203643128499,0.47161418654787407,0.8618683049030962,0.08136006819265196,0.24835838377475739
a3267,/mnt/data_disk/HDRData/1000hdr/HDRtest/a3267-WP_CRW_0087.exr,/mnt/data_disk/ZQL/TIP_TMO_result/dnn/PS-TMO/a3267.png,341,512,0.9079993913881524,0.8067438978688363,0.7201667826521193,0.4133587574516744,0.8214222962367824,0.005295218666566398,0.19090181589126587
a3285,/mnt/data_disk/HDRData/1000hdr/HDRtest/a3285-CRW_0291.exr,/mnt/data_disk/ZQL/TIP_TMO_result/dnn/PS-TMO/a3285.png,341,512,0.8904357361951558,0.8302191412484992,0.5694721480518029,0.43860273666309035,0.8558059211356139,0.021399552190566738,0.31928980350494385
a3288,/mnt/data_disk/HDRData/1000hdr/HDRtest/a3288-KE_-0049.exr,/mnt/data_disk/ZQL/TIP_TMO_result/dnn/PS-TMO/a3288.png,340,512,0.87412950333363,0.7954951254346494,0.5306100698058253,0.4006210885442628,0.7784960947983403,0.022746082290185408,0.17241522669792175
a3306,/mnt/data_disk/HDRData/1000hdr/HDRtest/a3306-IMG_4969.exr,/mnt/data_disk/ZQL/TIP_TMO_result/dnn/PS-TMO/a3306.png,341,512,0.8772389597021821,0.8216144997630748,0.5055284356763233,0.41900758924267967,0.8064545234496262,0.03156065503573317,0.19446541368961334
a3312,/mnt/data_disk/HDRData/1000hdr/HDRtest/a3312-IMG_1063.exr,/mnt/data_disk/ZQL/TIP_TMO_result/dnn/PS-TMO/a3312.png,341,512,0.8504442248587847,0.8039088991406826,0.3834799607269649,0.37549805265448044,0.7509961053089605,3.1721866896791893e-16,0.19049304723739624
a3315,/mnt/data_disk/HDRData/1000hdr/HDRtest/a3315-MB_20030906_022.exr,/mnt/data_disk/ZQL/TIP_TMO_result/dnn/PS-TMO/a3315.png,341,512,0.8637926978527866,0.830602343701124,0.41526763728561655,0.3901535387671261,0.7778195848497509,0.002487492684501366,0.301313191652298
a3316,/mnt/data_disk/HDRData/1000hdr/HDRtest/a3316-20051225_163230__MG_1390.exr,/mnt/data_disk/ZQL/TIP_TMO_result/dnn/PS-TMO/a3316.png,341,512,0.9310740025528158,0.8526780262846427,0.787538479331489,0.8378746768433271,0.8325479358803314,0.8432014178063227,0.10851819068193436
a3318,/mnt/data_disk/HDRData/1000hdr/HDRtest/a3318-JI2E5722.exr,/mnt/data_disk/ZQL/TIP_TMO_result/dnn/PS-TMO/a3318.png,341,512,0.9388743279439962,0.8481140662879998,0.8480854040596364,0.3234632187655234,0.6469258662002255,5.713308213419455e-07,0.10990285873413086
a3321,/mnt/data_disk/HDRData/1000hdr/HDRtest/a3321-DSC_0054.exr,/mnt/data_disk/ZQL/TIP_TMO_result/dnn/PS-TMO/a3321.png,340,512,0.9245139639815085,0.8553593059947701,0.7397115443298887,0.7963834417616721,0.6073379110161008,0.9854289725072434,0.08412707597017288
a3325,/mnt/data_disk/HDRData/1000hdr/HDRtest/a3325-050819_154342__MG_5227.exr,/mnt/data_disk/ZQL/TIP_TMO_result/dnn/PS-TMO/a3325.png,341,512,0.9348952564104235,0.8572294577721321,0.8046890862413784,0.5684087683378315,0.8369704847661729,0.2998470519094902,0.08885929733514786
a3337,/mnt/data_disk/HDRData/1000hdr/HDRtest/a3337-dgw_112.exr,/mnt/data_disk/ZQL/TIP_TMO_result/dnn/PS-TMO/a3337.png,341,512,0.8409353172627904,0.8188932975898788,0.31185301482106925,0.3919734215224943,0.782581782514637,0.0013650605303517256,0.3482040464878082
a3339,/mnt/data_disk/HDRData/1000hdr/HDRtest/a3339-_MG_7202.exr,/mnt/data_disk/ZQL/TIP_TMO_result/dnn/PS-TMO/a3339.png,341,512,0.8135468257498266,0.7787777799326565,0.23441954294460862,0.3418376099274685,0.683675219854937,2.820379974744853e-30,0.1938125640153885
a3341,/mnt/data_disk/HDRData/1000hdr/HDRtest/a3341-jmac_DSC2590.exr,/mnt/data_disk/ZQL/TIP_TMO_result/dnn/PS-TMO/a3341.png,340,512,0.8724864656472433,0.7362117881116959,0.6260424420828593,0.4103024375768359,0.820604871889544,3.2641277260796734e-09,0.09255430847406387
a3344,/mnt/data_disk/HDRData/1000hdr/HDRtest/a3344-NKIM_MG_6348.exr,/mnt/data_disk/ZQL/TIP_TMO_result/dnn/PS-TMO/a3344.png,341,512,0.9384352678378582,0.8441297085916983,0.8525066130763165,0.826325007272104,0.6772376314229329,0.9754123831212751,0.06797654926776886
a3345,/mnt/data_disk/HDRData/1000hdr/HDRtest/a3345-20080514_105211__MG_9917.exr,/mnt/data_disk/ZQL/TIP_TMO_result/dnn/PS-TMO/a3345.png,341,512,0.8731599212304546,0.8279899909191456,0.4717832870613947,0.32534470082741046,0.6506894014220974,2.327234827953186e-10,0.148513525724411
a3351,/mnt/data_disk/HDRData/1000hdr/HDRtest/a3351-KE_-1722.exr,/mnt/data_disk/ZQL/TIP_TMO_result/dnn/PS-TMO/a3351.png,340,512,0.7886637204708453,0.738783845512749,0.17606990172372058,0.23031375901136844,0.46062751802219765,5.392204949482489e-13,0.12293263524770737
a3356,/mnt/data_disk/HDRData/1000hdr/HDRtest/a3356-_DSC9981.exr,/mnt/data_disk/ZQL/TIP_TMO_result/dnn/PS-TMO/a3356.png,341,512,0.8347648274817344,0.7986964003246062,0.3095426124864111,0.3083562886888294,0.6167125773765698,1.0889798588978156e-12,0.15781964361667633
a3360,/mnt/data_disk/HDRData/1000hdr/HDRtest/a3360-IMG_0017.exr,/mnt/data_disk/ZQL/TIP_TMO_result/dnn/PS-TMO/a3360.png,341,512,0.8774987834763135,0.8284809656794084,0.49592203542286134,0.8475560104853308,0.8451260872998863,0.8499859336707754,0.17846472561359406
a3365,/mnt/data_disk/HDRData/1000hdr/HDRtest/a3365-jn_20071207_Xmas_House_0124.exr,/mnt/data_disk/ZQL/TIP_TMO_result/dnn/PS-TMO/a3365.png,341,512,0.8373908669894878,0.697732557006913,0.4870145023675899,0.279730087429757,0.5594601748462756,1.3238437217002774e-11,0.08404476195573807
a3366,/mnt/data_disk/HDRData/1000hdr/HDRtest/a3366-Ja_Pe-6.exr,/mnt/data_disk/ZQL/TIP_TMO_result/dnn/PS-TMO/a3366.png,288,512,0.8643115896925553,0.8003287672296923,0.46575163090520005,0.3963330985751148,0.7926638102572905,2.386892939094181e-06,0.23141629993915558
a3369,/mnt/data_disk/HDRData/1000hdr/HDRtest/a3369-IMG_0004.exr,/mnt/data_disk/ZQL/TIP_TMO_result/dnn/PS-TMO/a3369.png,341,512,0.8563295572237395,0.806832582856086,0.4108992123456902,0.39991714180972476,0.7996696527057601,0.00016463091368942474,0.28022220730781555
a3371,/mnt/data_disk/HDRData/1000hdr/HDRtest/a3371-07-12-01-at-11h32m58s-_MG_8498.exr,/mnt/data_disk/ZQL/TIP_TMO_result/dnn/PS-TMO/a3371.png,341,512,0.8897419036818991,0.788288914903344,0.6378515471278394,0.29398991408281083,0.5879797683364832,5.982913845806071e-08,0.1930912286043167
a3382,/mnt/data_disk/HDRData/1000hdr/HDRtest/a3382-IMG_4032.exr,/mnt/data_disk/ZQL/TIP_TMO_result/dnn/PS-TMO/a3382.png,341,512,0.8206103758052057,0.7631196377321132,0.29034320597188484,0.29636199838533106,0.49823756400082786,0.09448643276983425,0.14694799482822418
a3388,/mnt/data_disk/HDRData/1000hdr/HDRtest/a3388-jmac_DSC2214.exr,/mnt/data_disk/ZQL/TIP_TMO_result/dnn/PS-TMO/a3388.png,340,512,0.8734160961626658,0.8406443524159577,0.4533759456866432,0.4122657505300039,0.623256954192605,0.20127454686740281,0.10846097022294998
a3390,/mnt/data_disk/HDRData/1000hdr/HDRtest/a3390-dgw_070.exr,/mnt/data_disk/ZQL/TIP_TMO_result/dnn/PS-TMO/a3390.png,341,512,0.8726591639521009,0.7457083745397728,0.6094988147581897,0.39164837148197673,0.7832860122215566,1.0730742396891445e-05,0.2288588136434555
a3391,/mnt/data_disk/HDRData/1000hdr/HDRtest/a3391-050904_125814__I2E8654.exr,/mnt/data_disk/ZQL/TIP_TMO_result/dnn/PS-TMO/a3391.png,341,512,0.7925557662330798,0.6993049767866001,0.24828925990938136,0.32085558388901214,0.6417111677780243,2.6243663615999423e-17,0.22353072464466095
a3393,/mnt/data_disk/HDRData/1000hdr/HDRtest/a3393-_DSC0057.exr,/mnt/data_disk/ZQL/TIP_TMO_result/dnn/PS-TMO/a3393.png,340,512,0.8045520848722847,0.8628555764179563,0.09885433334903894,0.943807261833778,0.8887672912754134,0.9988472323921427,0.12769021093845367
a3394,/mnt/data_disk/HDRData/1000hdr/HDRtest/a3394-_DGW6419.exr,/mnt/data_disk/ZQL/TIP_TMO_result/dnn/PS-TMO/a3394.png,341,512,0.8669595455234422,0.7967246299645798,0.4867734075572496,0.3515056748406472,0.7030111690031071,1.806781872528845e-07,0.3391185998916626
a3400,/mnt/data_disk/HDRData/1000hdr/HDRtest/a3400-07-11-04-at-17h36m14s-_MG_4004.exr,/mnt/data_disk/ZQL/TIP_TMO_result/dnn/PS-TMO/a3400.png,341,512,0.8572993485806388,0.8496807562615984,0.3522083761299252,0.3527294444096099,0.7054588886280586,1.9116124923869964e-10,0.17666463553905487
a3401,/mnt/data_disk/HDRData/1000hdr/HDRtest/a3401-20061111_122429__E6B5415.exr,/mnt/data_disk/ZQL/TIP_TMO_result/dnn/PS-TMO/a3401.png,341,512,0.8777273935309855,0.918465556843587,0.3634368133089352,0.9433494212715403,0.9114008509972984,0.9752979915457821,0.09983472526073456
a3402,/mnt/data_disk/HDRData/1000hdr/HDRtest/a3402-jmac_DSC3153.exr,/mnt/data_disk/ZQL/TIP_TMO_result/dnn/PS-TMO/a3402.png,340,512,0.8873931619684259,0.8706667370250702,0.4864706909118537,0.8017025641888618,0.8775935571300323,0.7258115712476912,0.1472061425447464
a3413,/mnt/data_disk/HDRData/1000hdr/HDRtest/a3413-20041217_193556__E6B0485.exr,/mnt/data_disk/ZQL/TIP_TMO_result/dnn/PS-TMO/a3413.png,341,512,0.8772231971951986,0.8166451776914923,0.5135613209300676,0.37968847186646826,0.7593769437329364,6.118861754785477e-17,0.13315190374851227
a3414,/mnt/data_disk/HDRData/1000hdr/HDRtest/a3414-DSC_0002.exr,/mnt/data_disk/ZQL/TIP_TMO_result/dnn/PS-TMO/a3414.png,340,512,0.8873390854089345,0.8225937594947043,0.5636269083816311,0.4003073712363808,0.8001053598351274,0.0005093826376342446,0.15891477465629578
a3415,/mnt/data_disk/HDRData/1000hdr/HDRtest/a3415-jmac_DSC6092.exr,/mnt/data_disk/ZQL/TIP_TMO_result/dnn/PS-TMO/a3415.png,340,512,0.9275477723005702,0.8370457813247321,0.7925963924407957,0.36183752948084213,0.7004862201028007,0.023188838858883582,0.10505671799182892
a3416,/mnt/data_disk/HDRData/1000hdr/HDRtest/a3416-IMG_4746.exr,/mnt/data_disk/ZQL/TIP_TMO_result/dnn/PS-TMO/a3416.png,341,512,0.8846146100622307,0.7862534605221239,0.6097659271468094,0.7786491608124595,0.7840650947881344,0.7732332268367847,0.21063841879367828
a3418,/mnt/data_disk/HDRData/1000hdr/HDRtest/a3418-2004-02-07 16-53-50 CRW_3754.exr,/mnt/data_disk/ZQL/TIP_TMO_result/dnn/PS-TMO/a3418.png,341,512,0.8952284679433828,0.8553263544573356,0.5568106857751589,0.7853490736384248,0.8380571979786784,0.7326409492981711,0.07311110943555832
a3422,/mnt/data_disk/HDRData/1000hdr/HDRtest/a3422-WP_CRW_0302.exr,/mnt/data_disk/ZQL/TIP_TMO_result/dnn/PS-TMO/a3422.png,341,512,0.9268115250380966,0.8180176093877244,0.8230136285596875,0.7371301918700313,0.6526080285459173,0.8216523551941451,0.14477795362472534
a3424,/mnt/data_disk/HDRData/1000hdr/HDRtest/a3424-CRW_0163.exr,/mnt/data_disk/ZQL/TIP_TMO_result/dnn/PS-TMO/a3424.png,341,512,0.8848547019821575,0.8353087244896609,0.52781547340845,0.39705371168263365,0.7941051315599981,2.291805269216224e-06,0.2524653971195221
a3431,/mnt/data_disk/HDRData/1000hdr/HDRtest/a3431-_DSC0103-3.exr,/mnt/data_disk/ZQL/TIP_TMO_result/dnn/PS-TMO/a3431.png,340,512,0.8968306260241381,0.8263911114525405,0.6149177817703404,0.9231049528100104,0.846963081564431,0.9992468240555898,0.11727986484766006
a3432,/mnt/data_disk/HDRData/1000hdr/HDRtest/a3432-jmac_DSC3184.exr,/mnt/data_disk/ZQL/TIP_TMO_result/dnn/PS-TMO/a3432.png,340,512,0.901109087530142,0.8281230160877625,0.6384303384680613,0.7445652237098174,0.842805977115589,0.6463244703040457,0.10846299678087234
a3433,/mnt/data_disk/HDRData/1000hdr/HDRtest/a3433-NKIM_MG_8213.exr,/mnt/data_disk/ZQL/TIP_TMO_result/dnn/PS-TMO/a3433.png,341,512,0.8549091962312971,0.7690822118985116,0.4636185889401776,0.4208750505613218,0.6670558655717861,0.1746942355508575,0.22413218021392822
a3439,/mnt/data_disk/HDRData/1000hdr/HDRtest/a3439-IMG_3798.exr,/mnt/data_disk/ZQL/TIP_TMO_result/dnn/PS-TMO/a3439.png,341,512,0.9032318963987603,0.7610977516706683,0.7751256811904187,0.5154849304499443,0.8969344313313306,0.1340354295685579,0.10617700219154358
a3441,/mnt/data_disk/HDRData/1000hdr/HDRtest/a3441-dgw_064.exr,/mnt/data_disk/ZQL/TIP_TMO_result/dnn/PS-TMO/a3441.png,341,512,0.9227833342367582,0.7428688294052513,0.9446448596215546,0.3288105629654474,0.6576209565910514,1.6933984343455177e-07,0.2379343956708908
a3444,/mnt/data_disk/HDRData/1000hdr/HDRtest/a3444-WP_CRW_6313.exr,/mnt/data_disk/ZQL/TIP_TMO_result/dnn/PS-TMO/a3444.png,341,512,0.8523897274682459,0.8380393024002311,0.34327306409450575,0.3643734121059322,0.7287468214867876,2.7250768608695595e-09,0.12495801597833633
a3446,/mnt/data_disk/HDRData/1000hdr/HDRtest/a3446-050730_134124__MG_3716.exr,/mnt/data_disk/ZQL/TIP_TMO_result/dnn/PS-TMO/a3446.png,341,512,0.9275183678129616,0.830457755005973,0.8045278313153017,0.40472994996551537,0.804895308850582,0.004564591080448717,0.15123839676380157
a3448,/mnt/data_disk/HDRData/1000hdr/HDRtest/a3448-IMG_0113.exr,/mnt/data_disk/ZQL/TIP_TMO_result/dnn/PS-TMO/a3448.png,341,512,0.8962801480972123,0.7587945545931196,0.7341239322642823,0.40693642461733587,0.8138708897112146,1.9595234572061893e-06,0.2165580838918686
a3449,/mnt/data_disk/HDRData/1000hdr/HDRtest/a3449-jmac_DSC2669.exr,/mnt/data_disk/ZQL/TIP_TMO_result/dnn/PS-TMO/a3449.png,340,512,0.8977403411054259,0.8793758286039147,0.53321300500639,0.5397556063388442,0.816462473897314,0.2630487387803744,0.09553904831409454
a3451,/mnt/data_disk/HDRData/1000hdr/HDRtest/a3451-IMG_1088.exr,/mnt/data_disk/ZQL/TIP_TMO_result/dnn/PS-TMO/a3451.png,341,512,0.8556342831423077,0.7618828080801515,0.479817532449612,0.32915377108901583,0.6580412618775324,0.0002662803004992191,0.23653919994831085
a3452,/mnt/data_disk/HDRData/1000hdr/HDRtest/a3452-IMG_1205.exr,/mnt/data_disk/ZQL/TIP_TMO_result/dnn/PS-TMO/a3452.png,341,512,0.9426459350113106,0.8312930828646128,0.9055033243678169,0.6544251212594314,0.48855596547302366,0.8202942770458391,0.06428658962249756
a3456,/mnt/data_disk/HDRData/1000hdr/HDRtest/a3456-DSC_0006-1-2.exr,/mnt/data_disk/ZQL/TIP_TMO_result/dnn/PS-TMO/a3456.png,340,512,0.9430813028397842,0.8595698315579837,0.8554441435109988,0.8740345647716208,0.7788344998372684,0.9692346297059731,0.13142763078212738
a3457,/mnt/data_disk/HDRData/1000hdr/HDRtest/a3457-NKIM_025.exr,/mnt/data_disk/ZQL/TIP_TMO_result/dnn/PS-TMO/a3457.png,341,512,0.9280374058379532,0.8967984795102946,0.6910151439205678,0.7601818812304577,0.8144071369140593,0.705956625546856,0.16449059545993805
a3460,/mnt/data_disk/HDRData/1000hdr/HDRtest/a3460-20080514_105637__MG_9928.exr,/mnt/data_disk/ZQL/TIP_TMO_result/dnn/PS-TMO/a3460.png,341,512,0.9097691777674806,0.8266473179360709,0.6956380495518437,0.5306747953885513,0.8107940589106762,0.25055553186642643,0.17049163579940796
a3462,/mnt/data_disk/HDRData/1000hdr/HDRtest/a3462-dgw_051.exr,/mnt/data_disk/ZQL/TIP_TMO_result/dnn/PS-TMO/a3462.png,341,512,0.8353316001756161,0.7929840964661764,0.32070047631922616,0.2727932038567,0.5455864077123259,1.074027016837835e-12,0.2980971038341522
a3464,/mnt/data_disk/HDRData/1000hdr/HDRtest/a3464-tc_DSC2199.exr,/mnt/data_disk/ZQL/TIP_TMO_result/dnn/PS-TMO/a3464.png,340,512,0.8582037955442129,0.7560882622365942,0.504540208379036,0.2874879297641766,0.5748633479137887,0.0001125116145644474,0.14581917226314545
a3465,/mnt/data_disk/HDRData/1000hdr/HDRtest/a3465-20060619_114622__MG_9153.exr,/mnt/data_disk/ZQL/TIP_TMO_result/dnn/PS-TMO/a3465.png,341,512,0.8655201476511453,0.8080020571735659,0.46024747827139173,0.5145668908646038,0.6773267071205549,0.35180707460865285,0.1316176801919937
a3466,/mnt/data_disk/HDRData/1000hdr/HDRtest/a3466-IMG_3941.exr,/mnt/data_disk/ZQL/TIP_TMO_result/dnn/PS-TMO/a3466.png,341,512,0.8875992839916058,0.8707340219298008,0.48755293639198527,0.44562496483845304,0.8809939378338669,0.010255991843039157,0.1470351219177246
a3468,/mnt/data_disk/HDRData/1000hdr/HDRtest/a3468-IMG_4793.exr,/mnt/data_disk/ZQL/TIP_TMO_result/dnn/PS-TMO/a3468.png,341,512,0.9023413197477486,0.8681663398036752,0.5787026849965884,0.9116454041509594,0.8261317467943988,0.99715906150752,0.12142457813024521
a3470,/mnt/data_disk/HDRData/1000hdr/HDRtest/a3470-IMG_0835.exr,/mnt/data_disk/ZQL/TIP_TMO_result/dnn/PS-TMO/a3470.png,341,512,0.8732203972287649,0.7686110488474888,0.5716281158550129,0.3917500800447133,0.782757352519894,0.0007428075695325809,0.24077342450618744
a3474,/mnt/data_disk/HDRData/1000hdr/HDRtest/a3474-jmac_MG_1125.exr,/mnt/data_disk/ZQL/TIP_TMO_result/dnn/PS-TMO/a3474.png,341,512,0.9129367669023383,0.7652959962530107,0.8315069836061805,0.33630440224558783,0.6725917372785024,1.7067212673256773e-05,0.0839165523648262
a3477,/mnt/data_disk/HDRData/1000hdr/HDRtest/a3477-_DSC0048.exr,/mnt/data_disk/ZQL/TIP_TMO_result/dnn/PS-TMO/a3477.png,340,512,0.8526190185547807,0.8283366891414184,0.3585357327629364,0.4531830884284745,0.8755480430754894,0.030818133781459638,0.17146366834640503
a3483,/mnt/data_disk/HDRData/1000hdr/HDRtest/a3483-_DSC0023-1.exr,/mnt/data_disk/ZQL/TIP_TMO_result/dnn/PS-TMO/a3483.png,340,512,0.890932613908964,0.7194770924035284,0.7765922388067827,0.6835343328184487,0.46225863486135543,0.9048100307755418,0.07331648468971252
a3486,/mnt/data_disk/HDRData/1000hdr/HDRtest/a3486-jmac_DSC3897.exr,/mnt/data_disk/ZQL/TIP_TMO_result/dnn/PS-TMO/a3486.png,343,512,0.8611632144690576,0.7644506703948738,0.5073923473006544,0.3957418091581728,0.791481097300602,2.5210157436202197e-06,0.2028244435787201
a3491,/mnt/data_disk/HDRData/1000hdr/HDRtest/a3491-DSC_0091.exr,/mnt/data_disk/ZQL/TIP_TMO_result/dnn/PS-TMO/a3491.png,340,512,0.8933097544088833,0.8613386345388131,0.5356826380130993,0.8120294799415759,0.8300988929393025,0.7939600669438492,0.13965806365013123
a3493,/mnt/data_disk/HDRData/1000hdr/HDRtest/a3493-IMG_0279.exr,/mnt/data_disk/ZQL/TIP_TMO_result/dnn/PS-TMO/a3493.png,341,512,0.8468282720042346,0.7566755459606505,0.4387072106328442,0.3753869890784669,0.7507739781569338,9.61204502244114e-18,0.2154209464788437
a3499,/mnt/data_disk/HDRData/1000hdr/HDRtest/a3499-jn_2007_12_11__BU_CRUISE_019.exr,/mnt/data_disk/ZQL/TIP_TMO_result/dnn/PS-TMO/a3499.png,341,512,0.8631760357329683,0.7406224312336269,0.5611871413623134,0.34050841327966497,0.6809028165740767,0.0001140099852532499,0.10721851140260696
a3503,/mnt/data_disk/HDRData/1000hdr/HDRtest/a3503-050731_155906__I2E5378.exr,/mnt/data_disk/ZQL/TIP_TMO_result/dnn/PS-TMO/a3503.png,341,512,0.9189606469882479,0.8055840894655323,0.7940424314924329,0.3434151631985842,0.6868295928942179,7.335029505218246e-07,0.137691468000412
a3504,/mnt/data_disk/HDRData/1000hdr/HDRtest/a3504-IMG_0903.exr,/mnt/data_disk/ZQL/TIP_TMO_result/dnn/PS-TMO/a3504.png,341,512,0.877465253989909,0.8973446385387782,0.39149272254552936,0.8333197535490064,0.9140255955445958,0.7526139115534172,0.1374480128288269
a3505,/mnt/data_disk/HDRData/1000hdr/HDRtest/a3505-CRW_0288.exr,/mnt/data_disk/ZQL/TIP_TMO_result/dnn/PS-TMO/a3505.png,341,512,0.9212400289131777,0.787191504490148,0.8445189873244575,0.7761374568559913,0.5538185142421221,0.9984563994698605,0.1857161521911621
a3508,/mnt/data_disk/HDRData/1000hdr/HDRtest/a3508-NKIM_095.exr,/mnt/data_disk/ZQL/TIP_TMO_result/dnn/PS-TMO/a3508.png,341,512,0.8327066141354466,0.8087902071368409,0.2849917268995267,0.4688144229007561,0.8777569154582572,0.059871930343254984,0.2748684883117676
a3509,/mnt/data_disk/HDRData/1000hdr/HDRtest/a3509-_DGW6337.exr,/mnt/data_disk/ZQL/TIP_TMO_result/dnn/PS-TMO/a3509.png,341,512,0.8811872062207645,0.8517393139059738,0.48026345877287624,0.5229159335389677,0.8108265203779506,0.23500534669998488,0.33277472853660583
a3510,/mnt/data_disk/HDRData/1000hdr/HDRtest/a3510-JI2E4365.exr,/mnt/data_disk/ZQL/TIP_TMO_result/dnn/PS-TMO/a3510.png,341,512,0.9001500061894956,0.7726000907522127,0.7329132992790109,0.34827033055514817,0.6918918860464963,0.004648775063799989,0.23374150693416595
a3511,/mnt/data_disk/HDRData/1000hdr/HDRtest/a3511-jmac_MG_0542.exr,/mnt/data_disk/ZQL/TIP_TMO_result/dnn/PS-TMO/a3511.png,341,512,0.892449748190532,0.8107392799574403,0.614976590398241,0.36957689585074394,0.7388056275817632,0.00034816411972476676,0.1231423169374466
a3512,/mnt/data_disk/HDRData/1000hdr/HDRtest/a3512-LSstone_060805_9380.exr,/mnt/data_disk/ZQL/TIP_TMO_result/dnn/PS-TMO/a3512.png,341,512,0.9014646856149137,0.7887896859177534,0.7111056234919542,0.3432541269289598,0.6865082160688101,3.778910946535489e-08,0.13089458644390106
a3521,/mnt/data_disk/HDRData/1000hdr/HDRtest/a3521-JI2E5091.exr,/mnt/data_disk/ZQL/TIP_TMO_result/dnn/PS-TMO/a3521.png,341,512,0.8456057518467738,0.8179930706866309,0.3370233020885594,0.31843876750265854,0.6361904541085419,0.0006870808967752135,0.12618379294872284
a3522,/mnt/data_disk/HDRData/1000hdr/HDRtest/a3522-IMG_4772.exr,/mnt/data_disk/ZQL/TIP_TMO_result/dnn/PS-TMO/a3522.png,341,512,0.8851413350700761,0.8633558361459214,0.48485193758321116,0.3616529019756503,0.7095727373573271,0.013733066593973508,0.10432024300098419
a3525,/mnt/data_disk/HDRData/1000hdr/HDRtest/a3525-IMG_0713.exr,/mnt/data_disk/ZQL/TIP_TMO_result/dnn/PS-TMO/a3525.png,341,512,0.8757924063855055,0.9487593567692295,0.31329501568671764,0.7569209559101658,0.8798725176948896,0.6339693941254421,0.1221478134393692
a3529,/mnt/data_disk/HDRData/1000hdr/HDRtest/a3529-WP_CRW_0659.exr,/mnt/data_disk/ZQL/TIP_TMO_result/dnn/PS-TMO/a3529.png,341,512,0.9353578884426365,0.8636252823256785,0.796240177315107,0.43655857238848794,0.8685533087607888,0.00456383601618703,0.13954311609268188
a3531,/mnt/data_disk/HDRData/1000hdr/HDRtest/a3531-07-06-30-at-04h02m08s-_MG_1936.exr,/mnt/data_disk/ZQL/TIP_TMO_result/dnn/PS-TMO/a3531.png,341,512,0.7970678334885208,0.6474331395081063,0.35407715394142236,0.2611660398072198,0.5223320796144396,8.490515553737676e-23,0.18722793459892273
a3540,/mnt/data_disk/HDRData/1000hdr/HDRtest/a3540-07-12-02-at-14h05m14s-_MG_8949.exr,/mnt/data_disk/ZQL/TIP_TMO_result/dnn/PS-TMO/a3540.png,341,512,0.9050900714140525,0.8655166485607229,0.5997698743706854,0.42473059180247336,0.7566121202705725,0.09284906333437423,0.20462636649608612
a3541,/mnt/data_disk/HDRData/1000hdr/HDRtest/a3541-IMG_4107.exr,/mnt/data_disk/ZQL/TIP_TMO_result/dnn/PS-TMO/a3541.png,341,512,0.876965706277169,0.8463880032700403,0.46452982177526014,0.5928772393573288,0.7406054272247665,0.4451490514898912,0.09826766699552536
a3545,/mnt/data_disk/HDRData/1000hdr/HDRtest/a3545-jmac_DSC0491.exr,/mnt/data_disk/ZQL/TIP_TMO_result/dnn/PS-TMO/a3545.png,340,512,0.9094213966826038,0.8692922495371628,0.6201354129200936,0.8409582864921453,0.713846681042168,0.9680698919421227,0.09451152384281158
a3548,/mnt/data_disk/HDRData/1000hdr/HDRtest/a3548-CRW_0993.exr,/mnt/data_disk/ZQL/TIP_TMO_result/dnn/PS-TMO/a3548.png,341,512,0.9154641158328158,0.8639569604293321,0.6668263739890958,0.4489801950077895,0.8957652948378836,0.0021950951776954033,0.12270017713308334
a3549,/mnt/data_disk/HDRData/1000hdr/HDRtest/a3549-KE_-2455.exr,/mnt/data_disk/ZQL/TIP_TMO_result/dnn/PS-TMO/a3549.png,340,512,0.9199116466738146,0.8702357177478082,0.6842704703116858,0.9076007641997483,0.8173122061537033,0.9978893222457935,0.10278386622667313
a3557,/mnt/data_disk/HDRData/1000hdr/HDRtest/a3557-IMG_1507.exr,/mnt/data_disk/ZQL/TIP_TMO_result/dnn/PS-TMO/a3557.png,341,512,0.7534090969916073,0.6816955391182931,0.10585450872705812,0.2290445161461237,0.45808687623602923,2.156056218197244e-06,0.08186209201812744
a3563,/mnt/data_disk/HDRData/1000hdr/HDRtest/a3563-07-11-30-at-15h55m08s-_MG_8326.exr,/mnt/data_disk/ZQL/TIP_TMO_result/dnn/PS-TMO/a3563.png,341,512,0.8910872797284043,0.7875246486637073,0.6476197803074849,0.31802812517986656,0.6360562503585835,1.1496333155923437e-12,0.15627515316009521
a3571,/mnt/data_disk/HDRData/1000hdr/HDRtest/a3571-IMG_0290.exr,/mnt/data_disk/ZQL/TIP_TMO_result/dnn/PS-TMO/a3571.png,341,512,0.878208589491168,0.6684714551313556,0.7986247703373222,0.3097023362369107,0.5117633243562147,0.10764134811760658,0.06489279866218567
a3575,/mnt/data_disk/HDRData/1000hdr/HDRtest/a3575-IMG_0834.exr,/mnt/data_disk/ZQL/TIP_TMO_result/dnn/PS-TMO/a3575.png,341,512,0.8733009052258929,0.7427414379930062,0.6189258120370625,0.37443093065096583,0.7488489605589669,1.290074296473856e-05,0.23098479211330414
a3576,/mnt/data_disk/HDRData/1000hdr/HDRtest/a3576-LS051026_day_15_LL003.exr,/mnt/data_disk/ZQL/TIP_TMO_result/dnn/PS-TMO/a3576.png,341,512,0.8840597078305524,0.898377072661569,0.42607018119719997,0.9331567942408573,0.9082417807199828,0.9580718077617317,0.1631694883108139
a3585,/mnt/data_disk/HDRData/1000hdr/HDRtest/a3585-IMG_4211.exr,/mnt/data_disk/ZQL/TIP_TMO_result/dnn/PS-TMO/a3585.png,341,512,0.8199755185220967,0.7278941286292385,0.3405878314033137,0.28669002906245955,0.5733800581246854,2.336652764927567e-13,0.12380179762840271
a3586,/mnt/data_disk/HDRData/1000hdr/HDRtest/a3586-IMG_4591.exr,/mnt/data_disk/ZQL/TIP_TMO_result/dnn/PS-TMO/a3586.png,341,512,0.8891315169803881,0.8473420563454481,0.5335110710398009,0.22683242849782861,0.4536612374062718,3.6195893854129455e-06,0.18659216165542603
a3588,/mnt/data_disk/HDRData/1000hdr/HDRtest/a3588-CRW_0983.exr,/mnt/data_disk/ZQL/TIP_TMO_result/dnn/PS-TMO/a3588.png,341,512,0.9037817505454171,0.8533826071634933,0.6119250382697419,0.43773443715938015,0.8754688716421163,2.6766439927570635e-09,0.13917246460914612
a3591,/mnt/data_disk/HDRData/1000hdr/HDRtest/a3591-07-11-30-at-16h19m33s-_MG_8384.exr,/mnt/data_disk/ZQL/TIP_TMO_result/dnn/PS-TMO/a3591.png,341,512,0.9251939866000914,0.842762302923475,0.7666644963186264,0.40528788956810724,0.8105757791088221,2.7392437099900266e-11,0.1775854527950287
a3593,/mnt/data_disk/HDRData/1000hdr/HDRtest/a3593-_DSC5689.exr,/mnt/data_disk/ZQL/TIP_TMO_result/dnn/PS-TMO/a3593.png,341,512,0.8934470223128468,0.7404157752330389,0.7513546676447085,0.3914669353722498,0.7823888165799748,0.000545054164524824,0.26443246006965637
a3600,/mnt/data_disk/HDRData/1000hdr/HDRtest/a3600-JI2E3496.exr,/mnt/data_disk/ZQL/TIP_TMO_result/dnn/PS-TMO/a3600.png,341,512,0.8837867712950382,0.7835981915354093,0.6093912622789573,0.2879837290823241,0.5756997350903066,0.00026772307434166475,0.22164121270179749
a3602,/mnt/data_disk/HDRData/1000hdr/HDRtest/a3602-_DSC9759.exr,/mnt/data_disk/ZQL/TIP_TMO_result/dnn/PS-TMO/a3602.png,341,512,0.8592858326221849,0.8485962924382261,0.3642235086957457,0.33768239641813963,0.655635875990511,0.019728916845768253,0.11104569584131241
a3605,/mnt/data_disk/HDRData/1000hdr/HDRtest/a3605-IMG_2772.exr,/mnt/data_disk/ZQL/TIP_TMO_result/dnn/PS-TMO/a3605.png,341,512,0.9192538018848401,0.8543540477549911,0.7075056410785475,0.5390752614141847,0.9042735483836548,0.1738769744447145,0.10698097944259644
a3608,/mnt/data_disk/HDRData/1000hdr/HDRtest/a3608-NKIM_MG_7004.exr,/mnt/data_disk/ZQL/TIP_TMO_result/dnn/PS-TMO/a3608.png,341,512,0.9240520637447406,0.8325455418182776,0.7777114091278249,0.37929028524945285,0.7585805704989057,5.354051781486629e-20,0.11023583263158798
a3609,/mnt/data_disk/HDRData/1000hdr/HDRtest/a3609-IMG_1702.exr,/mnt/data_disk/ZQL/TIP_TMO_result/dnn/PS-TMO/a3609.png,341,512,0.9369887118086878,0.8528604855427439,0.8266410270258251,0.4468571926514485,0.630626882161602,0.26308750314129503,0.1263962984085083
a3613,/mnt/data_disk/HDRData/1000hdr/HDRtest/a3613-_DSC3264.exr,/mnt/data_disk/ZQL/TIP_TMO_result/dnn/PS-TMO/a3613.png,341,512,0.8603077268246275,0.7847949222944597,0.46832376170193835,0.34277037885611517,0.6855407562350119,1.4772185115765597e-09,0.20234271883964539
a3623,/mnt/data_disk/HDRData/1000hdr/HDRtest/a3623-20051220_201437__MG_9239.exr,/mnt/data_disk/ZQL/TIP_TMO_result/dnn/PS-TMO/a3623.png,341,512,0.8795282216559491,0.833450872394456,0.49968623480148977,0.41109199347748676,0.8057686891909785,0.016415297763994984,0.2784479260444641
a3624,/mnt/data_disk/HDRData/1000hdr/HDRtest/a3624-DSC_0070.exr,/mnt/data_disk/ZQL/TIP_TMO_result/dnn/PS-TMO/a3624.png,340,512,0.9078532552592209,0.9225499015142409,0.5260335724469747,0.9424622475574194,0.8871546661687814,0.9977698289460575,0.09067397564649582
a3628,/mnt/data_disk/HDRData/1000hdr/HDRtest/a3628-_DSC9996.exr,/mnt/data_disk/ZQL/TIP_TMO_result/dnn/PS-TMO/a3628.png,341,512,0.809207402775941,0.7830270367212808,0.2089290776024157,0.33544831129787994,0.6708966225957599,4.712229272968011e-22,0.1769549548625946
a3633,/mnt/data_disk/HDRData/1000hdr/HDRtest/a3633-JI2E3892.exr,/mnt/data_disk/ZQL/TIP_TMO_result/dnn/PS-TMO/a3633.png,341,512,0.8435617711936875,0.6798788624399263,0.5563866041234388,0.22509835697128514,0.45019671394257027,7.833796473186707e-30,0.1369604915380478
a3634,/mnt/data_disk/HDRData/1000hdr/HDRtest/a3634-IMG_4959.exr,/mnt/data_disk/ZQL/TIP_TMO_result/dnn/PS-TMO/a3634.png,341,512,0.9149887280135427,0.7932288502255089,0.7910667190093515,0.46186978299032405,0.4792424574431757,0.44449710853747243,0.22404974699020386
a3635,/mnt/data_disk/HDRData/1000hdr/HDRtest/a3635-IMG_4031.exr,/mnt/data_disk/ZQL/TIP_TMO_result/dnn/PS-TMO/a3635.png,341,512,0.8541369602436107,0.8104317659686119,0.39342254523892606,0.30528605224375177,0.6105721024586943,2.0288092773374663e-09,0.25738319754600525
a3636,/mnt/data_disk/HDRData/1000hdr/HDRtest/a3636-20041222_195608__E6B6989.exr,/mnt/data_disk/ZQL/TIP_TMO_result/dnn/PS-TMO/a3636.png,341,512,0.9297145748857766,0.8111906152137404,0.8555481184835063,0.8620137767711326,0.7736243887104588,0.9504031648318063,0.0990888774394989
a3641,/mnt/data_disk/HDRData/1000hdr/HDRtest/a3641-_DSC4628.exr,/mnt/data_disk/ZQL/TIP_TMO_result/dnn/PS-TMO/a3641.png,341,512,0.8715847448721504,0.841448236152182,0.4418491309789683,0.4614075551489968,0.8924719225480209,0.030343187749972737,0.2819497287273407
a3644,/mnt/data_disk/HDRData/1000hdr/HDRtest/a3644-jmac_MG_5959.exr,/mnt/data_disk/ZQL/TIP_TMO_result/dnn/PS-TMO/a3644.png,341,512,0.8799868461823808,0.8426098719509313,0.48773195335319663,0.5107599523424684,0.8638910992627249,0.15762880542221183,0.2067042738199234
a3649,/mnt/data_disk/HDRData/1000hdr/HDRtest/a3649-WP_CRW_0691.exr,/mnt/data_disk/ZQL/TIP_TMO_result/dnn/PS-TMO/a3649.png,341,512,0.9468112008436183,0.915282256898045,0.7814997001995855,0.9378638996458397,0.883990736221313,0.9917370630703665,0.08189097046852112
a3654,/mnt/data_disk/HDRData/1000hdr/HDRtest/a3654-IMG_0777.exr,/mnt/data_disk/ZQL/TIP_TMO_result/dnn/PS-TMO/a3654.png,341,512,0.9403642012193423,0.8429575700623783,0.8677951349263564,0.5784653910378268,0.6816586598111856,0.47527212226446797,0.15715152025222778
a3658,/mnt/data_disk/HDRData/1000hdr/HDRtest/a3658-jmac_MG_0418.exr,/mnt/data_disk/ZQL/TIP_TMO_result/dnn/PS-TMO/a3658.png,341,512,0.9109153626648834,0.8452164898776714,0.6703166358633343,0.32979361738600577,0.6594840575672537,0.00010317720475780378,0.11665739119052887
a3670,/mnt/data_disk/HDRData/1000hdr/HDRtest/a3670-jmac_MG_5917.exr,/mnt/data_disk/ZQL/TIP_TMO_result/dnn/PS-TMO/a3670.png,341,512,0.8751706597390208,0.8891647293615998,0.39076221633496355,0.4601675844240203,0.601215448712002,0.31911972013603845,0.08867960423231125
a3673,/mnt/data_disk/HDRData/1000hdr/HDRtest/a3673-_DSC1109.exr,/mnt/data_disk/ZQL/TIP_TMO_result/dnn/PS-TMO/a3673.png,341,512,0.8738683069064984,0.8495846854436047,0.4421407044944201,0.4386451331911109,0.8241855263110002,0.05310474007122173,0.3163723051548004
a3677,/mnt/data_disk/HDRData/1000hdr/HDRtest/a3677-IMG_4696.exr,/mnt/data_disk/ZQL/TIP_TMO_result/dnn/PS-TMO/a3677.png,341,512,0.8686114149641269,0.8683928561702066,0.3853043132704409,0.8977316686256214,0.8078363347611695,0.9876270024900734,0.13749562203884125
a3686,/mnt/data_disk/HDRData/1000hdr/HDRtest/a3686-jmac_MG_0353.exr,/mnt/data_disk/ZQL/TIP_TMO_result/dnn/PS-TMO/a3686.png,341,512,0.8990980498748196,0.8097170746397457,0.6581367088598297,0.4114044703059835,0.8228088647038448,7.590812210266254e-08,0.2764033377170563
a3688,/mnt/data_disk/HDRData/1000hdr/HDRtest/a3688-jmac_MG_1424.exr,/mnt/data_disk/ZQL/TIP_TMO_result/dnn/PS-TMO/a3688.png,341,512,0.9217418256607038,0.9095117729704408,0.6304752738830242,0.9218314093076541,0.845691537131369,0.9979712814839392,0.12910230457782745
a3689,/mnt/data_disk/HDRData/1000hdr/HDRtest/a3689-JI2E3798.exr,/mnt/data_disk/ZQL/TIP_TMO_result/dnn/PS-TMO/a3689.png,341,512,0.7862481349228212,0.6825686420599092,0.2434517398847191,0.23519235417590537,0.4703847013083105,7.043500219668873e-09,0.10254444926977158
a3696,/mnt/data_disk/HDRData/1000hdr/HDRtest/a3696-jmac_DSC1242.exr,/mnt/data_disk/ZQL/TIP_TMO_result/dnn/PS-TMO/a3696.png,343,512,0.8745948608365864,0.8802776207000185,0.4004368281954479,0.9287604385523951,0.8660422664575066,0.9914786106472837,0.1514711081981659
a3697,/mnt/data_disk/HDRData/1000hdr/HDRtest/a3697-07-11-24-at-16h05m35s-_MG_6729.exr,/mnt/data_disk/ZQL/TIP_TMO_result/dnn/PS-TMO/a3697.png,341,512,0.9109898310540712,0.7850346951828342,0.7802101553523764,0.33390948499774226,0.6678189603079139,9.68757066744137e-09,0.1427011340856552
a3700,/mnt/data_disk/HDRData/1000hdr/HDRtest/a3700-tc_DSC1892.exr,/mnt/data_disk/ZQL/TIP_TMO_result/dnn/PS-TMO/a3700.png,340,512,0.8990844072626547,0.824722253909292,0.6317331701314784,0.39203479839909927,0.7839443867572085,0.000125210040990121,0.11466753482818604
a3706,/mnt/data_disk/HDRData/1000hdr/HDRtest/a3706-dgw_065.exr,/mnt/data_disk/ZQL/TIP_TMO_result/dnn/PS-TMO/a3706.png,341,512,0.8718843586521782,0.8203249120116255,0.47671959257372376,0.46983966867831695,0.7433062026785747,0.19637313467805914,0.30193594098091125
a3707,/mnt/data_disk/HDRData/1000hdr/HDRtest/a3707-NKIM_121.exr,/mnt/data_disk/ZQL/TIP_TMO_result/dnn/PS-TMO/a3707.png,341,512,0.8121976961038695,0.7744138929346881,0.23405018356277077,0.3274855373398606,0.6549710746797212,1.8341767815405096e-22,0.21170972287654877
a3710,/mnt/data_disk/HDRData/1000hdr/HDRtest/a3710-07-11-20-at-16h52m05s-_MG_5742.exr,/mnt/data_disk/ZQL/TIP_TMO_result/dnn/PS-TMO/a3710.png,341,512,0.9050405991975689,0.7575170846591841,0.7940840307667898,0.6471207944496966,0.6696443217659455,0.6245972671334479,0.06821603327989578
a3712,/mnt/data_disk/HDRData/1000hdr/HDRtest/a3712-IMG_4852.exr,/mnt/data_disk/ZQL/TIP_TMO_result/dnn/PS-TMO/a3712.png,341,512,0.8424762923563917,0.8960221121646884,0.21842955620153612,0.39889896673777553,0.7976591442393884,0.0001387892361625665,0.10147234052419662
a3715,/mnt/data_disk/HDRData/1000hdr/HDRtest/a3715-_MG_7773.exr,/mnt/data_disk/ZQL/TIP_TMO_result/dnn/PS-TMO/a3715.png,341,512,0.7935422197088476,0.7935161902856199,0.13011249833442648,0.3625266053258662,0.7250532106517007,3.17664210428194e-14,0.22552646696567535
a3716,/mnt/data_disk/HDRData/1000hdr/HDRtest/a3716-IMG_0301.exr,/mnt/data_disk/ZQL/TIP_TMO_result/dnn/PS-TMO/a3716.png,341,512,0.7714855135205678,0.6279719096965684,0.2582561906711721,0.1531830284971723,0.3063660569943446,2.6300671461544612e-28,0.10559167712926865
a3719,/mnt/data_disk/HDRData/1000hdr/HDRtest/a3719-07-11-29-at-15h43m28s-_MG_8075.exr,/mnt/data_disk/ZQL/TIP_TMO_result/dnn/PS-TMO/a3719.png,341,512,0.8453874886591781,0.867404405743138,0.2679261258353519,0.4509067109044506,0.9018134209197306,8.891706770769963e-10,0.30329322814941406
a3720,/mnt/data_disk/HDRData/1000hdr/HDRtest/a3720-jmac_MG_0851.exr,/mnt/data_disk/ZQL/TIP_TMO_result/dnn/PS-TMO/a3720.png,341,512,0.872558613854035,0.803040588086862,0.5087755179319644,0.4240859360927498,0.8451389994356362,0.003032872749863376,0.16647548973560333
a3721,/mnt/data_disk/HDRData/1000hdr/HDRtest/a3721-KE_-01.exr,/mnt/data_disk/ZQL/TIP_TMO_result/dnn/PS-TMO/a3721.png,340,512,0.8816743546245112,0.8311888387664428,0.5158425591031985,0.39449526393410256,0.7889905260243582,1.8438469258279425e-09,0.19211867451667786
a3724,/mnt/data_disk/HDRData/1000hdr/HDRtest/a3724-20060101_092918__E6B0305.exr,/mnt/data_disk/ZQL/TIP_TMO_result/dnn/PS-TMO/a3724.png,341,512,0.8767727875239817,0.8896844004228017,0.3986908626816405,0.5283870046093898,0.9151460852657968,0.1416279239529829,0.22349430620670319
a3727,/mnt/data_disk/HDRData/1000hdr/HDRtest/a3727-2004-01-18 11-49-42 CRW_2889.exr,/mnt/data_disk/ZQL/TIP_TMO_result/dnn/PS-TMO/a3727.png,341,512,0.9412781645600752,0.8507619795548587,0.8594713407698082,0.6676478432378915,0.5849823326394826,0.7503133538363004,0.12574024498462677
a3729,/mnt/data_disk/HDRData/1000hdr/HDRtest/a3729-07-11-24-at-21h39m19s-_MG_6853.exr,/mnt/data_disk/ZQL/TIP_TMO_result/dnn/PS-TMO/a3729.png,341,512,0.8268810975012151,0.8000080423550636,0.2687239474730219,0.2650000510304827,0.5300001020609617,3.6995657914571865e-15,0.1276678740978241
a3730,/mnt/data_disk/HDRData/1000hdr/HDRtest/a3730-IMG_0113.exr,/mnt/data_disk/ZQL/TIP_TMO_result/dnn/PS-TMO/a3730.png,341,512,0.9107813654713355,0.7709364396823808,0.806004204394989,0.383154028653279,0.7661872544247494,0.00012080288180855296,0.24479708075523376
a3732,/mnt/data_disk/HDRData/1000hdr/HDRtest/a3732-_DGW6272.exr,/mnt/data_disk/ZQL/TIP_TMO_result/dnn/PS-TMO/a3732.png,341,512,0.9052685172350656,0.8596115201238296,0.6106566457488056,0.4988494290488329,0.9405957925012963,0.05710306559636941,0.09502781927585602
a3733,/mnt/data_disk/HDRData/1000hdr/HDRtest/a3733-WP_CRW_4827.exr,/mnt/data_disk/ZQL/TIP_TMO_result/dnn/PS-TMO/a3733.png,341,512,0.881250837016679,0.7983619382286123,0.5681734818798965,0.39655185358551803,0.7516293490904686,0.04147435808056745,0.1631276160478592
a3735,/mnt/data_disk/HDRData/1000hdr/HDRtest/a3735-_MG_7825.exr,/mnt/data_disk/ZQL/TIP_TMO_result/dnn/PS-TMO/a3735.png,341,512,0.8372878770428479,0.852846587653266,0.2480569820774563,0.6256444984448543,0.8537751555519698,0.39751384133773865,0.1933993697166443
a3737,/mnt/data_disk/HDRData/1000hdr/HDRtest/a3737-dgw_022.exr,/mnt/data_disk/ZQL/TIP_TMO_result/dnn/PS-TMO/a3737.png,341,512,0.8482097044047922,0.8346245793912194,0.3265711184709278,0.4133810741810733,0.8258550093472745,0.0009071390148720622,0.19100724160671234
a3739,/mnt/data_disk/HDRData/1000hdr/HDRtest/a3739-KE_-0068.exr,/mnt/data_disk/ZQL/TIP_TMO_result/dnn/PS-TMO/a3739.png,340,512,0.8118837670083341,0.9108720415930679,0.0798687947815779,0.9501356555791753,0.9285438053466912,0.9717275058116595,0.0929354801774025
a3740,/mnt/data_disk/HDRData/1000hdr/HDRtest/a3740-_DSC1411.exr,/mnt/data_disk/ZQL/TIP_TMO_result/dnn/PS-TMO/a3740.png,341,512,0.8305969615175269,0.6523164668189761,0.5323617765349389,0.1951013938985733,0.3902027877971464,2.1949432253012783e-16,0.12911568582057953
a3742,/mnt/data_disk/HDRData/1000hdr/HDRtest/a3742-IMG_0206.exr,/mnt/data_disk/ZQL/TIP_TMO_result/dnn/PS-TMO/a3742.png,341,512,0.8716530689196144,0.742371690762835,0.6094624748950079,0.3793324152460928,0.7586644696203884,3.6087179718528537e-07,0.2770957052707672
a3743,/mnt/data_disk/HDRData/1000hdr/HDRtest/a3743-DSC_0038.exr,/mnt/data_disk/ZQL/TIP_TMO_result/dnn/PS-TMO/a3743.png,340,512,0.9042324673398257,0.8273506707930839,0.6593178142911252,0.353873206083163,0.5497594886714277,0.1579869234948984,0.09527119994163513
a3744,/mnt/data_disk/HDRData/1000hdr/HDRtest/a3744-NKIM_MG_6757.exr,/mnt/data_disk/ZQL/TIP_TMO_result/dnn/PS-TMO/a3744.png,341,512,0.7644549058565726,0.709232182966548,0.11479579417686503,0.338187911060164,0.676375822120328,1.3808868210023976e-18,0.20502793788909912
a3749,/mnt/data_disk/HDRData/1000hdr/HDRtest/a3749-IMG_4592.exr,/mnt/data_disk/ZQL/TIP_TMO_result/dnn/PS-TMO/a3749.png,341,512,0.842593351161195,0.7676923972653493,0.39752054678164656,0.3672486777219557,0.7344967957606129,5.596832985299255e-07,0.23231714963912964
a3750,/mnt/data_disk/HDRData/1000hdr/HDRtest/a3750-IMG_4253.exr,/mnt/data_disk/ZQL/TIP_TMO_result/dnn/PS-TMO/a3750.png,341,512,0.8210213565694218,0.7225530280144927,0.3545458700382335,0.33449981472998763,0.6689996294584988,1.476513457304427e-12,0.20174942910671234
a3753,/mnt/data_disk/HDRData/1000hdr/HDRtest/a3753-dgw_073.exr,/mnt/data_disk/ZQL/TIP_TMO_result/dnn/PS-TMO/a3753.png,341,512,0.8115319524693942,0.850855167985601,0.13782518617627276,0.8760138883124045,0.8560274040614502,0.8960003725633588,0.4020087420940399
a3754,/mnt/data_disk/HDRData/1000hdr/HDRtest/a3754-050731_151704__I2E5362.exr,/mnt/data_disk/ZQL/TIP_TMO_result/dnn/PS-TMO/a3754.png,341,512,0.9621644122852322,0.8905284522983191,0.9295321533896962,0.5561258377136042,0.702337055497103,0.40991461993010536,0.09122291952371597
a3756,/mnt/data_disk/HDRData/1000hdr/HDRtest/a3756-jmac_MG_5949.exr,/mnt/data_disk/ZQL/TIP_TMO_result/dnn/PS-TMO/a3756.png,341,512,0.8691772983312747,0.8211776010214993,0.45995777674924254,0.5994275397775175,0.6267591301292252,0.5720959494258099,0.11823078989982605
a3760,/mnt/data_disk/HDRData/1000hdr/HDRtest/a3760-IMG_2504.exr,/mnt/data_disk/ZQL/TIP_TMO_result/dnn/PS-TMO/a3760.png,341,512,0.8919615250122144,0.9312200680426,0.42260927579157476,0.7524654383794838,0.89610672335672,0.6088241534022475,0.0644100159406662
a3764,/mnt/data_disk/HDRData/1000hdr/HDRtest/a3764-20060618_093109__MG_8792.exr,/mnt/data_disk/ZQL/TIP_TMO_result/dnn/PS-TMO/a3764.png,341,512,0.8712949924398525,0.877529389098056,0.38655691974696743,0.9177571572278751,0.8359852410450314,0.999529073410719,0.15954650938510895
a3766,/mnt/data_disk/HDRData/1000hdr/HDRtest/a3766-20041219_194831__E6B5558.exr,/mnt/data_disk/ZQL/TIP_TMO_result/dnn/PS-TMO/a3766.png,341,512,0.7364970026962605,0.5487151301400192,0.22544177641292354,0.1674396623981247,0.3348793247962494,5.028057065501464e-44,0.10308973491191864
a3769,/mnt/data_disk/HDRData/1000hdr/HDRtest/a3769-IMG_3943.exr,/mnt/data_disk/ZQL/TIP_TMO_result/dnn/PS-TMO/a3769.png,341,512,0.9270375534784622,0.857497255725955,0.7523693310595196,0.8810252914949996,0.8590166594781027,0.9030339235118965,0.11057767271995544
a3771,/mnt/data_disk/HDRData/1000hdr/HDRtest/a3771-07-06-01-at-13h03m06-s_MG_1256.exr,/mnt/data_disk/ZQL/TIP_TMO_result/dnn/PS-TMO/a3771.png,341,512,0.9042579468873037,0.8320742764215359,0.6512415256805416,0.4810947374208869,0.7077804477460707,0.254409027095703,0.24027025699615479
a3772,/mnt/data_disk/HDRData/1000hdr/HDRtest/a3772-dgw_123.exr,/mnt/data_disk/ZQL/TIP_TMO_result/dnn/PS-TMO/a3772.png,341,512,0.8921338311138419,0.8669502382560598,0.5198240557525422,0.8062480094668789,0.8401826807783926,0.7723133381553653,0.2121126502752304
a3774,/mnt/data_disk/HDRData/1000hdr/HDRtest/a3774-_DSC0017.exr,/mnt/data_disk/ZQL/TIP_TMO_result/dnn/PS-TMO/a3774.png,340,512,0.9183273576627133,0.8401258233113034,0.7266386010094703,0.40633182194514467,0.7973557746572241,0.015307869233065242,0.13609549403190613
a3778,/mnt/data_disk/HDRData/1000hdr/HDRtest/a3778-IMG_4838.exr,/mnt/data_disk/ZQL/TIP_TMO_result/dnn/PS-TMO/a3778.png,341,512,0.8903777146179603,0.7697222442347362,0.6756896397952185,0.3681942739501981,0.7330886092710529,0.0032999386293433557,0.2654135525226593
a3780,/mnt/data_disk/HDRData/1000hdr/HDRtest/a3780-JI2E3902.exr,/mnt/data_disk/ZQL/TIP_TMO_result/dnn/PS-TMO/a3780.png,341,512,0.9093726698766108,0.8626203972903599,0.6309745102786207,0.9103302259297728,0.8544177941294625,0.9662426577300831,0.12839016318321228
a3781,/mnt/data_disk/HDRData/1000hdr/HDRtest/a3781-2004-06-24 06-45-08 CRW_2040.exr,/mnt/data_disk/ZQL/TIP_TMO_result/dnn/PS-TMO/a3781.png,341,512,0.9114475257721927,0.8846747135109257,0.6072889098179323,0.901265301437534,0.8757456262659988,0.9267849766090691,0.09613626450300217
a3783,/mnt/data_disk/HDRData/1000hdr/HDRtest/a3783-KE_-0052.exr,/mnt/data_disk/ZQL/TIP_TMO_result/dnn/PS-TMO/a3783.png,340,512,0.8444257508698592,0.7527103979055753,0.4318800883042543,0.3815319478368079,0.7629649585345574,9.893713905835864e-05,0.1481272131204605
a3786,/mnt/data_disk/HDRData/1000hdr/HDRtest/a3786-_I2E8191.exr,/mnt/data_disk/ZQL/TIP_TMO_result/dnn/PS-TMO/a3786.png,341,512,0.829696454302136,0.8871891525561163,0.17239128058372408,0.6167638629115537,0.8515275281682647,0.38200019765484283,0.17024734616279602
a3796,/mnt/data_disk/HDRData/1000hdr/HDRtest/a3796-NKIM_MG_7319.exr,/mnt/data_disk/ZQL/TIP_TMO_result/dnn/PS-TMO/a3796.png,341,512,0.9106449129285351,0.7803918186553045,0.7868110390861129,0.31616671918352846,0.6323319360312333,1.502335823588236e-06,0.24943332374095917
a3798,/mnt/data_disk/HDRData/1000hdr/HDRtest/a3798-IMG_2539.exr,/mnt/data_disk/ZQL/TIP_TMO_result/dnn/PS-TMO/a3798.png,341,512,0.9247085864707582,0.8041555481700713,0.8351786729787515,0.38992228141507423,0.758766593786843,0.021077969043305545,0.18650811910629272
a3800,/mnt/data_disk/HDRData/1000hdr/HDRtest/a3800-dgw_090.exr,/mnt/data_disk/ZQL/TIP_TMO_result/dnn/PS-TMO/a3800.png,341,512,0.8595815610322641,0.8447912250037388,0.37132087416566734,0.337911466264385,0.675726993905054,9.593862371606145e-05,0.14992071688175201
a3804,/mnt/data_disk/HDRData/1000hdr/HDRtest/a3804-_DSC3608.exr,/mnt/data_disk/ZQL/TIP_TMO_result/dnn/PS-TMO/a3804.png,343,512,0.8528742439076921,0.7543648349430235,0.47675062937806206,0.294694819093514,0.589389638187021,7.112525717908899e-15,0.08031626790761948
a3816,/mnt/data_disk/HDRData/1000hdr/HDRtest/a3816-jmac_DSC3118.exr,/mnt/data_disk/ZQL/TIP_TMO_result/dnn/PS-TMO/a3816.png,340,512,0.8985627756584164,0.9166779981526813,0.48087714433830636,0.9552081566764989,0.9108636975821287,0.9995526157708692,0.12402485311031342
a3820,/mnt/data_disk/HDRData/1000hdr/HDRtest/a3820-dgw_025.exr,/mnt/data_disk/ZQL/TIP_TMO_result/dnn/PS-TMO/a3820.png,341,512,0.7424906458894451,0.6099449188014092,0.15610647918509857,0.2272288231924126,0.45445764638316816,1.6570693250794192e-12,0.09932222962379456
a3822,/mnt/data_disk/HDRData/1000hdr/HDRtest/a3822-07-11-21-at-09h53m21s-_MG_5852.exr,/mnt/data_disk/ZQL/TIP_TMO_result/dnn/PS-TMO/a3822.png,341,512,0.8877318152734069,0.8780965969755024,0.47699309011528973,0.43319421830981325,0.8537482795082059,0.012640157111420674,0.13793230056762695
a3827,/mnt/data_disk/HDRData/1000hdr/HDRtest/a3827-JI2E3823.exr,/mnt/data_disk/ZQL/TIP_TMO_result/dnn/PS-TMO/a3827.png,341,512,0.7818319032122546,0.6863295185630099,0.21748590656358402,0.2196785656747126,0.4393570614185288,6.993089639666272e-08,0.12335023283958435
a3830,/mnt/data_disk/HDRData/1000hdr/HDRtest/a3830-LS_060715_8670.exr,/mnt/data_disk/ZQL/TIP_TMO_result/dnn/PS-TMO/a3830.png,341,512,0.8816362952090019,0.7834047370667102,0.5965629959965738,0.44307878969451653,0.8681045623917842,0.018053016997248827,0.2067629098892212
a3832,/mnt/data_disk/HDRData/1000hdr/HDRtest/a3832-20060613_091536__MG_7749.exr,/mnt/data_disk/ZQL/TIP_TMO_result/dnn/PS-TMO/a3832.png,341,512,0.8818036557106333,0.8140112856190804,0.5449363355892806,0.35915014268228174,0.6130542070402815,0.10524607832428197,0.1902661770582199
a3833,/mnt/data_disk/HDRData/1000hdr/HDRtest/a3833-_DSC0003-2.exr,/mnt/data_disk/ZQL/TIP_TMO_result/dnn/PS-TMO/a3833.png,340,512,0.8976507393598461,0.8776944069680147,0.5353380831415284,0.5437807721296773,0.9051673769105509,0.18239416734880368,0.11017962545156479
a3834,/mnt/data_disk/HDRData/1000hdr/HDRtest/a3834-IMG_0007.exr,/mnt/data_disk/ZQL/TIP_TMO_result/dnn/PS-TMO/a3834.png,341,512,0.8651870557444374,0.7629333673435535,0.5336237192332094,0.5785503492156524,0.8110157404830096,0.34608495794829514,0.23774784803390503
a3846,/mnt/data_disk/HDRData/1000hdr/HDRtest/a3846-IMG_3087.exr,/mnt/data_disk/ZQL/TIP_TMO_result/dnn/PS-TMO/a3846.png,341,512,0.9010360595041931,0.8962361768933726,0.5262884208217876,0.7658884733816467,0.7994147750536187,0.7323621717096747,0.10245669633150101
a3847,/mnt/data_disk/HDRData/1000hdr/HDRtest/a3847-NKIM_MG_6113.exr,/mnt/data_disk/ZQL/TIP_TMO_result/dnn/PS-TMO/a3847.png,341,512,0.8168926486901371,0.7599177169511082,0.27670872691945037,0.29913905063562285,0.5982781012712457,3.859489291294709e-18,0.18674224615097046
a3848,/mnt/data_disk/HDRData/1000hdr/HDRtest/a3848-DSC_0024.exr,/mnt/data_disk/ZQL/TIP_TMO_result/dnn/PS-TMO/a3848.png,340,512,0.929367187493771,0.8676734939829545,0.7496094063787236,0.8306014224970116,0.6632706348404759,0.9979322101535474,0.0707070529460907
a3851,/mnt/data_disk/HDRData/1000hdr/HDRtest/a3851-IMG_3430.exr,/mnt/data_disk/ZQL/TIP_TMO_result/dnn/PS-TMO/a3851.png,341,512,0.8090653897194409,0.8213694013223586,0.16100467641407806,0.31136895100162454,0.6227106333437181,2.7268659530970738e-05,0.09788567572832108
a3862,/mnt/data_disk/HDRData/1000hdr/HDRtest/a3862-JI2E0423.exr,/mnt/data_disk/ZQL/TIP_TMO_result/dnn/PS-TMO/a3862.png,341,512,0.9454714196036661,0.849328398423372,0.8907693640076582,0.4037509864046692,0.7278352460967749,0.07966672671256353,0.08723247051239014
a3863,/mnt/data_disk/HDRData/1000hdr/HDRtest/a3863-IMG_1159.exr,/mnt/data_disk/ZQL/TIP_TMO_result/dnn/PS-TMO/a3863.png,341,512,0.8674552455769013,0.8060746691263319,0.4743560451400793,0.3988594726321025,0.7977189451850442,7.916078622356141e-11,0.19392463564872742
a3864,/mnt/data_disk/HDRData/1000hdr/HDRtest/a3864-_DSC1992.exr,/mnt/data_disk/ZQL/TIP_TMO_result/dnn/PS-TMO/a3864.png,341,512,0.7140085196606073,0.559660415965566,0.11396346567313527,0.18043305113048227,0.3604473949348097,0.0004187073261548661,0.09829097241163254
a3872,/mnt/data_disk/HDRData/1000hdr/HDRtest/a3872-IMG_4058.exr,/mnt/data_disk/ZQL/TIP_TMO_result/dnn/PS-TMO/a3872.png,341,512,0.9375170964560853,0.8387467014120328,0.8563238707374804,0.40792175473420356,0.7971304539474682,0.01871305552093891,0.2010883092880249
a3877,/mnt/data_disk/HDRData/1000hdr/HDRtest/a3877-KE_-0019.exr,/mnt/data_disk/ZQL/TIP_TMO_result/dnn/PS-TMO/a3877.png,340,512,0.8552124683784295,0.7700655690727325,0.4637056461096444,0.3907648791013114,0.7815297557976126,2.405010138416435e-09,0.16175954043865204
a3879,/mnt/data_disk/HDRData/1000hdr/HDRtest/a3879-IMG_0091.exr,/mnt/data_disk/ZQL/TIP_TMO_result/dnn/PS-TMO/a3879.png,341,512,0.8877213260626369,0.8410621725773781,0.5353675259804505,0.933767832743267,0.8703948324625375,0.9971408330239965,0.18595421314239502
a3890,/mnt/data_disk/HDRData/1000hdr/HDRtest/a3890-IMG_4308.exr,/mnt/data_disk/ZQL/TIP_TMO_result/dnn/PS-TMO/a3890.png,341,512,0.9042694069865648,0.7718941399342101,0.7611107709558564,0.33806071333790283,0.6761212008485912,2.2582721443483861e-07,0.11982554942369461
a3893,/mnt/data_disk/HDRData/1000hdr/HDRtest/a3893-_DGW6301.exr,/mnt/data_disk/ZQL/TIP_TMO_result/dnn/PS-TMO/a3893.png,341,512,0.8702943405339733,0.888757045015961,0.3652723515345994,0.4399878102360388,0.8797082268595245,0.00026739361255302316,0.22350750863552094
a3899,/mnt/data_disk/HDRData/1000hdr/HDRtest/a3899-jmac_DSC2259.exr,/mnt/data_disk/ZQL/TIP_TMO_result/dnn/PS-TMO/a3899.png,340,512,0.8700467383706354,0.915638328989058,0.3272643923525373,0.43066740109794943,0.8522285510694056,0.009106251126493258,0.10969739407300949
a3900,/mnt/data_disk/HDRData/1000hdr/HDRtest/a3900-jmac_DSC5843.exr,/mnt/data_disk/ZQL/TIP_TMO_result/dnn/PS-TMO/a3900.png,340,512,0.9052216804053013,0.8908125907644981,0.5596546213334265,0.8501859182362425,0.7077575523679889,0.992614284104496,0.11241734027862549
a3902,/mnt/data_disk/HDRData/1000hdr/HDRtest/a3902-jmac_DSC3970.exr,/mnt/data_disk/ZQL/TIP_TMO_result/dnn/PS-TMO/a3902.png,340,512,0.854547192771905,0.7521703186649646,0.49010373458000844,0.4334110738405975,0.6670577036814457,0.19976444399974932,0.08674569427967072
a3903,/mnt/data_disk/HDRData/1000hdr/HDRtest/a3903-IMG_2386.exr,/mnt/data_disk/ZQL/TIP_TMO_result/dnn/PS-TMO/a3903.png,341,512,0.8391083355183678,0.8234421287693955,0.2962982025598103,0.48705548746823835,0.7445966932335472,0.22951428170292953,0.10815467685461044
a3906,/mnt/data_disk/HDRData/1000hdr/HDRtest/a3906-LS051025_day_3_LL003.exr,/mnt/data_disk/ZQL/TIP_TMO_result/dnn/PS-TMO/a3906.png,341,512,0.8995670737673166,0.8101731852802971,0.6602747475058874,0.3870543295525561,0.7741048913726803,3.767732431872038e-06,0.1966712772846222
a3911,/mnt/data_disk/HDRData/1000hdr/HDRtest/a3911-07-07-01-at-10h50m55s-_MG_2028.exr,/mnt/data_disk/ZQL/TIP_TMO_result/dnn/PS-TMO/a3911.png,341,512,0.8230168746316129,0.7393456325972866,0.33838510279505124,0.3621353960198815,0.7242707919122121,1.275508097325562e-10,0.18394115567207336
a3913,/mnt/data_disk/HDRData/1000hdr/HDRtest/a3913-IMG_0289.exr,/mnt/data_disk/ZQL/TIP_TMO_result/dnn/PS-TMO/a3913.png,341,512,0.8260297752768049,0.6313835187918274,0.5465136830994243,0.26759409867742334,0.5349424096702211,0.0002457876846256196,0.09213676303625107
a3914,/mnt/data_disk/HDRData/1000hdr/HDRtest/a3914-DSC_0002-1.exr,/mnt/data_disk/ZQL/TIP_TMO_result/dnn/PS-TMO/a3914.png,340,512,0.8965494353138411,0.8015864479706633,0.6566130183142481,0.6821123373741113,0.7387592159725092,0.6254654587757134,0.14996542036533356
a3919,/mnt/data_disk/HDRData/1000hdr/HDRtest/a3919-KE_-1608.exr,/mnt/data_disk/ZQL/TIP_TMO_result/dnn/PS-TMO/a3919.png,340,512,0.8420597808611697,0.6911946543079035,0.526161916339849,0.3108986474102979,0.6217972384990198,5.6321576003410456e-08,0.1717938780784607
a3923,/mnt/data_disk/HDRData/1000hdr/HDRtest/a3923-_DSC0095.exr,/mnt/data_disk/ZQL/TIP_TMO_result/dnn/PS-TMO/a3923.png,340,512,0.875293145835566,0.8381821093851213,0.46784807477708945,0.37082550178412893,0.7416509896263799,1.3941877938476911e-08,0.13491496443748474
a3924,/mnt/data_disk/HDRData/1000hdr/HDRtest/a3924-_DSC6358.exr,/mnt/data_disk/ZQL/TIP_TMO_result/dnn/PS-TMO/a3924.png,341,512,0.7046260475802184,0.5703914767129274,0.06732776600025503,0.2776540372176344,0.5553080744352688,7.793607272797603e-29,0.2229047268629074
a3926,/mnt/data_disk/HDRData/1000hdr/HDRtest/a3926-dgw_077.exr,/mnt/data_disk/ZQL/TIP_TMO_result/dnn/PS-TMO/a3926.png,341,512,0.7823432075771342,0.6504272298651552,0.2745569106061583,0.2771201070446777,0.5542402140893554,1.2621727428239507e-19,0.1913784146308899
a3927,/mnt/data_disk/HDRData/1000hdr/HDRtest/a3927-IMG_6048.exr,/mnt/data_disk/ZQL/TIP_TMO_result/dnn/PS-TMO/a3927.png,341,512,0.8928163376475092,0.8318493637132325,0.5811206033498606,0.3332511061587277,0.6664987254005235,3.4869169319677336e-06,0.1958184540271759
a3930,/mnt/data_disk/HDRData/1000hdr/HDRtest/a3930-IMG_5083.exr,/mnt/data_disk/ZQL/TIP_TMO_result/dnn/PS-TMO/a3930.png,341,512,0.9010413670333774,0.8182796485931998,0.6551991202856161,0.36894843642552017,0.7378968728510402,9.288859464340055e-17,0.2093682736158371
a3931,/mnt/data_disk/HDRData/1000hdr/HDRtest/a3931-_DGW6259.exr,/mnt/data_disk/ZQL/TIP_TMO_result/dnn/PS-TMO/a3931.png,341,512,0.8059723300402197,0.7574896899271855,0.2282430960984827,0.34502826741584974,0.6900565348316995,1.906143516141323e-18,0.28196290135383606
a3940,/mnt/data_disk/HDRData/1000hdr/HDRtest/a3940-20050602_180025__MG_2820.exr,/mnt/data_disk/ZQL/TIP_TMO_result/dnn/PS-TMO/a3940.png,341,512,0.8824473006715194,0.8391262535366497,0.5075359959511646,0.9165288555610985,0.8333738232947149,0.9996838878274822,0.16082529723644257
a3943,/mnt/data_disk/HDRData/1000hdr/HDRtest/a3943-_DSC0054.exr,/mnt/data_disk/ZQL/TIP_TMO_result/dnn/PS-TMO/a3943.png,340,512,0.8898547810153177,0.8455105924444932,0.5407663947583112,0.4092632620343109,0.8184111126798895,0.00011541138873231463,0.1127687320113182
a3947,/mnt/data_disk/HDRData/1000hdr/HDRtest/a3947-jmac_MG_1444.exr,/mnt/data_disk/ZQL/TIP_TMO_result/dnn/PS-TMO/a3947.png,341,512,0.8769084222194583,0.8360744407905575,0.48039593951292264,0.3166400385130094,0.5972334192899559,0.03604665773606295,0.1288994699716568
a3948,/mnt/data_disk/HDRData/1000hdr/HDRtest/a3948-_DSC0045.exr,/mnt/data_disk/ZQL/TIP_TMO_result/dnn/PS-TMO/a3948.png,340,512,0.8546200730195392,0.7697848241895432,0.46081342745757037,0.4451346046472303,0.7938175656962222,0.09645164359823838,0.17592178285121918
a3954,/mnt/data_disk/HDRData/1000hdr/HDRtest/a3954-_MG_0841.exr,/mnt/data_disk/ZQL/TIP_TMO_result/dnn/PS-TMO/a3954.png,341,512,0.8932455416271475,0.8614618251422136,0.5351054230489761,0.845637051617,0.7057552497840576,0.9855188534499425,0.1953534334897995
a3958,/mnt/data_disk/HDRData/1000hdr/HDRtest/a3958-_DSC3890.exr,/mnt/data_disk/ZQL/TIP_TMO_result/dnn/PS-TMO/a3958.png,341,512,0.8890050675389858,0.9072159132771109,0.4406969521053017,0.901231725706745,0.9307567159094952,0.8717067355039949,0.07953593879938126
a3961,/mnt/data_disk/HDRData/1000hdr/HDRtest/a3961-_DSC0049.exr,/mnt/data_disk/ZQL/TIP_TMO_result/dnn/PS-TMO/a3961.png,340,512,0.7296185203213328,0.5109036033804151,0.26058189267619547,0.15253151033497359,0.3050619878712659,1.0327986812332757e-06,0.09051795303821564
a3963,/mnt/data_disk/HDRData/1000hdr/HDRtest/a3963-jmac_DSC3835.exr,/mnt/data_disk/ZQL/TIP_TMO_result/dnn/PS-TMO/a3963.png,340,512,0.8620914155790531,0.8920373957776634,0.31819782313767286,0.9426301438174984,0.8905938150926507,0.9946664725423462,0.16647186875343323
a3964,/mnt/data_disk/HDRData/1000hdr/HDRtest/a3964-NKIM_MG_6716.exr,/mnt/data_disk/ZQL/TIP_TMO_result/dnn/PS-TMO/a3964.png,341,512,0.7841114354022283,0.766317435630938,0.12411828385322167,0.3537102819778906,0.7074205639557812,1.3826834042212894e-21,0.16770386695861816
a3970,/mnt/data_disk/HDRData/1000hdr/HDRtest/a3970-WP_Amanda_3rd_bday014.exr,/mnt/data_disk/ZQL/TIP_TMO_result/dnn/PS-TMO/a3970.png,341,512,0.8060649998782267,0.7550304011876371,0.23204414162023648,0.31571360808718907,0.6314272160028871,1.7149108061026472e-10,0.08545839786529541
a3973,/mnt/data_disk/HDRData/1000hdr/HDRtest/a3973-DSC_0068-2.exr,/mnt/data_disk/ZQL/TIP_TMO_result/dnn/PS-TMO/a3973.png,340,512,0.9299075267637804,0.876125881278423,0.7383532604069254,0.7841388237709088,0.5905796773088288,0.9776979702329888,0.08800572901964188
a3975,/mnt/data_disk/HDRData/1000hdr/HDRtest/a3975-jmac_MG_5721.exr,/mnt/data_disk/ZQL/TIP_TMO_result/dnn/PS-TMO/a3975.png,341,512,0.9268171979061132,0.886617568204595,0.7004049157087424,0.7181547940522135,0.8337213078466248,0.6025882802578023,0.1131276935338974
a3976,/mnt/data_disk/HDRData/1000hdr/HDRtest/a3976-Ja_Pe-10.exr,/mnt/data_disk/ZQL/TIP_TMO_result/dnn/PS-TMO/a3976.png,288,512,0.907913995826338,0.867408713350119,0.6139674721503973,0.6373391014410058,0.8368135388233637,0.43786466405864793,0.1543855369091034
a3991,/mnt/data_disk/HDRData/1000hdr/HDRtest/a3991-DSC_0005-2.exr,/mnt/data_disk/ZQL/TIP_TMO_result/dnn/PS-TMO/a3991.png,340,512,0.8833014540693135,0.8441049363904746,0.5045348854536874,0.7351675670794926,0.7141491670825717,0.7561859670764135,0.12259741872549057
a3992,/mnt/data_disk/HDRData/1000hdr/HDRtest/a3992-KE_-0044.exr,/mnt/data_disk/ZQL/TIP_TMO_result/dnn/PS-TMO/a3992.png,340,512,0.8599372252347502,0.6920169703858422,0.6327679032269611,0.25266847736911674,0.4686370851235868,0.036699869614646684,0.09846394509077072
a3993,/mnt/data_disk/HDRData/1000hdr/HDRtest/a3993-IMG_2812.exr,/mnt/data_disk/ZQL/TIP_TMO_result/dnn/PS-TMO/a3993.png,341,512,0.8293356744896434,0.6570914320483638,0.5157479795593982,0.4195032396889364,0.3134516435260968,0.525554835851776,0.14392468333244324
a3995,/mnt/data_disk/HDRData/1000hdr/HDRtest/a3995-IMG_0187.exr,/mnt/data_disk/ZQL/TIP_TMO_result/dnn/PS-TMO/a3995.png,341,512,0.8878614516320815,0.7846743028776052,0.6326407824152748,0.42934999096789955,0.8570782235542184,0.001621758381580781,0.16769632697105408
a4001,/mnt/data_disk/HDRData/1000hdr/HDRtest/a4001-jn_20070824_0168.exr,/mnt/data_disk/ZQL/TIP_TMO_result/dnn/PS-TMO/a4001.png,341,512,0.8968571784215915,0.8180294986664793,0.6295342292702529,0.2718343530616297,0.543668706116162,7.09737024247437e-12,0.1310679018497467
a4003,/mnt/data_disk/HDRData/1000hdr/HDRtest/a4003-NKIM_MG_6603.exr,/mnt/data_disk/ZQL/TIP_TMO_result/dnn/PS-TMO/a4003.png,341,512,0.9080079320670988,0.8528248262007698,0.6390269513434418,0.37915920679151904,0.7375175105651978,0.02080090301784035,0.17373231053352356
a4004,/mnt/data_disk/HDRData/1000hdr/HDRtest/a4004-050812_113412__MG_3770.exr,/mnt/data_disk/ZQL/TIP_TMO_result/dnn/PS-TMO/a4004.png,341,512,0.8225648296518207,0.7356275305166591,0.3418550287606016,0.5528696711313368,0.5744849119150686,0.5312544303476049,0.09192434698343277
a4007,/mnt/data_disk/HDRData/1000hdr/HDRtest/a4007-_MG_7167.exr,/mnt/data_disk/ZQL/TIP_TMO_result/dnn/PS-TMO/a4007.png,341,512,0.9118544685424078,0.8197973841628101,0.7213084081371874,0.8987099150552389,0.7977212399236613,0.9996985901868165,0.23197852075099945
a4008,/mnt/data_disk/HDRData/1000hdr/HDRtest/a4008-dgw_019.exr,/mnt/data_disk/ZQL/TIP_TMO_result/dnn/PS-TMO/a4008.png,341,512,0.8421762008851211,0.7540462990199653,0.4172453298494691,0.308310066458046,0.6166201260975586,6.818533453926545e-09,0.17120151221752167
a4009,/mnt/data_disk/HDRData/1000hdr/HDRtest/a4009-jmac_MG_7717.exr,/mnt/data_disk/ZQL/TIP_TMO_result/dnn/PS-TMO/a4009.png,341,512,0.9238566960240571,0.8568289147712377,0.7328510959385516,0.41162044482285237,0.8226314227046795,0.0006094669410253053,0.2390109896659851
a4013,/mnt/data_disk/HDRData/1000hdr/HDRtest/a4013-_I2E6911.exr,/mnt/data_disk/ZQL/TIP_TMO_result/dnn/PS-TMO/a4013.png,341,512,0.8856105090186618,0.8158918196070337,0.5645294181303223,0.3417894435716784,0.6812670198246635,0.0023118673186932684,0.2711127996444702
a4014,/mnt/data_disk/HDRData/1000hdr/HDRtest/a4014-JI2E4114.exr,/mnt/data_disk/ZQL/TIP_TMO_result/dnn/PS-TMO/a4014.png,341,512,0.868803091756009,0.8720008231941826,0.38112737533445007,0.41012109031553323,0.8202421790610954,1.5699710330904598e-09,0.20454466342926025
a4017,/mnt/data_disk/HDRData/1000hdr/HDRtest/a4017-DSC_0023.exr,/mnt/data_disk/ZQL/TIP_TMO_result/dnn/PS-TMO/a4017.png,340,512,0.9076649492759495,0.8641453587239585,0.6178580738275815,0.9200708853082754,0.841270237461803,0.9988715331547479,0.12519745528697968
a4020,/mnt/data_disk/HDRData/1000hdr/HDRtest/a4020-IMG_3763.exr,/mnt/data_disk/ZQL/TIP_TMO_result/dnn/PS-TMO/a4020.png,341,512,0.8123162763696288,0.75536508763988,0.261078305107169,0.3994222399859164,0.6199817036184884,0.1788627763533445,0.11325367540121078
a4025,/mnt/data_disk/HDRData/1000hdr/HDRtest/a4025-IMG_5601.exr,/mnt/data_disk/ZQL/TIP_TMO_result/dnn/PS-TMO/a4025.png,341,512,0.8676288288532766,0.7856081448494839,0.5091453347174506,0.33971185598829995,0.6794237119765998,1.3859365595867207e-16,0.21816346049308777
a4026,/mnt/data_disk/HDRData/1000hdr/HDRtest/a4026-NKIM_MG_6632.exr,/mnt/data_disk/ZQL/TIP_TMO_result/dnn/PS-TMO/a4026.png,341,512,0.8538428386475978,0.9139619938936813,0.2494451704066584,0.9149736743696095,0.8432429733640471,0.986704375375172,0.1640089750289917
a4027,/mnt/data_disk/HDRData/1000hdr/HDRtest/a4027-IMG_2393.exr,/mnt/data_disk/ZQL/TIP_TMO_result/dnn/PS-TMO/a4027.png,341,512,0.8676201618026353,0.8502266123531427,0.40662735754499074,0.8661161000011166,0.8320941724539579,0.9001380275482753,0.12701952457427979
a4028,/mnt/data_disk/HDRData/1000hdr/HDRtest/a4028-060810_105728__MG_6096.exr,/mnt/data_disk/ZQL/TIP_TMO_result/dnn/PS-TMO/a4028.png,341,512,0.88847688606918,0.8127676698551433,0.5871656256641209,0.38578851844182954,0.7703576885508441,0.0012193483328150508,0.16401426494121552
a4038,/mnt/data_disk/HDRData/1000hdr/HDRtest/a4038-Ja_Pe-20.exr,/mnt/data_disk/ZQL/TIP_TMO_result/dnn/PS-TMO/a4038.png,288,512,0.889255653035738,0.8435166514205827,0.5404588646429731,0.4292568787985881,0.8259079336924706,0.03260582390470553,0.17521220445632935
a4040,/mnt/data_disk/HDRData/1000hdr/HDRtest/a4040-IMG_0233.exr,/mnt/data_disk/ZQL/TIP_TMO_result/dnn/PS-TMO/a4040.png,341,512,0.8541395602874782,0.7816455124539293,0.43869018008941224,0.5143405678973109,0.80829197653257,0.2203891592620518,0.28450343012809753
a4047,/mnt/data_disk/HDRData/1000hdr/HDRtest/a4047-IMG_1285.exr,/mnt/data_disk/ZQL/TIP_TMO_result/dnn/PS-TMO/a4047.png,341,512,0.9334049424667419,0.9131784264223503,0.6979243981639375,0.962934597812451,0.9416063884261724,0.9842628071987296,0.0907827764749527
a4049,/mnt/data_disk/HDRData/1000hdr/HDRtest/a4049-_DSC3858.exr,/mnt/data_disk/ZQL/TIP_TMO_result/dnn/PS-TMO/a4049.png,341,512,0.8956253088100491,0.8162431772357265,0.6250102726143622,0.3897704679109233,0.7795406937745758,2.420472708216844e-07,0.26851534843444824
a4051,/mnt/data_disk/HDRData/1000hdr/HDRtest/a4051-_DSC0018-3.exr,/mnt/data_disk/ZQL/TIP_TMO_result/dnn/PS-TMO/a4051.png,340,512,0.8793917325460406,0.8723267745740755,0.43858684998128294,0.7869585351383821,0.9041803418742302,0.669736728402534,0.12856356799602509
a4052,/mnt/data_disk/HDRData/1000hdr/HDRtest/a4052-20060620_165511__MG_9535.exr,/mnt/data_disk/ZQL/TIP_TMO_result/dnn/PS-TMO/a4052.png,341,512,0.8757437639128349,0.8209288468759873,0.4979620741952356,0.3997671811974116,0.7995343621253372,2.69485972707556e-10,0.1716877520084381
a4060,/mnt/data_disk/HDRData/1000hdr/HDRtest/a4060-_DSC5597.exr,/mnt/data_disk/ZQL/TIP_TMO_result/dnn/PS-TMO/a4060.png,341,512,0.8622079322953919,0.8086131571867903,0.4406406502130173,0.3428168885066946,0.6856332583683582,5.186450310342342e-07,0.22952716052532196
a4064,/mnt/data_disk/HDRData/1000hdr/HDRtest/a4064-07-12-02-at-16h23m18s-_MG_9020.exr,/mnt/data_disk/ZQL/TIP_TMO_result/dnn/PS-TMO/a4064.png,341,512,0.9249834835178359,0.8461596284790357,0.7591673329543078,0.34536433457672844,0.6907286679189915,1.2344654102207712e-09,0.194210022687912
a4068,/mnt/data_disk/HDRData/1000hdr/HDRtest/a4068-tc_DSC2612.exr,/mnt/data_disk/ZQL/TIP_TMO_result/dnn/PS-TMO/a4068.png,340,512,0.8264683515842196,0.8070971159579982,0.25705171064270294,0.33528843897753113,0.6705768779534821,1.580189864285149e-12,0.16908599436283112
a4075,/mnt/data_disk/HDRData/1000hdr/HDRtest/a4075-JI2E0444.exr,/mnt/data_disk/ZQL/TIP_TMO_result/dnn/PS-TMO/a4075.png,341,512,0.8652837906208903,0.7219968601281932,0.608276839730141,0.38258590092077277,0.7651718018414456,9.997251779660239e-14,0.2908003628253937
a4076,/mnt/data_disk/HDRData/1000hdr/HDRtest/a4076-_DGW6244.exr,/mnt/data_disk/ZQL/TIP_TMO_result/dnn/PS-TMO/a4076.png,341,512,0.8466511427565258,0.8301007686681658,0.32501328777965854,0.4348489056102864,0.8696270997757648,7.071144480795171e-05,0.31248384714126587
a4080,/mnt/data_disk/HDRData/1000hdr/HDRtest/a4080-IMG_3765.exr,/mnt/data_disk/ZQL/TIP_TMO_result/dnn/PS-TMO/a4080.png,341,512,0.8645750563970097,0.8249179860718682,0.4283179121744966,0.36059924726376613,0.7211979852295716,5.092979606988652e-07,0.20189104974269867
a4085,/mnt/data_disk/HDRData/1000hdr/HDRtest/a4085-_MG_2385.exr,/mnt/data_disk/ZQL/TIP_TMO_result/dnn/PS-TMO/a4085.png,341,512,0.883099987392788,0.8835106828201479,0.4426126588883896,0.4019797379721775,0.7837855352186839,0.020173940725671146,0.11029110103845596
a4087,/mnt/data_disk/HDRData/1000hdr/HDRtest/a4087-NKIM_MG_6395.exr,/mnt/data_disk/ZQL/TIP_TMO_result/dnn/PS-TMO/a4087.png,341,512,0.9114440699616326,0.8478679132660717,0.6690673362712234,0.9180033249620927,0.8455881144288532,0.9904185354953323,0.25238633155822754
a4088,/mnt/data_disk/HDRData/1000hdr/HDRtest/a4088-dvf_041.exr,/mnt/data_disk/ZQL/TIP_TMO_result/dnn/PS-TMO/a4088.png,341,512,0.8420112361744154,0.8041294046346952,0.3386752988264898,0.30257668606726956,0.6051533721314376,3.1015706906589047e-12,0.08187945187091827
a4091,/mnt/data_disk/HDRData/1000hdr/HDRtest/a4091-_DSC0041.exr,/mnt/data_disk/ZQL/TIP_TMO_result/dnn/PS-TMO/a4091.png,340,512,0.8576402966972785,0.8079328566529146,0.4163825924099465,0.850913583068904,0.7796351776892058,0.9221919884486022,0.15399783849716187
a4092,/mnt/data_disk/HDRData/1000hdr/HDRtest/a4092-07-12-03-at-09h35m54s-_MG_9192.exr,/mnt/data_disk/ZQL/TIP_TMO_result/dnn/PS-TMO/a4092.png,341,512,0.8742840038573441,0.8325905576443943,0.47090718490121813,0.8974670269392453,0.7984638768091228,0.9964701770693679,0.267669677734375
a4093,/mnt/data_disk/HDRData/1000hdr/HDRtest/a4093-jn_20071117-031.exr,/mnt/data_disk/ZQL/TIP_TMO_result/dnn/PS-TMO/a4093.png,341,512,0.8936825501782473,0.8088254371895864,0.6259305103228698,0.44112897995129996,0.8148739293761572,0.06738403052644269,0.27009317278862
a4096,/mnt/data_disk/HDRData/1000hdr/HDRtest/a4096-jmac_MG_0095.exr,/mnt/data_disk/ZQL/TIP_TMO_result/dnn/PS-TMO/a4096.png,341,512,0.8141108218747364,0.5944006762176844,0.5510980175803245,0.27006920342746377,0.5401384059907623,8.641651603906316e-10,0.1557389348745346
a4097,/mnt/data_disk/HDRData/1000hdr/HDRtest/a4097-20080623_at_14h52m36__MG_9904.exr,/mnt/data_disk/ZQL/TIP_TMO_result/dnn/PS-TMO/a4097.png,341,512,0.9499513328725049,0.8662733397385161,0.8899393400911528,0.6242819596476963,0.826348915863148,0.4222150034322445,0.11325743794441223
a4099,/mnt/data_disk/HDRData/1000hdr/HDRtest/a4099-_DSC0014-2.exr,/mnt/data_disk/ZQL/TIP_TMO_result/dnn/PS-TMO/a4099.png,340,512,0.8888124867520061,0.8845813348408592,0.47329488482556664,0.8573170488918709,0.9193311629976386,0.7953029347861031,0.10763072222471237
a4101,/mnt/data_disk/HDRData/1000hdr/HDRtest/a4101-IMG_5823.exr,/mnt/data_disk/ZQL/TIP_TMO_result/dnn/PS-TMO/a4101.png,341,512,0.7694386795928058,0.6125071847619918,0.2737677768803822,0.21705881836816618,0.43411763673633236,6.284241535713473e-30,0.16577236354351044
a4102,/mnt/data_disk/HDRData/1000hdr/HDRtest/a4102-07-06-30-at-11h38m56s-_MG_1997.exr,/mnt/data_disk/ZQL/TIP_TMO_result/dnn/PS-TMO/a4102.png,341,512,0.8980184269803457,0.8813476495761985,0.531749778725181,0.6528948132036154,0.9002507460810293,0.40553888032620145,0.17826247215270996
a4104,/mnt/data_disk/HDRData/1000hdr/HDRtest/a4104-DSC_0260.exr,/mnt/data_disk/ZQL/TIP_TMO_result/dnn/PS-TMO/a4104.png,340,512,0.846411895190492,0.8254880747311422,0.33037000316960363,0.3079132395392448,0.6155378104897772,0.000288668588712457,0.07958992570638657
a4105,/mnt/data_disk/HDRData/1000hdr/HDRtest/a4105-07-11-26-at-16h02m57s-_MG_7151.exr,/mnt/data_disk/ZQL/TIP_TMO_result/dnn/PS-TMO/a4105.png,341,512,0.9205758475800956,0.7831757788177851,0.8478673119044315,0.30312940222694834,0.6062588044538966,1.0170991668270085e-16,0.2139294296503067
a4107,/mnt/data_disk/HDRData/1000hdr/HDRtest/a4107-dvf_018.exr,/mnt/data_disk/ZQL/TIP_TMO_result/dnn/PS-TMO/a4107.png,341,512,0.7201758475829807,0.6286671567799879,0.052465808647950585,0.2889197665858351,0.5778395331716702,6.286863816283465e-31,0.15295399725437164
a4108,/mnt/data_disk/HDRData/1000hdr/HDRtest/a4108-MB_080329_057.exr,/mnt/data_disk/ZQL/TIP_TMO_result/dnn/PS-TMO/a4108.png,341,512,0.9146301960089354,0.8614332827425747,0.665871661135157,0.3627203652225984,0.6973852970261613,0.02805543341903551,0.27205294370651245
a4110,/mnt/data_disk/HDRData/1000hdr/HDRtest/a4110-dgw_069.exr,/mnt/data_disk/ZQL/TIP_TMO_result/dnn/PS-TMO/a4110.png,341,512,0.8747784360614546,0.7931398465058664,0.5384368426539524,0.39591297165171285,0.7638143878937071,0.02801155540971854,0.2850378453731537
a4113,/mnt/data_disk/HDRData/1000hdr/HDRtest/a4113-IMG_2800.exr,/mnt/data_disk/ZQL/TIP_TMO_result/dnn/PS-TMO/a4113.png,341,512,0.8260276913779503,0.765757305491334,0.3135829366680852,0.3704005414618056,0.7408010579759337,2.4947677581722448e-08,0.1537494659423828
a4116,/mnt/data_disk/HDRData/1000hdr/HDRtest/a4116-IMG_2042.exr,/mnt/data_disk/ZQL/TIP_TMO_result/dnn/PS-TMO/a4116.png,341,512,0.8662175612935543,0.8033205999023287,0.47175412215863155,0.46480741389592983,0.7277008071627629,0.20191402062909675,0.09618784487247467
a4117,/mnt/data_disk/HDRData/1000hdr/HDRtest/a4117-050918_141526__MG_5987.exr,/mnt/data_disk/ZQL/TIP_TMO_result/dnn/PS-TMO/a4117.png,341,512,0.877442523439171,0.8362097224115406,0.4832457756098074,0.6073685138866382,0.8506193955011128,0.3641176322721636,0.2493126392364502
a4124,/mnt/data_disk/HDRData/1000hdr/HDRtest/a4124-20080709_at_10h04m23__MG_4561.exr,/mnt/data_disk/ZQL/TIP_TMO_result/dnn/PS-TMO/a4124.png,341,512,0.8914587395768343,0.800038347742188,0.6276092379313278,0.8979282642737769,0.8525976360488745,0.9432588924986794,0.17542165517807007
a4127,/mnt/data_disk/HDRData/1000hdr/HDRtest/a4127-DSC_0152.exr,/mnt/data_disk/ZQL/TIP_TMO_result/dnn/PS-TMO/a4127.png,340,512,0.8704910910732849,0.9056648946825069,0.3429660121098016,0.9359194014128303,0.8844451295941996,0.9873936732314609,0.08601657301187515
a4131,/mnt/data_disk/HDRData/1000hdr/HDRtest/a4131-DSC_0001-2.exr,/mnt/data_disk/ZQL/TIP_TMO_result/dnn/PS-TMO/a4131.png,340,512,0.8829034341256264,0.7821303092026697,0.6065755471365368,0.3202854867610354,0.640476156642681,9.481687938982418e-05,0.10181532055139542
a4134,/mnt/data_disk/HDRData/1000hdr/HDRtest/a4134-IMG_0086.exr,/mnt/data_disk/ZQL/TIP_TMO_result/dnn/PS-TMO/a4134.png,341,512,0.900366372435381,0.8976680888913899,0.5201378492509062,0.9089761856622851,0.8955566360649243,0.9223957352596458,0.11257994920015335
a4142,/mnt/data_disk/HDRData/1000hdr/HDRtest/a4142-_DGW6275.exr,/mnt/data_disk/ZQL/TIP_TMO_result/dnn/PS-TMO/a4142.png,341,512,0.9254066103405632,0.8311472354501312,0.7892286200068628,0.5691030647978783,0.6670856425162984,0.4711204870794583,0.20388703048229218
a4143,/mnt/data_disk/HDRData/1000hdr/HDRtest/a4143-LSCRW_0029.exr,/mnt/data_disk/ZQL/TIP_TMO_result/dnn/PS-TMO/a4143.png,384,512,0.8628546041322298,0.7747105241613846,0.4997633096842171,0.3511045698065191,0.7022091381702584,1.4427797315588085e-09,0.0802466869354248
a4144,/mnt/data_disk/HDRData/1000hdr/HDRtest/a4144-050623_122602__MG_3246.exr,/mnt/data_disk/ZQL/TIP_TMO_result/dnn/PS-TMO/a4144.png,341,512,0.9022815601324479,0.8905679690235108,0.5424994450524325,0.862839722659362,0.7671987448869063,0.9584807004318178,0.13377879559993744
a4150,/mnt/data_disk/HDRData/1000hdr/HDRtest/a4150-_DGW6309.exr,/mnt/data_disk/ZQL/TIP_TMO_result/dnn/PS-TMO/a4150.png,341,512,0.9138026163612296,0.7596394005675559,0.8485922052702933,0.35257888618427147,0.7019585180387082,0.003199254329834705,0.3014851212501526
a4151,/mnt/data_disk/HDRData/1000hdr/HDRtest/a4151-dvf_026.exr,/mnt/data_disk/ZQL/TIP_TMO_result/dnn/PS-TMO/a4151.png,341,512,0.8803577101303062,0.7395297490522313,0.6690041190049817,0.36235389047725786,0.7247077748337697,6.120746030834867e-09,0.2422627955675125
a4154,/mnt/data_disk/HDRData/1000hdr/HDRtest/a4154-IMG_4620.exr,/mnt/data_disk/ZQL/TIP_TMO_result/dnn/PS-TMO/a4154.png,341,512,0.8628042280261207,0.8155248281768278,0.4330950632038613,0.3685765045150375,0.670773741944191,0.06637926708588397,0.16864942014217377
a4155,/mnt/data_disk/HDRData/1000hdr/HDRtest/a4155-WP_CRW_0237.exr,/mnt/data_disk/ZQL/TIP_TMO_result/dnn/PS-TMO/a4155.png,341,512,0.9147477230836164,0.8765427628730309,0.6411176191832192,0.3969442196804851,0.7928305344586348,0.0010579049023353789,0.1402657926082611
a4156,/mnt/data_disk/HDRData/1000hdr/HDRtest/a4156-IMG_0159.exr,/mnt/data_disk/ZQL/TIP_TMO_result/dnn/PS-TMO/a4156.png,341,512,0.8672135141137151,0.8278676097183123,0.43842336136792454,0.4232995406179467,0.846599080839739,3.9615448081193823e-10,0.20194756984710693
a4158,/mnt/data_disk/HDRData/1000hdr/HDRtest/a4158-WP_CRW_4109.exr,/mnt/data_disk/ZQL/TIP_TMO_result/dnn/PS-TMO/a4158.png,341,512,0.896157772806992,0.8718478002067953,0.5357700060179282,0.33310441961561277,0.6661994472098584,9.392021367142894e-06,0.0960208922624588
a4160,/mnt/data_disk/HDRData/1000hdr/HDRtest/a4160-jn_20070824_0167.exr,/mnt/data_disk/ZQL/TIP_TMO_result/dnn/PS-TMO/a4160.png,341,512,0.8523321869038919,0.8327295131905273,0.3506299276860396,0.40041000785209374,0.8007718617569328,4.815394725460353e-05,0.3054956793785095
a4161,/mnt/data_disk/HDRData/1000hdr/HDRtest/a4161-tc_DSC2218.exr,/mnt/data_disk/ZQL/TIP_TMO_result/dnn/PS-TMO/a4161.png,340,512,0.7978087944718423,0.9033696319722143,0.04203496427666116,0.7636787906111162,0.8693336222713172,0.6580239589509151,0.13700377941131592
a4167,/mnt/data_disk/HDRData/1000hdr/HDRtest/a4167-IMG_0031.exr,/mnt/data_disk/ZQL/TIP_TMO_result/dnn/PS-TMO/a4167.png,341,512,0.9015687078757898,0.844383532460977,0.6134521285074966,0.4314522346036304,0.8629044692062672,9.936937255392496e-13,0.2115946114063263
a4170,/mnt/data_disk/HDRData/1000hdr/HDRtest/a4170-jmac_DSC3333.exr,/mnt/data_disk/ZQL/TIP_TMO_result/dnn/PS-TMO/a4170.png,343,512,0.8355712799551708,0.7669985918738679,0.3610384629823909,0.38334115199515806,0.7666811041281321,1.1998621840062591e-06,0.17072933912277222
a4174,/mnt/data_disk/HDRData/1000hdr/HDRtest/a4174-dgw_083.exr,/mnt/data_disk/ZQL/TIP_TMO_result/dnn/PS-TMO/a4174.png,341,512,0.8731246042876198,0.8530744250107384,0.43267906431656983,0.7800494599301657,0.8670899215665954,0.6930089982937361,0.29388120770454407
a4177,/mnt/data_disk/HDRData/1000hdr/HDRtest/a4177-jmac_DSC1412.exr,/mnt/data_disk/ZQL/TIP_TMO_result/dnn/PS-TMO/a4177.png,340,512,0.904509753835731,0.868420669202604,0.5914518116722063,0.8472760920197064,0.838525573099095,0.8560266109403177,0.08465791493654251
a4178,/mnt/data_disk/HDRData/1000hdr/HDRtest/a4178-IMG_0487.exr,/mnt/data_disk/ZQL/TIP_TMO_result/dnn/PS-TMO/a4178.png,341,512,0.8949353222447383,0.9174417746064543,0.45908829292356285,0.8914866173847082,0.9258550556661189,0.8571181791032976,0.08720117062330246
a4184,/mnt/data_disk/HDRData/1000hdr/HDRtest/a4184-jmac_MG_5507.exr,/mnt/data_disk/ZQL/TIP_TMO_result/dnn/PS-TMO/a4184.png,341,512,0.9089764993278726,0.7994080759056508,0.7399967300211615,0.3903047476598316,0.7805857063774123,2.378894225082992e-05,0.25166085362434387
a4185,/mnt/data_disk/HDRData/1000hdr/HDRtest/a4185-DSC_0055-2.exr,/mnt/data_disk/ZQL/TIP_TMO_result/dnn/PS-TMO/a4185.png,340,512,0.877763796996265,0.8683422537410734,0.4354809871759552,0.4354338398673543,0.8707630676534722,0.00010461208123638034,0.1748986691236496
a4188,/mnt/data_disk/HDRData/1000hdr/HDRtest/a4188-_MG_1604.exr,/mnt/data_disk/ZQL/TIP_TMO_result/dnn/PS-TMO/a4188.png,341,512,0.8522800612511192,0.7170535889995812,0.5389535915223996,0.30534603034282315,0.6079265903836956,0.0027654703019506883,0.24696218967437744
a4191,/mnt/data_disk/HDRData/1000hdr/HDRtest/a4191-IMG_4849.exr,/mnt/data_disk/ZQL/TIP_TMO_result/dnn/PS-TMO/a4191.png,341,512,0.8940924710522443,0.8351300501748122,0.5833479208683255,0.4134800894948216,0.8267291193820547,0.00023105960758851177,0.1785336434841156
a4194,/mnt/data_disk/HDRData/1000hdr/HDRtest/a4194-LS051026_day_1_arive50.exr,/mnt/data_disk/ZQL/TIP_TMO_result/dnn/PS-TMO/a4194.png,341,512,0.8702100136320174,0.7909248173704644,0.5152791534357215,0.3872905898039372,0.7745775002661272,3.6793417473285306e-06,0.15961068868637085
a4197,/mnt/data_disk/HDRData/1000hdr/HDRtest/a4197-_MG_6428.exr,/mnt/data_disk/ZQL/TIP_TMO_result/dnn/PS-TMO/a4197.png,341,512,0.9158448305471824,0.9268142022152823,0.5670543844953713,0.8375624683170095,0.8782548246833558,0.7968701119506634,0.07907743006944656
a4198,/mnt/data_disk/HDRData/1000hdr/HDRtest/a4198-_DSC6401.exr,/mnt/data_disk/ZQL/TIP_TMO_result/dnn/PS-TMO/a4198.png,341,512,0.835395432896324,0.7215616364131657,0.433927488049683,0.49922587670982477,0.7766143501568205,0.22183740326282914,0.2737196683883667
a4199,/mnt/data_disk/HDRData/1000hdr/HDRtest/a4199-jmac_MG_5003.exr,/mnt/data_disk/ZQL/TIP_TMO_result/dnn/PS-TMO/a4199.png,341,512,0.8652782545058241,0.8480845260113432,0.3970701749443009,0.4191552300419025,0.8352970694256848,0.0030133906581202574,0.3017269968986511
a4201,/mnt/data_disk/HDRData/1000hdr/HDRtest/a4201-_DSC0120.exr,/mnt/data_disk/ZQL/TIP_TMO_result/dnn/PS-TMO/a4201.png,340,512,0.8648873387556373,0.8478133543794527,0.39535378024873585,0.38866862017795195,0.7771722851609318,0.00016495519497210137,0.23894600570201874
a4202,/mnt/data_disk/HDRData/1000hdr/HDRtest/a4202-DSC_0439.exr,/mnt/data_disk/ZQL/TIP_TMO_result/dnn/PS-TMO/a4202.png,343,512,0.882777581731767,0.8349607402022812,0.5161823591406288,0.5838722835161766,0.7678308823362532,0.39991368469610006,0.1588352471590042
a4204,/mnt/data_disk/HDRData/1000hdr/HDRtest/a4204-_DGW7870.exr,/mnt/data_disk/ZQL/TIP_TMO_result/dnn/PS-TMO/a4204.png,341,512,0.9242163686203944,0.7885056996965576,0.8621224381790407,0.7461836444696668,0.49266706730374793,0.9997002216355857,0.1018715500831604
a4212,/mnt/data_disk/HDRData/1000hdr/HDRtest/a4212-Duggan_090321_5925.exr,/mnt/data_disk/ZQL/TIP_TMO_result/dnn/PS-TMO/a4212.png,341,512,0.8882085194254825,0.8149385616972312,0.5818260510512635,0.8403960925101092,0.7885457980727681,0.8922463869474502,0.19220899045467377
a4214,/mnt/data_disk/HDRData/1000hdr/HDRtest/a4214-DSC_0267.exr,/mnt/data_disk/ZQL/TIP_TMO_result/dnn/PS-TMO/a4214.png,343,512,0.9138732338264556,0.8591525205087901,0.6649958659245797,0.6171208102665069,0.8559157788602871,0.3783258416727267,0.16114243865013123
a4216,/mnt/data_disk/HDRData/1000hdr/HDRtest/a4216-DSC_0118.exr,/mnt/data_disk/ZQL/TIP_TMO_result/dnn/PS-TMO/a4216.png,343,512,0.8781287237206018,0.8664270828563294,0.4403965842046796,0.44621990009692974,0.8915685761359242,0.0008712240579352565,0.15624357759952545
a4220,/mnt/data_disk/HDRData/1000hdr/HDRtest/a4220-Duggan_090305_5359.exr,/mnt/data_disk/ZQL/TIP_TMO_result/dnn/PS-TMO/a4220.png,341,512,0.8587142006910367,0.816364413743524,0.40922959186251995,0.33414299495903277,0.6682813245102218,4.665407843765949e-06,0.2101428359746933
a4228,/mnt/data_disk/HDRData/1000hdr/HDRtest/a4228-DSC_0037-2.exr,/mnt/data_disk/ZQL/TIP_TMO_result/dnn/PS-TMO/a4228.png,340,512,0.9201971497406292,0.8653209429203682,0.6945185934746134,0.8319940697254894,0.6736505327605071,0.9903376066904717,0.08873524516820908
a4230,/mnt/data_disk/HDRData/1000hdr/HDRtest/a4230-Duggan_090426_7798.exr,/mnt/data_disk/ZQL/TIP_TMO_result/dnn/PS-TMO/a4230.png,341,512,0.7910516007525077,0.7319080238601063,0.1954795878675666,0.3955311581952991,0.7910623160511218,3.3947639466706386e-10,0.2154497653245926
a4231,/mnt/data_disk/HDRData/1000hdr/HDRtest/a4231-Duggan_080326_5786.exr,/mnt/data_disk/ZQL/TIP_TMO_result/dnn/PS-TMO/a4231.png,341,512,0.8349288366193337,0.7758950933014357,0.34405074685956255,0.3919864346583802,0.5334882200666112,0.2504846492501491,0.0919385775923729
a4232,/mnt/data_disk/HDRData/1000hdr/HDRtest/a4232-Duggan_090323_6181.exr,/mnt/data_disk/ZQL/TIP_TMO_result/dnn/PS-TMO/a4232.png,341,512,0.8437468173550439,0.8475652321593918,0.28622629059094146,0.8713344330449088,0.8037805762128194,0.9388882898769981,0.2572464048862457
a4235,/mnt/data_disk/HDRData/1000hdr/HDRtest/a4235-DSC_0433.exr,/mnt/data_disk/ZQL/TIP_TMO_result/dnn/PS-TMO/a4235.png,343,512,0.8746546233831346,0.8205403071683297,0.49229258268481435,0.34541380028208013,0.6874745304786946,0.003353070085465672,0.16123999655246735
a4236,/mnt/data_disk/HDRData/1000hdr/HDRtest/a4236-DSC_0384.exr,/mnt/data_disk/ZQL/TIP_TMO_result/dnn/PS-TMO/a4236.png,343,512,0.864913210933604,0.8809369794539499,0.3479114995019005,0.9502414243105578,0.9011621028848001,0.9993207457363155,0.11662126332521439
a4237,/mnt/data_disk/HDRData/1000hdr/HDRtest/a4237-20090417_at_18h06m01__MG_1955.exr,/mnt/data_disk/ZQL/TIP_TMO_result/dnn/PS-TMO/a4237.png,341,512,0.7799609350497654,0.6625488126065018,0.2441609571528819,0.2079548406642639,0.4159096813285278,3.21386780573552e-18,0.15786585211753845
a4238,/mnt/data_disk/HDRData/1000hdr/HDRtest/a4238-Duggan_090320_5609.exr,/mnt/data_disk/ZQL/TIP_TMO_result/dnn/PS-TMO/a4238.png,341,512,0.8772390486614442,0.8847390411392472,0.4083779555698055,0.9270279131715293,0.8776522744443616,0.976403551898697,0.1380414366722107
a4239,/mnt/data_disk/HDRData/1000hdr/HDRtest/a4239-Duggan_080114_4429.exr,/mnt/data_disk/ZQL/TIP_TMO_result/dnn/PS-TMO/a4239.png,341,512,0.7897341733542345,0.7981613077197849,0.11044634629053456,0.3687640989265297,0.7375280017635739,1.9608948556301008e-07,0.13858729600906372
a4244,/mnt/data_disk/HDRData/1000hdr/HDRtest/a4244-Duggan_090504_8959.exr,/mnt/data_disk/ZQL/TIP_TMO_result/dnn/PS-TMO/a4244.png,341,512,0.9086500197977632,0.7065730899641653,0.9234165274402931,0.23082022552774703,0.4616280387434072,1.2412312086856218e-05,0.17135198414325714
a4246,/mnt/data_disk/HDRData/1000hdr/HDRtest/a4246-Duggan_090330_6226.exr,/mnt/data_disk/ZQL/TIP_TMO_result/dnn/PS-TMO/a4246.png,341,512,0.8572776104157772,0.7374672469815259,0.5317384590390222,0.29791228535131054,0.5958245707026005,2.0529456594917595e-14,0.1903076022863388
a4249,/mnt/data_disk/HDRData/1000hdr/HDRtest/a4249-Duggan_090322_6001.exr,/mnt/data_disk/ZQL/TIP_TMO_result/dnn/PS-TMO/a4249.png,341,512,0.8773336475856686,0.8356074012291245,0.4835767408238774,0.6920686292856038,0.8401766197845866,0.543960638786621,0.22061879932880402
a4254,/mnt/data_disk/HDRData/1000hdr/HDRtest/a4254-DSC_0066.exr,/mnt/data_disk/ZQL/TIP_TMO_result/dnn/PS-TMO/a4254.png,340,512,0.861690260195614,0.847780437860513,0.3781967517955233,0.29453968374573164,0.5339806917564139,0.055098675735049334,0.08072102069854736
a4258,/mnt/data_disk/HDRData/1000hdr/HDRtest/a4258-_DSC0012-4.exr,/mnt/data_disk/ZQL/TIP_TMO_result/dnn/PS-TMO/a4258.png,340,512,0.8848078443389282,0.8064320143692045,0.5757831957667517,0.8092403201239964,0.69791969438727,0.9205609458607227,0.07886630296707153
a4262,/mnt/data_disk/HDRData/1000hdr/HDRtest/a4262-DSC_0065.exr,/mnt/data_disk/ZQL/TIP_TMO_result/dnn/PS-TMO/a4262.png,340,512,0.9393499714086997,0.8523836817086868,0.8434165709607065,0.7895705154845121,0.5888033126151091,0.9903377183539149,0.09356292337179184
a4266,/mnt/data_disk/HDRData/1000hdr/HDRtest/a4266-DSC_0426.exr,/mnt/data_disk/ZQL/TIP_TMO_result/dnn/PS-TMO/a4266.png,343,512,0.8819292100832251,0.782589780522602,0.5997934818423326,0.3988878605878593,0.7808553032871604,0.016920417888558196,0.21364091336727142
a4267,/mnt/data_disk/HDRData/1000hdr/HDRtest/a4267-20090414_at_23h13m08__MG_1367.exr,/mnt/data_disk/ZQL/TIP_TMO_result/dnn/PS-TMO/a4267.png,341,512,0.6985246631790483,0.5335443666669034,0.09278682254354524,0.16331209084256854,0.32662418168513707,1.4936140426107162e-29,0.14336790144443512
a4271,/mnt/data_disk/HDRData/1000hdr/HDRtest/a4271-Duggan_090227_5232.exr,/mnt/data_disk/ZQL/TIP_TMO_result/dnn/PS-TMO/a4271.png,341,512,0.8727249053058419,0.901681820588418,0.3601167285405878,0.9162435189534941,0.8608825770189978,0.9716044608879904,0.18696163594722748
a4272,/mnt/data_disk/HDRData/1000hdr/HDRtest/a4272-DSC_0398.exr,/mnt/data_disk/ZQL/TIP_TMO_result/dnn/PS-TMO/a4272.png,343,512,0.7585986745176203,0.640924248382954,0.1798603921899987,0.1630337651004894,0.3260675302009788,4.2763699296250875e-20,0.1285860687494278
a4275,/mnt/data_disk/HDRData/1000hdr/HDRtest/a4275-09-05-12-at-17h46m31s-_MG_8890.exr,/mnt/data_disk/ZQL/TIP_TMO_result/dnn/PS-TMO/a4275.png,341,512,0.9038821193510465,0.8258637807363141,0.6597195277904665,0.3156629173927684,0.6300080327957139,0.001317801989822949,0.15908974409103394
a4287,/mnt/data_disk/HDRData/1000hdr/HDRtest/a4287-_DSC0083.exr,/mnt/data_disk/ZQL/TIP_TMO_result/dnn/PS-TMO/a4287.png,340,512,0.8856215239638605,0.850928010319722,0.5071645846711446,0.42806809266475565,0.8532242097707889,0.002911975558722356,0.12760604918003082
a4291,/mnt/data_disk/HDRData/1000hdr/HDRtest/a4291-20090417_at_18h46m58__MG_2026.exr,/mnt/data_disk/ZQL/TIP_TMO_result/dnn/PS-TMO/a4291.png,341,512,0.8734720653606146,0.8507077279168539,0.4382116986802672,0.38433686355458746,0.7476424012568152,0.021031325852359724,0.11050418764352798
a4297,/mnt/data_disk/HDRData/1000hdr/HDRtest/a4297-_DSC0034.exr,/mnt/data_disk/ZQL/TIP_TMO_result/dnn/PS-TMO/a4297.png,340,512,0.8747864491336707,0.8260228352725993,0.4842297100712769,0.4106870943062102,0.8202169063605864,0.0011572822518339317,0.1530880331993103
a4298,/mnt/data_disk/HDRData/1000hdr/HDRtest/a4298-Duggan_090504_9090.exr,/mnt/data_disk/ZQL/TIP_TMO_result/dnn/PS-TMO/a4298.png,341,512,0.9440302357343552,0.8667604902830847,0.848704488563585,0.3890597285873848,0.7781194554233689,1.7514007326745232e-09,0.15026137232780457
a4302,/mnt/data_disk/HDRData/1000hdr/HDRtest/a4302-20090425_at_17h00m59__MG_0404.exr,/mnt/data_disk/ZQL/TIP_TMO_result/dnn/PS-TMO/a4302.png,341,512,0.9050944317830106,0.8153096069584678,0.6860734880421201,0.49498138917322715,0.7280958426127545,0.2618669357336998,0.23505541682243347
a4304,/mnt/data_disk/HDRData/1000hdr/HDRtest/a4304-09-05-19-at-18h03m17s-_MG_9540.exr,/mnt/data_disk/ZQL/TIP_TMO_result/dnn/PS-TMO/a4304.png,341,512,0.8265171570809494,0.688132080046964,0.44245374050010466,0.22536727122331596,0.45073454244663164,2.522579863044284e-16,0.1815604865550995
a4307,/mnt/data_disk/HDRData/1000hdr/HDRtest/a4307-20050328_161219__MG_0628.exr,/mnt/data_disk/ZQL/TIP_TMO_result/dnn/PS-TMO/a4307.png,341,512,0.9220132816766615,0.848219403686415,0.7361221656934498,0.393762997935272,0.7869168072041334,0.0006091886664105805,0.10354336351156235
a4308,/mnt/data_disk/HDRData/1000hdr/HDRtest/a4308-Duggan_090209_4996.exr,/mnt/data_disk/ZQL/TIP_TMO_result/dnn/PS-TMO/a4308.png,341,512,0.8929503717358938,0.8173582636847101,0.6065963033498084,0.5402464735398901,0.7405907297282078,0.3399022173515723,0.23193594813346863
a4310,/mnt/data_disk/HDRData/1000hdr/HDRtest/a4310-DSC_0007.exr,/mnt/data_disk/ZQL/TIP_TMO_result/dnn/PS-TMO/a4310.png,340,512,0.8984770260579726,0.794420766261619,0.6816978760646349,0.5286692870786333,0.8796419865146321,0.1776965876426344,0.14757423102855682
a4312,/mnt/data_disk/HDRData/1000hdr/HDRtest/a4312-20090417_at_16h32m44__MG_1867.exr,/mnt/data_disk/ZQL/TIP_TMO_result/dnn/PS-TMO/a4312.png,341,512,0.8196310388228607,0.7424111852338152,0.3163040100893411,0.35768467735132087,0.7153693546975024,5.139327258586579e-12,0.2904978394508362
a4317,/mnt/data_disk/HDRData/1000hdr/HDRtest/a4317-DSC_0224.exr,/mnt/data_disk/ZQL/TIP_TMO_result/dnn/PS-TMO/a4317.png,343,512,0.8795181011700188,0.6481608701152354,0.8518973734112479,0.2224698480865738,0.4449396961731476,1.2074190132521192e-25,0.1421479433774948
a4318,/mnt/data_disk/HDRData/1000hdr/HDRtest/a4318-Duggan_090321_5920.exr,/mnt/data_disk/ZQL/TIP_TMO_result/dnn/PS-TMO/a4318.png,341,512,0.911644345918692,0.9218355058404972,0.5495841544537747,0.8909226460101904,0.8576777202779441,0.9241675717424369,0.11601534485816956
a4319,/mnt/data_disk/HDRData/1000hdr/HDRtest/a4319-DSC_0132.exr,/mnt/data_disk/ZQL/TIP_TMO_result/dnn/PS-TMO/a4319.png,340,512,0.8928421063369805,0.8292227487322742,0.5857013447333099,0.9089674893495371,0.8244052983272087,0.9935296803718655,0.15558016300201416
a4323,/mnt/data_disk/HDRData/1000hdr/HDRtest/a4323-DSC_0010.exr,/mnt/data_disk/ZQL/TIP_TMO_result/dnn/PS-TMO/a4323.png,343,512,0.8617383899212108,0.8182132227748944,0.4230010891239486,0.2993920181454742,0.5987839598955073,7.639544116195887e-08,0.20794816315174103
a4324,/mnt/data_disk/HDRData/1000hdr/HDRtest/a4324-DSC_0002.exr,/mnt/data_disk/ZQL/TIP_TMO_result/dnn/PS-TMO/a4324.png,343,512,0.8644840781810194,0.8349752578365343,0.4124100403885147,0.28090104015817363,0.5617941119404901,7.968375857096723e-06,0.14836201071739197
a4326,/mnt/data_disk/HDRData/1000hdr/HDRtest/a4326-DSC_0461.exr,/mnt/data_disk/ZQL/TIP_TMO_result/dnn/PS-TMO/a4326.png,343,512,0.7750014895363342,0.672249126536355,0.2069404311090605,0.33058951503741263,0.6611790300748253,1.8268772302541883e-19,0.14905503392219543
a4329,/mnt/data_disk/HDRData/1000hdr/HDRtest/a4329-DSC_0028.exr,/mnt/data_disk/ZQL/TIP_TMO_result/dnn/PS-TMO/a4329.png,340,512,0.8779022021825342,0.8370606661352036,0.4845359252822006,0.6951458300256383,0.5479876733981496,0.842303986653127,0.08447106927633286
a4331,/mnt/data_disk/HDRData/1000hdr/HDRtest/a4331-_DGW0241.exr,/mnt/data_disk/ZQL/TIP_TMO_result/dnn/PS-TMO/a4331.png,341,512,0.7514624917475293,0.6196165193978519,0.18000050422687944,0.24607414559075402,0.4921482911514305,3.007754142473514e-11,0.146639883518219
a4335,/mnt/data_disk/HDRData/1000hdr/HDRtest/a4335-Duggan_090123_4520.exr,/mnt/data_disk/ZQL/TIP_TMO_result/dnn/PS-TMO/a4335.png,341,512,0.8259342834419767,0.8479684232067268,0.20202412812670142,0.4004250851421301,0.8008501702833332,9.26990521798071e-13,0.25876861810684204
a4338,/mnt/data_disk/HDRData/1000hdr/HDRtest/a4338-DSC_0206.exr,/mnt/data_disk/ZQL/TIP_TMO_result/dnn/PS-TMO/a4338.png,343,512,0.9296604204933392,0.8714404127399782,0.7449159615609977,0.2626850758377564,0.5193241236586995,0.006046028016813309,0.10669063031673431
a4339,/mnt/data_disk/HDRData/1000hdr/HDRtest/a4339-Duggan_090111_4244.exr,/mnt/data_disk/ZQL/TIP_TMO_result/dnn/PS-TMO/a4339.png,341,512,0.8498656371849321,0.8055024925727772,0.377957150968233,0.3301684305114996,0.6603368610067,1.629914369435075e-11,0.23851241171360016
a4340,/mnt/data_disk/HDRData/1000hdr/HDRtest/a4340-DSC_0441.exr,/mnt/data_disk/ZQL/TIP_TMO_result/dnn/PS-TMO/a4340.png,343,512,0.7585651165717535,0.576941182465451,0.2815206277958979,0.21563753262720844,0.4310611390387858,0.0002139262156311269,0.1564892828464508
a4342,/mnt/data_disk/HDRData/1000hdr/HDRtest/a4342-DSC_0043.exr,/mnt/data_disk/ZQL/TIP_TMO_result/dnn/PS-TMO/a4342.png,340,512,0.8560595227230313,0.7724669498885399,0.4645285563373033,0.2641119413466698,0.5282238826933396,1.255151099843096e-17,0.1352289468050003
a4345,/mnt/data_disk/HDRData/1000hdr/HDRtest/a4345-Duggan_080411_5976.exr,/mnt/data_disk/ZQL/TIP_TMO_result/dnn/PS-TMO/a4345.png,341,512,0.8305022117133088,0.7287279724666756,0.39505328691356006,0.3127789083481872,0.6255578166963656,8.863572588100986e-15,0.15488751232624054
a4354,/mnt/data_disk/HDRData/1000hdr/HDRtest/a4354-DSC_0347.exr,/mnt/data_disk/ZQL/TIP_TMO_result/dnn/PS-TMO/a4354.png,343,512,0.8957953378652622,0.8470702527248377,0.5737641398148052,0.39990920552666354,0.7998184110269886,2.6338539884304658e-11,0.20136331021785736
a4356,/mnt/data_disk/HDRData/1000hdr/HDRtest/a4356-_DSC1335.exr,/mnt/data_disk/ZQL/TIP_TMO_result/dnn/PS-TMO/a4356.png,341,512,0.702700289050988,0.5770245664893399,0.05382543085066818,0.13554943813985157,0.2710977828221807,1.0934575223996518e-06,0.07400655746459961
a4357,/mnt/data_disk/HDRData/1000hdr/HDRtest/a4357-Duggan_090124_4645.exr,/mnt/data_disk/ZQL/TIP_TMO_result/dnn/PS-TMO/a4357.png,341,512,0.8927703712852022,0.8851116686968105,0.4952259251945296,0.430362613453296,0.8601137670389034,0.0006114598676886102,0.15522713959217072
a4366,/mnt/data_disk/HDRData/1000hdr/HDRtest/a4366-DSC_0447.exr,/mnt/data_disk/ZQL/TIP_TMO_result/dnn/PS-TMO/a4366.png,343,512,0.9134192200615203,0.9153380751815859,0.5703051421217192,0.9074134290210752,0.8260819023230943,0.9887449557190562,0.08392637223005295
a4368,/mnt/data_disk/HDRData/1000hdr/HDRtest/a4368-Duggan_090321_5857.exr,/mnt/data_disk/ZQL/TIP_TMO_result/dnn/PS-TMO/a4368.png,341,512,0.8391857227247617,0.8316823345038253,0.2853202579095414,0.4232453250457845,0.8464906499769046,1.1466441385169329e-10,0.187313050031662
a4370,/mnt/data_disk/HDRData/1000hdr/HDRtest/a4370-DSC_0080.exr,/mnt/data_disk/ZQL/TIP_TMO_result/dnn/PS-TMO/a4370.png,340,512,0.8899367008576801,0.8433340468804514,0.5448018810268276,0.4163153612405646,0.8323230780729935,0.00030764440813567184,0.11977804452180862
a4374,/mnt/data_disk/HDRData/1000hdr/HDRtest/a4374-09-05-19-at-17h54m57s-_MG_9531.exr,/mnt/data_disk/ZQL/TIP_TMO_result/dnn/PS-TMO/a4374.png,341,512,0.8944707736602469,0.843617361386315,0.5714867919893281,0.3047566729883134,0.6094270121816472,8.633379497960221e-05,0.11195476353168488
a4377,/mnt/data_disk/HDRData/1000hdr/HDRtest/a4377-IMG_4929.exr,/mnt/data_disk/ZQL/TIP_TMO_result/dnn/PS-TMO/a4377.png,341,512,0.9242093477178768,0.8943225514989354,0.670864576933552,0.9214992830689743,0.8445030342067178,0.998495531931231,0.10590345412492752
a4382,/mnt/data_disk/HDRData/1000hdr/HDRtest/a4382-DSC_0261.exr,/mnt/data_disk/ZQL/TIP_TMO_result/dnn/PS-TMO/a4382.png,343,512,0.8771025029358109,0.8149570613816446,0.51563130270689,0.5395309614683519,0.8022703122190157,0.27679161071768804,0.17448216676712036
a4384,/mnt/data_disk/HDRData/1000hdr/HDRtest/a4384-DSC_0322.exr,/mnt/data_disk/ZQL/TIP_TMO_result/dnn/PS-TMO/a4384.png,343,512,0.8375406547457841,0.7837526922154947,0.3457797568879203,0.3811504622961388,0.7622384272771464,6.249731513114368e-05,0.1412818282842636
a4385,/mnt/data_disk/HDRData/1000hdr/HDRtest/a4385-_DGW9650.exr,/mnt/data_disk/ZQL/TIP_TMO_result/dnn/PS-TMO/a4385.png,341,512,0.854919398251373,0.8515826349011439,0.33712011978827977,0.37111211913912473,0.742218032848835,6.205429414478835e-06,0.1802712231874466
a4386,/mnt/data_disk/HDRData/1000hdr/HDRtest/a4386-Duggan_090124_4632.exr,/mnt/data_disk/ZQL/TIP_TMO_result/dnn/PS-TMO/a4386.png,341,512,0.9025117759482244,0.8752357805759642,0.5682746721511044,0.3987242694120665,0.7522669127807285,0.04518162604340445,0.11577273905277252
a4392,/mnt/data_disk/HDRData/1000hdr/HDRtest/a4392-Duggan_090331_6554.exr,/mnt/data_disk/ZQL/TIP_TMO_result/dnn/PS-TMO/a4392.png,341,512,0.8871637245377171,0.8317915312179509,0.5472622530342026,0.42852768268157476,0.8537919792026898,0.003263386160459733,0.24854141473770142
a4394,/mnt/data_disk/HDRData/1000hdr/HDRtest/a4394-Duggan_090127_4837.exr,/mnt/data_disk/ZQL/TIP_TMO_result/dnn/PS-TMO/a4394.png,341,512,0.780449438931981,0.6403207679029855,0.2816493859678148,0.2796014086263735,0.5528899608692607,0.006312856383486328,0.19908247888088226
a4395,/mnt/data_disk/HDRData/1000hdr/HDRtest/a4395-Duggan_090503_8734.exr,/mnt/data_disk/ZQL/TIP_TMO_result/dnn/PS-TMO/a4395.png,341,512,0.8852836225411024,0.7242921627510114,0.7300473052741037,0.6218494931489822,0.3270613617655725,0.9166376245323918,0.0737195834517479
a4396,/mnt/data_disk/HDRData/1000hdr/HDRtest/a4396-DSC_0073-2.exr,/mnt/data_disk/ZQL/TIP_TMO_result/dnn/PS-TMO/a4396.png,340,512,0.8894502268325192,0.8599430304255693,0.5151979838899328,0.7238815320343417,0.771999892339016,0.6757631717296674,0.11940598487854004
a4398,/mnt/data_disk/HDRData/1000hdr/HDRtest/a4398-Duggan_050709_1062.exr,/mnt/data_disk/ZQL/TIP_TMO_result/dnn/PS-TMO/a4398.png,341,512,0.8525941785438385,0.8238261166034642,0.36504029790762477,0.4178447811172327,0.8354724256318032,0.00021713660266223868,0.14784130454063416
a4399,/mnt/data_disk/HDRData/1000hdr/HDRtest/a4399-Duggan_080410_5879.exr,/mnt/data_disk/ZQL/TIP_TMO_result/dnn/PS-TMO/a4399.png,341,512,0.836263088037514,0.7301237707197555,0.42425658479180417,0.3126412108326804,0.5417521838743405,0.08353023779102028,0.09758134186267853
a4409,/mnt/data_disk/HDRData/1000hdr/HDRtest/a4409-Duggan_090503_8738.exr,/mnt/data_disk/ZQL/TIP_TMO_result/dnn/PS-TMO/a4409.png,341,512,0.9313806147592649,0.8653913535248654,0.7668199777167954,0.8485306211835236,0.7015189926798899,0.9955422496871573,0.15440621972084045
a4419,/mnt/data_disk/HDRData/1000hdr/HDRtest/a4419-_DGW0269.exr,/mnt/data_disk/ZQL/TIP_TMO_result/dnn/PS-TMO/a4419.png,341,512,0.928159055593491,0.843107194500881,0.7855848055979854,0.3912576748667107,0.6947058998052605,0.08780944992816082,0.12814179062843323
a4420,/mnt/data_disk/HDRData/1000hdr/HDRtest/a4420-DSC_0054.exr,/mnt/data_disk/ZQL/TIP_TMO_result/dnn/PS-TMO/a4420.png,343,512,0.6850506443439321,0.49038611335157245,0.10475269839574462,0.21197543114426382,0.42395086228852763,1.3030495847556553e-31,0.18480917811393738
a4421,/mnt/data_disk/HDRData/1000hdr/HDRtest/a4421-Duggan_090214_5129.exr,/mnt/data_disk/ZQL/TIP_TMO_result/dnn/PS-TMO/a4421.png,341,512,0.8957940651116171,0.8234532261806569,0.6135821320284829,0.8047236460011213,0.6397802756638251,0.9696670163384177,0.09691358357667923
a4425,/mnt/data_disk/HDRData/1000hdr/HDRtest/a4425-DSC_0007.exr,/mnt/data_disk/ZQL/TIP_TMO_result/dnn/PS-TMO/a4425.png,343,512,0.8816291803298689,0.8348627650262131,0.5096308449303988,0.752094157118522,0.663051047576404,0.8411372666606399,0.1702253669500351
a4430,/mnt/data_disk/HDRData/1000hdr/HDRtest/a4430-09-05-19-at-19h04m03s-_MG_9559.exr,/mnt/data_disk/ZQL/TIP_TMO_result/dnn/PS-TMO/a4430.png,341,512,0.7698127341360644,0.7313864876697942,0.10941247458634257,0.1974122658449804,0.3948245316899608,4.488757208623173e-34,0.1394542157649994
a4431,/mnt/data_disk/HDRData/1000hdr/HDRtest/a4431-Duggan_090330_6282.exr,/mnt/data_disk/ZQL/TIP_TMO_result/dnn/PS-TMO/a4431.png,341,512,0.8752395850484843,0.849545130997401,0.44989398377989176,0.6217959145745062,0.6164610057732853,0.627130823375727,0.1589638590812683
a4432,/mnt/data_disk/HDRData/1000hdr/HDRtest/a4432-Duggan_081114_3124.exr,/mnt/data_disk/ZQL/TIP_TMO_result/dnn/PS-TMO/a4432.png,341,512,0.8455382537315661,0.770253178491364,0.4094783030498106,0.6458502604571241,0.7267693728403519,0.5649311480738962,0.15072277188301086
a4433,/mnt/data_disk/HDRData/1000hdr/HDRtest/a4433-Duggan_090504_8957.exr,/mnt/data_disk/ZQL/TIP_TMO_result/dnn/PS-TMO/a4433.png,341,512,0.9622270384151018,0.88129348417521,0.9470487321922756,0.4562628740347423,0.4213986221859247,0.49112712588355995,0.13334494829177856
a4434,/mnt/data_disk/HDRData/1000hdr/HDRtest/a4434-20090414_at_23h05m38__MG_1365.exr,/mnt/data_disk/ZQL/TIP_TMO_result/dnn/PS-TMO/a4434.png,341,512,0.5659448273986614,0.2785698952485245,0.04801798942657462,0.14987842155793776,0.29975679177688136,5.133899416129239e-08,0.05733781307935715
a4435,/mnt/data_disk/HDRData/1000hdr/HDRtest/a4435-WP_CRW_0591.exr,/mnt/data_disk/ZQL/TIP_TMO_result/dnn/PS-TMO/a4435.png,341,512,0.8721366692347734,0.8674485304770032,0.4057775375192572,0.6020789006495311,0.8468588539824763,0.35729894731658596,0.18247506022453308
a4436,/mnt/data_disk/HDRData/1000hdr/HDRtest/a4436-DSC_0153.exr,/mnt/data_disk/ZQL/TIP_TMO_result/dnn/PS-TMO/a4436.png,343,512,0.8738226286592027,0.8380854969088514,0.4596557917163096,0.5736304732287116,0.8392397704289902,0.30802117602843304,0.14285539090633392
a4442,/mnt/data_disk/HDRData/1000hdr/HDRtest/a4442-Duggan_080629_9284.exr,/mnt/data_disk/ZQL/TIP_TMO_result/dnn/PS-TMO/a4442.png,341,512,0.8553737876377714,0.7675856212214808,0.46875155814106695,0.32718142619853624,0.6541128445000683,0.0002500078970041238,0.1579982340335846
a4447,/mnt/data_disk/HDRData/1000hdr/HDRtest/a4447-Duggan_090321_5856.exr,/mnt/data_disk/ZQL/TIP_TMO_result/dnn/PS-TMO/a4447.png,341,512,0.8764516555382735,0.7968721379170024,0.5420245795851351,0.4952854328479595,0.843222252424216,0.14734861327170298,0.2216396927833557
a4448,/mnt/data_disk/HDRData/1000hdr/HDRtest/a4448-Duggan_080119_4778.exr,/mnt/data_disk/ZQL/TIP_TMO_result/dnn/PS-TMO/a4448.png,341,512,0.9101173840032012,0.9006502992352082,0.5735108912665597,0.8659090423471059,0.8735165686984239,0.858301515995788,0.07755779474973679
a4449,/mnt/data_disk/HDRData/1000hdr/HDRtest/a4449-DSC_0030.exr,/mnt/data_disk/ZQL/TIP_TMO_result/dnn/PS-TMO/a4449.png,343,512,0.7871519579185983,0.7124917446753429,0.20455098405660702,0.351339895364397,0.7026797907284107,3.834122118710241e-13,0.15562278032302856
a4452,/mnt/data_disk/HDRData/1000hdr/HDRtest/a4452-DSC_0084.exr,/mnt/data_disk/ZQL/TIP_TMO_result/dnn/PS-TMO/a4452.png,340,512,0.8891484009579107,0.840302985345189,0.5450725419527948,0.43188778745009104,0.8542304956291528,0.00954507927102933,0.18259984254837036
a4455,/mnt/data_disk/HDRData/1000hdr/HDRtest/a4455-Duggan_080106_4325.exr,/mnt/data_disk/ZQL/TIP_TMO_result/dnn/PS-TMO/a4455.png,341,512,0.9238447647124987,0.8527468739702381,0.7399863818781902,0.41994402414761095,0.8398817780964513,6.270198770597455e-06,0.219388946890831
a4456,/mnt/data_disk/HDRData/1000hdr/HDRtest/a4456-DSC_0472.exr,/mnt/data_disk/ZQL/TIP_TMO_result/dnn/PS-TMO/a4456.png,343,512,0.8470966951600367,0.7702137622944816,0.41809528594909534,0.33857027505162557,0.6770310763701611,0.00010947373309001994,0.17985130846500397
a4457,/mnt/data_disk/HDRData/1000hdr/HDRtest/a4457-_DSC0012-5.exr,/mnt/data_disk/ZQL/TIP_TMO_result/dnn/PS-TMO/a4457.png,340,512,0.8958107582142677,0.868748368773025,0.538648787714112,0.9267279132788757,0.859917863065329,0.9935379634924225,0.09459417313337326
a4465,/mnt/data_disk/HDRData/1000hdr/HDRtest/a4465-DSC_0051.exr,/mnt/data_disk/ZQL/TIP_TMO_result/dnn/PS-TMO/a4465.png,340,512,0.8168544673367258,0.8125744160341578,0.20537990595667957,0.31494503374266,0.588479489662581,0.041410577822738937,0.11607646197080612
a4466,/mnt/data_disk/HDRData/1000hdr/HDRtest/a4466-20090327_at_11h08m58__MG_0964.exr,/mnt/data_disk/ZQL/TIP_TMO_result/dnn/PS-TMO/a4466.png,341,512,0.9192666551786891,0.8571001982291249,0.7028003104202635,0.3799834739457034,0.7599669477448988,1.465079894380821e-10,0.21616381406784058
a4467,/mnt/data_disk/HDRData/1000hdr/HDRtest/a4467-Duggan_090426_7873.exr,/mnt/data_disk/ZQL/TIP_TMO_result/dnn/PS-TMO/a4467.png,341,512,0.8990822415336669,0.8330311663197949,0.6174232442760371,0.34446640131349987,0.6889328026269995,2.097423476605713e-16,0.23407743871212006
a4470,/mnt/data_disk/HDRData/1000hdr/HDRtest/a4470-Duggan_090123_4566.exr,/mnt/data_disk/ZQL/TIP_TMO_result/dnn/PS-TMO/a4470.png,341,512,0.8843052028181493,0.902634704067846,0.42125048921502806,0.44709195095755394,0.8796547052561418,0.014529196658966136,0.17166376113891602
a4471,/mnt/data_disk/HDRData/1000hdr/HDRtest/a4471-Duggan_090321_5859.exr,/mnt/data_disk/ZQL/TIP_TMO_result/dnn/PS-TMO/a4471.png,341,512,0.8351982375831851,0.8834228199114613,0.20067973565947023,0.43165108603493785,0.8633021689408582,3.1290174651759837e-09,0.1975231021642685
a4472,/mnt/data_disk/HDRData/1000hdr/HDRtest/a4472-Duggan_090504_9026.exr,/mnt/data_disk/ZQL/TIP_TMO_result/dnn/PS-TMO/a4472.png,341,512,0.8812973579896914,0.8553307016221879,0.47529358423471535,0.5400550529322972,0.7739376608598101,0.30617244500478424,0.2700115740299225
a4474,/mnt/data_disk/HDRData/1000hdr/HDRtest/a4474-09-05-19-at-18h56m31s-_MG_9553.exr,/mnt/data_disk/ZQL/TIP_TMO_result/dnn/PS-TMO/a4474.png,341,512,0.8332721632294274,0.7396479586729725,0.39216546713711753,0.2424028642728789,0.48479893361821974,6.794927538061596e-06,0.12521454691886902
a4476,/mnt/data_disk/HDRData/1000hdr/HDRtest/a4476-IMG_4029.exr,/mnt/data_disk/ZQL/TIP_TMO_result/dnn/PS-TMO/a4476.png,341,512,0.8192242818732756,0.701177104847327,0.38004771713408736,0.5019394239091858,0.5458755880163857,0.4580032598019858,0.13463585078716278
a4477,/mnt/data_disk/HDRData/1000hdr/HDRtest/a4477-20090327_at_06h09m52__MG_0855.exr,/mnt/data_disk/ZQL/TIP_TMO_result/dnn/PS-TMO/a4477.png,341,512,0.8851263834778178,0.7672567317974159,0.6471958679518606,0.27267489753437063,0.5453453048216287,4.4902471126300905e-06,0.19041641056537628
a4479,/mnt/data_disk/HDRData/1000hdr/HDRtest/a4479-09-05-19-at-18h39m42s-_MG_9545.exr,/mnt/data_disk/ZQL/TIP_TMO_result/dnn/PS-TMO/a4479.png,341,512,0.8753483440642892,0.8352506852024231,0.47277622112392736,0.37961069028748357,0.7592213805744233,5.438224403683292e-13,0.22576630115509033
a4480,/mnt/data_disk/HDRData/1000hdr/HDRtest/a4480-Duggan_090201_4896.exr,/mnt/data_disk/ZQL/TIP_TMO_result/dnn/PS-TMO/a4480.png,341,512,0.7994780555887775,0.7731799088846183,0.17871412685503682,0.38071963613110976,0.761439244785784,2.7476435543501735e-08,0.2260189652442932
a4487,/mnt/data_disk/HDRData/1000hdr/HDRtest/a4487-Duggan_090322_5971.exr,/mnt/data_disk/ZQL/TIP_TMO_result/dnn/PS-TMO/a4487.png,341,512,0.8759426941060178,0.7667444709735473,0.5914440283926892,0.37913608283247174,0.7575400875513671,0.000732078113576315,0.1887672245502472
