id,hdr_path,ldr_path,height,width,tmqi_q,tmqi_s,tmqi_n,tmqi2_q,tmqi2_s,tmqi2_n,nlpd
a2808,/mnt/data_disk/HDRData/1000hdr/HDRtest/a2808-20080516_072208__MG_0018.exr,/mnt/data_disk/ZQL/TIP_TMO_result/tradition/BestExposure(Mean)/a2808.png,341,512,0.8506465922583748,0.8610406107652256,0.30228120889988636,0.37210840478717644,0.7088307435698775,0.03538606600447535,0.1649504154920578
a2824,/mnt/data_disk/HDRData/1000hdr/HDRtest/a2824-dvf_035.exr,/mnt/data_disk/ZQL/TIP_TMO_result/tradition/BestExposure(Mean)/a2824.png,341,512,0.7454802651297514,0.750636018722362,0.01752186898144632,0.2031410511337861,0.4062821022646946,2.877630972287933e-12,0.08137457072734833
a2854,/mnt/data_disk/HDRData/1000hdr/HDRtest/a2854-NKIM_MG_7374.exr,/mnt/data_disk/ZQL/TIP_TMO_result/tradition/BestExposure(Mean)/a2854.png,341,512,0.9201591043070696,0.9642936910232185,0.5360459087062781,0.9049259120283442,0.8165682430731027,0.9932835809835856,0.28228986263275146
a2861,/mnt/data_disk/HDRData/1000hdr/HDRtest/a2861-IMG_4397.exr,/mnt/data_disk/ZQL/TIP_TMO_result/tradition/BestExposure(Mean)/a2861.png,341,512,0.7684024289255995,0.8305367058376701,0.01741226453697398,0.31050694266091305,0.6210138853218261,4.897315393112258e-27,0.14176523685455322
a2862,/mnt/data_disk/HDRData/1000hdr/HDRtest/a2862-_DSC0055.exr,/mnt/data_disk/ZQL/TIP_TMO_result/tradition/BestExposure(Mean)/a2862.png,340,512,0.8611998696895837,0.915448920664559,0.28308819079129277,0.4280041148418793,0.8381597041584943,0.01784852552526424,0.15047934651374817
a2876,/mnt/data_disk/HDRData/1000hdr/HDRtest/a2876-jn_20080130_Las_Vegas_0082.exr,/mnt/data_disk/ZQL/TIP_TMO_result/tradition/BestExposure(Mean)/a2876.png,341,512,0.6805681311337444,0.5822649510107989,0.0006182652402527166,0.19049734418073094,0.3809946883614619,6.5911949747578614e-40,0.1502745896577835
a2883,/mnt/data_disk/HDRData/1000hdr/HDRtest/a2883-_DSC0008-2.exr,/mnt/data_disk/ZQL/TIP_TMO_result/tradition/BestExposure(Mean)/a2883.png,340,512,0.862706551344534,0.9217534605986496,0.2824716774750763,0.8388043951685626,0.6797567480804327,0.9978520422566927,0.05865493789315224
a2913,/mnt/data_disk/HDRData/1000hdr/HDRtest/a2913-IMG_0138.exr,/mnt/data_disk/ZQL/TIP_TMO_result/tradition/BestExposure(Mean)/a2913.png,341,512,0.8817089577858437,0.8580468030757488,0.47342864825424674,0.6457292250478924,0.8789852942345512,0.4124731558612337,0.19851428270339966
a2933,/mnt/data_disk/HDRData/1000hdr/HDRtest/a2933-_I2E7313.exr,/mnt/data_disk/ZQL/TIP_TMO_result/tradition/BestExposure(Mean)/a2933.png,341,512,0.729444642892313,0.7147594824537759,0.007410036398560479,0.29465024195252626,0.5893004839050525,1.4348257939184812e-31,0.1438794881105423
a2956,/mnt/data_disk/HDRData/1000hdr/HDRtest/a2956-KE_-0035.exr,/mnt/data_disk/ZQL/TIP_TMO_result/tradition/BestExposure(Mean)/a2956.png,340,512,0.864502131002286,0.8672038826727074,0.3650929577480066,0.37368642667981933,0.5886543954249166,0.15871845793472208,0.12941229343414307
a2986,/mnt/data_disk/HDRData/1000hdr/HDRtest/a2986-_DGW6325.exr,/mnt/data_disk/ZQL/TIP_TMO_result/tradition/BestExposure(Mean)/a2986.png,341,512,0.7954160602377655,0.8632119150048383,0.0671852201125182,0.7902182811100723,0.9221076284523744,0.6583289337677702,0.23163175582885742
a3267,/mnt/data_disk/HDRData/1000hdr/HDRtest/a3267-WP_CRW_0087.exr,/mnt/data_disk/ZQL/TIP_TMO_result/tradition/BestExposure(Mean)/a3267.png,341,512,0.8325622964097552,0.8916007755217137,0.17965631691692696,0.4029468609339104,0.8058522801460296,4.1441721791173826e-05,0.17008540034294128
a3285,/mnt/data_disk/HDRData/1000hdr/HDRtest/a3285-CRW_0291.exr,/mnt/data_disk/ZQL/TIP_TMO_result/tradition/BestExposure(Mean)/a3285.png,341,512,0.8508857810413273,0.9327978838357881,0.21324185701432125,0.40619309814923954,0.8086789832422152,0.0037072130562638226,0.3011079430580139
a3288,/mnt/data_disk/HDRData/1000hdr/HDRtest/a3288-KE_-0049.exr,/mnt/data_disk/ZQL/TIP_TMO_result/tradition/BestExposure(Mean)/a3288.png,340,512,0.81733245035668,0.8367372772722536,0.17790646337839724,0.41191009638288684,0.8226191954207704,0.0012009973450032637,0.1326613426208496
a3306,/mnt/data_disk/HDRData/1000hdr/HDRtest/a3306-IMG_4969.exr,/mnt/data_disk/ZQL/TIP_TMO_result/tradition/BestExposure(Mean)/a3306.png,341,512,0.81802628364072,0.8763767070602416,0.1362220791521117,0.39739082974440326,0.7947533525237959,2.830696501060774e-05,0.1578962653875351
a3312,/mnt/data_disk/HDRData/1000hdr/HDRtest/a3312-IMG_1063.exr,/mnt/data_disk/ZQL/TIP_TMO_result/tradition/BestExposure(Mean)/a3312.png,341,512,0.818406248943576,0.8536326324350778,0.16281364294455483,0.3664489295826705,0.7328960725919099,1.7865734310392856e-06,0.13921812176704407
a3315,/mnt/data_disk/HDRData/1000hdr/HDRtest/a3315-MB_20030906_022.exr,/mnt/data_disk/ZQL/TIP_TMO_result/tradition/BestExposure(Mean)/a3315.png,341,512,0.8059897941012197,0.8581362236452349,0.10882068842069674,0.3827280977530003,0.7654264823370586,2.97131689421101e-05,0.2659505009651184
a3316,/mnt/data_disk/HDRData/1000hdr/HDRtest/a3316-20051225_163230__MG_1390.exr,/mnt/data_disk/ZQL/TIP_TMO_result/tradition/BestExposure(Mean)/a3316.png,341,512,0.9095418560493047,0.9394552796860434,0.5105182190128096,0.847575048604633,0.7770828999574213,0.9180671972518446,0.10304728895425797
a3318,/mnt/data_disk/HDRData/1000hdr/HDRtest/a3318-JI2E5722.exr,/mnt/data_disk/ZQL/TIP_TMO_result/tradition/BestExposure(Mean)/a3318.png,341,512,0.898086106400072,0.949337129401412,0.4309702325389663,0.7641186790620413,0.6478530127202543,0.8803843454038285,0.09367641061544418
a3321,/mnt/data_disk/HDRData/1000hdr/HDRtest/a3321-DSC_0054.exr,/mnt/data_disk/ZQL/TIP_TMO_result/tradition/BestExposure(Mean)/a3321.png,340,512,0.9805711606463738,0.9382290877974513,0.971601599590532,0.9128675307640737,0.9142244118429051,0.9115106496852422,0.08112034946680069
a3325,/mnt/data_disk/HDRData/1000hdr/HDRtest/a3325-050819_154342__MG_5227.exr,/mnt/data_disk/ZQL/TIP_TMO_result/tradition/BestExposure(Mean)/a3325.png,341,512,0.9386304012935882,0.892041505683495,0.7676987405971342,0.9420329764050837,0.8889720535989262,0.9950938992112411,0.07583115994930267
a3337,/mnt/data_disk/HDRData/1000hdr/HDRtest/a3337-dgw_112.exr,/mnt/data_disk/ZQL/TIP_TMO_result/tradition/BestExposure(Mean)/a3337.png,341,512,0.7898908006887574,0.8543111303554537,0.05735408382263704,0.4131015736208139,0.8261872817838383,1.5865457789482884e-05,0.3072962760925293
a3339,/mnt/data_disk/HDRData/1000hdr/HDRtest/a3339-_MG_7202.exr,/mnt/data_disk/ZQL/TIP_TMO_result/tradition/BestExposure(Mean)/a3339.png,341,512,0.8082164174105491,0.9062639077321101,0.07161795293542925,0.3652191430117424,0.730438273854714,1.2168770776323508e-08,0.1493431031703949
a3341,/mnt/data_disk/HDRData/1000hdr/HDRtest/a3341-jmac_DSC2590.exr,/mnt/data_disk/ZQL/TIP_TMO_result/tradition/BestExposure(Mean)/a3341.png,340,512,0.8511937943934216,0.9189434054956559,0.23098514164929979,0.4432596013658924,0.8854471167202218,0.0010720860115629568,0.08149322122335434
a3344,/mnt/data_disk/HDRData/1000hdr/HDRtest/a3344-NKIM_MG_6348.exr,/mnt/data_disk/ZQL/TIP_TMO_result/tradition/BestExposure(Mean)/a3344.png,341,512,0.9892367473770879,0.9688387242019628,0.9782498108844235,0.8807442838671011,0.7859265328845938,0.9755620348496086,0.04235835000872612
a3345,/mnt/data_disk/HDRData/1000hdr/HDRtest/a3345-20080514_105211__MG_9917.exr,/mnt/data_disk/ZQL/TIP_TMO_result/tradition/BestExposure(Mean)/a3345.png,341,512,0.8979845700054994,0.8921425520083088,0.51471901225908,0.6541116122592835,0.6648662291109498,0.6433569954076171,0.12721574306488037
a3351,/mnt/data_disk/HDRData/1000hdr/HDRtest/a3351-KE_-1722.exr,/mnt/data_disk/ZQL/TIP_TMO_result/tradition/BestExposure(Mean)/a3351.png,340,512,0.8554646101055043,0.8809229052558125,0.299662194928442,0.5233004435573994,0.7780911890227473,0.2685096980920515,0.10141822695732117
a3356,/mnt/data_disk/HDRData/1000hdr/HDRtest/a3356-_DSC9981.exr,/mnt/data_disk/ZQL/TIP_TMO_result/tradition/BestExposure(Mean)/a3356.png,341,512,0.8132861568265773,0.8372361585264282,0.16021388891735838,0.3042306100948149,0.6084569690524573,4.2511371725310215e-06,0.1346050500869751
a3360,/mnt/data_disk/HDRData/1000hdr/HDRtest/a3360-IMG_0017.exr,/mnt/data_disk/ZQL/TIP_TMO_result/tradition/BestExposure(Mean)/a3360.png,341,512,0.8481834825007807,0.8836375610616364,0.26046366802716187,0.9447031205851892,0.9378602148864053,0.9515460262839731,0.14716002345085144
a3365,/mnt/data_disk/HDRData/1000hdr/HDRtest/a3365-jn_20071207_Xmas_House_0124.exr,/mnt/data_disk/ZQL/TIP_TMO_result/tradition/BestExposure(Mean)/a3365.png,341,512,0.8457353225818306,0.8073725297961037,0.353285356812855,0.4104914700752005,0.8039781593454705,0.017004780804930484,0.09786685556173325
a3366,/mnt/data_disk/HDRData/1000hdr/HDRtest/a3366-Ja_Pe-6.exr,/mnt/data_disk/ZQL/TIP_TMO_result/tradition/BestExposure(Mean)/a3366.png,288,512,0.8205239250991636,0.8627923286658634,0.16127426262035924,0.41834509687564025,0.8338110559556033,0.002879137795677167,0.1960572600364685
a3369,/mnt/data_disk/HDRData/1000hdr/HDRtest/a3369-IMG_0004.exr,/mnt/data_disk/ZQL/TIP_TMO_result/tradition/BestExposure(Mean)/a3369.png,341,512,0.8063016502032393,0.8933442321110922,0.07653482526702177,0.45121737918755117,0.8941299632430545,0.008304795132047798,0.22024616599082947
a3371,/mnt/data_disk/HDRData/1000hdr/HDRtest/a3371-07-12-01-at-11h32m58s-_MG_8498.exr,/mnt/data_disk/ZQL/TIP_TMO_result/tradition/BestExposure(Mean)/a3371.png,341,512,0.830736585423896,0.8631753278979003,0.20499647783841296,0.3396052808620807,0.6764394071825405,0.00277115454162088,0.20221607387065887
a3382,/mnt/data_disk/HDRData/1000hdr/HDRtest/a3382-IMG_4032.exr,/mnt/data_disk/ZQL/TIP_TMO_result/tradition/BestExposure(Mean)/a3382.png,341,512,0.8620485567414654,0.8358252164776953,0.39784245249607486,0.6380917276430638,0.8593659396134108,0.4168175156727168,0.12799760699272156
a3388,/mnt/data_disk/HDRData/1000hdr/HDRtest/a3388-jmac_DSC2214.exr,/mnt/data_disk/ZQL/TIP_TMO_result/tradition/BestExposure(Mean)/a3388.png,340,512,0.8987186069853695,0.8924353261203509,0.5185640728357231,0.6109268140373452,0.7663716217119836,0.45548200636270686,0.10326562076807022
a3390,/mnt/data_disk/HDRData/1000hdr/HDRtest/a3390-dgw_070.exr,/mnt/data_disk/ZQL/TIP_TMO_result/tradition/BestExposure(Mean)/a3390.png,341,512,0.7862031685850928,0.7723823531694979,0.12533974651614296,0.32850264010247443,0.6569947292613307,1.0550943618172202e-05,0.18944957852363586
a3391,/mnt/data_disk/HDRData/1000hdr/HDRtest/a3391-050904_125814__I2E8654.exr,/mnt/data_disk/ZQL/TIP_TMO_result/tradition/BestExposure(Mean)/a3391.png,341,512,0.7656433255273908,0.7862333703188273,0.0420596280299975,0.3592420838751414,0.7184841577114112,1.0038871611728566e-08,0.1808885931968689
a3393,/mnt/data_disk/HDRData/1000hdr/HDRtest/a3393-_DSC0057.exr,/mnt/data_disk/ZQL/TIP_TMO_result/tradition/BestExposure(Mean)/a3393.png,340,512,0.7935932143091604,0.9050327158118491,0.02954356592246623,0.6605201912346998,0.9056665610486939,0.41537382142070567,0.09102191776037216
a3394,/mnt/data_disk/HDRData/1000hdr/HDRtest/a3394-_DGW6419.exr,/mnt/data_disk/ZQL/TIP_TMO_result/tradition/BestExposure(Mean)/a3394.png,341,512,0.7758256228288186,0.7823043989444376,0.07719898175241328,0.2510585032412416,0.5021169664257538,4.005672951210048e-08,0.29269662499427795
a3400,/mnt/data_disk/HDRData/1000hdr/HDRtest/a3400-07-11-04-at-17h36m14s-_MG_4004.exr,/mnt/data_disk/ZQL/TIP_TMO_result/tradition/BestExposure(Mean)/a3400.png,341,512,0.855016736612279,0.8798825452757657,0.2988108508451839,0.4002604491280246,0.7988488992087267,0.0016719990473225224,0.17115463316440582
a3401,/mnt/data_disk/HDRData/1000hdr/HDRtest/a3401-20061111_122429__E6B5415.exr,/mnt/data_disk/ZQL/TIP_TMO_result/tradition/BestExposure(Mean)/a3401.png,341,512,0.8627611022056347,0.9393059440710898,0.2608703866869105,0.9696036987971125,0.9619761443975445,0.9772312531966805,0.08243821561336517
a3402,/mnt/data_disk/HDRData/1000hdr/HDRtest/a3402-jmac_DSC3153.exr,/mnt/data_disk/ZQL/TIP_TMO_result/tradition/BestExposure(Mean)/a3402.png,340,512,0.8751883040930073,0.8919176452311414,0.3869319810424776,0.6334153241965894,0.8920062387375116,0.37482440965566716,0.12451334297657013
a3413,/mnt/data_disk/HDRData/1000hdr/HDRtest/a3413-20041217_193556__E6B0485.exr,/mnt/data_disk/ZQL/TIP_TMO_result/tradition/BestExposure(Mean)/a3413.png,341,512,0.8012916435168839,0.9097190541070425,0.0472685098871435,0.4233483339432205,0.8466966626445721,5.241868888527834e-09,0.10186591744422913
a3414,/mnt/data_disk/HDRData/1000hdr/HDRtest/a3414-DSC_0002.exr,/mnt/data_disk/ZQL/TIP_TMO_result/tradition/BestExposure(Mean)/a3414.png,340,512,0.8592729434720104,0.9094649437235985,0.2812691835869588,0.41377063253915936,0.8019911773790125,0.0255500876993062,0.1425083875656128
a3415,/mnt/data_disk/HDRData/1000hdr/HDRtest/a3415-jmac_DSC6092.exr,/mnt/data_disk/ZQL/TIP_TMO_result/tradition/BestExposure(Mean)/a3415.png,340,512,0.9192367503331246,0.9628401727304682,0.5327443139467393,0.8651721048395955,0.7817193313949087,0.9486248782842822,0.10558994114398956
a3416,/mnt/data_disk/HDRData/1000hdr/HDRtest/a3416-IMG_4746.exr,/mnt/data_disk/ZQL/TIP_TMO_result/tradition/BestExposure(Mean)/a3416.png,341,512,0.8329973377444982,0.817996712108558,0.27371747726229345,0.46986843605442724,0.882365664334718,0.057371207774136554,0.20040589570999146
a3418,/mnt/data_disk/HDRData/1000hdr/HDRtest/a3418-2004-02-07 16-53-50 CRW_3754.exr,/mnt/data_disk/ZQL/TIP_TMO_result/tradition/BestExposure(Mean)/a3418.png,341,512,0.9768472832112005,0.9146044359692644,0.9882267504760212,0.9162889196403095,0.9013342465985137,0.9312435926821051,0.0613948255777359
a3422,/mnt/data_disk/HDRData/1000hdr/HDRtest/a3422-WP_CRW_0302.exr,/mnt/data_disk/ZQL/TIP_TMO_result/tradition/BestExposure(Mean)/a3422.png,341,512,0.934393583820615,0.9268219533427523,0.6817473204862582,0.808181572363728,0.7375268571798743,0.8788362875475818,0.14049144089221954
a3424,/mnt/data_disk/HDRData/1000hdr/HDRtest/a3424-CRW_0163.exr,/mnt/data_disk/ZQL/TIP_TMO_result/tradition/BestExposure(Mean)/a3424.png,341,512,0.8704892949642239,0.9106033126307461,0.33627872358215016,0.44596751573552895,0.8594904309708645,0.0324446005001934,0.2209285944700241
a3431,/mnt/data_disk/HDRData/1000hdr/HDRtest/a3431-_DSC0103-3.exr,/mnt/data_disk/ZQL/TIP_TMO_result/tradition/BestExposure(Mean)/a3431.png,340,512,0.8810157787794753,0.8615469850039742,0.46408300402386354,0.9561218261727248,0.9250748543500888,0.9871687979953607,0.09031207859516144
a3432,/mnt/data_disk/HDRData/1000hdr/HDRtest/a3432-jmac_DSC3184.exr,/mnt/data_disk/ZQL/TIP_TMO_result/tradition/BestExposure(Mean)/a3432.png,340,512,0.9068684143088881,0.8799941780074423,0.5869340369015912,0.866517595168915,0.8976521837086631,0.8353830066291669,0.09038593620061874
a3433,/mnt/data_disk/HDRData/1000hdr/HDRtest/a3433-NKIM_MG_8213.exr,/mnt/data_disk/ZQL/TIP_TMO_result/tradition/BestExposure(Mean)/a3433.png,341,512,0.8298920274240884,0.8188259434197758,0.25761545731950486,0.5344284133246028,0.815480021621994,0.25337680502721155,0.1912216991186142
a3439,/mnt/data_disk/HDRData/1000hdr/HDRtest/a3439-IMG_3798.exr,/mnt/data_disk/ZQL/TIP_TMO_result/tradition/BestExposure(Mean)/a3439.png,341,512,0.9641102747972228,0.8655122956262181,0.9900403722327058,0.9660952065543521,0.9860229877238372,0.946167425384867,0.0963650569319725
a3441,/mnt/data_disk/HDRData/1000hdr/HDRtest/a3441-dgw_064.exr,/mnt/data_disk/ZQL/TIP_TMO_result/tradition/BestExposure(Mean)/a3441.png,341,512,0.7946518688387966,0.7696388471696108,0.16263839339244995,0.4403158441796226,0.6292971621514816,0.25133452620776364,0.24497205018997192
a3444,/mnt/data_disk/HDRData/1000hdr/HDRtest/a3444-WP_CRW_6313.exr,/mnt/data_disk/ZQL/TIP_TMO_result/tradition/BestExposure(Mean)/a3444.png,341,512,0.8280951547675554,0.864799431831005,0.19135355628487355,0.32488712110219703,0.6496725639505874,0.00010167825380671172,0.11126770079135895
a3446,/mnt/data_disk/HDRData/1000hdr/HDRtest/a3446-050730_134124__MG_3716.exr,/mnt/data_disk/ZQL/TIP_TMO_result/tradition/BestExposure(Mean)/a3446.png,341,512,0.860824247687743,0.9503770557819124,0.23838205874010052,0.6905606585413908,0.8011559076112734,0.5799654094715082,0.18310248851776123
a3448,/mnt/data_disk/HDRData/1000hdr/HDRtest/a3448-IMG_0113.exr,/mnt/data_disk/ZQL/TIP_TMO_result/tradition/BestExposure(Mean)/a3448.png,341,512,0.7835418832948401,0.8568292086023828,0.036907637005918724,0.40398258056908265,0.8079651611381653,1.2597914893286715e-18,0.17400112748146057
a3449,/mnt/data_disk/HDRData/1000hdr/HDRtest/a3449-jmac_DSC2669.exr,/mnt/data_disk/ZQL/TIP_TMO_result/tradition/BestExposure(Mean)/a3449.png,340,512,0.9530560826583003,0.953983178038541,0.7574648033609016,0.9060768596373925,0.8433654890126345,0.9687882302621504,0.08755749464035034
a3451,/mnt/data_disk/HDRData/1000hdr/HDRtest/a3451-IMG_1088.exr,/mnt/data_disk/ZQL/TIP_TMO_result/tradition/BestExposure(Mean)/a3451.png,341,512,0.7889490233828744,0.8594349949276975,0.05028282860335768,0.3577670708888909,0.7155341402716956,1.5060862667947616e-09,0.2384830117225647
a3452,/mnt/data_disk/HDRData/1000hdr/HDRtest/a3452-IMG_1205.exr,/mnt/data_disk/ZQL/TIP_TMO_result/tradition/BestExposure(Mean)/a3452.png,341,512,0.8838642602076283,0.974951489961489,0.32093597409789715,0.8133091018584304,0.7837192393606344,0.8428989643562264,0.05764101445674896
a3456,/mnt/data_disk/HDRData/1000hdr/HDRtest/a3456-DSC_0006-1-2.exr,/mnt/data_disk/ZQL/TIP_TMO_result/tradition/BestExposure(Mean)/a3456.png,340,512,0.8470150626453197,0.9087734369779312,0.22390142923970083,0.479779753596492,0.9435495623154263,0.016009944877557712,0.11252672970294952
a3457,/mnt/data_disk/HDRData/1000hdr/HDRtest/a3457-NKIM_025.exr,/mnt/data_disk/ZQL/TIP_TMO_result/tradition/BestExposure(Mean)/a3457.png,341,512,0.9263331761550512,0.9564122960007738,0.5849194288738359,0.8284712484083389,0.8940500143256688,0.7628924824910089,0.14809417724609375
a3460,/mnt/data_disk/HDRData/1000hdr/HDRtest/a3460-20080514_105637__MG_9928.exr,/mnt/data_disk/ZQL/TIP_TMO_result/tradition/BestExposure(Mean)/a3460.png,341,512,0.8308661536790416,0.8826578448010507,0.18257278686199677,0.4161979053122259,0.8318287481709611,0.0005670624534906474,0.1377369910478592
a3462,/mnt/data_disk/HDRData/1000hdr/HDRtest/a3462-dgw_051.exr,/mnt/data_disk/ZQL/TIP_TMO_result/tradition/BestExposure(Mean)/a3462.png,341,512,0.8806318397790566,0.8452208866014959,0.4873172815926944,0.47027058490721835,0.8336607567671477,0.10688041304728901,0.24780401587486267
a3464,/mnt/data_disk/HDRData/1000hdr/HDRtest/a3464-tc_DSC2199.exr,/mnt/data_disk/ZQL/TIP_TMO_result/tradition/BestExposure(Mean)/a3464.png,340,512,0.8696415127696199,0.7787172988081329,0.5326666432088385,0.5547044291940523,0.8188129996387002,0.2905958587494043,0.11639319360256195
a3465,/mnt/data_disk/HDRData/1000hdr/HDRtest/a3465-20060619_114622__MG_9153.exr,/mnt/data_disk/ZQL/TIP_TMO_result/tradition/BestExposure(Mean)/a3465.png,341,512,0.917854727470874,0.8928392394894366,0.633500136624699,0.8775369841569137,0.7708884072398008,0.9841855610740267,0.15031875669956207
a3466,/mnt/data_disk/HDRData/1000hdr/HDRtest/a3466-IMG_3941.exr,/mnt/data_disk/ZQL/TIP_TMO_result/tradition/BestExposure(Mean)/a3466.png,341,512,0.9127998099072933,0.9315631948730478,0.5415674718575723,0.7928550120475862,0.887612501673139,0.6980975224220335,0.12821131944656372
a3468,/mnt/data_disk/HDRData/1000hdr/HDRtest/a3468-IMG_4793.exr,/mnt/data_disk/ZQL/TIP_TMO_result/tradition/BestExposure(Mean)/a3468.png,341,512,0.8913999511366234,0.9053362762849487,0.4569165811740621,0.9547273451375466,0.9346925224697217,0.9747621678053717,0.10517553240060806
a3470,/mnt/data_disk/HDRData/1000hdr/HDRtest/a3470-IMG_0835.exr,/mnt/data_disk/ZQL/TIP_TMO_result/tradition/BestExposure(Mean)/a3470.png,341,512,0.8058334214451917,0.8576064737646597,0.1087740201146586,0.3812919599756519,0.7625831240235625,7.959277412932262e-07,0.2039920836687088
a3474,/mnt/data_disk/HDRData/1000hdr/HDRtest/a3474-jmac_MG_1125.exr,/mnt/data_disk/ZQL/TIP_TMO_result/tradition/BestExposure(Mean)/a3474.png,341,512,0.836842077260776,0.9201983044541319,0.1660524672456864,0.711967332448543,0.7816329626754327,0.6423017022216534,0.09502369910478592
a3477,/mnt/data_disk/HDRData/1000hdr/HDRtest/a3477-_DSC0048.exr,/mnt/data_disk/ZQL/TIP_TMO_result/tradition/BestExposure(Mean)/a3477.png,340,512,0.8336126139926238,0.8814639169031054,0.19596515200030984,0.5051158100007999,0.9254525247663751,0.0847790952352246,0.134537935256958
a3483,/mnt/data_disk/HDRData/1000hdr/HDRtest/a3483-_DSC0023-1.exr,/mnt/data_disk/ZQL/TIP_TMO_result/tradition/BestExposure(Mean)/a3483.png,340,512,0.899768843300176,0.801063656978609,0.6778594500302446,0.9139015186168867,0.8541912410351225,0.973611796198651,0.07378536462783813
a3486,/mnt/data_disk/HDRData/1000hdr/HDRtest/a3486-jmac_DSC3897.exr,/mnt/data_disk/ZQL/TIP_TMO_result/tradition/BestExposure(Mean)/a3486.png,343,512,0.7859593531669188,0.8611362451443558,0.040344197741825925,0.40910081281379523,0.8182016255493182,7.827229296725833e-11,0.1492159515619278
a3491,/mnt/data_disk/HDRData/1000hdr/HDRtest/a3491-DSC_0091.exr,/mnt/data_disk/ZQL/TIP_TMO_result/tradition/BestExposure(Mean)/a3491.png,340,512,0.9459395542383482,0.926545657994956,0.7566324113833963,0.9045706602588742,0.8222105591009274,0.986930761416821,0.13463330268859863
a3493,/mnt/data_disk/HDRData/1000hdr/HDRtest/a3493-IMG_0279.exr,/mnt/data_disk/ZQL/TIP_TMO_result/tradition/BestExposure(Mean)/a3493.png,341,512,0.8072649091606002,0.847149626226067,0.1250390916947615,0.3820165918056732,0.7640330948113316,8.880001483022513e-08,0.16195829212665558
a3499,/mnt/data_disk/HDRData/1000hdr/HDRtest/a3499-jn_2007_12_11__BU_CRUISE_019.exr,/mnt/data_disk/ZQL/TIP_TMO_result/tradition/BestExposure(Mean)/a3499.png,341,512,0.8587153573475841,0.7981225879728601,0.43778491827390986,0.4016809080641912,0.7638581458410398,0.03950367028734253,0.09599239379167557
a3503,/mnt/data_disk/HDRData/1000hdr/HDRtest/a3503-050731_155906__I2E5378.exr,/mnt/data_disk/ZQL/TIP_TMO_result/tradition/BestExposure(Mean)/a3503.png,341,512,0.865943420220712,0.8579747518340006,0.38610242896826813,0.42878022650345216,0.6354178833132422,0.2221425696936621,0.1354445368051529
a3504,/mnt/data_disk/HDRData/1000hdr/HDRtest/a3504-IMG_0903.exr,/mnt/data_disk/ZQL/TIP_TMO_result/tradition/BestExposure(Mean)/a3504.png,341,512,0.8858865798963675,0.9271777310973531,0.39506304685499505,0.9608483144385787,0.9536500106729476,0.9680466182042098,0.1272296905517578
a3505,/mnt/data_disk/HDRData/1000hdr/HDRtest/a3505-CRW_0288.exr,/mnt/data_disk/ZQL/TIP_TMO_result/tradition/BestExposure(Mean)/a3505.png,341,512,0.9142216067952149,0.8956991284353583,0.6064109540071501,0.9288005674499875,0.8779741475713432,0.979626987328632,0.21493132412433624
a3508,/mnt/data_disk/HDRData/1000hdr/HDRtest/a3508-NKIM_095.exr,/mnt/data_disk/ZQL/TIP_TMO_result/tradition/BestExposure(Mean)/a3508.png,341,512,0.8036832319513243,0.8899271240137712,0.07083934197345299,0.38116691787457474,0.7623337857609634,4.998818601664148e-08,0.2689504623413086
a3509,/mnt/data_disk/HDRData/1000hdr/HDRtest/a3509-_DGW6337.exr,/mnt/data_disk/ZQL/TIP_TMO_result/tradition/BestExposure(Mean)/a3509.png,341,512,0.8948056207126601,0.923709979924913,0.44921904113845823,0.5699483520146484,0.8038907809082888,0.3360059231210081,0.3237474262714386
a3510,/mnt/data_disk/HDRData/1000hdr/HDRtest/a3510-JI2E4365.exr,/mnt/data_disk/ZQL/TIP_TMO_result/tradition/BestExposure(Mean)/a3510.png,341,512,0.7909888707981878,0.7822536840118748,0.1328280325776924,0.3062902301487466,0.6125720863899787,8.373907514559067e-06,0.23877911269664764
a3511,/mnt/data_disk/HDRData/1000hdr/HDRtest/a3511-jmac_MG_0542.exr,/mnt/data_disk/ZQL/TIP_TMO_result/tradition/BestExposure(Mean)/a3511.png,341,512,0.8736104936331962,0.892924326877655,0.3770454519080055,0.7654633906274311,0.9149209369092204,0.6160058443456419,0.0869886502623558
a3512,/mnt/data_disk/HDRData/1000hdr/HDRtest/a3512-LSstone_060805_9380.exr,/mnt/data_disk/ZQL/TIP_TMO_result/tradition/BestExposure(Mean)/a3512.png,341,512,0.8089882483243795,0.8573021705668187,0.12100732431550858,0.37830603496106985,0.7566109250707261,1.144851413525447e-06,0.12665218114852905
a3521,/mnt/data_disk/HDRData/1000hdr/HDRtest/a3521-JI2E5091.exr,/mnt/data_disk/ZQL/TIP_TMO_result/tradition/BestExposure(Mean)/a3521.png,341,512,0.8998560933369717,0.8273950459695479,0.6318989527875759,0.9204608344903629,0.9021029308746141,0.9388187381061117,0.10991761833429337
a3522,/mnt/data_disk/HDRData/1000hdr/HDRtest/a3522-IMG_4772.exr,/mnt/data_disk/ZQL/TIP_TMO_result/tradition/BestExposure(Mean)/a3522.png,341,512,0.9275811922779987,0.9235505336990298,0.644163275891029,0.846636502837272,0.8304693739212536,0.8628036317532903,0.08478660881519318
a3525,/mnt/data_disk/HDRData/1000hdr/HDRtest/a3525-IMG_0713.exr,/mnt/data_disk/ZQL/TIP_TMO_result/tradition/BestExposure(Mean)/a3525.png,341,512,0.9858828891401119,0.9827215944744272,0.9306430449232461,0.8515285826149164,0.940372031647302,0.7626851335825308,0.1599174439907074
a3529,/mnt/data_disk/HDRData/1000hdr/HDRtest/a3529-WP_CRW_0659.exr,/mnt/data_disk/ZQL/TIP_TMO_result/tradition/BestExposure(Mean)/a3529.png,341,512,0.8372499716504337,0.9385283707324953,0.14825551860597533,0.4044356793798255,0.807134037942837,0.0017373208168139647,0.13055622577667236
a3531,/mnt/data_disk/HDRData/1000hdr/HDRtest/a3531-07-06-30-at-04h02m08s-_MG_1936.exr,/mnt/data_disk/ZQL/TIP_TMO_result/tradition/BestExposure(Mean)/a3531.png,341,512,0.7425490194476784,0.7390503388250247,0.018711448931391993,0.2359518472457037,0.4719036944914074,1.2749445188885054e-18,0.14607416093349457
a3540,/mnt/data_disk/HDRData/1000hdr/HDRtest/a3540-07-12-02-at-14h05m14s-_MG_8949.exr,/mnt/data_disk/ZQL/TIP_TMO_result/tradition/BestExposure(Mean)/a3540.png,341,512,0.8710051444177571,0.9189100346694304,0.3278312274103096,0.3822884492821089,0.730433749255154,0.03414314930906377,0.1957366019487381
a3541,/mnt/data_disk/HDRData/1000hdr/HDRtest/a3541-IMG_4107.exr,/mnt/data_disk/ZQL/TIP_TMO_result/tradition/BestExposure(Mean)/a3541.png,341,512,0.9298805693681045,0.8844293794705232,0.723833928079806,0.8004659032992263,0.7741171653746474,0.8268146412238051,0.10529008507728577
a3545,/mnt/data_disk/HDRData/1000hdr/HDRtest/a3545-jmac_DSC0491.exr,/mnt/data_disk/ZQL/TIP_TMO_result/tradition/BestExposure(Mean)/a3545.png,340,512,0.9720564418979026,0.9121611668508773,0.9589634149578024,0.9300264831562948,0.8916570788852353,0.9683958874273544,0.07630036026239395
a3548,/mnt/data_disk/HDRData/1000hdr/HDRtest/a3548-CRW_0993.exr,/mnt/data_disk/ZQL/TIP_TMO_result/tradition/BestExposure(Mean)/a3548.png,341,512,0.8533206074969657,0.9114753564425777,0.2500346559186861,0.4623721412537267,0.907847770124078,0.016896512383375455,0.09662801027297974
a3549,/mnt/data_disk/HDRData/1000hdr/HDRtest/a3549-KE_-2455.exr,/mnt/data_disk/ZQL/TIP_TMO_result/tradition/BestExposure(Mean)/a3549.png,340,512,0.9448478849133568,0.9516148623677171,0.7081334082481974,0.9154550565978414,0.8403663777102977,0.9905437354853851,0.09662715345621109
a3557,/mnt/data_disk/HDRData/1000hdr/HDRtest/a3557-IMG_1507.exr,/mnt/data_disk/ZQL/TIP_TMO_result/tradition/BestExposure(Mean)/a3557.png,341,512,0.9117151444702041,0.9649694784266993,0.48578584148138526,0.9152817710349492,0.8529207292785879,0.9776428127913105,0.07255131751298904
a3563,/mnt/data_disk/HDRData/1000hdr/HDRtest/a3563-07-11-30-at-15h55m08s-_MG_8326.exr,/mnt/data_disk/ZQL/TIP_TMO_result/tradition/BestExposure(Mean)/a3563.png,341,512,0.753091520679835,0.7793960980931401,0.01570337684431275,0.19066826623848493,0.381336209576952,3.229000178618161e-07,0.133832186460495
a3571,/mnt/data_disk/HDRData/1000hdr/HDRtest/a3571-IMG_0290.exr,/mnt/data_disk/ZQL/TIP_TMO_result/tradition/BestExposure(Mean)/a3571.png,341,512,0.8990951949519553,0.8992056491323587,0.5103357533887058,0.8947426401526898,0.8940430972160806,0.895442183089299,0.04538704827427864
a3575,/mnt/data_disk/HDRData/1000hdr/HDRtest/a3575-IMG_0834.exr,/mnt/data_disk/ZQL/TIP_TMO_result/tradition/BestExposure(Mean)/a3575.png,341,512,0.8446631519274498,0.8487198645286216,0.28919054292558083,0.4226974908912195,0.841445780142914,0.003949201639524918,0.19012311100959778
a3576,/mnt/data_disk/HDRData/1000hdr/HDRtest/a3576-LS051026_day_15_LL003.exr,/mnt/data_disk/ZQL/TIP_TMO_result/tradition/BestExposure(Mean)/a3576.png,341,512,0.8755029902903393,0.9373257628968473,0.32662243825499093,0.8128175576510813,0.9431019700783767,0.6825331452237859,0.1437511295080185
a3585,/mnt/data_disk/HDRData/1000hdr/HDRtest/a3585-IMG_4211.exr,/mnt/data_disk/ZQL/TIP_TMO_result/tradition/BestExposure(Mean)/a3585.png,341,512,0.8477383156107371,0.8522496589154491,0.2996840210019879,0.681806159927833,0.8031469862480627,0.5604653336076033,0.11286672204732895
a3586,/mnt/data_disk/HDRData/1000hdr/HDRtest/a3586-IMG_4591.exr,/mnt/data_disk/ZQL/TIP_TMO_result/tradition/BestExposure(Mean)/a3586.png,341,512,0.9664698827523046,0.9059252991278188,0.9313159630955766,0.8908251005316331,0.8461830250973414,0.9354671759659248,0.16127173602581024
a3588,/mnt/data_disk/HDRData/1000hdr/HDRtest/a3588-CRW_0983.exr,/mnt/data_disk/ZQL/TIP_TMO_result/tradition/BestExposure(Mean)/a3588.png,341,512,0.8233297135671919,0.9035415215503434,0.12879157674946692,0.360319617046987,0.7206109049023051,2.8329191668968094e-05,0.1193353459239006
a3591,/mnt/data_disk/HDRData/1000hdr/HDRtest/a3591-07-11-30-at-16h19m33s-_MG_8384.exr,/mnt/data_disk/ZQL/TIP_TMO_result/tradition/BestExposure(Mean)/a3591.png,341,512,0.8049476010132275,0.8941703618361105,0.07130993180674776,0.3132021634852135,0.6257851134019762,0.00061921356845084,0.1784551590681076
a3593,/mnt/data_disk/HDRData/1000hdr/HDRtest/a3593-_DSC5689.exr,/mnt/data_disk/ZQL/TIP_TMO_result/tradition/BestExposure(Mean)/a3593.png,341,512,0.7385202961552223,0.7507975023549025,0.004480437900493198,0.24817214608129382,0.49634429216258763,2.3958864763578037e-23,0.215709388256073
a3600,/mnt/data_disk/HDRData/1000hdr/HDRtest/a3600-JI2E3496.exr,/mnt/data_disk/ZQL/TIP_TMO_result/tradition/BestExposure(Mean)/a3600.png,341,512,0.8242645444908288,0.8734355214100841,0.16493526340519948,0.3546055164082005,0.6989241332874092,0.010286899528991785,0.19897809624671936
a3602,/mnt/data_disk/HDRData/1000hdr/HDRtest/a3602-_DSC9759.exr,/mnt/data_disk/ZQL/TIP_TMO_result/tradition/BestExposure(Mean)/a3602.png,341,512,0.951181220791518,0.9206779428286248,0.801204864102776,0.9124676436628112,0.8278952504856819,0.9970400368399405,0.12048801779747009
a3605,/mnt/data_disk/HDRData/1000hdr/HDRtest/a3605-IMG_2772.exr,/mnt/data_disk/ZQL/TIP_TMO_result/tradition/BestExposure(Mean)/a3605.png,341,512,0.9223434084355684,0.8769246464663408,0.6883312097048073,0.9719971308770603,0.9542880945351958,0.9897061672189248,0.08764693886041641
a3608,/mnt/data_disk/HDRData/1000hdr/HDRtest/a3608-NKIM_MG_7004.exr,/mnt/data_disk/ZQL/TIP_TMO_result/tradition/BestExposure(Mean)/a3608.png,341,512,0.8779051261779129,0.9337068074199979,0.34379744724116423,0.6632169497629579,0.8229929303412971,0.5034409691846188,0.08179138600826263
a3609,/mnt/data_disk/HDRData/1000hdr/HDRtest/a3609-IMG_1702.exr,/mnt/data_disk/ZQL/TIP_TMO_result/tradition/BestExposure(Mean)/a3609.png,341,512,0.8829774400387007,0.9179019208614891,0.39227785750496974,0.838452471871612,0.7026650026485637,0.9742399410946602,0.13657796382904053
a3613,/mnt/data_disk/HDRData/1000hdr/HDRtest/a3613-_DSC3264.exr,/mnt/data_disk/ZQL/TIP_TMO_result/tradition/BestExposure(Mean)/a3613.png,341,512,0.7991311499448205,0.8445441243320374,0.09729379154413677,0.3261455073362369,0.6522910136751306,9.973431482139706e-10,0.1817941814661026
a3623,/mnt/data_disk/HDRData/1000hdr/HDRtest/a3623-20051220_201437__MG_9239.exr,/mnt/data_disk/ZQL/TIP_TMO_result/tradition/BestExposure(Mean)/a3623.png,341,512,0.8302827921823616,0.8691270439755382,0.19584664784441916,0.4494155169405715,0.8539930162129068,0.044838017668236266,0.25194820761680603
a3624,/mnt/data_disk/HDRData/1000hdr/HDRtest/a3624-DSC_0070.exr,/mnt/data_disk/ZQL/TIP_TMO_result/tradition/BestExposure(Mean)/a3624.png,340,512,0.9563955229939031,0.959403757228665,0.7704252163073276,0.9008603711345395,0.9020672707497096,0.8996534715193695,0.08210407942533493
a3628,/mnt/data_disk/HDRData/1000hdr/HDRtest/a3628-_DSC9996.exr,/mnt/data_disk/ZQL/TIP_TMO_result/tradition/BestExposure(Mean)/a3628.png,341,512,0.8140973102899681,0.8340272795818392,0.16733060379502995,0.30208168252335127,0.6041569346845291,6.430362173404131e-06,0.15788140892982483
a3633,/mnt/data_disk/HDRData/1000hdr/HDRtest/a3633-JI2E3892.exr,/mnt/data_disk/ZQL/TIP_TMO_result/tradition/BestExposure(Mean)/a3633.png,341,512,0.7913226988402515,0.8397925179408899,0.07473260517167087,0.25043036231384613,0.4960855365036665,0.0047751881240257745,0.08812440186738968
a3634,/mnt/data_disk/HDRData/1000hdr/HDRtest/a3634-IMG_4959.exr,/mnt/data_disk/ZQL/TIP_TMO_result/tradition/BestExposure(Mean)/a3634.png,341,512,0.8846128720810038,0.8930432643970887,0.4369515301309009,0.6266660574070567,0.6823270787697141,0.5710050360443993,0.23724764585494995
a3635,/mnt/data_disk/HDRData/1000hdr/HDRtest/a3635-IMG_4031.exr,/mnt/data_disk/ZQL/TIP_TMO_result/tradition/BestExposure(Mean)/a3635.png,341,512,0.8885117316243959,0.8844111400466926,0.4718371227684794,0.41812137611694844,0.7643249744855005,0.0719177777483963,0.2313539832830429
a3636,/mnt/data_disk/HDRData/1000hdr/HDRtest/a3636-20041222_195608__E6B6989.exr,/mnt/data_disk/ZQL/TIP_TMO_result/tradition/BestExposure(Mean)/a3636.png,341,512,0.8372826380759745,0.9151869383549026,0.1734147930375847,0.48002277870491616,0.789508899706204,0.17053665770362833,0.09424438327550888
a3641,/mnt/data_disk/HDRData/1000hdr/HDRtest/a3641-_DSC4628.exr,/mnt/data_disk/ZQL/TIP_TMO_result/tradition/BestExposure(Mean)/a3641.png,341,512,0.8391668248470742,0.903957103555561,0.19426251492936894,0.43368442509496924,0.8612418954022006,0.006126954787737878,0.25455325841903687
a3644,/mnt/data_disk/HDRData/1000hdr/HDRtest/a3644-jmac_MG_5959.exr,/mnt/data_disk/ZQL/TIP_TMO_result/tradition/BestExposure(Mean)/a3644.png,341,512,0.8396420290062085,0.8857941987238075,0.21784017182336154,0.44224270362213464,0.8831478942449666,0.0013375129993025948,0.18601758778095245
a3649,/mnt/data_disk/HDRData/1000hdr/HDRtest/a3649-WP_CRW_0691.exr,/mnt/data_disk/ZQL/TIP_TMO_result/tradition/BestExposure(Mean)/a3649.png,341,512,0.9859375968981603,0.9458228685621156,0.9958598450912928,0.9139483233940243,0.9485282899445664,0.8793683568434822,0.07010098546743393
a3654,/mnt/data_disk/HDRData/1000hdr/HDRtest/a3654-IMG_0777.exr,/mnt/data_disk/ZQL/TIP_TMO_result/tradition/BestExposure(Mean)/a3654.png,341,512,0.8886105720016401,0.9098973627154052,0.4345934589143404,0.7821881469894957,0.8287585923593825,0.7356177016196088,0.1664355993270874
a3658,/mnt/data_disk/HDRData/1000hdr/HDRtest/a3658-jmac_MG_0418.exr,/mnt/data_disk/ZQL/TIP_TMO_result/tradition/BestExposure(Mean)/a3658.png,341,512,0.8917331033461162,0.9102963378805635,0.45149384589510466,0.8064966778065301,0.6692244665688949,0.9437688890441653,0.10591534525156021
a3670,/mnt/data_disk/HDRData/1000hdr/HDRtest/a3670-jmac_MG_5917.exr,/mnt/data_disk/ZQL/TIP_TMO_result/tradition/BestExposure(Mean)/a3670.png,341,512,0.9909755726434066,0.9723009792976715,0.9844335596494898,0.9067214548029092,0.8507008203722348,0.9627420892335837,0.08447565883398056
a3673,/mnt/data_disk/HDRData/1000hdr/HDRtest/a3673-_DSC1109.exr,/mnt/data_disk/ZQL/TIP_TMO_result/tradition/BestExposure(Mean)/a3673.png,341,512,0.8536797340853458,0.9245131634044983,0.23585110275616572,0.42140815423206124,0.8400573540287768,0.002758954435345632,0.30582332611083984
a3677,/mnt/data_disk/HDRData/1000hdr/HDRtest/a3677-IMG_4696.exr,/mnt/data_disk/ZQL/TIP_TMO_result/tradition/BestExposure(Mean)/a3677.png,341,512,0.8708752566187568,0.9020908899096719,0.34984495586720127,0.950849896764694,0.9177054199725834,0.9839943735568046,0.14180044829845428
a3686,/mnt/data_disk/HDRData/1000hdr/HDRtest/a3686-jmac_MG_0353.exr,/mnt/data_disk/ZQL/TIP_TMO_result/tradition/BestExposure(Mean)/a3686.png,341,512,0.8287863372397529,0.8655825426275914,0.19346074441885358,0.3522313036054118,0.7043576965156897,0.00010491069513391725,0.2764575183391571
a3688,/mnt/data_disk/HDRData/1000hdr/HDRtest/a3688-jmac_MG_1424.exr,/mnt/data_disk/ZQL/TIP_TMO_result/tradition/BestExposure(Mean)/a3688.png,341,512,0.9734049503778842,0.9591282639988588,0.8851022783116607,0.9379106879855643,0.8996058851899643,0.9762154907811643,0.14578071236610413
a3689,/mnt/data_disk/HDRData/1000hdr/HDRtest/a3689-JI2E3798.exr,/mnt/data_disk/ZQL/TIP_TMO_result/tradition/BestExposure(Mean)/a3689.png,341,512,0.9024830804392547,0.8343005787356671,0.6363112685245502,0.9473407529993734,0.9037075460887752,0.9909739599099714,0.09178704023361206
a3696,/mnt/data_disk/HDRData/1000hdr/HDRtest/a3696-jmac_DSC1242.exr,/mnt/data_disk/ZQL/TIP_TMO_result/tradition/BestExposure(Mean)/a3696.png,343,512,0.8864115404312053,0.9242596839967311,0.4019922976783257,0.9681590855387019,0.9438477972837567,0.9924703737936471,0.1435849368572235
a3697,/mnt/data_disk/HDRData/1000hdr/HDRtest/a3697-07-11-24-at-16h05m35s-_MG_6729.exr,/mnt/data_disk/ZQL/TIP_TMO_result/tradition/BestExposure(Mean)/a3697.png,341,512,0.8983844025282819,0.9280778936105778,0.46307675741240595,0.6277715045389038,0.7449913615085452,0.5105516475692624,0.14214573800563812
a3700,/mnt/data_disk/HDRData/1000hdr/HDRtest/a3700-tc_DSC1892.exr,/mnt/data_disk/ZQL/TIP_TMO_result/tradition/BestExposure(Mean)/a3700.png,340,512,0.8739979635509735,0.8739454474244072,0.4064079609458958,0.3935037535324523,0.7248940104698427,0.062113496595061934,0.10036755353212357
a3706,/mnt/data_disk/HDRData/1000hdr/HDRtest/a3706-dgw_065.exr,/mnt/data_disk/ZQL/TIP_TMO_result/tradition/BestExposure(Mean)/a3706.png,341,512,0.8263128503033057,0.8759527389057387,0.17073408503780582,0.4214959076081214,0.8421830977498992,0.0008087174663436281,0.2834107279777527
a3707,/mnt/data_disk/HDRData/1000hdr/HDRtest/a3707-NKIM_121.exr,/mnt/data_disk/ZQL/TIP_TMO_result/tradition/BestExposure(Mean)/a3707.png,341,512,0.8728065457813797,0.837955182309574,0.4541187810118967,0.44703698458508623,0.8496273543753706,0.044446614794801866,0.19380295276641846
a3710,/mnt/data_disk/HDRData/1000hdr/HDRtest/a3710-07-11-20-at-16h52m05s-_MG_5742.exr,/mnt/data_disk/ZQL/TIP_TMO_result/tradition/BestExposure(Mean)/a3710.png,341,512,0.8908268264471949,0.8641497916188748,0.5165927700233907,0.8812960832802094,0.80330514835162,0.9592870182087987,0.0784536674618721
a3712,/mnt/data_disk/HDRData/1000hdr/HDRtest/a3712-IMG_4852.exr,/mnt/data_disk/ZQL/TIP_TMO_result/tradition/BestExposure(Mean)/a3712.png,341,512,0.9383978635059564,0.9241400219475631,0.7117379957014831,0.9426046280629605,0.9062442151435487,0.9789650409823725,0.09820505231618881
a3715,/mnt/data_disk/HDRData/1000hdr/HDRtest/a3715-_MG_7773.exr,/mnt/data_disk/ZQL/TIP_TMO_result/tradition/BestExposure(Mean)/a3715.png,341,512,0.8093436889571056,0.8538901124342024,0.12596103689290486,0.3613931662211729,0.7227812616293272,5.070813018578579e-06,0.2072441577911377
a3716,/mnt/data_disk/HDRData/1000hdr/HDRtest/a3716-IMG_0301.exr,/mnt/data_disk/ZQL/TIP_TMO_result/tradition/BestExposure(Mean)/a3716.png,341,512,0.8260483748722213,0.8209191195306668,0.2366907150731623,0.2916458491051165,0.5831429426628092,0.00014875554742377586,0.06069078668951988
a3719,/mnt/data_disk/HDRData/1000hdr/HDRtest/a3719-07-11-29-at-15h43m28s-_MG_8075.exr,/mnt/data_disk/ZQL/TIP_TMO_result/tradition/BestExposure(Mean)/a3719.png,341,512,0.8238233063811231,0.9220471716766497,0.11224626140931404,0.3875100841386327,0.7750195518170625,6.164602028380886e-07,0.30306631326675415
a3720,/mnt/data_disk/HDRData/1000hdr/HDRtest/a3720-jmac_MG_0851.exr,/mnt/data_disk/ZQL/TIP_TMO_result/tradition/BestExposure(Mean)/a3720.png,341,512,0.9493443192226719,0.9185989994924968,0.7925752346690444,0.914696919474903,0.8337022415426539,0.995691597407152,0.1622607558965683
a3721,/mnt/data_disk/HDRData/1000hdr/HDRtest/a3721-KE_-01.exr,/mnt/data_disk/ZQL/TIP_TMO_result/tradition/BestExposure(Mean)/a3721.png,340,512,0.8847213766528561,0.871476212660107,0.4699306224405828,0.3720916080109623,0.703586692861326,0.04059652316059864,0.1793707013130188
a3724,/mnt/data_disk/HDRData/1000hdr/HDRtest/a3724-20060101_092918__E6B0305.exr,/mnt/data_disk/ZQL/TIP_TMO_result/tradition/BestExposure(Mean)/a3724.png,341,512,0.9425351849877814,0.9514839012597447,0.6935465103400372,0.8840846462301056,0.9117751635562703,0.856394128903941,0.23570562899112701
a3727,/mnt/data_disk/HDRData/1000hdr/HDRtest/a3727-2004-01-18 11-49-42 CRW_2889.exr,/mnt/data_disk/ZQL/TIP_TMO_result/tradition/BestExposure(Mean)/a3727.png,341,512,0.8958167952557916,0.9550703873588926,0.4104709315381923,0.7588723969924607,0.552514335812941,0.9652304581719805,0.1436193436384201
a3729,/mnt/data_disk/HDRData/1000hdr/HDRtest/a3729-07-11-24-at-21h39m19s-_MG_6853.exr,/mnt/data_disk/ZQL/TIP_TMO_result/tradition/BestExposure(Mean)/a3729.png,341,512,0.8679612054979352,0.8501345417991174,0.40862852939330635,0.4402162622898619,0.6484830648403447,0.23194945973937914,0.11485984176397324
a3730,/mnt/data_disk/HDRData/1000hdr/HDRtest/a3730-IMG_0113.exr,/mnt/data_disk/ZQL/TIP_TMO_result/tradition/BestExposure(Mean)/a3730.png,341,512,0.7122740258117364,0.6577578395984714,0.009003806209176275,0.15419219897707476,0.30838439795414196,7.57671608954947e-15,0.2124159336090088
a3732,/mnt/data_disk/HDRData/1000hdr/HDRtest/a3732-_DGW6272.exr,/mnt/data_disk/ZQL/TIP_TMO_result/tradition/BestExposure(Mean)/a3732.png,341,512,0.9378268733834346,0.9295779500224747,0.6991078381727753,0.9349692414951596,0.8920952036173757,0.9778432793729434,0.09998983889818192
a3733,/mnt/data_disk/HDRData/1000hdr/HDRtest/a3733-WP_CRW_4827.exr,/mnt/data_disk/ZQL/TIP_TMO_result/tradition/BestExposure(Mean)/a3733.png,341,512,0.8109899793913238,0.8509326905378204,0.1355863834623453,0.3072279011864897,0.614415239328118,4.056304486133457e-05,0.13841961324214935
a3735,/mnt/data_disk/HDRData/1000hdr/HDRtest/a3735-_MG_7825.exr,/mnt/data_disk/ZQL/TIP_TMO_result/tradition/BestExposure(Mean)/a3735.png,341,512,0.7859741951940623,0.8587423236344185,0.042205892231827344,0.7493110988906095,0.8862598296156793,0.6123623681655399,0.1616506427526474
a3737,/mnt/data_disk/HDRData/1000hdr/HDRtest/a3737-dgw_022.exr,/mnt/data_disk/ZQL/TIP_TMO_result/tradition/BestExposure(Mean)/a3737.png,341,512,0.8237186270054906,0.8469389559877757,0.1934640504804519,0.33586633442365676,0.6700736408344066,0.0016590280129069267,0.16980288922786713
a3739,/mnt/data_disk/HDRData/1000hdr/HDRtest/a3739-KE_-0068.exr,/mnt/data_disk/ZQL/TIP_TMO_result/tradition/BestExposure(Mean)/a3739.png,340,512,0.8141543474838471,0.9122088511050106,0.08648206228787532,0.9626750953239827,0.9556076239101607,0.9697425667378045,0.0853704884648323
a3740,/mnt/data_disk/HDRData/1000hdr/HDRtest/a3740-_DSC1411.exr,/mnt/data_disk/ZQL/TIP_TMO_result/tradition/BestExposure(Mean)/a3740.png,341,512,0.7491458990605686,0.7342955414927183,0.0388329694435834,0.22449347952515875,0.44898695545612466,3.5941928135049643e-09,0.09914690256118774
a3742,/mnt/data_disk/HDRData/1000hdr/HDRtest/a3742-IMG_0206.exr,/mnt/data_disk/ZQL/TIP_TMO_result/tradition/BestExposure(Mean)/a3742.png,341,512,0.7763112347272708,0.8214303047169259,0.04395801216765188,0.39262918733183333,0.7852583746636662,4.584010103837266e-16,0.23499354720115662
a3743,/mnt/data_disk/HDRData/1000hdr/HDRtest/a3743-DSC_0038.exr,/mnt/data_disk/ZQL/TIP_TMO_result/tradition/BestExposure(Mean)/a3743.png,340,512,0.8493723028194068,0.8863046371041345,0.2627699277448749,0.7817372619437575,0.7803341065475226,0.7831404173399925,0.09294623136520386
a3744,/mnt/data_disk/HDRData/1000hdr/HDRtest/a3744-NKIM_MG_6757.exr,/mnt/data_disk/ZQL/TIP_TMO_result/tradition/BestExposure(Mean)/a3744.png,341,512,0.7462246693542592,0.767214182951248,0.00918030085448695,0.33017149162048975,0.6603429832409795,4.539415577216813e-27,0.16760563850402832
a3749,/mnt/data_disk/HDRData/1000hdr/HDRtest/a3749-IMG_4592.exr,/mnt/data_disk/ZQL/TIP_TMO_result/tradition/BestExposure(Mean)/a3749.png,341,512,0.8159749389162172,0.7996192589179208,0.21799286833735826,0.4461000332885364,0.8844145488081467,0.007785517768926158,0.20190225541591644
a3750,/mnt/data_disk/HDRData/1000hdr/HDRtest/a3750-IMG_4253.exr,/mnt/data_disk/ZQL/TIP_TMO_result/tradition/BestExposure(Mean)/a3750.png,341,512,0.7451380142134543,0.7346541075094849,0.02799337471573243,0.2887780319337177,0.5775560638674134,2.2001215045768924e-14,0.16708898544311523
a3753,/mnt/data_disk/HDRData/1000hdr/HDRtest/a3753-dgw_073.exr,/mnt/data_disk/ZQL/TIP_TMO_result/tradition/BestExposure(Mean)/a3753.png,341,512,0.7948932426453961,0.9032819563932554,0.03411482386144593,0.4736439386290212,0.8901403026050365,0.0571475746530059,0.37766575813293457
a3754,/mnt/data_disk/HDRData/1000hdr/HDRtest/a3754-050731_151704__I2E5362.exr,/mnt/data_disk/ZQL/TIP_TMO_result/tradition/BestExposure(Mean)/a3754.png,341,512,0.9600993995148555,0.9517470046667643,0.8077317542846699,0.8809825671195313,0.7698147174271124,0.9921504168119503,0.09190819412469864
a3756,/mnt/data_disk/HDRData/1000hdr/HDRtest/a3756-jmac_MG_5949.exr,/mnt/data_disk/ZQL/TIP_TMO_result/tradition/BestExposure(Mean)/a3756.png,341,512,0.9665065605349081,0.9216843351269896,0.9032322178977651,0.9319425636138368,0.8719158646774953,0.9919692625501781,0.1123749241232872
a3760,/mnt/data_disk/HDRData/1000hdr/HDRtest/a3760-IMG_2504.exr,/mnt/data_disk/ZQL/TIP_TMO_result/tradition/BestExposure(Mean)/a3760.png,341,512,0.9949582813387488,0.9801731941710086,0.9987984444250196,0.9225350232347517,0.9750321989912921,0.8700378474782112,0.06885106861591339
a3764,/mnt/data_disk/HDRData/1000hdr/HDRtest/a3764-20060618_093109__MG_8792.exr,/mnt/data_disk/ZQL/TIP_TMO_result/tradition/BestExposure(Mean)/a3764.png,341,512,0.8603431784431202,0.9015003890207035,0.29685722314746565,0.9591390658784917,0.919338515274436,0.9989396164825476,0.1579596996307373
a3766,/mnt/data_disk/HDRData/1000hdr/HDRtest/a3766-20041219_194831__E6B5558.exr,/mnt/data_disk/ZQL/TIP_TMO_result/tradition/BestExposure(Mean)/a3766.png,341,512,0.7046138099851534,0.6286752151342073,0.012778648767258505,0.25968967288796574,0.5193793457759315,8.541727492699073e-26,0.08278746157884598
a3769,/mnt/data_disk/HDRData/1000hdr/HDRtest/a3769-IMG_3943.exr,/mnt/data_disk/ZQL/TIP_TMO_result/tradition/BestExposure(Mean)/a3769.png,341,512,0.9568949763835393,0.929075617674862,0.8249243665226844,0.9693241586216906,0.9465503785478088,0.9920979386955725,0.08844214677810669
a3771,/mnt/data_disk/HDRData/1000hdr/HDRtest/a3771-07-06-01-at-13h03m06-s_MG_1256.exr,/mnt/data_disk/ZQL/TIP_TMO_result/tradition/BestExposure(Mean)/a3771.png,341,512,0.9071278818314699,0.888657536705223,0.5745546058693475,0.8604861803238395,0.84036247945487,0.8806098811928089,0.21563509106636047
a3772,/mnt/data_disk/HDRData/1000hdr/HDRtest/a3772-dgw_123.exr,/mnt/data_disk/ZQL/TIP_TMO_result/tradition/BestExposure(Mean)/a3772.png,341,512,0.8368968856307712,0.9153750282773501,0.17156610200006142,0.3920476970004813,0.7800196224720582,0.004075771528904333,0.18151786923408508
a3774,/mnt/data_disk/HDRData/1000hdr/HDRtest/a3774-_DSC0017.exr,/mnt/data_disk/ZQL/TIP_TMO_result/tradition/BestExposure(Mean)/a3774.png,340,512,0.8124098085404257,0.8939465444654854,0.09724376592014827,0.3772181775565227,0.7543619730728222,7.43820402232908e-05,0.1364862024784088
a3778,/mnt/data_disk/HDRData/1000hdr/HDRtest/a3778-IMG_4838.exr,/mnt/data_disk/ZQL/TIP_TMO_result/tradition/BestExposure(Mean)/a3778.png,341,512,0.8062709171580111,0.8624787968408176,0.10550405476045645,0.3341385984830811,0.6676772773101225,0.0005999196560396609,0.2587282061576843
a3780,/mnt/data_disk/HDRData/1000hdr/HDRtest/a3780-JI2E3902.exr,/mnt/data_disk/ZQL/TIP_TMO_result/tradition/BestExposure(Mean)/a3780.png,341,512,0.9645407354717541,0.9176685338967069,0.8968520409109382,0.9568552969636774,0.9146398470532926,0.9990707468740623,0.12372110784053802
a3781,/mnt/data_disk/HDRData/1000hdr/HDRtest/a3781-2004-06-24 06-45-08 CRW_2040.exr,/mnt/data_disk/ZQL/TIP_TMO_result/tradition/BestExposure(Mean)/a3781.png,341,512,0.8892353289749511,0.9123560328512159,0.4345077716828197,0.9350342915370322,0.9268886510198037,0.9431799320542607,0.08447618037462234
a3783,/mnt/data_disk/HDRData/1000hdr/HDRtest/a3783-KE_-0052.exr,/mnt/data_disk/ZQL/TIP_TMO_result/tradition/BestExposure(Mean)/a3783.png,340,512,0.8065303368120575,0.8154122728379192,0.15741467140767493,0.3625235101295167,0.7248656395028094,0.00018138075622411642,0.11509788036346436
a3786,/mnt/data_disk/HDRData/1000hdr/HDRtest/a3786-_I2E8191.exr,/mnt/data_disk/ZQL/TIP_TMO_result/tradition/BestExposure(Mean)/a3786.png,341,512,0.7923136419657922,0.918848910848245,0.017947466072371996,0.423934525563089,0.8365173906874017,0.011351660438776357,0.13059864938259125
a3796,/mnt/data_disk/HDRData/1000hdr/HDRtest/a3796-NKIM_MG_7319.exr,/mnt/data_disk/ZQL/TIP_TMO_result/tradition/BestExposure(Mean)/a3796.png,341,512,0.7761673020952483,0.7623866048416319,0.09871440928174606,0.21437317846390538,0.428659890432196,8.646649561475271e-05,0.21790243685245514
a3798,/mnt/data_disk/HDRData/1000hdr/HDRtest/a3798-IMG_2539.exr,/mnt/data_disk/ZQL/TIP_TMO_result/tradition/BestExposure(Mean)/a3798.png,341,512,0.7846488303726027,0.8847969746760594,0.020793802034392395,0.28840921659813334,0.5767823054869112,3.612770935544373e-05,0.1995045393705368
a3800,/mnt/data_disk/HDRData/1000hdr/HDRtest/a3800-dgw_090.exr,/mnt/data_disk/ZQL/TIP_TMO_result/tradition/BestExposure(Mean)/a3800.png,341,512,0.8950138290537,0.8910698499769799,0.49907214516533766,0.7284120940915835,0.8299437893431109,0.626880398840056,0.12686103582382202
a3804,/mnt/data_disk/HDRData/1000hdr/HDRtest/a3804-_DSC3608.exr,/mnt/data_disk/ZQL/TIP_TMO_result/tradition/BestExposure(Mean)/a3804.png,343,512,0.8655682295979421,0.8244261119519748,0.43459845793363544,0.5082816660400847,0.7725828286907775,0.24398050338939192,0.0620383620262146
a3816,/mnt/data_disk/HDRData/1000hdr/HDRtest/a3816-jmac_DSC3118.exr,/mnt/data_disk/ZQL/TIP_TMO_result/tradition/BestExposure(Mean)/a3816.png,340,512,0.9220464634002123,0.9536585089745805,0.5632275923656299,0.967724485448812,0.9461858304438981,0.9892631404537258,0.12035208195447922
a3820,/mnt/data_disk/HDRData/1000hdr/HDRtest/a3820-dgw_025.exr,/mnt/data_disk/ZQL/TIP_TMO_result/tradition/BestExposure(Mean)/a3820.png,341,512,0.6265466898311923,0.4155476353013215,0.022229333264353612,0.3286398565473595,0.6572306147771569,4.909831756209168e-05,0.09257671982049942
a3822,/mnt/data_disk/HDRData/1000hdr/HDRtest/a3822-07-11-21-at-09h53m21s-_MG_5852.exr,/mnt/data_disk/ZQL/TIP_TMO_result/tradition/BestExposure(Mean)/a3822.png,341,512,0.8317194607670223,0.9353630339614046,0.1294028839540264,0.46262114793603465,0.9251792997638203,6.299610824899018e-05,0.0953143909573555
a3827,/mnt/data_disk/HDRData/1000hdr/HDRtest/a3827-JI2E3823.exr,/mnt/data_disk/ZQL/TIP_TMO_result/tradition/BestExposure(Mean)/a3827.png,341,512,0.9087217650496807,0.8922295497050476,0.5784772602111249,0.9469908499098687,0.8959970823192939,0.9979846175004436,0.10851377993822098
a3830,/mnt/data_disk/HDRData/1000hdr/HDRtest/a3830-LS_060715_8670.exr,/mnt/data_disk/ZQL/TIP_TMO_result/tradition/BestExposure(Mean)/a3830.png,341,512,0.8041167348670134,0.8553521649166921,0.10469045543986442,0.43278460965949017,0.8655684780007696,7.413182107226596e-07,0.18030251562595367
a3832,/mnt/data_disk/HDRData/1000hdr/HDRtest/a3832-20060613_091536__MG_7749.exr,/mnt/data_disk/ZQL/TIP_TMO_result/tradition/BestExposure(Mean)/a3832.png,341,512,0.9691473434116571,0.9298393407474844,0.9069610579306365,0.9105726937781762,0.8622825659924024,0.9588628215639501,0.1929398477077484
a3833,/mnt/data_disk/HDRData/1000hdr/HDRtest/a3833-_DSC0003-2.exr,/mnt/data_disk/ZQL/TIP_TMO_result/tradition/BestExposure(Mean)/a3833.png,340,512,0.8680056749906769,0.9321567942024752,0.29543719332718127,0.49875576133833943,0.9156563631475776,0.08185515952910132,0.09043186157941818
a3834,/mnt/data_disk/HDRData/1000hdr/HDRtest/a3834-IMG_0007.exr,/mnt/data_disk/ZQL/TIP_TMO_result/tradition/BestExposure(Mean)/a3834.png,341,512,0.7887790618992192,0.8123633765668837,0.0922918886808021,0.4516423679339773,0.9029612214866601,0.0003235143812944555,0.20259107649326324
a3846,/mnt/data_disk/HDRData/1000hdr/HDRtest/a3846-IMG_3087.exr,/mnt/data_disk/ZQL/TIP_TMO_result/tradition/BestExposure(Mean)/a3846.png,341,512,0.9040636092787055,0.918250328363723,0.5103396824190749,0.9376069884910906,0.8927496602039965,0.9824643167781847,0.08707424998283386
a3847,/mnt/data_disk/HDRData/1000hdr/HDRtest/a3847-NKIM_MG_6113.exr,/mnt/data_disk/ZQL/TIP_TMO_result/tradition/BestExposure(Mean)/a3847.png,341,512,0.7796571480369011,0.7539388296308386,0.12104299935733313,0.42221524006363337,0.8444304798874894,2.397772562807587e-10,0.1593286544084549
a3848,/mnt/data_disk/HDRData/1000hdr/HDRtest/a3848-DSC_0024.exr,/mnt/data_disk/ZQL/TIP_TMO_result/tradition/BestExposure(Mean)/a3848.png,340,512,0.9657481983502829,0.9488286795558282,0.8506489172889065,0.9063063681007832,0.8765420238020746,0.9360707123994919,0.05805967375636101
a3851,/mnt/data_disk/HDRData/1000hdr/HDRtest/a3851-IMG_3430.exr,/mnt/data_disk/ZQL/TIP_TMO_result/tradition/BestExposure(Mean)/a3851.png,341,512,0.9505696519186353,0.9027354658267664,0.8283354703879406,0.8977107905762902,0.7967948455683453,0.9986267355842352,0.08677607774734497
a3862,/mnt/data_disk/HDRData/1000hdr/HDRtest/a3862-JI2E0423.exr,/mnt/data_disk/ZQL/TIP_TMO_result/tradition/BestExposure(Mean)/a3862.png,341,512,0.9634580846501499,0.9262559893422776,0.874245940051189,0.9079296568479186,0.8357037020013516,0.9801556116944856,0.06836652755737305
a3863,/mnt/data_disk/HDRData/1000hdr/HDRtest/a3863-IMG_1159.exr,/mnt/data_disk/ZQL/TIP_TMO_result/tradition/BestExposure(Mean)/a3863.png,341,512,0.8002896784878037,0.8762102121786663,0.07168254808558731,0.42710897236487166,0.8542179238163503,2.09133930439628e-08,0.17153941094875336
a3864,/mnt/data_disk/HDRData/1000hdr/HDRtest/a3864-_DSC1992.exr,/mnt/data_disk/ZQL/TIP_TMO_result/tradition/BestExposure(Mean)/a3864.png,341,512,0.8519274819541585,0.7555543155475534,0.4693334626845854,0.9255442697280647,0.8599204972021125,0.991168042254017,0.09181012958288193
a3872,/mnt/data_disk/HDRData/1000hdr/HDRtest/a3872-IMG_4058.exr,/mnt/data_disk/ZQL/TIP_TMO_result/tradition/BestExposure(Mean)/a3872.png,341,512,0.8171470270318556,0.882762330236628,0.1260770298854056,0.3369414349776313,0.6738506426828889,3.222727237375988e-05,0.1889064460992813
a3877,/mnt/data_disk/HDRData/1000hdr/HDRtest/a3877-KE_-0019.exr,/mnt/data_disk/ZQL/TIP_TMO_result/tradition/BestExposure(Mean)/a3877.png,340,512,0.8025938773228767,0.8842790564211855,0.07218501951486149,0.3367636768097744,0.6735273479771354,5.6424134072318585e-09,0.15613825619220734
a3879,/mnt/data_disk/HDRData/1000hdr/HDRtest/a3879-IMG_0091.exr,/mnt/data_disk/ZQL/TIP_TMO_result/tradition/BestExposure(Mean)/a3879.png,341,512,0.875092175275133,0.9172109914741975,0.3512868790911934,0.7987753634414256,0.9551180217454439,0.6424327051374072,0.16360819339752197
a3890,/mnt/data_disk/HDRData/1000hdr/HDRtest/a3890-IMG_4308.exr,/mnt/data_disk/ZQL/TIP_TMO_result/tradition/BestExposure(Mean)/a3890.png,341,512,0.8699045539224944,0.8209207941751354,0.4644876490294129,0.4015075536057213,0.6865293775545311,0.11648572965691155,0.10648036003112793
a3893,/mnt/data_disk/HDRData/1000hdr/HDRtest/a3893-_DGW6301.exr,/mnt/data_disk/ZQL/TIP_TMO_result/tradition/BestExposure(Mean)/a3893.png,341,512,0.881727752033645,0.9300630263976377,0.36878987234283667,0.4552706820264593,0.863531907561901,0.04700945649101759,0.21871238946914673
a3899,/mnt/data_disk/HDRData/1000hdr/HDRtest/a3899-jmac_DSC2259.exr,/mnt/data_disk/ZQL/TIP_TMO_result/tradition/BestExposure(Mean)/a3899.png,340,512,0.921628133723682,0.9473677025212323,0.5702777735886116,0.9701651542952175,0.9436243204784437,0.9967059881119914,0.09837399423122406
a3900,/mnt/data_disk/HDRData/1000hdr/HDRtest/a3900-jmac_DSC5843.exr,/mnt/data_disk/ZQL/TIP_TMO_result/tradition/BestExposure(Mean)/a3900.png,340,512,0.978850050235911,0.9691733078104817,0.9052399353411209,0.9325026366004671,0.8745781383755847,0.9904271348253494,0.1311798095703125
a3902,/mnt/data_disk/HDRData/1000hdr/HDRtest/a3902-jmac_DSC3970.exr,/mnt/data_disk/ZQL/TIP_TMO_result/tradition/BestExposure(Mean)/a3902.png,340,512,0.9331554451677837,0.9012017004093049,0.7163898629809443,0.9293731611183478,0.8770147836692027,0.981731538567493,0.07340122014284134
a3903,/mnt/data_disk/HDRData/1000hdr/HDRtest/a3903-IMG_2386.exr,/mnt/data_disk/ZQL/TIP_TMO_result/tradition/BestExposure(Mean)/a3903.png,341,512,0.9514582360171796,0.8541192727111624,0.9230468674591183,0.9515984298787503,0.9128917373590415,0.990305122398459,0.10867008566856384
a3906,/mnt/data_disk/HDRData/1000hdr/HDRtest/a3906-LS051025_day_3_LL003.exr,/mnt/data_disk/ZQL/TIP_TMO_result/tradition/BestExposure(Mean)/a3906.png,341,512,0.8652580791152878,0.9047664927557537,0.31728233118597093,0.44741738001816794,0.8717658703643049,0.023068889672031016,0.15774087607860565
a3911,/mnt/data_disk/HDRData/1000hdr/HDRtest/a3911-07-07-01-at-10h50m55s-_MG_2028.exr,/mnt/data_disk/ZQL/TIP_TMO_result/tradition/BestExposure(Mean)/a3911.png,341,512,0.7711103573455232,0.7798337165542862,0.06408741535672953,0.3922637815083551,0.7845275620744361,9.422741439622765e-10,0.14496354758739471
a3913,/mnt/data_disk/HDRData/1000hdr/HDRtest/a3913-IMG_0289.exr,/mnt/data_disk/ZQL/TIP_TMO_result/tradition/BestExposure(Mean)/a3913.png,341,512,0.8859605090528897,0.9149728384502847,0.4126536803736627,0.9203181687889548,0.8733593035021818,0.9672770340757276,0.08197568356990814
a3914,/mnt/data_disk/HDRData/1000hdr/HDRtest/a3914-DSC_0002-1.exr,/mnt/data_disk/ZQL/TIP_TMO_result/tradition/BestExposure(Mean)/a3914.png,340,512,0.8025468986210765,0.8554030641552907,0.09891263004380364,0.33697495297432056,0.6739080167181073,4.1889230533832074e-05,0.12789368629455566
a3919,/mnt/data_disk/HDRData/1000hdr/HDRtest/a3919-KE_-1608.exr,/mnt/data_disk/ZQL/TIP_TMO_result/tradition/BestExposure(Mean)/a3919.png,340,512,0.7471216885748772,0.7646452407837787,0.012306959261752461,0.28850864803467563,0.5770172960693513,5.514449430983736e-22,0.12553764879703522
a3923,/mnt/data_disk/HDRData/1000hdr/HDRtest/a3923-_DSC0095.exr,/mnt/data_disk/ZQL/TIP_TMO_result/tradition/BestExposure(Mean)/a3923.png,340,512,0.9468564778454347,0.9031669864100655,0.8027473923524401,0.8771643769331392,0.761377502179338,0.9929512516869403,0.11746931076049805
a3924,/mnt/data_disk/HDRData/1000hdr/HDRtest/a3924-_DSC6358.exr,/mnt/data_disk/ZQL/TIP_TMO_result/tradition/BestExposure(Mean)/a3924.png,341,512,0.7078789758386859,0.6538675874224428,0.003948386817579766,0.2724194945816104,0.5448389891632208,8.233020742777153e-42,0.18914705514907837
a3926,/mnt/data_disk/HDRData/1000hdr/HDRtest/a3926-dgw_077.exr,/mnt/data_disk/ZQL/TIP_TMO_result/tradition/BestExposure(Mean)/a3926.png,341,512,0.8005953969149641,0.7831037539598906,0.17117024437178144,0.38724913525834587,0.7744970464528625,1.2240638291760855e-06,0.15369924902915955
a3927,/mnt/data_disk/HDRData/1000hdr/HDRtest/a3927-IMG_6048.exr,/mnt/data_disk/ZQL/TIP_TMO_result/tradition/BestExposure(Mean)/a3927.png,341,512,0.9147803619110477,0.9058044233670475,0.5936083723437203,0.806672989620723,0.8194804555417932,0.7938655236996529,0.16298000514507294
a3930,/mnt/data_disk/HDRData/1000hdr/HDRtest/a3930-IMG_5083.exr,/mnt/data_disk/ZQL/TIP_TMO_result/tradition/BestExposure(Mean)/a3930.png,341,512,0.7745635660141971,0.8419184273660282,0.024336062386844107,0.2532600489323787,0.5065200712908065,2.6573950961040545e-08,0.18132619559764862
a3931,/mnt/data_disk/HDRData/1000hdr/HDRtest/a3931-_DGW6259.exr,/mnt/data_disk/ZQL/TIP_TMO_result/tradition/BestExposure(Mean)/a3931.png,341,512,0.7940387870777892,0.8008475756013598,0.12389408984181885,0.34025903885912595,0.6805180763926948,1.3255571332111556e-09,0.24740232527256012
a3940,/mnt/data_disk/HDRData/1000hdr/HDRtest/a3940-20050602_180025__MG_2820.exr,/mnt/data_disk/ZQL/TIP_TMO_result/tradition/BestExposure(Mean)/a3940.png,341,512,0.9063504671023375,0.9190110437323165,0.5225751850792509,0.9786148028843217,0.9577514346159501,0.9994781711526932,0.14388003945350647
a3943,/mnt/data_disk/HDRData/1000hdr/HDRtest/a3943-_DSC0054.exr,/mnt/data_disk/ZQL/TIP_TMO_result/tradition/BestExposure(Mean)/a3943.png,340,512,0.9199413059674876,0.9271596392319084,0.5913129685613902,0.8423261140871964,0.909128579517479,0.7755236486569137,0.07952215522527695
a3947,/mnt/data_disk/HDRData/1000hdr/HDRtest/a3947-jmac_MG_1444.exr,/mnt/data_disk/ZQL/TIP_TMO_result/tradition/BestExposure(Mean)/a3947.png,341,512,0.7775368037525339,0.8562820302866998,0.022072339869943194,0.39751281183594017,0.7950231889264288,2.4347454515944375e-06,0.1296815276145935
a3948,/mnt/data_disk/HDRData/1000hdr/HDRtest/a3948-_DSC0045.exr,/mnt/data_disk/ZQL/TIP_TMO_result/tradition/BestExposure(Mean)/a3948.png,340,512,0.7874095547010793,0.794369875907675,0.10584014238732196,0.48564306596659274,0.890661886596434,0.08062424533675146,0.13547469675540924
a3954,/mnt/data_disk/HDRData/1000hdr/HDRtest/a3954-_MG_0841.exr,/mnt/data_disk/ZQL/TIP_TMO_result/tradition/BestExposure(Mean)/a3954.png,341,512,0.939239353416495,0.9205568962884065,0.7231188246240938,0.8693962278449688,0.7806005881786671,0.9581918675112706,0.20332680642604828
a3958,/mnt/data_disk/HDRData/1000hdr/HDRtest/a3958-_DSC3890.exr,/mnt/data_disk/ZQL/TIP_TMO_result/tradition/BestExposure(Mean)/a3958.png,341,512,0.9211199996722469,0.9366308354461648,0.5837213740744909,0.8711531439565827,0.866928371479521,0.8753779164336444,0.07299552112817764
a3961,/mnt/data_disk/HDRData/1000hdr/HDRtest/a3961-_DSC0049.exr,/mnt/data_disk/ZQL/TIP_TMO_result/tradition/BestExposure(Mean)/a3961.png,340,512,0.8103622699209012,0.7978885949986009,0.19504893351668887,0.7292276227371626,0.7449414223324178,0.7135138231419073,0.08527901023626328
a3963,/mnt/data_disk/HDRData/1000hdr/HDRtest/a3963-jmac_DSC3835.exr,/mnt/data_disk/ZQL/TIP_TMO_result/tradition/BestExposure(Mean)/a3963.png,340,512,0.8261873328971456,0.8997839783677037,0.14405790033497326,0.9689744200758867,0.9429714898202597,0.9949773503315139,0.14620421826839447
a3964,/mnt/data_disk/HDRData/1000hdr/HDRtest/a3964-NKIM_MG_6716.exr,/mnt/data_disk/ZQL/TIP_TMO_result/tradition/BestExposure(Mean)/a3964.png,341,512,0.7663598678191543,0.8272963956422703,0.014974656454718828,0.33447798271050183,0.6689559654210037,6.590008607579414e-24,0.13456681370735168
a3970,/mnt/data_disk/HDRData/1000hdr/HDRtest/a3970-WP_Amanda_3rd_bday014.exr,/mnt/data_disk/ZQL/TIP_TMO_result/tradition/BestExposure(Mean)/a3970.png,341,512,0.8113644114128195,0.8309336484972508,0.1594781600209824,0.34775996282131116,0.6954362844967352,8.36411458871209e-05,0.09526023268699646
a3973,/mnt/data_disk/HDRData/1000hdr/HDRtest/a3973-DSC_0068-2.exr,/mnt/data_disk/ZQL/TIP_TMO_result/tradition/BestExposure(Mean)/a3973.png,340,512,0.9664802096368833,0.9072886714326304,0.9289126146627,0.9281720001008279,0.9235683318313155,0.9327756683703403,0.0701180025935173
a3975,/mnt/data_disk/HDRData/1000hdr/HDRtest/a3975-jmac_MG_5721.exr,/mnt/data_disk/ZQL/TIP_TMO_result/tradition/BestExposure(Mean)/a3975.png,341,512,0.8713156804718458,0.945554799309542,0.2949078855079726,0.4519977368292123,0.8837804872080904,0.020214986450334146,0.08716259896755219
a3976,/mnt/data_disk/HDRData/1000hdr/HDRtest/a3976-Ja_Pe-10.exr,/mnt/data_disk/ZQL/TIP_TMO_result/tradition/BestExposure(Mean)/a3976.png,288,512,0.8630517912093574,0.9470097480451535,0.25290452608649694,0.4687779401610129,0.9197714032483744,0.017784477073651404,0.12691251933574677
a3991,/mnt/data_disk/HDRData/1000hdr/HDRtest/a3991-DSC_0005-2.exr,/mnt/data_disk/ZQL/TIP_TMO_result/tradition/BestExposure(Mean)/a3991.png,340,512,0.930294498238208,0.9112578221776144,0.681296708425538,0.9287310965096437,0.8750100061492212,0.9824521868700662,0.11432240158319473
a3992,/mnt/data_disk/HDRData/1000hdr/HDRtest/a3992-KE_-0044.exr,/mnt/data_disk/ZQL/TIP_TMO_result/tradition/BestExposure(Mean)/a3992.png,340,512,0.8139770031661914,0.6495001260698251,0.44207786274418237,0.9559255299438015,0.9138680694996093,0.9979829903879938,0.08600015193223953
a3993,/mnt/data_disk/HDRData/1000hdr/HDRtest/a3993-IMG_2812.exr,/mnt/data_disk/ZQL/TIP_TMO_result/tradition/BestExposure(Mean)/a3993.png,341,512,0.8531168047250965,0.6628008768529935,0.6485293896454568,0.9142868812043718,0.8581135490788598,0.9704602133298839,0.123343326151371
a3995,/mnt/data_disk/HDRData/1000hdr/HDRtest/a3995-IMG_0187.exr,/mnt/data_disk/ZQL/TIP_TMO_result/tradition/BestExposure(Mean)/a3995.png,341,512,0.840653381593552,0.8262148567946415,0.3001470251757978,0.46435092984413373,0.9110740019762262,0.01762785771204119,0.13931438326835632
a4001,/mnt/data_disk/HDRData/1000hdr/HDRtest/a4001-jn_20070824_0168.exr,/mnt/data_disk/ZQL/TIP_TMO_result/tradition/BestExposure(Mean)/a4001.png,341,512,0.9172978927054743,0.942796417494124,0.5512691369923803,0.8701375816999487,0.836934569219512,0.9033405941803854,0.09894434362649918
a4003,/mnt/data_disk/HDRData/1000hdr/HDRtest/a4003-NKIM_MG_6603.exr,/mnt/data_disk/ZQL/TIP_TMO_result/tradition/BestExposure(Mean)/a4003.png,341,512,0.9499538297935143,0.9417233821250209,0.7574860730047136,0.9527591127728244,0.9114391634725321,0.9940790620731168,0.15019911527633667
a4004,/mnt/data_disk/HDRData/1000hdr/HDRtest/a4004-050812_113412__MG_3770.exr,/mnt/data_disk/ZQL/TIP_TMO_result/tradition/BestExposure(Mean)/a4004.png,341,512,0.920928211417446,0.9381092478294418,0.5802710587915749,0.7072685441008038,0.8957444811183548,0.5187926070832527,0.09029745310544968
a4007,/mnt/data_disk/HDRData/1000hdr/HDRtest/a4007-_MG_7167.exr,/mnt/data_disk/ZQL/TIP_TMO_result/tradition/BestExposure(Mean)/a4007.png,341,512,0.8998512690070938,0.8799207786010658,0.5448645734897396,0.9316356628316359,0.9046281855098384,0.9586431401534334,0.21242523193359375
a4008,/mnt/data_disk/HDRData/1000hdr/HDRtest/a4008-dgw_019.exr,/mnt/data_disk/ZQL/TIP_TMO_result/tradition/BestExposure(Mean)/a4008.png,341,512,0.9002991598812644,0.9377817173117869,0.45984408147783107,0.6911591189966351,0.7595308410991999,0.6227873968940703,0.17108331620693207
a4009,/mnt/data_disk/HDRData/1000hdr/HDRtest/a4009-jmac_MG_7717.exr,/mnt/data_disk/ZQL/TIP_TMO_result/tradition/BestExposure(Mean)/a4009.png,341,512,0.8261847714354119,0.9183213815991002,0.12492616935983088,0.39173823460455987,0.7823362934636331,0.0011401757454866507,0.239386647939682
a4013,/mnt/data_disk/HDRData/1000hdr/HDRtest/a4013-_I2E6911.exr,/mnt/data_disk/ZQL/TIP_TMO_result/tradition/BestExposure(Mean)/a4013.png,341,512,0.7705181997444688,0.7781266482566621,0.06377983673954428,0.274916991873614,0.5498339833152848,4.3194325930954935e-10,0.25205281376838684
a4014,/mnt/data_disk/HDRData/1000hdr/HDRtest/a4014-JI2E4114.exr,/mnt/data_disk/ZQL/TIP_TMO_result/tradition/BestExposure(Mean)/a4014.png,341,512,0.8811081313903958,0.9324956541010021,0.3622073909370009,0.45514180089443995,0.8210349575227611,0.08924864426611875,0.1842973828315735
a4017,/mnt/data_disk/HDRData/1000hdr/HDRtest/a4017-DSC_0023.exr,/mnt/data_disk/ZQL/TIP_TMO_result/tradition/BestExposure(Mean)/a4017.png,340,512,0.9349210220275822,0.9135949602716332,0.7069387771851108,0.9471833687541705,0.9025406153151755,0.9918261221931656,0.10403738170862198
a4020,/mnt/data_disk/HDRData/1000hdr/HDRtest/a4020-IMG_3763.exr,/mnt/data_disk/ZQL/TIP_TMO_result/tradition/BestExposure(Mean)/a4020.png,341,512,0.8623741278379498,0.7938337306694888,0.465288206985861,0.9505890814210185,0.9164784869955077,0.9846996758465294,0.11130932718515396
a4025,/mnt/data_disk/HDRData/1000hdr/HDRtest/a4025-IMG_5601.exr,/mnt/data_disk/ZQL/TIP_TMO_result/tradition/BestExposure(Mean)/a4025.png,341,512,0.8280515582363455,0.9047931868668282,0.1462876710743924,0.40707651562557584,0.814150587932607,2.443318544700897e-06,0.14599084854125977
a4026,/mnt/data_disk/HDRData/1000hdr/HDRtest/a4026-NKIM_MG_6632.exr,/mnt/data_disk/ZQL/TIP_TMO_result/tradition/BestExposure(Mean)/a4026.png,341,512,0.8173696587081937,0.9709186696150108,0.048693688915124315,0.9521808309459577,0.9638626343117058,0.9404990275802096,0.13604609668254852
a4027,/mnt/data_disk/HDRData/1000hdr/HDRtest/a4027-IMG_2393.exr,/mnt/data_disk/ZQL/TIP_TMO_result/tradition/BestExposure(Mean)/a4027.png,341,512,0.903192307589405,0.8897790600979166,0.5491600594223466,0.9594574647228549,0.9231387370457735,0.9957761923999361,0.12928275763988495
a4028,/mnt/data_disk/HDRData/1000hdr/HDRtest/a4028-060810_105728__MG_6096.exr,/mnt/data_disk/ZQL/TIP_TMO_result/tradition/BestExposure(Mean)/a4028.png,341,512,0.8257048350943825,0.8702614869289518,0.17464213438305906,0.41132494604732894,0.8225560598860117,9.38322086462026e-05,0.14371155202388763
a4038,/mnt/data_disk/HDRData/1000hdr/HDRtest/a4038-Ja_Pe-20.exr,/mnt/data_disk/ZQL/TIP_TMO_result/tradition/BestExposure(Mean)/a4038.png,288,512,0.8022805641942076,0.9050310810119008,0.05385230832773489,0.45947491413205976,0.91894982516291,3.1012095235649493e-09,0.14599330723285675
a4040,/mnt/data_disk/HDRData/1000hdr/HDRtest/a4040-IMG_0233.exr,/mnt/data_disk/ZQL/TIP_TMO_result/tradition/BestExposure(Mean)/a4040.png,341,512,0.8020729965289335,0.876513428256298,0.07735322731998873,0.44195120806057697,0.8839023262305126,8.989064134361363e-08,0.2717011868953705
a4047,/mnt/data_disk/HDRData/1000hdr/HDRtest/a4047-IMG_1285.exr,/mnt/data_disk/ZQL/TIP_TMO_result/tradition/BestExposure(Mean)/a4047.png,341,512,0.9814872227311824,0.9523628201808001,0.9528585526198639,0.9573073865863075,0.9756956460509949,0.9389191271216201,0.08490674197673798
a4049,/mnt/data_disk/HDRData/1000hdr/HDRtest/a4049-_DSC3858.exr,/mnt/data_disk/ZQL/TIP_TMO_result/tradition/BestExposure(Mean)/a4049.png,341,512,0.864588235307058,0.8654112946780821,0.3681104025947544,0.4143427807798883,0.7853354364780483,0.04335012508172834,0.25425732135772705
a4051,/mnt/data_disk/HDRData/1000hdr/HDRtest/a4051-_DSC0018-3.exr,/mnt/data_disk/ZQL/TIP_TMO_result/tradition/BestExposure(Mean)/a4051.png,340,512,0.8965593294352003,0.9056150993580071,0.4859130772731925,0.9561415826585961,0.9246947137733608,0.9875884515438313,0.10885798186063766
a4052,/mnt/data_disk/HDRData/1000hdr/HDRtest/a4052-20060620_165511__MG_9535.exr,/mnt/data_disk/ZQL/TIP_TMO_result/tradition/BestExposure(Mean)/a4052.png,341,512,0.8099686372647084,0.8780229391528818,0.10373608511157235,0.30636090287297746,0.6127178310796157,3.974666339128606e-06,0.1763431578874588
a4060,/mnt/data_disk/HDRData/1000hdr/HDRtest/a4060-_DSC5597.exr,/mnt/data_disk/ZQL/TIP_TMO_result/tradition/BestExposure(Mean)/a4060.png,341,512,0.7990559075615122,0.8145928352410945,0.12826466494826694,0.34032267255295523,0.6806443044242084,1.040681702043513e-06,0.19527946412563324
a4064,/mnt/data_disk/HDRData/1000hdr/HDRtest/a4064-07-12-02-at-16h23m18s-_MG_9020.exr,/mnt/data_disk/ZQL/TIP_TMO_result/tradition/BestExposure(Mean)/a4064.png,341,512,0.8900897212385177,0.9498600936911604,0.3865219490259472,0.7307559018278089,0.8123719717185378,0.6491398319370799,0.18746915459632874
a4068,/mnt/data_disk/HDRData/1000hdr/HDRtest/a4068-tc_DSC2612.exr,/mnt/data_disk/ZQL/TIP_TMO_result/tradition/BestExposure(Mean)/a4068.png,340,512,0.8620011865342037,0.8186709237367032,0.4237436871653355,0.4022129145192463,0.7085626667954945,0.09586316224299808,0.15948453545570374
a4075,/mnt/data_disk/HDRData/1000hdr/HDRtest/a4075-JI2E0444.exr,/mnt/data_disk/ZQL/TIP_TMO_result/tradition/BestExposure(Mean)/a4075.png,341,512,0.7852727233614063,0.8120477052867839,0.0804107804684472,0.3427480955033106,0.6854961787245452,1.2282076050197364e-08,0.25132161378860474
a4076,/mnt/data_disk/HDRData/1000hdr/HDRtest/a4076-_DGW6244.exr,/mnt/data_disk/ZQL/TIP_TMO_result/tradition/BestExposure(Mean)/a4076.png,341,512,0.8239755081983777,0.8967942297864773,0.138336511845161,0.4193874070446067,0.8387360269054167,3.8787183796653976e-05,0.28508996963500977
a4080,/mnt/data_disk/HDRData/1000hdr/HDRtest/a4080-IMG_3765.exr,/mnt/data_disk/ZQL/TIP_TMO_result/tradition/BestExposure(Mean)/a4080.png,341,512,0.8078513165290222,0.9002808946034642,0.07560843986578047,0.4135473614003063,0.82709437048349,3.52317122580611e-07,0.17840200662612915
a4085,/mnt/data_disk/HDRData/1000hdr/HDRtest/a4085-_MG_2385.exr,/mnt/data_disk/ZQL/TIP_TMO_result/tradition/BestExposure(Mean)/a4085.png,341,512,0.892825882624557,0.9037198419761411,0.46739660245118636,0.5607187337263894,0.7918725247818151,0.3295649426709636,0.0973011776804924
a4087,/mnt/data_disk/HDRData/1000hdr/HDRtest/a4087-NKIM_MG_6395.exr,/mnt/data_disk/ZQL/TIP_TMO_result/tradition/BestExposure(Mean)/a4087.png,341,512,0.8980048740314206,0.8949215378396845,0.5105530171131886,0.9641146344565005,0.937982366953138,0.990246901959863,0.24397893249988556
a4088,/mnt/data_disk/HDRData/1000hdr/HDRtest/a4088-dvf_041.exr,/mnt/data_disk/ZQL/TIP_TMO_result/tradition/BestExposure(Mean)/a4088.png,341,512,0.8684381464322404,0.8676563312733233,0.3854390825633338,0.4776195329883336,0.8398938512944889,0.11534521468217826,0.09383004158735275
a4091,/mnt/data_disk/HDRData/1000hdr/HDRtest/a4091-_DSC0041.exr,/mnt/data_disk/ZQL/TIP_TMO_result/tradition/BestExposure(Mean)/a4091.png,340,512,0.8168148624892205,0.8435512606743689,0.1677144990371003,0.5448161747413675,0.8409410989539671,0.24869125052876784,0.12659841775894165
a4092,/mnt/data_disk/HDRData/1000hdr/HDRtest/a4092-07-12-03-at-09h35m54s-_MG_9192.exr,/mnt/data_disk/ZQL/TIP_TMO_result/tradition/BestExposure(Mean)/a4092.png,341,512,0.835877319249537,0.9215225646289092,0.16058023079015532,0.44495215928155213,0.8896569675440836,0.00024735101902064024,0.2730516195297241
a4093,/mnt/data_disk/HDRData/1000hdr/HDRtest/a4093-jn_20071117-031.exr,/mnt/data_disk/ZQL/TIP_TMO_result/tradition/BestExposure(Mean)/a4093.png,341,512,0.7922738784543895,0.8955487587217097,0.03256563440127341,0.41206482482358003,0.8241296496074273,3.9732826341232234e-11,0.25880366563796997
a4096,/mnt/data_disk/HDRData/1000hdr/HDRtest/a4096-jmac_MG_0095.exr,/mnt/data_disk/ZQL/TIP_TMO_result/tradition/BestExposure(Mean)/a4096.png,341,512,0.6803091186514391,0.5789264483265518,0.0015066028065007682,0.20043671106251135,0.4008734221250227,9.569163282421525e-28,0.14988543093204498
a4097,/mnt/data_disk/HDRData/1000hdr/HDRtest/a4097-20080623_at_14h52m36__MG_9904.exr,/mnt/data_disk/ZQL/TIP_TMO_result/tradition/BestExposure(Mean)/a4097.png,341,512,0.8910467314994602,0.9364046976623237,0.4102820653503459,0.6940412910831407,0.8642541437665935,0.523828438399688,0.1091882735490799
a4099,/mnt/data_disk/HDRData/1000hdr/HDRtest/a4099-_DSC0014-2.exr,/mnt/data_disk/ZQL/TIP_TMO_result/tradition/BestExposure(Mean)/a4099.png,340,512,0.9166356411824809,0.927577934814159,0.5706334306516305,0.951520193188239,0.9435344241384743,0.9595059622380037,0.08233604580163956
a4101,/mnt/data_disk/HDRData/1000hdr/HDRtest/a4101-IMG_5823.exr,/mnt/data_disk/ZQL/TIP_TMO_result/tradition/BestExposure(Mean)/a4101.png,341,512,0.7942170394666274,0.7684486693162738,0.16227812995093677,0.33612425901824095,0.6722472126779285,1.3053585534035707e-06,0.13647836446762085
a4102,/mnt/data_disk/HDRData/1000hdr/HDRtest/a4102-07-06-30-at-11h38m56s-_MG_1997.exr,/mnt/data_disk/ZQL/TIP_TMO_result/tradition/BestExposure(Mean)/a4102.png,341,512,0.8916526573466688,0.9155726891961488,0.4433391355032257,0.7277935294653128,0.9034871278916552,0.5520999310389704,0.15367017686367035
a4104,/mnt/data_disk/HDRData/1000hdr/HDRtest/a4104-DSC_0260.exr,/mnt/data_disk/ZQL/TIP_TMO_result/tradition/BestExposure(Mean)/a4104.png,340,512,0.9260198671708083,0.908182226672748,0.6593599704188899,0.8897905224066867,0.7840836630366504,0.9954973817767228,0.06603450328111649
a4105,/mnt/data_disk/HDRData/1000hdr/HDRtest/a4105-07-11-26-at-16h02m57s-_MG_7151.exr,/mnt/data_disk/ZQL/TIP_TMO_result/tradition/BestExposure(Mean)/a4105.png,341,512,0.8292755343564183,0.7854717421821126,0.3010333432920855,0.25248919163287903,0.4723444915638144,0.03263389170194362,0.1853092759847641
a4107,/mnt/data_disk/HDRData/1000hdr/HDRtest/a4107-dvf_018.exr,/mnt/data_disk/ZQL/TIP_TMO_result/tradition/BestExposure(Mean)/a4107.png,341,512,0.7276993778437228,0.7221895489227971,0.001648756541682802,0.3042306881212266,0.6084613762424532,2.500213254951234e-45,0.12216835469007492
a4108,/mnt/data_disk/HDRData/1000hdr/HDRtest/a4108-MB_080329_057.exr,/mnt/data_disk/ZQL/TIP_TMO_result/tradition/BestExposure(Mean)/a4108.png,341,512,0.8919566152630404,0.925689323458185,0.4304520670908142,0.36719304909257566,0.6979664552328368,0.03641964295231446,0.2704293429851532
a4110,/mnt/data_disk/HDRData/1000hdr/HDRtest/a4110-dgw_069.exr,/mnt/data_disk/ZQL/TIP_TMO_result/tradition/BestExposure(Mean)/a4110.png,341,512,0.794383557437429,0.8756077525902712,0.05351384010854136,0.38029451701412265,0.7605890336786214,3.4962388895483257e-10,0.26144129037857056
a4113,/mnt/data_disk/HDRData/1000hdr/HDRtest/a4113-IMG_2800.exr,/mnt/data_disk/ZQL/TIP_TMO_result/tradition/BestExposure(Mean)/a4113.png,341,512,0.7762832435260253,0.8312679719960808,0.03625868603503417,0.274699949111601,0.5493997598537982,1.3836940377330338e-07,0.11562036722898483
a4116,/mnt/data_disk/HDRData/1000hdr/HDRtest/a4116-IMG_2042.exr,/mnt/data_disk/ZQL/TIP_TMO_result/tradition/BestExposure(Mean)/a4116.png,341,512,0.8353198962059682,0.8466493599003456,0.24676102837014569,0.46608344088709586,0.9027120016304689,0.029454880143722745,0.08641324192285538
a4117,/mnt/data_disk/HDRData/1000hdr/HDRtest/a4117-050918_141526__MG_5987.exr,/mnt/data_disk/ZQL/TIP_TMO_result/tradition/BestExposure(Mean)/a4117.png,341,512,0.8530430316882269,0.8785971370944972,0.2907027337961811,0.7014379210508188,0.9125421469537727,0.49033369514786485,0.2166745364665985
a4124,/mnt/data_disk/HDRData/1000hdr/HDRtest/a4124-20080709_at_10h04m23__MG_4561.exr,/mnt/data_disk/ZQL/TIP_TMO_result/tradition/BestExposure(Mean)/a4124.png,341,512,0.8635443354478067,0.8603553429228925,0.36982631102428515,0.585060957859227,0.9248609002031167,0.24526101551533708,0.15537308156490326
a4127,/mnt/data_disk/HDRData/1000hdr/HDRtest/a4127-DSC_0152.exr,/mnt/data_disk/ZQL/TIP_TMO_result/tradition/BestExposure(Mean)/a4127.png,340,512,0.8881269989292835,0.9531350465124002,0.3715945332354867,0.9587199652872336,0.955215235775762,0.9622246947987053,0.0738714411854744
a4131,/mnt/data_disk/HDRData/1000hdr/HDRtest/a4131-DSC_0001-2.exr,/mnt/data_disk/ZQL/TIP_TMO_result/tradition/BestExposure(Mean)/a4131.png,340,512,0.9111103515009021,0.9314243643971347,0.5317759885790957,0.8817798404300714,0.8076973774912704,0.9558623033688723,0.09361542761325836
a4134,/mnt/data_disk/HDRData/1000hdr/HDRtest/a4134-IMG_0086.exr,/mnt/data_disk/ZQL/TIP_TMO_result/tradition/BestExposure(Mean)/a4134.png,341,512,0.8466312950832937,0.9185687977936949,0.21057547543116595,0.9615089787083289,0.947970851740686,0.9750471056759719,0.09049469232559204
a4142,/mnt/data_disk/HDRData/1000hdr/HDRtest/a4142-_DGW6275.exr,/mnt/data_disk/ZQL/TIP_TMO_result/tradition/BestExposure(Mean)/a4142.png,341,512,0.9173027158891403,0.9195428869453866,0.5872139850665241,0.8857630715734579,0.8200776327843489,0.951448510362567,0.20888899266719818
a4143,/mnt/data_disk/HDRData/1000hdr/HDRtest/a4143-LSCRW_0029.exr,/mnt/data_disk/ZQL/TIP_TMO_result/tradition/BestExposure(Mean)/a4143.png,384,512,0.8810576838787699,0.9534646030834235,0.33412312159273344,0.8522531736001653,0.7157858124886993,0.9887205347116312,0.08170706778764725
a4144,/mnt/data_disk/HDRData/1000hdr/HDRtest/a4144-050623_122602__MG_3246.exr,/mnt/data_disk/ZQL/TIP_TMO_result/tradition/BestExposure(Mean)/a4144.png,341,512,0.9159351180535402,0.9482978120777634,0.5348804067112288,0.9429705145943883,0.9123945936455216,0.9735464355432549,0.11221475154161453
a4150,/mnt/data_disk/HDRData/1000hdr/HDRtest/a4150-_DGW6309.exr,/mnt/data_disk/ZQL/TIP_TMO_result/tradition/BestExposure(Mean)/a4150.png,341,512,0.8087597685542707,0.7923787605029654,0.19493670736067256,0.32212263596543217,0.6425894010662795,0.0016558708645848577,0.2803805470466614
a4151,/mnt/data_disk/HDRData/1000hdr/HDRtest/a4151-dvf_026.exr,/mnt/data_disk/ZQL/TIP_TMO_result/tradition/BestExposure(Mean)/a4151.png,341,512,0.7483054920236073,0.7655987584816017,0.014125477841111178,0.26063743165621867,0.5212748633124373,3.549004468226196e-19,0.20498411357402802
a4154,/mnt/data_disk/HDRData/1000hdr/HDRtest/a4154-IMG_4620.exr,/mnt/data_disk/ZQL/TIP_TMO_result/tradition/BestExposure(Mean)/a4154.png,341,512,0.9322713396428006,0.8899916901666497,0.7297545147498123,0.9095027058926121,0.8464055564800195,0.9725998553052047,0.14767643809318542
a4155,/mnt/data_disk/HDRData/1000hdr/HDRtest/a4155-WP_CRW_0237.exr,/mnt/data_disk/ZQL/TIP_TMO_result/tradition/BestExposure(Mean)/a4155.png,341,512,0.8118097031148068,0.8866169206655307,0.10209981030924982,0.3714004375867046,0.7427650179754998,3.585719790941676e-05,0.13199208676815033
a4156,/mnt/data_disk/HDRData/1000hdr/HDRtest/a4156-IMG_0159.exr,/mnt/data_disk/ZQL/TIP_TMO_result/tradition/BestExposure(Mean)/a4156.png,341,512,0.8447140601512001,0.8276704278259192,0.31857933598564925,0.4588085890385176,0.8534216367168053,0.06419554136023,0.18424518406391144
a4158,/mnt/data_disk/HDRData/1000hdr/HDRtest/a4158-WP_CRW_4109.exr,/mnt/data_disk/ZQL/TIP_TMO_result/tradition/BestExposure(Mean)/a4158.png,341,512,0.9236730059957204,0.9224762731003111,0.6216092893033778,0.5342817426702273,0.7496155315855709,0.3189479537548836,0.08067174255847931
a4160,/mnt/data_disk/HDRData/1000hdr/HDRtest/a4160-jn_20070824_0167.exr,/mnt/data_disk/ZQL/TIP_TMO_result/tradition/BestExposure(Mean)/a4160.png,341,512,0.7848291763378181,0.8904175652022768,0.017849123723624176,0.34882626538083095,0.6976525307616619,8.060753048954809e-18,0.25683796405792236
a4161,/mnt/data_disk/HDRData/1000hdr/HDRtest/a4161-tc_DSC2218.exr,/mnt/data_disk/ZQL/TIP_TMO_result/tradition/BestExposure(Mean)/a4161.png,340,512,0.9331960222810227,0.9879151360003408,0.5789904181794086,0.9001412850162668,0.9329074406259752,0.8673751294065584,0.1779356300830841
a4167,/mnt/data_disk/HDRData/1000hdr/HDRtest/a4167-IMG_0031.exr,/mnt/data_disk/ZQL/TIP_TMO_result/tradition/BestExposure(Mean)/a4167.png,341,512,0.8036561640740052,0.902488740598246,0.060141331711920855,0.37243107998185243,0.7448621590777177,8.859871794948128e-10,0.1747370958328247
a4170,/mnt/data_disk/HDRData/1000hdr/HDRtest/a4170-jmac_DSC3333.exr,/mnt/data_disk/ZQL/TIP_TMO_result/tradition/BestExposure(Mean)/a4170.png,343,512,0.8072429914370974,0.815859590221264,0.15985110039603925,0.37639478826051975,0.7512363459200628,0.0015532306009766335,0.13604871928691864
a4174,/mnt/data_disk/HDRData/1000hdr/HDRtest/a4174-dgw_083.exr,/mnt/data_disk/ZQL/TIP_TMO_result/tradition/BestExposure(Mean)/a4174.png,341,512,0.8645340472703847,0.9023690557286872,0.3167937236804084,0.44053108534139457,0.8564954055761785,0.024566765106610548,0.2971145510673523
a4177,/mnt/data_disk/HDRData/1000hdr/HDRtest/a4177-jmac_DSC1412.exr,/mnt/data_disk/ZQL/TIP_TMO_result/tradition/BestExposure(Mean)/a4177.png,340,512,0.9624465675386867,0.9695058646835063,0.793698422366283,0.9244046699531934,0.9005058694998286,0.948303470406558,0.09441690891981125
a4178,/mnt/data_disk/HDRData/1000hdr/HDRtest/a4178-IMG_0487.exr,/mnt/data_disk/ZQL/TIP_TMO_result/tradition/BestExposure(Mean)/a4178.png,341,512,0.975605940774338,0.9476609291901669,0.9201900231184406,0.9073002815077398,0.970217119097428,0.8443834439180514,0.0784800723195076
a4184,/mnt/data_disk/HDRData/1000hdr/HDRtest/a4184-jmac_MG_5507.exr,/mnt/data_disk/ZQL/TIP_TMO_result/tradition/BestExposure(Mean)/a4184.png,341,512,0.8011082442751387,0.8632163655827981,0.08628979089865164,0.31057614512741716,0.6211518622902237,4.279646106689279e-07,0.2396739423274994
a4185,/mnt/data_disk/HDRData/1000hdr/HDRtest/a4185-DSC_0055-2.exr,/mnt/data_disk/ZQL/TIP_TMO_result/tradition/BestExposure(Mean)/a4185.png,340,512,0.875320984805237,0.9272517427584748,0.3389821389831588,0.7611835957591682,0.9185021010171347,0.6038650905012015,0.1491374522447586
a4188,/mnt/data_disk/HDRData/1000hdr/HDRtest/a4188-_MG_1604.exr,/mnt/data_disk/ZQL/TIP_TMO_result/tradition/BestExposure(Mean)/a4188.png,341,512,0.7543626957604859,0.7619483377051472,0.03072385666425581,0.2220720320812496,0.44414406357398106,5.885181080915635e-10,0.229824498295784
a4191,/mnt/data_disk/HDRData/1000hdr/HDRtest/a4191-IMG_4849.exr,/mnt/data_disk/ZQL/TIP_TMO_result/tradition/BestExposure(Mean)/a4191.png,341,512,0.8339429431997476,0.8969769398101466,0.1794953957274548,0.41548131510276864,0.8303711602658245,0.0005914699397128666,0.14532087743282318
a4194,/mnt/data_disk/HDRData/1000hdr/HDRtest/a4194-LS051026_day_1_arive50.exr,/mnt/data_disk/ZQL/TIP_TMO_result/tradition/BestExposure(Mean)/a4194.png,341,512,0.8494444573667579,0.8380881566741905,0.32799436706408447,0.6224222856755913,0.8533316935130055,0.3915128778381772,0.12901601195335388
a4197,/mnt/data_disk/HDRData/1000hdr/HDRtest/a4197-_MG_6428.exr,/mnt/data_disk/ZQL/TIP_TMO_result/tradition/BestExposure(Mean)/a4197.png,341,512,0.9828779561885946,0.9770522683683542,0.9195312501628631,0.6317677409649933,0.9859560702648463,0.2775794116651403,0.07612207531929016
a4198,/mnt/data_disk/HDRData/1000hdr/HDRtest/a4198-_DSC6401.exr,/mnt/data_disk/ZQL/TIP_TMO_result/tradition/BestExposure(Mean)/a4198.png,341,512,0.7581317261335209,0.7878685443028771,0.02145408333785649,0.4376753850765937,0.8753507701531873,1.045570785022616e-16,0.2530825436115265
a4199,/mnt/data_disk/HDRData/1000hdr/HDRtest/a4199-jmac_MG_5003.exr,/mnt/data_disk/ZQL/TIP_TMO_result/tradition/BestExposure(Mean)/a4199.png,341,512,0.8195061367954151,0.8859635700734474,0.13197254792317506,0.4891478310218315,0.9191252490267436,0.059170413016919415,0.2660271227359772
a4201,/mnt/data_disk/HDRData/1000hdr/HDRtest/a4201-_DSC0120.exr,/mnt/data_disk/ZQL/TIP_TMO_result/tradition/BestExposure(Mean)/a4201.png,340,512,0.8408261749143101,0.8941041177766731,0.21323228071089467,0.31687826973139943,0.6293019391844196,0.004454600278379309,0.2071179896593094
a4202,/mnt/data_disk/HDRData/1000hdr/HDRtest/a4202-DSC_0439.exr,/mnt/data_disk/ZQL/TIP_TMO_result/tradition/BestExposure(Mean)/a4202.png,343,512,0.8530795052606654,0.908598954506712,0.2524478809425197,0.4579928463231347,0.8985882843175019,0.017397408328767447,0.1438761055469513
a4204,/mnt/data_disk/HDRData/1000hdr/HDRtest/a4204-_DGW7870.exr,/mnt/data_disk/ZQL/TIP_TMO_result/tradition/BestExposure(Mean)/a4204.png,341,512,0.9171753539744287,0.9128317456083012,0.5970425461989931,0.9033918443271883,0.8674142719710722,0.9393694166833044,0.09564850479364395
a4212,/mnt/data_disk/HDRData/1000hdr/HDRtest/a4212-Duggan_090321_5925.exr,/mnt/data_disk/ZQL/TIP_TMO_result/tradition/BestExposure(Mean)/a4212.png,341,512,0.88013702032757,0.8413533824533365,0.49058896616335285,0.8756479641057867,0.9303839119599756,0.8209120162515978,0.1739620566368103
a4214,/mnt/data_disk/HDRData/1000hdr/HDRtest/a4214-DSC_0267.exr,/mnt/data_disk/ZQL/TIP_TMO_result/tradition/BestExposure(Mean)/a4214.png,343,512,0.7921032002220982,0.9446134833103078,0.005059073498223694,0.41051347964333,0.82102695928666,1.6877897348084673e-20,0.12366224080324173
a4216,/mnt/data_disk/HDRData/1000hdr/HDRtest/a4216-DSC_0118.exr,/mnt/data_disk/ZQL/TIP_TMO_result/tradition/BestExposure(Mean)/a4216.png,343,512,0.8638493976244704,0.9356182355512588,0.2706624906990866,0.4900947922222215,0.9109727199113575,0.06921686453308551,0.12527088820934296
a4220,/mnt/data_disk/HDRData/1000hdr/HDRtest/a4220-Duggan_090305_5359.exr,/mnt/data_disk/ZQL/TIP_TMO_result/tradition/BestExposure(Mean)/a4220.png,341,512,0.888529456852493,0.8671227606667218,0.49853847353814057,0.7649309867296721,0.778658969909959,0.7512030035493853,0.1841781735420227
a4228,/mnt/data_disk/HDRData/1000hdr/HDRtest/a4228-DSC_0037-2.exr,/mnt/data_disk/ZQL/TIP_TMO_result/tradition/BestExposure(Mean)/a4228.png,340,512,0.9504923150982004,0.9507090764506221,0.7461195779448523,0.7608694068763087,0.9231361282327013,0.598602685519916,0.08254942297935486
a4230,/mnt/data_disk/HDRData/1000hdr/HDRtest/a4230-Duggan_090426_7798.exr,/mnt/data_disk/ZQL/TIP_TMO_result/tradition/BestExposure(Mean)/a4230.png,341,512,0.7706024516176117,0.7804688041674005,0.061891733296501945,0.43701031124987205,0.8740206200352909,2.4644532468163004e-09,0.17383413016796112
a4231,/mnt/data_disk/HDRData/1000hdr/HDRtest/a4231-Duggan_080326_5786.exr,/mnt/data_disk/ZQL/TIP_TMO_result/tradition/BestExposure(Mean)/a4231.png,341,512,0.8710047731425161,0.799369420384208,0.5058133049461722,0.9260010196607826,0.8782913806297094,0.9737106586918559,0.08566451072692871
a4232,/mnt/data_disk/HDRData/1000hdr/HDRtest/a4232-Duggan_090323_6181.exr,/mnt/data_disk/ZQL/TIP_TMO_result/tradition/BestExposure(Mean)/a4232.png,341,512,0.7956368992653465,0.8843991479301923,0.050241131132333236,0.5993980417844368,0.8934718931967931,0.3053241903720804,0.23708786070346832
a4235,/mnt/data_disk/HDRData/1000hdr/HDRtest/a4235-DSC_0433.exr,/mnt/data_disk/ZQL/TIP_TMO_result/tradition/BestExposure(Mean)/a4235.png,343,512,0.8249350638030359,0.8780631836535683,0.162555293861458,0.3068072964602171,0.6136078033055771,6.789614857131749e-06,0.14265936613082886
a4236,/mnt/data_disk/HDRData/1000hdr/HDRtest/a4236-DSC_0384.exr,/mnt/data_disk/ZQL/TIP_TMO_result/tradition/BestExposure(Mean)/a4236.png,343,512,0.8248842921393802,0.9064745398621573,0.13187849336393523,0.973818481316757,0.9551035791387923,0.9925333834947215,0.08961774408817291
a4237,/mnt/data_disk/HDRData/1000hdr/HDRtest/a4237-20090417_at_18h06m01__MG_1955.exr,/mnt/data_disk/ZQL/TIP_TMO_result/tradition/BestExposure(Mean)/a4237.png,341,512,0.7833023515591622,0.8419503871529124,0.04771254000601997,0.2935481385566845,0.587096277099068,1.4300960959564146e-11,0.13440614938735962
a4238,/mnt/data_disk/HDRData/1000hdr/HDRtest/a4238-Duggan_090320_5609.exr,/mnt/data_disk/ZQL/TIP_TMO_result/tradition/BestExposure(Mean)/a4238.png,341,512,0.8794026378764181,0.8992844560841748,0.3992235290652403,0.9605099441757008,0.9388689763954213,0.9821509119559801,0.14225594699382782
a4239,/mnt/data_disk/HDRData/1000hdr/HDRtest/a4239-Duggan_080114_4429.exr,/mnt/data_disk/ZQL/TIP_TMO_result/tradition/BestExposure(Mean)/a4239.png,341,512,0.7995671477946207,0.8686169102730786,0.07605260938133576,0.3757058841640964,0.7513958963319203,1.587199627254886e-05,0.13030537962913513
a4244,/mnt/data_disk/HDRData/1000hdr/HDRtest/a4244-Duggan_090504_8959.exr,/mnt/data_disk/ZQL/TIP_TMO_result/tradition/BestExposure(Mean)/a4244.png,341,512,0.9526228907764043,0.9122441130041652,0.8254523977296807,0.8268959339420754,0.784214285250001,0.8695775826341499,0.14734962582588196
a4246,/mnt/data_disk/HDRData/1000hdr/HDRtest/a4246-Duggan_090330_6226.exr,/mnt/data_disk/ZQL/TIP_TMO_result/tradition/BestExposure(Mean)/a4246.png,341,512,0.8429771025420795,0.8171780333918454,0.3246822985137419,0.4105024798352763,0.8206867619393057,0.00031819773124697437,0.14793215692043304
a4249,/mnt/data_disk/HDRData/1000hdr/HDRtest/a4249-Duggan_090322_6001.exr,/mnt/data_disk/ZQL/TIP_TMO_result/tradition/BestExposure(Mean)/a4249.png,341,512,0.8300914350438188,0.8691149990162814,0.19501675070689078,0.48084867140282633,0.9097778460125404,0.05191949679311223,0.2076563537120819
a4254,/mnt/data_disk/HDRData/1000hdr/HDRtest/a4254-DSC_0066.exr,/mnt/data_disk/ZQL/TIP_TMO_result/tradition/BestExposure(Mean)/a4254.png,340,512,0.9724448337267311,0.960497428150032,0.8761849046397444,0.9304990613220583,0.8820621953948348,0.9789359272492818,0.07498977333307266
a4258,/mnt/data_disk/HDRData/1000hdr/HDRtest/a4258-_DSC0012-4.exr,/mnt/data_disk/ZQL/TIP_TMO_result/tradition/BestExposure(Mean)/a4258.png,340,512,0.9720865951825628,0.9342055916901733,0.9195418316958082,0.901983482389569,0.9464729554673025,0.8574940093118356,0.04635876417160034
a4262,/mnt/data_disk/HDRData/1000hdr/HDRtest/a4262-DSC_0065.exr,/mnt/data_disk/ZQL/TIP_TMO_result/tradition/BestExposure(Mean)/a4262.png,340,512,0.9538776124573958,0.9177677125421558,0.82425013330426,0.8855698315120764,0.7732210459425538,0.9979186170815989,0.08747632056474686
a4266,/mnt/data_disk/HDRData/1000hdr/HDRtest/a4266-DSC_0426.exr,/mnt/data_disk/ZQL/TIP_TMO_result/tradition/BestExposure(Mean)/a4266.png,343,512,0.8077842433536888,0.8098289336196544,0.16925466889889976,0.39707426417859387,0.7880334681898622,0.006115060167325516,0.17575573921203613
a4267,/mnt/data_disk/HDRData/1000hdr/HDRtest/a4267-20090414_at_23h13m08__MG_1367.exr,/mnt/data_disk/ZQL/TIP_TMO_result/tradition/BestExposure(Mean)/a4267.png,341,512,0.7353491419053458,0.6603281220135137,0.06708988027952079,0.28580596922204304,0.5716119377218611,7.222249534174706e-10,0.12502723932266235
a4271,/mnt/data_disk/HDRData/1000hdr/HDRtest/a4271-Duggan_090227_5232.exr,/mnt/data_disk/ZQL/TIP_TMO_result/tradition/BestExposure(Mean)/a4271.png,341,512,0.86147619081045,0.9527727307531746,0.23860064253855978,0.5176228663804869,0.9105172207169122,0.12472851204406166,0.17447727918624878
a4272,/mnt/data_disk/HDRData/1000hdr/HDRtest/a4272-DSC_0398.exr,/mnt/data_disk/ZQL/TIP_TMO_result/tradition/BestExposure(Mean)/a4272.png,343,512,0.818433418067824,0.8142769934633951,0.21031724040153066,0.814704422712496,0.714508331758218,0.9149005136667738,0.10329927504062653
a4275,/mnt/data_disk/HDRData/1000hdr/HDRtest/a4275-09-05-12-at-17h46m31s-_MG_8890.exr,/mnt/data_disk/ZQL/TIP_TMO_result/tradition/BestExposure(Mean)/a4275.png,341,512,0.8255831963112858,0.8797189227029112,0.16341772513087105,0.38117158291123004,0.7621933000516892,0.000149865770770924,0.14451950788497925
a4287,/mnt/data_disk/HDRData/1000hdr/HDRtest/a4287-_DSC0083.exr,/mnt/data_disk/ZQL/TIP_TMO_result/tradition/BestExposure(Mean)/a4287.png,340,512,0.899343458088246,0.9130525852736464,0.49078032845153724,0.8766772278628927,0.9249634743897615,0.8283909813360241,0.09432121366262436
a4291,/mnt/data_disk/HDRData/1000hdr/HDRtest/a4291-20090417_at_18h46m58__MG_2026.exr,/mnt/data_disk/ZQL/TIP_TMO_result/tradition/BestExposure(Mean)/a4291.png,341,512,0.9372018430271375,0.9401264096277556,0.6779552446530787,0.9351198993710277,0.885879554553982,0.9843602441880733,0.11128099262714386
a4297,/mnt/data_disk/HDRData/1000hdr/HDRtest/a4297-_DSC0034.exr,/mnt/data_disk/ZQL/TIP_TMO_result/tradition/BestExposure(Mean)/a4297.png,340,512,0.8354253687614233,0.8882477890141526,0.1960100755505936,0.4334900174274738,0.8594564379654119,0.007523596889535682,0.10976170748472214
a4298,/mnt/data_disk/HDRData/1000hdr/HDRtest/a4298-Duggan_090504_9090.exr,/mnt/data_disk/ZQL/TIP_TMO_result/tradition/BestExposure(Mean)/a4298.png,341,512,0.7882083705523187,0.8481430355588817,0.05735806026225509,0.403105148071727,0.68378396675166,0.12242632939179394,0.1521528959274292
a4302,/mnt/data_disk/HDRData/1000hdr/HDRtest/a4302-20090425_at_17h00m59__MG_0404.exr,/mnt/data_disk/ZQL/TIP_TMO_result/tradition/BestExposure(Mean)/a4302.png,341,512,0.8296880644977004,0.9021440389348181,0.15582465817578445,0.38849193511106955,0.7767228639355085,0.0002610062866305934,0.2402406632900238
a4304,/mnt/data_disk/HDRData/1000hdr/HDRtest/a4304-09-05-19-at-18h03m17s-_MG_9540.exr,/mnt/data_disk/ZQL/TIP_TMO_result/tradition/BestExposure(Mean)/a4304.png,341,512,0.812000203566137,0.8341977441755448,0.15836056971878,0.3378939149444301,0.6757508157268519,3.701416200832683e-05,0.15581673383712769
a4307,/mnt/data_disk/HDRData/1000hdr/HDRtest/a4307-20050328_161219__MG_0628.exr,/mnt/data_disk/ZQL/TIP_TMO_result/tradition/BestExposure(Mean)/a4307.png,341,512,0.8412038057103658,0.9195083889556582,0.18546893196852776,0.5040908967017568,0.9367990441669092,0.07138274923660445,0.09456318616867065
a4308,/mnt/data_disk/HDRData/1000hdr/HDRtest/a4308-Duggan_090209_4996.exr,/mnt/data_disk/ZQL/TIP_TMO_result/tradition/BestExposure(Mean)/a4308.png,341,512,0.8091444515791011,0.8927821255173352,0.0867668627796057,0.37148259212810275,0.7429646657984321,5.184577733921324e-07,0.2554384469985962
a4310,/mnt/data_disk/HDRData/1000hdr/HDRtest/a4310-DSC_0007.exr,/mnt/data_disk/ZQL/TIP_TMO_result/tradition/BestExposure(Mean)/a4310.png,340,512,0.9205641398059223,0.854493899669935,0.7156828587423583,0.9741182937618742,0.9522797377044889,0.9959568498192595,0.11763309687376022
a4312,/mnt/data_disk/HDRData/1000hdr/HDRtest/a4312-20090417_at_16h32m44__MG_1867.exr,/mnt/data_disk/ZQL/TIP_TMO_result/tradition/BestExposure(Mean)/a4312.png,341,512,0.766423427822573,0.8337779220621393,0.0114818311963814,0.2786575110255395,0.557315022051079,3.1201217689858466e-22,0.24364860355854034
a4317,/mnt/data_disk/HDRData/1000hdr/HDRtest/a4317-DSC_0224.exr,/mnt/data_disk/ZQL/TIP_TMO_result/tradition/BestExposure(Mean)/a4317.png,343,512,0.7576248466336571,0.7868327927769041,0.02097253626962185,0.24198864515384302,0.4839767500417617,5.402659243515757e-07,0.08570922166109085
a4318,/mnt/data_disk/HDRData/1000hdr/HDRtest/a4318-Duggan_090321_5920.exr,/mnt/data_disk/ZQL/TIP_TMO_result/tradition/BestExposure(Mean)/a4318.png,341,512,0.9575483025735465,0.9607369160604969,0.7758117694119576,0.9438708958756324,0.9258716587174607,0.9618701330338042,0.10574294626712799
a4319,/mnt/data_disk/HDRData/1000hdr/HDRtest/a4319-DSC_0132.exr,/mnt/data_disk/ZQL/TIP_TMO_result/tradition/BestExposure(Mean)/a4319.png,340,512,0.8565498458548947,0.8743389708222054,0.3139728605096158,0.4591756464306442,0.8093928432627168,0.10895844959857158,0.13523560762405396
a4323,/mnt/data_disk/HDRData/1000hdr/HDRtest/a4323-DSC_0010.exr,/mnt/data_disk/ZQL/TIP_TMO_result/tradition/BestExposure(Mean)/a4323.png,343,512,0.844762299806316,0.8589365721440101,0.2760085433327193,0.3486650522374296,0.6967992797049214,0.000530824769937777,0.17542389035224915
a4324,/mnt/data_disk/HDRData/1000hdr/HDRtest/a4324-DSC_0002.exr,/mnt/data_disk/ZQL/TIP_TMO_result/tradition/BestExposure(Mean)/a4324.png,343,512,0.9281189335425957,0.9106720325740773,0.6684930857558694,0.6156626534327148,0.7391818942439241,0.4921434126215055,0.1256803572177887
a4326,/mnt/data_disk/HDRData/1000hdr/HDRtest/a4326-DSC_0461.exr,/mnt/data_disk/ZQL/TIP_TMO_result/tradition/BestExposure(Mean)/a4326.png,343,512,0.7564952664609197,0.6843681517530266,0.1141983209715222,0.3271048319451169,0.6542096594315384,4.458695428271398e-09,0.12522302567958832
a4329,/mnt/data_disk/HDRData/1000hdr/HDRtest/a4329-DSC_0028.exr,/mnt/data_disk/ZQL/TIP_TMO_result/tradition/BestExposure(Mean)/a4329.png,340,512,0.9465106606440603,0.8975315473226623,0.8103042494048807,0.9127415499938487,0.9000685339649502,0.9254145660227472,0.07876527309417725
a4331,/mnt/data_disk/HDRData/1000hdr/HDRtest/a4331-_DGW0241.exr,/mnt/data_disk/ZQL/TIP_TMO_result/tradition/BestExposure(Mean)/a4331.png,341,512,0.7099387154921966,0.6500494430893764,0.009352173412846937,0.2540582443860364,0.5081164887717369,3.3600252434329203e-13,0.12123268097639084
a4335,/mnt/data_disk/HDRData/1000hdr/HDRtest/a4335-Duggan_090123_4520.exr,/mnt/data_disk/ZQL/TIP_TMO_result/tradition/BestExposure(Mean)/a4335.png,341,512,0.8210404256824342,0.885011301661452,0.13905932669774754,0.34377818236205565,0.6873570108068331,0.00019935391727820732,0.21923992037773132
a4338,/mnt/data_disk/HDRData/1000hdr/HDRtest/a4338-DSC_0206.exr,/mnt/data_disk/ZQL/TIP_TMO_result/tradition/BestExposure(Mean)/a4338.png,343,512,0.8443561246426297,0.8894683909448484,0.23506093703967146,0.7879349662865833,0.8585139221766379,0.7173560103965287,0.08945338428020477
a4339,/mnt/data_disk/HDRData/1000hdr/HDRtest/a4339-Duggan_090111_4244.exr,/mnt/data_disk/ZQL/TIP_TMO_result/tradition/BestExposure(Mean)/a4339.png,341,512,0.876856468420483,0.8568227227307581,0.4478339995666019,0.46846229580398924,0.8441822737906014,0.09274231781737703,0.199473574757576
a4340,/mnt/data_disk/HDRData/1000hdr/HDRtest/a4340-DSC_0441.exr,/mnt/data_disk/ZQL/TIP_TMO_result/tradition/BestExposure(Mean)/a4340.png,343,512,0.8129736414960232,0.6933524365803495,0.3598775909811695,0.5837040733033548,0.8186856550496405,0.3487224915570691,0.12469612061977386
a4342,/mnt/data_disk/HDRData/1000hdr/HDRtest/a4342-DSC_0043.exr,/mnt/data_disk/ZQL/TIP_TMO_result/tradition/BestExposure(Mean)/a4342.png,340,512,0.8593071079165198,0.8700937124423919,0.3338872579256253,0.3386580184132111,0.6303373575179236,0.04697867930849854,0.09069085121154785
a4345,/mnt/data_disk/HDRData/1000hdr/HDRtest/a4345-Duggan_080411_5976.exr,/mnt/data_disk/ZQL/TIP_TMO_result/tradition/BestExposure(Mean)/a4345.png,341,512,0.7823421855364732,0.8126910516698513,0.07001776855455552,0.4022860302635762,0.8045720604979402,2.921219378479495e-11,0.12445201724767685
a4354,/mnt/data_disk/HDRData/1000hdr/HDRtest/a4354-DSC_0347.exr,/mnt/data_disk/ZQL/TIP_TMO_result/tradition/BestExposure(Mean)/a4354.png,343,512,0.9120027519562195,0.8961807569922378,0.5920702304130571,0.4689551924802309,0.7161582670052931,0.22175211795516872,0.18652226030826569
a4356,/mnt/data_disk/HDRData/1000hdr/HDRtest/a4356-_DSC1335.exr,/mnt/data_disk/ZQL/TIP_TMO_result/tradition/BestExposure(Mean)/a4356.png,341,512,0.817470178190771,0.680161491903002,0.40643800575199945,0.8869880415147386,0.8094859908437718,0.9644900921857056,0.057670556008815765
a4357,/mnt/data_disk/HDRData/1000hdr/HDRtest/a4357-Duggan_090124_4645.exr,/mnt/data_disk/ZQL/TIP_TMO_result/tradition/BestExposure(Mean)/a4357.png,341,512,0.8319695511065112,0.9211544382334614,0.14492731991703095,0.4036778462685553,0.8073463693191334,9.323217977164373e-06,0.15102675557136536
a4366,/mnt/data_disk/HDRData/1000hdr/HDRtest/a4366-DSC_0447.exr,/mnt/data_disk/ZQL/TIP_TMO_result/tradition/BestExposure(Mean)/a4366.png,343,512,0.9549037743066486,0.9502467700213407,0.7757980041377135,0.9250670180620009,0.8951458239615112,0.9549882121624905,0.07983960956335068
a4368,/mnt/data_disk/HDRData/1000hdr/HDRtest/a4368-Duggan_090321_5857.exr,/mnt/data_disk/ZQL/TIP_TMO_result/tradition/BestExposure(Mean)/a4368.png,341,512,0.7979411844540272,0.8925462151067463,0.05067419288677598,0.3889314731042274,0.777862946208347,1.0785809423332136e-13,0.18253953754901886
a4370,/mnt/data_disk/HDRData/1000hdr/HDRtest/a4370-DSC_0080.exr,/mnt/data_disk/ZQL/TIP_TMO_result/tradition/BestExposure(Mean)/a4370.png,340,512,0.8571150401963079,0.8790329038286058,0.3104832438511904,0.430700072683164,0.8423005848735764,0.019099560492751688,0.09593399614095688
a4374,/mnt/data_disk/HDRData/1000hdr/HDRtest/a4374-09-05-19-at-17h54m57s-_MG_9531.exr,/mnt/data_disk/ZQL/TIP_TMO_result/tradition/BestExposure(Mean)/a4374.png,341,512,0.9551606954228566,0.92001342609717,0.8289621149490669,0.8551901251165184,0.753627986600767,0.9567522636322696,0.08871829509735107
a4377,/mnt/data_disk/HDRData/1000hdr/HDRtest/a4377-IMG_4929.exr,/mnt/data_disk/ZQL/TIP_TMO_result/tradition/BestExposure(Mean)/a4377.png,341,512,0.9646814431268405,0.9403942889864366,0.8579348060530589,0.9384070857866901,0.9169165935732855,0.9598975780000947,0.09822723269462585
a4382,/mnt/data_disk/HDRData/1000hdr/HDRtest/a4382-DSC_0261.exr,/mnt/data_disk/ZQL/TIP_TMO_result/tradition/BestExposure(Mean)/a4382.png,343,512,0.8321055144303268,0.8557073310593837,0.22034098997514606,0.6297855139524557,0.937607371749158,0.32196365615575356,0.14505387842655182
a4384,/mnt/data_disk/HDRData/1000hdr/HDRtest/a4384-DSC_0322.exr,/mnt/data_disk/ZQL/TIP_TMO_result/tradition/BestExposure(Mean)/a4384.png,343,512,0.8239172492020499,0.8215208108626446,0.22603542592060333,0.44936801280038935,0.8918147042427111,0.006921321358067529,0.11679362505674362
a4385,/mnt/data_disk/HDRData/1000hdr/HDRtest/a4385-_DGW9650.exr,/mnt/data_disk/ZQL/TIP_TMO_result/tradition/BestExposure(Mean)/a4385.png,341,512,0.8877323703098117,0.9016583208011013,0.44171322983100514,0.5024881463289351,0.8493125445124473,0.155663748145423,0.15819640457630157
a4386,/mnt/data_disk/HDRData/1000hdr/HDRtest/a4386-Duggan_090124_4632.exr,/mnt/data_disk/ZQL/TIP_TMO_result/tradition/BestExposure(Mean)/a4386.png,341,512,0.8938675538839818,0.927062782688605,0.4391244041117363,0.597221780148464,0.8492030100422928,0.3452405502546353,0.0911366194486618
a4392,/mnt/data_disk/HDRData/1000hdr/HDRtest/a4392-Duggan_090331_6554.exr,/mnt/data_disk/ZQL/TIP_TMO_result/tradition/BestExposure(Mean)/a4392.png,341,512,0.8106952277153827,0.9036768499039467,0.08222576034281731,0.4574600891613878,0.9148994554695256,2.0722853250096763e-05,0.21618996560573578
a4394,/mnt/data_disk/HDRData/1000hdr/HDRtest/a4394-Duggan_090127_4837.exr,/mnt/data_disk/ZQL/TIP_TMO_result/tradition/BestExposure(Mean)/a4394.png,341,512,0.7456748299808769,0.677426599423707,0.08312804388437345,0.34461549763603105,0.6892302860170114,7.092550506973931e-07,0.17473165690898895
a4395,/mnt/data_disk/HDRData/1000hdr/HDRtest/a4395-Duggan_090503_8734.exr,/mnt/data_disk/ZQL/TIP_TMO_result/tradition/BestExposure(Mean)/a4395.png,341,512,0.8376657022863288,0.8663613605916675,0.2326595189739872,0.5148480053407275,0.8767250372351505,0.15297097344630445,0.08135237544775009
a4396,/mnt/data_disk/HDRData/1000hdr/HDRtest/a4396-DSC_0073-2.exr,/mnt/data_disk/ZQL/TIP_TMO_result/tradition/BestExposure(Mean)/a4396.png,340,512,0.8840962218620376,0.9027863523730287,0.4198788778736928,0.8401285286967927,0.9074604311512235,0.7727966262423618,0.10230793058872223
a4398,/mnt/data_disk/HDRData/1000hdr/HDRtest/a4398-Duggan_050709_1062.exr,/mnt/data_disk/ZQL/TIP_TMO_result/tradition/BestExposure(Mean)/a4398.png,341,512,0.7843648892525341,0.8567924904455342,0.039189376961902785,0.3397416534575954,0.6794833067120777,2.0311304358209836e-10,0.12669284641742706
a4399,/mnt/data_disk/HDRData/1000hdr/HDRtest/a4399-Duggan_080410_5879.exr,/mnt/data_disk/ZQL/TIP_TMO_result/tradition/BestExposure(Mean)/a4399.png,341,512,0.8793106205353423,0.8921230532788936,0.40900697636546995,0.4984734179058888,0.823834363362755,0.1731124724490226,0.09172360599040985
a4409,/mnt/data_disk/HDRData/1000hdr/HDRtest/a4409-Duggan_090503_8738.exr,/mnt/data_disk/ZQL/TIP_TMO_result/tradition/BestExposure(Mean)/a4409.png,341,512,0.9035903685716573,0.9283648621444567,0.49244818888382813,0.9280897884875325,0.8763533438982196,0.9798262330768456,0.1958802193403244
a4419,/mnt/data_disk/HDRData/1000hdr/HDRtest/a4419-_DGW0269.exr,/mnt/data_disk/ZQL/TIP_TMO_result/tradition/BestExposure(Mean)/a4419.png,341,512,0.8780706936400074,0.7836388497271423,0.5745001239178613,0.750971782340862,0.7495455586262713,0.7523980060554528,0.15326610207557678
a4420,/mnt/data_disk/HDRData/1000hdr/HDRtest/a4420-DSC_0054.exr,/mnt/data_disk/ZQL/TIP_TMO_result/tradition/BestExposure(Mean)/a4420.png,343,512,0.7073494203136834,0.6203182971992259,0.025138896508810373,0.25494387251997913,0.5098877450399583,3.3863345990708164e-23,0.1495860368013382
a4421,/mnt/data_disk/HDRData/1000hdr/HDRtest/a4421-Duggan_090214_5129.exr,/mnt/data_disk/ZQL/TIP_TMO_result/tradition/BestExposure(Mean)/a4421.png,341,512,0.9594297975326399,0.9850866513966465,0.7484321861307193,0.878248935625692,0.7755749311969533,0.9809229400544307,0.1191716343164444
a4425,/mnt/data_disk/HDRData/1000hdr/HDRtest/a4425-DSC_0007.exr,/mnt/data_disk/ZQL/TIP_TMO_result/tradition/BestExposure(Mean)/a4425.png,343,512,0.9311121294007627,0.9084924302751985,0.6910798733134907,0.9262679739332931,0.8743699947615962,0.97816595310499,0.1532333344221115
a4430,/mnt/data_disk/HDRData/1000hdr/HDRtest/a4430-09-05-19-at-19h04m03s-_MG_9559.exr,/mnt/data_disk/ZQL/TIP_TMO_result/tradition/BestExposure(Mean)/a4430.png,341,512,0.8710000177295816,0.9137424669608936,0.3346989951996082,0.48588496249447566,0.8111985714732609,0.16057135351569046,0.09030752629041672
a4431,/mnt/data_disk/HDRData/1000hdr/HDRtest/a4431-Duggan_090330_6282.exr,/mnt/data_disk/ZQL/TIP_TMO_result/tradition/BestExposure(Mean)/a4431.png,341,512,0.9320816924488531,0.9445064792155262,0.6387852476498465,0.8762589540948948,0.8130040275268172,0.9395138806629726,0.16321209073066711
a4432,/mnt/data_disk/HDRData/1000hdr/HDRtest/a4432-Duggan_081114_3124.exr,/mnt/data_disk/ZQL/TIP_TMO_result/tradition/BestExposure(Mean)/a4432.png,341,512,0.8395940013490026,0.7910253390828081,0.34555850379213404,0.5488514846978965,0.807669199625364,0.29003376977042905,0.1468750387430191
a4433,/mnt/data_disk/HDRData/1000hdr/HDRtest/a4433-Duggan_090504_8957.exr,/mnt/data_disk/ZQL/TIP_TMO_result/tradition/BestExposure(Mean)/a4433.png,341,512,0.9625867164544035,0.9608466902468594,0.8090423467545828,0.6998995569895763,0.846145221137814,0.5536538928413386,0.16166505217552185
a4434,/mnt/data_disk/HDRData/1000hdr/HDRtest/a4434-20090414_at_23h05m38__MG_1365.exr,/mnt/data_disk/ZQL/TIP_TMO_result/tradition/BestExposure(Mean)/a4434.png,341,512,0.8453363614156626,0.8225529540188526,0.32905470983806523,0.7600331362832327,0.7081309992296966,0.8119352733367688,0.044935520738363266
a4435,/mnt/data_disk/HDRData/1000hdr/HDRtest/a4435-WP_CRW_0591.exr,/mnt/data_disk/ZQL/TIP_TMO_result/tradition/BestExposure(Mean)/a4435.png,341,512,0.8467122652243884,0.9057861255562624,0.22609518408915502,0.4493350401618978,0.8244611027793676,0.07420897754442805,0.1568121612071991
a4436,/mnt/data_disk/HDRData/1000hdr/HDRtest/a4436-DSC_0153.exr,/mnt/data_disk/ZQL/TIP_TMO_result/tradition/BestExposure(Mean)/a4436.png,343,512,0.9521249997394657,0.930919932851699,0.7899613612025219,0.9133591656225354,0.8320686376755626,0.9946496935695082,0.1191992536187172
a4442,/mnt/data_disk/HDRData/1000hdr/HDRtest/a4442-Duggan_080629_9284.exr,/mnt/data_disk/ZQL/TIP_TMO_result/tradition/BestExposure(Mean)/a4442.png,341,512,0.786591567580165,0.8471226048695257,0.05327287311999557,0.30022837703669836,0.6004567526294547,1.4439420161159275e-09,0.11984870582818985
a4447,/mnt/data_disk/HDRData/1000hdr/HDRtest/a4447-Duggan_090321_5856.exr,/mnt/data_disk/ZQL/TIP_TMO_result/tradition/BestExposure(Mean)/a4447.png,341,512,0.8339169662888625,0.8485918259672376,0.23767544084746853,0.4223024265829507,0.8282885773683699,0.01631627579753148,0.198607936501503
a4448,/mnt/data_disk/HDRData/1000hdr/HDRtest/a4448-Duggan_080119_4778.exr,/mnt/data_disk/ZQL/TIP_TMO_result/tradition/BestExposure(Mean)/a4448.png,341,512,0.9821634373535586,0.9628143622790339,0.9392242632839951,0.9400436592726082,0.8890671826498622,0.9910201358953543,0.07303456962108612
a4449,/mnt/data_disk/HDRData/1000hdr/HDRtest/a4449-DSC_0030.exr,/mnt/data_disk/ZQL/TIP_TMO_result/tradition/BestExposure(Mean)/a4449.png,343,512,0.7878297175819484,0.786647198266279,0.11570929398790507,0.36715792316456913,0.7342915282683979,2.4318060740309944e-05,0.12194004654884338
a4452,/mnt/data_disk/HDRData/1000hdr/HDRtest/a4452-DSC_0084.exr,/mnt/data_disk/ZQL/TIP_TMO_result/tradition/BestExposure(Mean)/a4452.png,340,512,0.7960816152118552,0.8970962298677374,0.041809278413192846,0.35021834965380555,0.700436699302942,4.669174847761872e-12,0.13775041699409485
a4455,/mnt/data_disk/HDRData/1000hdr/HDRtest/a4455-Duggan_080106_4325.exr,/mnt/data_disk/ZQL/TIP_TMO_result/tradition/BestExposure(Mean)/a4455.png,341,512,0.9331676002296062,0.9439644914150673,0.646419345442137,0.5272389176210964,0.7422332650953701,0.3122445701468227,0.22161158919334412
a4456,/mnt/data_disk/HDRData/1000hdr/HDRtest/a4456-DSC_0472.exr,/mnt/data_disk/ZQL/TIP_TMO_result/tradition/BestExposure(Mean)/a4456.png,343,512,0.7881912722930285,0.8427546257741612,0.06191879953564056,0.3732786909073471,0.7465573333568056,4.8457888596301944e-08,0.12622100114822388
a4457,/mnt/data_disk/HDRData/1000hdr/HDRtest/a4457-_DSC0012-5.exr,/mnt/data_disk/ZQL/TIP_TMO_result/tradition/BestExposure(Mean)/a4457.png,340,512,0.9055318732304162,0.9104206256898002,0.530889013343525,0.9629737554706674,0.9321651649680875,0.9937823459732473,0.06833679229021072
a4465,/mnt/data_disk/HDRData/1000hdr/HDRtest/a4465-DSC_0051.exr,/mnt/data_disk/ZQL/TIP_TMO_result/tradition/BestExposure(Mean)/a4465.png,340,512,0.7763000302014833,0.8282992178751218,0.03855282862275573,0.3092378833098708,0.6184556642404233,2.0102379318306964e-05,0.09930282831192017
a4466,/mnt/data_disk/HDRData/1000hdr/HDRtest/a4466-20090327_at_11h08m58__MG_0964.exr,/mnt/data_disk/ZQL/TIP_TMO_result/tradition/BestExposure(Mean)/a4466.png,341,512,0.8365066989995275,0.8394388435825079,0.26185167654001634,0.35745947516548887,0.7017878253708473,0.013131124960130506,0.2258637398481369
a4467,/mnt/data_disk/HDRData/1000hdr/HDRtest/a4467-Duggan_090426_7873.exr,/mnt/data_disk/ZQL/TIP_TMO_result/tradition/BestExposure(Mean)/a4467.png,341,512,0.8334193794781292,0.8914206862867254,0.18356307283679862,0.3156133281423254,0.6235560238966507,0.007670632388000154,0.21013502776622772
a4470,/mnt/data_disk/HDRData/1000hdr/HDRtest/a4470-Duggan_090123_4566.exr,/mnt/data_disk/ZQL/TIP_TMO_result/tradition/BestExposure(Mean)/a4470.png,341,512,0.8943115497017836,0.9379191542435654,0.42612784169928714,0.5268289109344525,0.8282050101471192,0.2254528117217858,0.1695294827222824
a4471,/mnt/data_disk/HDRData/1000hdr/HDRtest/a4471-Duggan_090321_5859.exr,/mnt/data_disk/ZQL/TIP_TMO_result/tradition/BestExposure(Mean)/a4471.png,341,512,0.8617859532768151,0.9341163431578762,0.26255276584272846,0.425023814738777,0.8405172358486094,0.009530393628944565,0.17883983254432678
a4472,/mnt/data_disk/HDRData/1000hdr/HDRtest/a4472-Duggan_090504_9026.exr,/mnt/data_disk/ZQL/TIP_TMO_result/tradition/BestExposure(Mean)/a4472.png,341,512,0.9407498745212315,0.9324489284646301,0.7131304337390236,0.9013530202081301,0.825942169378661,0.9767638710375993,0.2701435983181
a4474,/mnt/data_disk/HDRData/1000hdr/HDRtest/a4474-09-05-19-at-18h56m31s-_MG_9553.exr,/mnt/data_disk/ZQL/TIP_TMO_result/tradition/BestExposure(Mean)/a4474.png,341,512,0.8955598363481982,0.8967344383274145,0.493582709389884,0.8994866334391491,0.8386618133533814,0.960311453524917,0.10839314013719559
a4476,/mnt/data_disk/HDRData/1000hdr/HDRtest/a4476-IMG_4029.exr,/mnt/data_disk/ZQL/TIP_TMO_result/tradition/BestExposure(Mean)/a4476.png,341,512,0.8429639440125669,0.8561379056952234,0.2709570489378888,0.5323385197451104,0.9086356582671132,0.1560413812231076,0.11873769015073776
a4477,/mnt/data_disk/HDRData/1000hdr/HDRtest/a4477-20090327_at_06h09m52__MG_0855.exr,/mnt/data_disk/ZQL/TIP_TMO_result/tradition/BestExposure(Mean)/a4477.png,341,512,0.7416586199169971,0.765557992440725,0.0027876902342102833,0.20982049773215614,0.41964099546431227,1.5139645048106568e-21,0.17021720111370087
a4479,/mnt/data_disk/HDRData/1000hdr/HDRtest/a4479-09-05-19-at-18h39m42s-_MG_9545.exr,/mnt/data_disk/ZQL/TIP_TMO_result/tradition/BestExposure(Mean)/a4479.png,341,512,0.8398243588954795,0.8735756157454885,0.2336764614984096,0.3952660795301328,0.789473735300079,0.0010584237601865916,0.17474715411663055
a4480,/mnt/data_disk/HDRData/1000hdr/HDRtest/a4480-Duggan_090201_4896.exr,/mnt/data_disk/ZQL/TIP_TMO_result/tradition/BestExposure(Mean)/a4480.png,341,512,0.7762718898604287,0.8551995444528744,0.01983803224960516,0.34610367457325336,0.6922073491465067,3.827369225126686e-17,0.20531488955020905
a4487,/mnt/data_disk/HDRData/1000hdr/HDRtest/a4487-Duggan_090322_5971.exr,/mnt/data_disk/ZQL/TIP_TMO_result/tradition/BestExposure(Mean)/a4487.png,341,512,0.7909465853165968,0.8222553584201016,0.09013576363608447,0.3968678309137707,0.793735094223949,5.676035924969226e-07,0.15202704071998596
