id,hdr_path,ldr_path,height,width,tmqi_q,tmqi_s,tmqi_n,tmqi2_q,tmqi2_s,tmqi2_n,nlpd
a2808,/mnt/data_disk/HDRData/1000hdr/HDRtest/a2808-20080516_072208__MG_0018.exr,/mnt/data_disk/ZQL/TIP_TMO_result/tradition/Lischinski/a2808.png,341,512,0.9408442293887109,0.81753149471821,0.9195959399584362,0.8984798413848432,0.8097269077243309,0.9872327750453553,0.19214731454849243
a2824,/mnt/data_disk/HDRData/1000hdr/HDRtest/a2824-dvf_035.exr,/mnt/data_disk/ZQL/TIP_TMO_result/tradition/Lischinski/a2824.png,341,512,0.9018382418679147,0.7741318369393555,0.740973055869502,0.8308181038629944,0.8100324139951829,0.8516037937308059,0.1287882775068283
a2854,/mnt/data_disk/HDRData/1000hdr/HDRtest/a2854-NKIM_MG_7374.exr,/mnt/data_disk/ZQL/TIP_TMO_result/tradition/Lischinski/a2854.png,341,512,0.9121131729190084,0.8948978971981182,0.5948041950193379,0.8434702934856153,0.8066976252736967,0.8802429616975338,0.29211053252220154
a2861,/mnt/data_disk/HDRData/1000hdr/HDRtest/a2861-IMG_4397.exr,/mnt/data_disk/ZQL/TIP_TMO_result/tradition/Lischinski/a2861.png,341,512,0.7195634124008139,0.6317818366910433,0.04754159933284697,0.31501497635133024,0.6300299527026605,2.582571403263568e-25,0.16610148549079895
a2862,/mnt/data_disk/HDRData/1000hdr/HDRtest/a2862-_DSC0055.exr,/mnt/data_disk/ZQL/TIP_TMO_result/tradition/Lischinski/a2862.png,340,512,0.954041246599931,0.8812671452454458,0.8904243532581302,0.9504013011087755,0.9164414955447213,0.9843611066728297,0.17636501789093018
a2876,/mnt/data_disk/HDRData/1000hdr/HDRtest/a2876-jn_20080130_Las_Vegas_0082.exr,/mnt/data_disk/ZQL/TIP_TMO_result/tradition/Lischinski/a2876.png,341,512,0.7525841263870743,0.4529734791269529,0.5085718290075857,0.859120459898099,0.7268504864238037,0.9913904333723944,0.2441285103559494
a2883,/mnt/data_disk/HDRData/1000hdr/HDRtest/a2883-_DSC0008-2.exr,/mnt/data_disk/ZQL/TIP_TMO_result/tradition/Lischinski/a2883.png,340,512,0.8406223128293205,0.8257447819497747,0.3006468352992307,0.8053994064297196,0.6394322527574196,0.9713665601020198,0.06593048572540283
a2913,/mnt/data_disk/HDRData/1000hdr/HDRtest/a2913-IMG_0138.exr,/mnt/data_disk/ZQL/TIP_TMO_result/tradition/Lischinski/a2913.png,341,512,0.922026599341768,0.808527972208211,0.8088938296283106,0.9453458751398449,0.900368578904646,0.9903231713750437,0.2181924432516098
a2933,/mnt/data_disk/HDRData/1000hdr/HDRtest/a2933-_I2E7313.exr,/mnt/data_disk/ZQL/TIP_TMO_result/tradition/Lischinski/a2933.png,341,512,0.7814682115412144,0.47663317203220046,0.6230056480718844,0.3807183265567899,0.761041352723418,0.000395300390161728,0.21591147780418396
a2956,/mnt/data_disk/HDRData/1000hdr/HDRtest/a2956-KE_-0035.exr,/mnt/data_disk/ZQL/TIP_TMO_result/tradition/Lischinski/a2956.png,340,512,0.9283673186149951,0.8900354564731979,0.7045311761674365,0.7547233165009897,0.7001590788805423,0.809287554121437,0.15353965759277344
a2986,/mnt/data_disk/HDRData/1000hdr/HDRtest/a2986-_DGW6325.exr,/mnt/data_disk/ZQL/TIP_TMO_result/tradition/Lischinski/a2986.png,341,512,0.8023933476750824,0.797760408626329,0.16101168869463592,0.9460206923673964,0.8974407679473956,0.9946006167873972,0.2527584731578827
a3267,/mnt/data_disk/HDRData/1000hdr/HDRtest/a3267-WP_CRW_0087.exr,/mnt/data_disk/ZQL/TIP_TMO_result/tradition/Lischinski/a3267.png,341,512,0.9221140021662386,0.8310424759191317,0.7676972803093242,0.9336609173659667,0.8705618760597913,0.9967599586721421,0.20239520072937012
a3285,/mnt/data_disk/HDRData/1000hdr/HDRtest/a3285-CRW_0291.exr,/mnt/data_disk/ZQL/TIP_TMO_result/tradition/Lischinski/a3285.png,341,512,0.9138683997459378,0.8693754180851906,0.647631394486191,0.936113308875558,0.8957940554299221,0.9764325623211938,0.3244321346282959
a3288,/mnt/data_disk/HDRData/1000hdr/HDRtest/a3288-KE_-0049.exr,/mnt/data_disk/ZQL/TIP_TMO_result/tradition/Lischinski/a3288.png,340,512,0.8352670264978908,0.7491669584574812,0.3875397891160922,0.9167908844400301,0.836516961301201,0.9970648075788592,0.17319175601005554
a3306,/mnt/data_disk/HDRData/1000hdr/HDRtest/a3306-IMG_4969.exr,/mnt/data_disk/ZQL/TIP_TMO_result/tradition/Lischinski/a3306.png,341,512,0.854560581512547,0.7834984002719865,0.43804703960192254,0.8754074231688493,0.8328405333743055,0.9179743129633932,0.19363027811050415
a3312,/mnt/data_disk/HDRData/1000hdr/HDRtest/a3312-IMG_1063.exr,/mnt/data_disk/ZQL/TIP_TMO_result/tradition/Lischinski/a3312.png,341,512,0.8654737671196353,0.6793310608396531,0.6929585977460487,0.6264845247409142,0.7922652690436189,0.4607037804382094,0.21201109886169434
a3315,/mnt/data_disk/HDRData/1000hdr/HDRtest/a3315-MB_20030906_022.exr,/mnt/data_disk/ZQL/TIP_TMO_result/tradition/Lischinski/a3315.png,341,512,0.8318864166023899,0.7865251691806955,0.31263907762563176,0.8893288966297103,0.7858469904035025,0.992810802855918,0.29267433285713196
a3316,/mnt/data_disk/HDRData/1000hdr/HDRtest/a3316-20051225_163230__MG_1390.exr,/mnt/data_disk/ZQL/TIP_TMO_result/tradition/Lischinski/a3316.png,341,512,0.9387761237052386,0.9238110672393633,0.7147163326817507,0.935677163708649,0.8787105903378146,0.9926437370794832,0.11966053396463394
a3318,/mnt/data_disk/HDRData/1000hdr/HDRtest/a3318-JI2E5722.exr,/mnt/data_disk/ZQL/TIP_TMO_result/tradition/Lischinski/a3318.png,341,512,0.9030991473576941,0.8658202545231678,0.5871332363675876,0.8781638247474409,0.7708135000633314,0.9855141494315505,0.11488262563943863
a3321,/mnt/data_disk/HDRData/1000hdr/HDRtest/a3321-DSC_0054.exr,/mnt/data_disk/ZQL/TIP_TMO_result/tradition/Lischinski/a3321.png,340,512,0.978542636572036,0.9304579070180665,0.9713181218907116,0.7928981597934195,0.9045173978368682,0.6812789217499707,0.09487264603376389
a3325,/mnt/data_disk/HDRData/1000hdr/HDRtest/a3325-050819_154342__MG_5227.exr,/mnt/data_disk/ZQL/TIP_TMO_result/tradition/Lischinski/a3325.png,341,512,0.8687901552672229,0.8275197833976262,0.44779326501456507,0.4734453459948004,0.9059033653388804,0.040987326650720454,0.10146138817071915
a3337,/mnt/data_disk/HDRData/1000hdr/HDRtest/a3337-dgw_112.exr,/mnt/data_disk/ZQL/TIP_TMO_result/tradition/Lischinski/a3337.png,341,512,0.7640176898087593,0.7025109704714304,0.12108925374163679,0.8812066008508996,0.7945900470089556,0.9678231546928437,0.34836843609809875
a3339,/mnt/data_disk/HDRData/1000hdr/HDRtest/a3339-_MG_7202.exr,/mnt/data_disk/ZQL/TIP_TMO_result/tradition/Lischinski/a3339.png,341,512,0.9377569210944328,0.781732879210077,0.9692883760407413,0.6173672229478567,0.8068289970892109,0.42790544880650255,0.19997155666351318
a3341,/mnt/data_disk/HDRData/1000hdr/HDRtest/a3341-jmac_DSC2590.exr,/mnt/data_disk/ZQL/TIP_TMO_result/tradition/Lischinski/a3341.png,340,512,0.9292168223711103,0.7733617951842149,0.9266224400487355,0.9140755395188757,0.8518570239218933,0.976294055115858,0.11352995783090591
a3344,/mnt/data_disk/HDRData/1000hdr/HDRtest/a3344-NKIM_MG_6348.exr,/mnt/data_disk/ZQL/TIP_TMO_result/tradition/Lischinski/a3344.png,341,512,0.9440193529390126,0.9026118641019699,0.7848875401856195,0.5689864567057712,0.7952609960957786,0.3427119173157637,0.061401136219501495
a3345,/mnt/data_disk/HDRData/1000hdr/HDRtest/a3345-20080514_105211__MG_9917.exr,/mnt/data_disk/ZQL/TIP_TMO_result/tradition/Lischinski/a3345.png,341,512,0.9266945622935243,0.8895769245577484,0.694609290006564,0.7453083759693931,0.7376414358407141,0.7529753160980722,0.15160790085792542
a3351,/mnt/data_disk/HDRData/1000hdr/HDRtest/a3351-KE_-1722.exr,/mnt/data_disk/ZQL/TIP_TMO_result/tradition/Lischinski/a3351.png,340,512,0.8898767251740312,0.7839040653510679,0.6465842381248269,0.7661496165873842,0.7228503190290391,0.8094489141457294,0.12299449741840363
a3356,/mnt/data_disk/HDRData/1000hdr/HDRtest/a3356-_DSC9981.exr,/mnt/data_disk/ZQL/TIP_TMO_result/tradition/Lischinski/a3356.png,341,512,0.9247542629472182,0.7878549703532611,0.867056106532278,0.6507531679121856,0.6760969010766711,0.6254094347477002,0.17654278874397278
a3360,/mnt/data_disk/HDRData/1000hdr/HDRtest/a3360-IMG_0017.exr,/mnt/data_disk/ZQL/TIP_TMO_result/tradition/Lischinski/a3360.png,341,512,0.8747198808766684,0.8411525765898035,0.45995006753432255,0.9639851200039962,0.9315743815942037,0.9963958584137887,0.1716747134923935
a3365,/mnt/data_disk/HDRData/1000hdr/HDRtest/a3365-jn_20071207_Xmas_House_0124.exr,/mnt/data_disk/ZQL/TIP_TMO_result/tradition/Lischinski/a3365.png,341,512,0.8757288119465746,0.695689661436126,0.7255408937825499,0.8518362533686461,0.7603879182778128,0.9432845884594794,0.1257936954498291
a3366,/mnt/data_disk/HDRData/1000hdr/HDRtest/a3366-Ja_Pe-6.exr,/mnt/data_disk/ZQL/TIP_TMO_result/tradition/Lischinski/a3366.png,288,512,0.8663150492364196,0.774183012119989,0.5208488016952455,0.896312806747414,0.8692920693929539,0.923333544101874,0.22603243589401245
a3369,/mnt/data_disk/HDRData/1000hdr/HDRtest/a3369-IMG_0004.exr,/mnt/data_disk/ZQL/TIP_TMO_result/tradition/Lischinski/a3369.png,341,512,0.8064430546524779,0.810865504717874,0.1623830937708872,0.8763898194570038,0.8859901454804215,0.866789493433586,0.25214317440986633
a3371,/mnt/data_disk/HDRData/1000hdr/HDRtest/a3371-07-12-01-at-11h32m58s-_MG_8498.exr,/mnt/data_disk/ZQL/TIP_TMO_result/tradition/Lischinski/a3371.png,341,512,0.9385522367386578,0.783594556128319,0.9710932214876599,0.8389618171888851,0.6822864150607449,0.9956372193170253,0.2133873701095581
a3382,/mnt/data_disk/HDRData/1000hdr/HDRtest/a3382-IMG_4032.exr,/mnt/data_disk/ZQL/TIP_TMO_result/tradition/Lischinski/a3382.png,341,512,0.9359557557940767,0.8477415044260773,0.8290956607753924,0.9372941541752227,0.877750524428071,0.9968377839223742,0.15047192573547363
a3388,/mnt/data_disk/HDRData/1000hdr/HDRtest/a3388-jmac_DSC2214.exr,/mnt/data_disk/ZQL/TIP_TMO_result/tradition/Lischinski/a3388.png,340,512,0.9625599657884373,0.8782243266687318,0.9551037554671896,0.8886289222391281,0.7797738823992162,0.9974839620790401,0.13112136721611023
a3390,/mnt/data_disk/HDRData/1000hdr/HDRtest/a3390-dgw_070.exr,/mnt/data_disk/ZQL/TIP_TMO_result/tradition/Lischinski/a3390.png,341,512,0.844544225714251,0.704563556925772,0.5161505452128968,0.8941388114759922,0.7988846373739349,0.9893929855780494,0.2342139482498169
a3391,/mnt/data_disk/HDRData/1000hdr/HDRtest/a3391-050904_125814__I2E8654.exr,/mnt/data_disk/ZQL/TIP_TMO_result/tradition/Lischinski/a3391.png,341,512,0.8832299052808696,0.7354806858010579,0.6949895397068985,0.7869460489544098,0.7922372963890607,0.781654801519759,0.21304072439670563
a3393,/mnt/data_disk/HDRData/1000hdr/HDRtest/a3393-_DSC0057.exr,/mnt/data_disk/ZQL/TIP_TMO_result/tradition/Lischinski/a3393.png,340,512,0.7783899839547812,0.840429956766113,0.035112921274638595,0.9534339308310912,0.9096466529705327,0.9972212086916497,0.12861794233322144
a3394,/mnt/data_disk/HDRData/1000hdr/HDRtest/a3394-_DGW6419.exr,/mnt/data_disk/ZQL/TIP_TMO_result/tradition/Lischinski/a3394.png,341,512,0.8593537403449972,0.7459922937993259,0.5288780678963083,0.6149595597444204,0.7576793314272517,0.47223978806158917,0.3514377176761627
a3400,/mnt/data_disk/HDRData/1000hdr/HDRtest/a3400-07-11-04-at-17h36m14s-_MG_4004.exr,/mnt/data_disk/ZQL/TIP_TMO_result/tradition/Lischinski/a3400.png,341,512,0.8967697306827496,0.6968468807130617,0.862693528922341,0.42773663907062504,0.7813968444488284,0.0740764336924217,0.19792740046977997
a3401,/mnt/data_disk/HDRData/1000hdr/HDRtest/a3401-20061111_122429__E6B5415.exr,/mnt/data_disk/ZQL/TIP_TMO_result/tradition/Lischinski/a3401.png,341,512,0.8763399138854734,0.8963550324710321,0.386830003287322,0.8701526323092506,0.9497069734772952,0.7905982911412058,0.10772819817066193
a3402,/mnt/data_disk/HDRData/1000hdr/HDRtest/a3402-jmac_DSC3153.exr,/mnt/data_disk/ZQL/TIP_TMO_result/tradition/Lischinski/a3402.png,340,512,0.8840975990058598,0.8447495070881758,0.5081392722784647,0.9496214840346875,0.9104178108480838,0.9888251572212912,0.14877274632453918
a3413,/mnt/data_disk/HDRData/1000hdr/HDRtest/a3413-20041217_193556__E6B0485.exr,/mnt/data_disk/ZQL/TIP_TMO_result/tradition/Lischinski/a3413.png,341,512,0.8978715663818534,0.8142690942421486,0.6424189085890409,0.6942050428291191,0.8368843488586962,0.551525736799542,0.13851520419120789
a3414,/mnt/data_disk/HDRData/1000hdr/HDRtest/a3414-DSC_0002.exr,/mnt/data_disk/ZQL/TIP_TMO_result/tradition/Lischinski/a3414.png,340,512,0.9301631396530076,0.8636793582216699,0.7618641747090195,0.7858003970450513,0.8592519322464001,0.7123488618437027,0.16685603559017181
a3415,/mnt/data_disk/HDRData/1000hdr/HDRtest/a3415-jmac_DSC6092.exr,/mnt/data_disk/ZQL/TIP_TMO_result/tradition/Lischinski/a3415.png,340,512,0.9616416798873102,0.9096272010723545,0.8912922047289201,0.8882474830574043,0.8184138240494526,0.9580811420653559,0.11714795976877213
a3416,/mnt/data_disk/HDRData/1000hdr/HDRtest/a3416-IMG_4746.exr,/mnt/data_disk/ZQL/TIP_TMO_result/tradition/Lischinski/a3416.png,341,512,0.9042508734456045,0.7445249112568922,0.8145960259347508,0.9089178604856729,0.8572884549006016,0.9605472660707444,0.21862974762916565
a3418,/mnt/data_disk/HDRData/1000hdr/HDRtest/a3418-2004-02-07 16-53-50 CRW_3754.exr,/mnt/data_disk/ZQL/TIP_TMO_result/tradition/Lischinski/a3418.png,341,512,0.9488277778790541,0.8960601244550261,0.828415246800847,0.9462206073272692,0.8963419669801244,0.9960992476744139,0.0726604014635086
a3422,/mnt/data_disk/HDRData/1000hdr/HDRtest/a3422-WP_CRW_0302.exr,/mnt/data_disk/ZQL/TIP_TMO_result/tradition/Lischinski/a3422.png,341,512,0.9692794692696234,0.8941401688077693,0.9726196537800257,0.9091027668813372,0.8620307497312633,0.956174784031411,0.15915748476982117
a3424,/mnt/data_disk/HDRData/1000hdr/HDRtest/a3424-CRW_0163.exr,/mnt/data_disk/ZQL/TIP_TMO_result/tradition/Lischinski/a3424.png,341,512,0.9335754544863027,0.8425461339840956,0.8226853400705382,0.9051497441227763,0.8710978371387126,0.9392016511068398,0.24427194893360138
a3431,/mnt/data_disk/HDRData/1000hdr/HDRtest/a3431-_DSC0103-3.exr,/mnt/data_disk/ZQL/TIP_TMO_result/tradition/Lischinski/a3431.png,340,512,0.9067636319435819,0.8270927412498046,0.6757393343048813,0.9574310220906734,0.9223257698388785,0.9925362743424685,0.1050717830657959
a3432,/mnt/data_disk/HDRData/1000hdr/HDRtest/a3432-jmac_DSC3184.exr,/mnt/data_disk/ZQL/TIP_TMO_result/tradition/Lischinski/a3432.png,340,512,0.943761165369023,0.8279788234071283,0.9195739047927483,0.883650984352284,0.89882725494836,0.8684747137562079,0.11400245130062103
a3433,/mnt/data_disk/HDRData/1000hdr/HDRtest/a3433-NKIM_MG_8213.exr,/mnt/data_disk/ZQL/TIP_TMO_result/tradition/Lischinski/a3433.png,341,512,0.8807338797893054,0.8145613797673665,0.5376678302593608,0.9358838302973076,0.877951988813425,0.9938156717811901,0.22668896615505219
a3439,/mnt/data_disk/HDRData/1000hdr/HDRtest/a3439-IMG_3798.exr,/mnt/data_disk/ZQL/TIP_TMO_result/tradition/Lischinski/a3439.png,341,512,0.9317949303078387,0.7512939208897064,0.9902828542527745,0.9055563700796166,0.9760422754444149,0.8350704647148184,0.11348666995763779
a3441,/mnt/data_disk/HDRData/1000hdr/HDRtest/a3441-dgw_064.exr,/mnt/data_disk/ZQL/TIP_TMO_result/tradition/Lischinski/a3441.png,341,512,0.9323882664521822,0.8248038835960277,0.8477817932844609,0.8859964401727176,0.7914747177295246,0.9805181626159105,0.25100868940353394
a3444,/mnt/data_disk/HDRData/1000hdr/HDRtest/a3444-WP_CRW_6313.exr,/mnt/data_disk/ZQL/TIP_TMO_result/tradition/Lischinski/a3444.png,341,512,0.9372637078753076,0.8085081007306306,0.9124191463330282,0.8560817906465552,0.7746099989602179,0.9375535823328927,0.15073038637638092
a3446,/mnt/data_disk/HDRData/1000hdr/HDRtest/a3446-050730_134124__MG_3716.exr,/mnt/data_disk/ZQL/TIP_TMO_result/tradition/Lischinski/a3446.png,341,512,0.9284949550457566,0.9266802711185754,0.6448344586177719,0.9344704510448181,0.8717155557347379,0.9972253463548981,0.19079753756523132
a3448,/mnt/data_disk/HDRData/1000hdr/HDRtest/a3448-IMG_0113.exr,/mnt/data_disk/ZQL/TIP_TMO_result/tradition/Lischinski/a3448.png,341,512,0.8660397709884554,0.7289972616335451,0.5998230661392093,0.947137155182112,0.8948559455265778,0.9994183648376461,0.21515674889087677
a3449,/mnt/data_disk/HDRData/1000hdr/HDRtest/a3449-jmac_DSC2669.exr,/mnt/data_disk/ZQL/TIP_TMO_result/tradition/Lischinski/a3449.png,340,512,0.9720553326219836,0.9353810049857795,0.9172441733675137,0.9299296432826369,0.8763800181877323,0.9834792683775416,0.10631227493286133
a3451,/mnt/data_disk/HDRData/1000hdr/HDRtest/a3451-IMG_1088.exr,/mnt/data_disk/ZQL/TIP_TMO_result/tradition/Lischinski/a3451.png,341,512,0.9336585877789968,0.8178734365587395,0.8695718604845626,0.9130050564671872,0.8421031034024528,0.9839070095319217,0.2663100063800812
a3452,/mnt/data_disk/HDRData/1000hdr/HDRtest/a3452-IMG_1205.exr,/mnt/data_disk/ZQL/TIP_TMO_result/tradition/Lischinski/a3452.png,341,512,0.8454154721428545,0.8780135750175259,0.25439824654731463,0.3679461580682083,0.6799783998026531,0.055913916333763546,0.0654129758477211
a3456,/mnt/data_disk/HDRData/1000hdr/HDRtest/a3456-DSC_0006-1-2.exr,/mnt/data_disk/ZQL/TIP_TMO_result/tradition/Lischinski/a3456.png,340,512,0.9568783691654826,0.8788114400230316,0.9144770472260776,0.9563284034224192,0.9142966383613352,0.9983601684835032,0.12784096598625183
a3457,/mnt/data_disk/HDRData/1000hdr/HDRtest/a3457-NKIM_025.exr,/mnt/data_disk/ZQL/TIP_TMO_result/tradition/Lischinski/a3457.png,341,512,0.9589108033372838,0.9045529892034879,0.8816606341402522,0.9438436412886605,0.902401418219436,0.985285864357885,0.16506901383399963
a3460,/mnt/data_disk/HDRData/1000hdr/HDRtest/a3460-20080514_105637__MG_9928.exr,/mnt/data_disk/ZQL/TIP_TMO_result/tradition/Lischinski/a3460.png,341,512,0.8880313109912688,0.7751410095202228,0.6509489539849835,0.9312933954610745,0.8792012208371445,0.9833855700850044,0.18187680840492249
a3462,/mnt/data_disk/HDRData/1000hdr/HDRtest/a3462-dgw_051.exr,/mnt/data_disk/ZQL/TIP_TMO_result/tradition/Lischinski/a3462.png,341,512,0.9047420177329814,0.7095201209335155,0.8901553942213407,0.8882222423422627,0.7819918638574485,0.9944526208270769,0.2749526798725128
a3464,/mnt/data_disk/HDRData/1000hdr/HDRtest/a3464-tc_DSC2199.exr,/mnt/data_disk/ZQL/TIP_TMO_result/tradition/Lischinski/a3464.png,340,512,0.8947862068677709,0.6516808608687938,0.9489959620143499,0.8691007135683568,0.7718090233078639,0.9663924038288496,0.1517147421836853
a3465,/mnt/data_disk/HDRData/1000hdr/HDRtest/a3465-20060619_114622__MG_9153.exr,/mnt/data_disk/ZQL/TIP_TMO_result/tradition/Lischinski/a3465.png,341,512,0.9169360557368376,0.8864726283426126,0.6382690441244911,0.8999781579214403,0.8050615624524595,0.9948947533904212,0.16505400836467743
a3466,/mnt/data_disk/HDRData/1000hdr/HDRtest/a3466-IMG_3941.exr,/mnt/data_disk/ZQL/TIP_TMO_result/tradition/Lischinski/a3466.png,341,512,0.9624738868870284,0.882117282444212,0.9472401989111253,0.9570471403627103,0.925122586838817,0.9889716938866037,0.15913262963294983
a3468,/mnt/data_disk/HDRData/1000hdr/HDRtest/a3468-IMG_4793.exr,/mnt/data_disk/ZQL/TIP_TMO_result/tradition/Lischinski/a3468.png,341,512,0.8954645338740227,0.8685586601668229,0.5369002541771207,0.8720059200295033,0.921423993654424,0.8225878464045826,0.13074712455272675
a3470,/mnt/data_disk/HDRData/1000hdr/HDRtest/a3470-IMG_0835.exr,/mnt/data_disk/ZQL/TIP_TMO_result/tradition/Lischinski/a3470.png,341,512,0.8587376067547777,0.7391217610405785,0.5374236835724046,0.9188229665856227,0.8505977740605453,0.9870481591107001,0.240519717335701
a3474,/mnt/data_disk/HDRData/1000hdr/HDRtest/a3474-jmac_MG_1125.exr,/mnt/data_disk/ZQL/TIP_TMO_result/tradition/Lischinski/a3474.png,341,512,0.9189677944756047,0.8801931919783192,0.6614436921211725,0.9032600622229141,0.8098568105797036,0.9966633138661245,0.10057522356510162
a3477,/mnt/data_disk/HDRData/1000hdr/HDRtest/a3477-_DSC0048.exr,/mnt/data_disk/ZQL/TIP_TMO_result/tradition/Lischinski/a3477.png,340,512,0.8551827364476299,0.8136023036642971,0.3942419609466834,0.9250519018942185,0.9132687983610086,0.9368350054274283,0.16294731199741364
a3483,/mnt/data_disk/HDRData/1000hdr/HDRtest/a3483-_DSC0023-1.exr,/mnt/data_disk/ZQL/TIP_TMO_result/tradition/Lischinski/a3483.png,340,512,0.9027667758160499,0.8018527242839675,0.6955002750146536,0.927591359100346,0.8677799042159808,0.987402813984711,0.08639895170927048
a3486,/mnt/data_disk/HDRData/1000hdr/HDRtest/a3486-jmac_DSC3897.exr,/mnt/data_disk/ZQL/TIP_TMO_result/tradition/Lischinski/a3486.png,343,512,0.8358295279960578,0.7261648985151131,0.42852590032711246,0.8666720832674487,0.8889798226923825,0.8443643438425149,0.1978343278169632
a3491,/mnt/data_disk/HDRData/1000hdr/HDRtest/a3491-DSC_0091.exr,/mnt/data_disk/ZQL/TIP_TMO_result/tradition/Lischinski/a3491.png,340,512,0.9691809017650569,0.8942183428948962,0.9717807168677831,0.9375377915132789,0.880117451158857,0.9949581318677008,0.1531495600938797
a3493,/mnt/data_disk/HDRData/1000hdr/HDRtest/a3493-IMG_0279.exr,/mnt/data_disk/ZQL/TIP_TMO_result/tradition/Lischinski/a3493.png,341,512,0.8727300377976807,0.7087546835717119,0.6802278211444676,0.6363948700392319,0.8338843568032722,0.4389053832751916,0.21456429362297058
a3499,/mnt/data_disk/HDRData/1000hdr/HDRtest/a3499-jn_2007_12_11__BU_CRUISE_019.exr,/mnt/data_disk/ZQL/TIP_TMO_result/tradition/Lischinski/a3499.png,341,512,0.8517790553096383,0.6824889694571374,0.601078134127077,0.7813307161227996,0.7837033868179635,0.7789580454276356,0.14658933877944946
a3503,/mnt/data_disk/HDRData/1000hdr/HDRtest/a3503-050731_155906__I2E5378.exr,/mnt/data_disk/ZQL/TIP_TMO_result/tradition/Lischinski/a3503.png,341,512,0.9590408287413785,0.8679482389328166,0.9497647739082631,0.8599531562454874,0.7321557617525885,0.9877505507383864,0.15841281414031982
a3504,/mnt/data_disk/HDRData/1000hdr/HDRtest/a3504-IMG_0903.exr,/mnt/data_disk/ZQL/TIP_TMO_result/tradition/Lischinski/a3504.png,341,512,0.9105235656738072,0.9001366018464679,0.5767792769854174,0.9747091850465609,0.95151024619827,0.9979081238948518,0.14826858043670654
a3505,/mnt/data_disk/HDRData/1000hdr/HDRtest/a3505-CRW_0288.exr,/mnt/data_disk/ZQL/TIP_TMO_result/tradition/Lischinski/a3505.png,341,512,0.9190971953338751,0.8951561405819545,0.6374256687214536,0.8083752706247455,0.8914214721090106,0.7253290691404803,0.2224624902009964
a3508,/mnt/data_disk/HDRData/1000hdr/HDRtest/a3508-NKIM_095.exr,/mnt/data_disk/ZQL/TIP_TMO_result/tradition/Lischinski/a3508.png,341,512,0.8850815881787776,0.8142123905288451,0.564190405714276,0.944448907341113,0.9074148795932848,0.9814829350889411,0.29030975699424744
a3509,/mnt/data_disk/HDRData/1000hdr/HDRtest/a3509-_DGW6337.exr,/mnt/data_disk/ZQL/TIP_TMO_result/tradition/Lischinski/a3509.png,341,512,0.9313267971901794,0.8478766180263927,0.7979149228587511,0.9146240773070118,0.8346136537668772,0.9946345008471464,0.3460860550403595
a3510,/mnt/data_disk/HDRData/1000hdr/HDRtest/a3510-JI2E4365.exr,/mnt/data_disk/ZQL/TIP_TMO_result/tradition/Lischinski/a3510.png,341,512,0.9193962847647594,0.763632351845826,0.8786213228877008,0.8437693515430258,0.6997865177969685,0.9877521852890829,0.24346327781677246
a3511,/mnt/data_disk/HDRData/1000hdr/HDRtest/a3511-jmac_MG_0542.exr,/mnt/data_disk/ZQL/TIP_TMO_result/tradition/Lischinski/a3511.png,341,512,0.8803340549833709,0.8156792353906308,0.5334414291351074,0.8771822854102183,0.846662349865282,0.9077022209551544,0.1178039014339447
a3512,/mnt/data_disk/HDRData/1000hdr/HDRtest/a3512-LSstone_060805_9380.exr,/mnt/data_disk/ZQL/TIP_TMO_result/tradition/Lischinski/a3512.png,341,512,0.9272834019561698,0.7736907117745039,0.9125677228019439,0.9001493343510336,0.8123754879994695,0.9879231807025979,0.17007671296596527
a3521,/mnt/data_disk/HDRData/1000hdr/HDRtest/a3521-JI2E5091.exr,/mnt/data_disk/ZQL/TIP_TMO_result/tradition/Lischinski/a3521.png,341,512,0.9287621762333754,0.7911076307145007,0.8880455009945105,0.7959486042539694,0.9057299129186599,0.686167295589279,0.1378175914287567
a3522,/mnt/data_disk/HDRData/1000hdr/HDRtest/a3522-IMG_4772.exr,/mnt/data_disk/ZQL/TIP_TMO_result/tradition/Lischinski/a3522.png,341,512,0.9570240046588064,0.8587386827366763,0.9530700506309346,0.9206224879160161,0.845948662849507,0.9952963129825253,0.11431501060724258
a3525,/mnt/data_disk/HDRData/1000hdr/HDRtest/a3525-IMG_0713.exr,/mnt/data_disk/ZQL/TIP_TMO_result/tradition/Lischinski/a3525.png,341,512,0.9684165734105517,0.9557137668341246,0.8569517959934071,0.6007822736900429,0.9263669526951831,0.27519759468490274,0.17878232896327972
a3529,/mnt/data_disk/HDRData/1000hdr/HDRtest/a3529-WP_CRW_0659.exr,/mnt/data_disk/ZQL/TIP_TMO_result/tradition/Lischinski/a3529.png,341,512,0.9567125733505126,0.8869823403478365,0.8983372301197475,0.9425978597724884,0.8920103547728131,0.9931853647721637,0.1481991410255432
a3531,/mnt/data_disk/HDRData/1000hdr/HDRtest/a3531-07-06-30-at-04h02m08s-_MG_1936.exr,/mnt/data_disk/ZQL/TIP_TMO_result/tradition/Lischinski/a3531.png,341,512,0.8989559935956145,0.6493801584048959,0.9836133173404061,0.8485380561524296,0.787180047969536,0.9098960643353233,0.2185603231191635
a3540,/mnt/data_disk/HDRData/1000hdr/HDRtest/a3540-07-12-02-at-14h05m14s-_MG_8949.exr,/mnt/data_disk/ZQL/TIP_TMO_result/tradition/Lischinski/a3540.png,341,512,0.944534726163181,0.8252647089724777,0.930185739002293,0.889967901811463,0.780803342973886,0.9991324606490399,0.21706274151802063
a3541,/mnt/data_disk/HDRData/1000hdr/HDRtest/a3541-IMG_4107.exr,/mnt/data_disk/ZQL/TIP_TMO_result/tradition/Lischinski/a3541.png,341,512,0.928656944426175,0.8411228863580311,0.792497321693324,0.8937127824667369,0.7932573572417094,0.9941682076917644,0.12033696472644806
a3545,/mnt/data_disk/HDRData/1000hdr/HDRtest/a3545-jmac_DSC0491.exr,/mnt/data_disk/ZQL/TIP_TMO_result/tradition/Lischinski/a3545.png,340,512,0.960142816394122,0.8620916328130127,0.9685748684211307,0.787412907282784,0.8865198533165434,0.6883059612490247,0.09370854496955872
a3548,/mnt/data_disk/HDRData/1000hdr/HDRtest/a3548-CRW_0993.exr,/mnt/data_disk/ZQL/TIP_TMO_result/tradition/Lischinski/a3548.png,341,512,0.9374102317819353,0.8675122342702085,0.8029131710404148,0.9692932161737381,0.9428689691921724,0.9957174631553037,0.11680149286985397
a3549,/mnt/data_disk/HDRData/1000hdr/HDRtest/a3549-KE_-2455.exr,/mnt/data_disk/ZQL/TIP_TMO_result/tradition/Lischinski/a3549.png,340,512,0.9692327281935651,0.949155011433279,0.8737712597315619,0.9427995525850662,0.8865636281689904,0.999035477001142,0.1089409664273262
a3557,/mnt/data_disk/HDRData/1000hdr/HDRtest/a3557-IMG_1507.exr,/mnt/data_disk/ZQL/TIP_TMO_result/tradition/Lischinski/a3557.png,341,512,0.8823955505514172,0.9064919839259129,0.40523559079337035,0.8989454294149982,0.8110640609612209,0.9868267978687756,0.08580394834280014
a3563,/mnt/data_disk/HDRData/1000hdr/HDRtest/a3563-07-11-30-at-15h55m08s-_MG_8326.exr,/mnt/data_disk/ZQL/TIP_TMO_result/tradition/Lischinski/a3563.png,341,512,0.9110763277060071,0.8364201964918168,0.6866880244433927,0.8768370507862262,0.8298516253942385,0.923822476178214,0.18130657076835632
a3571,/mnt/data_disk/HDRData/1000hdr/HDRtest/a3571-IMG_0290.exr,/mnt/data_disk/ZQL/TIP_TMO_result/tradition/Lischinski/a3571.png,341,512,0.8765500115386182,0.7994317217896059,0.5382738944378704,0.8001389392057905,0.8363208142330419,0.763957064178539,0.0558907575905323
a3575,/mnt/data_disk/HDRData/1000hdr/HDRtest/a3575-IMG_0834.exr,/mnt/data_disk/ZQL/TIP_TMO_result/tradition/Lischinski/a3575.png,341,512,0.9069369379787496,0.7356241790813357,0.8506851076388888,0.9221922680080087,0.8558542093003648,0.9885303267156526,0.22755546867847443
a3576,/mnt/data_disk/HDRData/1000hdr/HDRtest/a3576-LS051026_day_15_LL003.exr,/mnt/data_disk/ZQL/TIP_TMO_result/tradition/Lischinski/a3576.png,341,512,0.8942374900383928,0.8784858214878275,0.5140199275416045,0.9544297598692595,0.9207722672700106,0.9880872524685085,0.1644170731306076
a3585,/mnt/data_disk/HDRData/1000hdr/HDRtest/a3585-IMG_4211.exr,/mnt/data_disk/ZQL/TIP_TMO_result/tradition/Lischinski/a3585.png,341,512,0.8352109682476733,0.6275021942048522,0.6099592720275201,0.802714010375839,0.6425090503778064,0.9629189703738716,0.13849841058254242
a3586,/mnt/data_disk/HDRData/1000hdr/HDRtest/a3586-IMG_4591.exr,/mnt/data_disk/ZQL/TIP_TMO_result/tradition/Lischinski/a3586.png,341,512,0.8827380723879983,0.7819919330600696,0.60580695974927,0.6894834766392999,0.7733189473049166,0.6056480059736831,0.17384804785251617
a3588,/mnt/data_disk/HDRData/1000hdr/HDRtest/a3588-CRW_0983.exr,/mnt/data_disk/ZQL/TIP_TMO_result/tradition/Lischinski/a3588.png,341,512,0.9134836163823465,0.8600464393578914,0.6610167499052935,0.8866278132907379,0.8812500107688853,0.8920056158125905,0.14981496334075928
a3591,/mnt/data_disk/HDRData/1000hdr/HDRtest/a3591-07-11-30-at-16h19m33s-_MG_8384.exr,/mnt/data_disk/ZQL/TIP_TMO_result/tradition/Lischinski/a3591.png,341,512,0.9110674018462448,0.8290252444798879,0.6997050402564118,0.8856841748572879,0.8224368109145909,0.9489315387999848,0.2016725093126297
a3593,/mnt/data_disk/HDRData/1000hdr/HDRtest/a3593-_DSC5689.exr,/mnt/data_disk/ZQL/TIP_TMO_result/tradition/Lischinski/a3593.png,341,512,0.8570656826738399,0.7544028951577144,0.5008334344890701,0.9111826534660247,0.8615175445680247,0.9608477623640247,0.2695295810699463
a3600,/mnt/data_disk/HDRData/1000hdr/HDRtest/a3600-JI2E3496.exr,/mnt/data_disk/ZQL/TIP_TMO_result/tradition/Lischinski/a3600.png,341,512,0.9365594722944038,0.8162984603614462,0.8924382859598391,0.8711855966455297,0.7576161842582794,0.98475500903278,0.20751015841960907
a3602,/mnt/data_disk/HDRData/1000hdr/HDRtest/a3602-_DSC9759.exr,/mnt/data_disk/ZQL/TIP_TMO_result/tradition/Lischinski/a3602.png,341,512,0.9157133662480899,0.8261662248644249,0.7347605689200307,0.6954781525295002,0.7666016021896195,0.6243547028693809,0.13672180473804474
a3605,/mnt/data_disk/HDRData/1000hdr/HDRtest/a3605-IMG_2772.exr,/mnt/data_disk/ZQL/TIP_TMO_result/tradition/Lischinski/a3605.png,341,512,0.9267681279040952,0.8305189928227968,0.79942177664369,0.8812347391183841,0.9391163052781475,0.8233531729586209,0.10931707173585892
a3608,/mnt/data_disk/HDRData/1000hdr/HDRtest/a3608-NKIM_MG_7004.exr,/mnt/data_disk/ZQL/TIP_TMO_result/tradition/Lischinski/a3608.png,341,512,0.943300595168639,0.8654840144987375,0.8460983028627522,0.7594307551346562,0.8266885115123718,0.6921729987569405,0.10100722312927246
a3609,/mnt/data_disk/HDRData/1000hdr/HDRtest/a3609-IMG_1702.exr,/mnt/data_disk/ZQL/TIP_TMO_result/tradition/Lischinski/a3609.png,341,512,0.8957553802295859,0.872953545733136,0.5316376404142388,0.8554048695285712,0.7152217368498699,0.9955880022072725,0.1446157693862915
a3613,/mnt/data_disk/HDRData/1000hdr/HDRtest/a3613-_DSC3264.exr,/mnt/data_disk/ZQL/TIP_TMO_result/tradition/Lischinski/a3613.png,341,512,0.9071781519083946,0.7650824809658322,0.7934581561021974,0.6368618257382224,0.7589528198754426,0.514770831601002,0.22237832844257355
a3623,/mnt/data_disk/HDRData/1000hdr/HDRtest/a3623-20051220_201437__MG_9239.exr,/mnt/data_disk/ZQL/TIP_TMO_result/tradition/Lischinski/a3623.png,341,512,0.8581568819649,0.7766060400913584,0.4695935304427616,0.85677506760019,0.8451506847180944,0.8683994504822855,0.28073909878730774
a3624,/mnt/data_disk/HDRData/1000hdr/HDRtest/a3624-DSC_0070.exr,/mnt/data_disk/ZQL/TIP_TMO_result/tradition/Lischinski/a3624.png,340,512,0.9838698554923588,0.9448403377896839,0.9829950225640282,0.9538958908796789,0.9208115479459528,0.9869802338134048,0.10525085031986237
a3628,/mnt/data_disk/HDRData/1000hdr/HDRtest/a3628-_DSC9996.exr,/mnt/data_disk/ZQL/TIP_TMO_result/tradition/Lischinski/a3628.png,341,512,0.8761942637119438,0.7243773240491354,0.671724363500605,0.3297897556285146,0.6551744052843289,0.004405105972700233,0.19746233522891998
a3633,/mnt/data_disk/HDRData/1000hdr/HDRtest/a3633-JI2E3892.exr,/mnt/data_disk/ZQL/TIP_TMO_result/tradition/Lischinski/a3633.png,341,512,0.8338323035456376,0.6560153771401792,0.5443480783481842,0.7822745861304279,0.577896734024352,0.9866524382365038,0.12056342512369156
a3634,/mnt/data_disk/HDRData/1000hdr/HDRtest/a3634-IMG_4959.exr,/mnt/data_disk/ZQL/TIP_TMO_result/tradition/Lischinski/a3634.png,341,512,0.9240970775185613,0.772612603356524,0.8927869965595594,0.8046717017769216,0.6161231681249916,0.9932202354288517,0.24303753674030304
a3635,/mnt/data_disk/HDRData/1000hdr/HDRtest/a3635-IMG_4031.exr,/mnt/data_disk/ZQL/TIP_TMO_result/tradition/Lischinski/a3635.png,341,512,0.925303807867506,0.7375258784266644,0.973584620645919,0.8463741694865607,0.7262942108753007,0.9664541280978208,0.24837303161621094
a3636,/mnt/data_disk/HDRData/1000hdr/HDRtest/a3636-20041222_195608__E6B6989.exr,/mnt/data_disk/ZQL/TIP_TMO_result/tradition/Lischinski/a3636.png,341,512,0.8260725379278341,0.8053103577369695,0.2575808294602939,0.4019467724936166,0.8012626002595801,0.00263094472765309,0.12145334482192993
a3641,/mnt/data_disk/HDRData/1000hdr/HDRtest/a3641-_DSC4628.exr,/mnt/data_disk/ZQL/TIP_TMO_result/tradition/Lischinski/a3641.png,341,512,0.8863589020536613,0.8492341331527781,0.5141681440529674,0.9600054729752259,0.9321626978170948,0.9878482481333568,0.27985888719558716
a3644,/mnt/data_disk/HDRData/1000hdr/HDRtest/a3644-jmac_MG_5959.exr,/mnt/data_disk/ZQL/TIP_TMO_result/tradition/Lischinski/a3644.png,341,512,0.9015224530917643,0.8077860238882865,0.676877335239889,0.9488257431779998,0.9138847439757338,0.9837667423802657,0.2130744457244873
a3649,/mnt/data_disk/HDRData/1000hdr/HDRtest/a3649-WP_CRW_0691.exr,/mnt/data_disk/ZQL/TIP_TMO_result/tradition/Lischinski/a3649.png,341,512,0.9705656821021954,0.9446181438329744,0.8907611359796751,0.9804080367482175,0.9695215358347203,0.9912945376617146,0.07731734216213226
a3654,/mnt/data_disk/HDRData/1000hdr/HDRtest/a3654-IMG_0777.exr,/mnt/data_disk/ZQL/TIP_TMO_result/tradition/Lischinski/a3654.png,341,512,0.9445166499295389,0.8949556718985417,0.8015362119904724,0.9343522812381189,0.8691881134627159,0.9995164490135219,0.16964836418628693
a3658,/mnt/data_disk/HDRData/1000hdr/HDRtest/a3658-jmac_MG_0418.exr,/mnt/data_disk/ZQL/TIP_TMO_result/tradition/Lischinski/a3658.png,341,512,0.9299314590344482,0.8576094506663845,0.7711420908208726,0.8679642459922876,0.7457076988187074,0.9902207931658679,0.12157386541366577
a3670,/mnt/data_disk/HDRData/1000hdr/HDRtest/a3670-jmac_MG_5917.exr,/mnt/data_disk/ZQL/TIP_TMO_result/tradition/Lischinski/a3670.png,341,512,0.9565851602740959,0.8699767301615455,0.9288488440911299,0.66006685364957,0.7652732728099183,0.5548604344892217,0.10243531316518784
a3673,/mnt/data_disk/HDRData/1000hdr/HDRtest/a3673-_DSC1109.exr,/mnt/data_disk/ZQL/TIP_TMO_result/tradition/Lischinski/a3673.png,341,512,0.8526643390040339,0.8445536857902924,0.33540790024429246,0.9399287074290249,0.890778804086716,0.9890786107713339,0.32205823063850403
a3677,/mnt/data_disk/HDRData/1000hdr/HDRtest/a3677-IMG_4696.exr,/mnt/data_disk/ZQL/TIP_TMO_result/tradition/Lischinski/a3677.png,341,512,0.8785719761106346,0.8600782999361424,0.4525142029530557,0.7185501534576233,0.8947501662986632,0.5423501406165835,0.16022756695747375
a3686,/mnt/data_disk/HDRData/1000hdr/HDRtest/a3686-jmac_MG_0353.exr,/mnt/data_disk/ZQL/TIP_TMO_result/tradition/Lischinski/a3686.png,341,512,0.9360913979071843,0.8254178927855763,0.8717673616863235,0.9057598743082481,0.8627827927033788,0.9487369559131175,0.3031007647514343
a3688,/mnt/data_disk/HDRData/1000hdr/HDRtest/a3688-jmac_MG_1424.exr,/mnt/data_disk/ZQL/TIP_TMO_result/tradition/Lischinski/a3688.png,341,512,0.9590147558364168,0.9130578676952106,0.8672306158291523,0.8645182808522125,0.9377778352041859,0.7912587265002392,0.16709113121032715
a3689,/mnt/data_disk/HDRData/1000hdr/HDRtest/a3689-JI2E3798.exr,/mnt/data_disk/ZQL/TIP_TMO_result/tradition/Lischinski/a3689.png,341,512,0.9003513924543258,0.7876333337830733,0.7060965424309196,0.6609453275970467,0.8686861684707353,0.45320448672335817,0.10526330024003983
a3696,/mnt/data_disk/HDRData/1000hdr/HDRtest/a3696-jmac_DSC1242.exr,/mnt/data_disk/ZQL/TIP_TMO_result/tradition/Lischinski/a3696.png,343,512,0.9004586917654602,0.9005766470743172,0.5161999044433483,0.967771807995182,0.9439854064447104,0.9915582095456537,0.1604408621788025
a3697,/mnt/data_disk/HDRData/1000hdr/HDRtest/a3697-07-11-24-at-16h05m35s-_MG_6729.exr,/mnt/data_disk/ZQL/TIP_TMO_result/tradition/Lischinski/a3697.png,341,512,0.9398966767662635,0.8033621216801883,0.9408220768159774,0.8810696592332223,0.7673571662122264,0.9947821522542184,0.16177406907081604
a3700,/mnt/data_disk/HDRData/1000hdr/HDRtest/a3700-tc_DSC1892.exr,/mnt/data_disk/ZQL/TIP_TMO_result/tradition/Lischinski/a3700.png,340,512,0.9255729654629672,0.8289168815426479,0.7944397938184669,0.9054408864707035,0.8134418379647833,0.9974399349766236,0.13542158901691437
a3706,/mnt/data_disk/HDRData/1000hdr/HDRtest/a3706-dgw_065.exr,/mnt/data_disk/ZQL/TIP_TMO_result/tradition/Lischinski/a3706.png,341,512,0.8720856156247649,0.7817470107058879,0.5419378279813146,0.9252503838105008,0.8687694886181515,0.9817312790028501,0.30473658442497253
a3707,/mnt/data_disk/HDRData/1000hdr/HDRtest/a3707-NKIM_121.exr,/mnt/data_disk/ZQL/TIP_TMO_result/tradition/Lischinski/a3707.png,341,512,0.8884921107156423,0.6197633388958087,0.9797579459264485,0.5352892293920847,0.7131353512051797,0.3574431075789897,0.21518124639987946
a3710,/mnt/data_disk/HDRData/1000hdr/HDRtest/a3710-07-11-20-at-16h52m05s-_MG_5742.exr,/mnt/data_disk/ZQL/TIP_TMO_result/tradition/Lischinski/a3710.png,341,512,0.8869595542924953,0.8004573163766346,0.599181461837261,0.834988020515999,0.7763844531384004,0.8935915878935975,0.09131383895874023
a3712,/mnt/data_disk/HDRData/1000hdr/HDRtest/a3712-IMG_4852.exr,/mnt/data_disk/ZQL/TIP_TMO_result/tradition/Lischinski/a3712.png,341,512,0.9635711457076025,0.8831689946675856,0.9529546685952426,0.9185922084775947,0.9023623762006724,0.934822040754517,0.12581728398799896
a3715,/mnt/data_disk/HDRData/1000hdr/HDRtest/a3715-_MG_7773.exr,/mnt/data_disk/ZQL/TIP_TMO_result/tradition/Lischinski/a3715.png,341,512,0.8894525684554444,0.7311224399540003,0.7436153934735543,0.4263841361479819,0.783249605805555,0.06951866649040873,0.24761924147605896
a3716,/mnt/data_disk/HDRData/1000hdr/HDRtest/a3716-IMG_0301.exr,/mnt/data_disk/ZQL/TIP_TMO_result/tradition/Lischinski/a3716.png,341,512,0.8069123022168716,0.5410878535158669,0.6246235466106197,0.7093860249791726,0.44905934948572807,0.9697127004726172,0.10943623632192612
a3719,/mnt/data_disk/HDRData/1000hdr/HDRtest/a3719-07-11-29-at-15h43m28s-_MG_8075.exr,/mnt/data_disk/ZQL/TIP_TMO_result/tradition/Lischinski/a3719.png,341,512,0.918668517131964,0.8819261820560577,0.6566596841107568,0.4722389367495575,0.9286886210501674,0.01578925244894764,0.33782002329826355
a3720,/mnt/data_disk/HDRData/1000hdr/HDRtest/a3720-jmac_MG_0851.exr,/mnt/data_disk/ZQL/TIP_TMO_result/tradition/Lischinski/a3720.png,341,512,0.9581972741813416,0.9004147533292353,0.8842003384862518,0.9211732078311127,0.8557304132085567,0.9866160024536687,0.17922084033489227
a3721,/mnt/data_disk/HDRData/1000hdr/HDRtest/a3721-KE_-01.exr,/mnt/data_disk/ZQL/TIP_TMO_result/tradition/Lischinski/a3721.png,340,512,0.9337732686539811,0.8236122758952049,0.8594224200903394,0.8935709952612414,0.8057619187639387,0.9813800717585442,0.21894998848438263
a3724,/mnt/data_disk/HDRData/1000hdr/HDRtest/a3724-20060101_092918__E6B0305.exr,/mnt/data_disk/ZQL/TIP_TMO_result/tradition/Lischinski/a3724.png,341,512,0.9529561769040085,0.9120962103450385,0.8279484798319394,0.948196050581997,0.9176210638886132,0.9787710372753807,0.2551514208316803
a3727,/mnt/data_disk/HDRData/1000hdr/HDRtest/a3727-2004-01-18 11-49-42 CRW_2889.exr,/mnt/data_disk/ZQL/TIP_TMO_result/tradition/Lischinski/a3727.png,341,512,0.8939831637493355,0.9520383385897851,0.4046306126882069,0.6979616094187719,0.7037016301283385,0.6922215887092055,0.15380020439624786
a3729,/mnt/data_disk/HDRData/1000hdr/HDRtest/a3729-07-11-24-at-21h39m19s-_MG_6853.exr,/mnt/data_disk/ZQL/TIP_TMO_result/tradition/Lischinski/a3729.png,341,512,0.8967822891643082,0.7474195001855372,0.7594358183358876,0.818039187816012,0.6823168101417845,0.9537615654902395,0.1509309709072113
a3730,/mnt/data_disk/HDRData/1000hdr/HDRtest/a3730-IMG_0113.exr,/mnt/data_disk/ZQL/TIP_TMO_result/tradition/Lischinski/a3730.png,341,512,0.9047800423465515,0.8238445362526418,0.6689257068886709,0.888795259040226,0.870570838025374,0.907019680055078,0.25061002373695374
a3732,/mnt/data_disk/HDRData/1000hdr/HDRtest/a3732-_DGW6272.exr,/mnt/data_disk/ZQL/TIP_TMO_result/tradition/Lischinski/a3732.png,341,512,0.9626870348453614,0.926743498035047,0.8681340433166098,0.9708908989242373,0.9426211138492663,0.9991606839992083,0.11146216839551926
a3733,/mnt/data_disk/HDRData/1000hdr/HDRtest/a3733-WP_CRW_4827.exr,/mnt/data_disk/ZQL/TIP_TMO_result/tradition/Lischinski/a3733.png,341,512,0.9351654729063941,0.8176819498553282,0.8802245133014345,0.889674124083776,0.7803707869613516,0.9989774612062002,0.16768597066402435
a3735,/mnt/data_disk/HDRData/1000hdr/HDRtest/a3735-_MG_7825.exr,/mnt/data_disk/ZQL/TIP_TMO_result/tradition/Lischinski/a3735.png,341,512,0.7764033413248432,0.794692458327922,0.06733276545044323,0.9091315247246181,0.8627690607708888,0.9554939886783473,0.19953106343746185
a3737,/mnt/data_disk/HDRData/1000hdr/HDRtest/a3737-dgw_022.exr,/mnt/data_disk/ZQL/TIP_TMO_result/tradition/Lischinski/a3737.png,341,512,0.9060508805047258,0.7933477756865043,0.732253542471409,0.88935284569294,0.811633023867893,0.967072667517987,0.20304159820079803
a3739,/mnt/data_disk/HDRData/1000hdr/HDRtest/a3739-KE_-0068.exr,/mnt/data_disk/ZQL/TIP_TMO_result/tradition/Lischinski/a3739.png,340,512,0.8132637581601406,0.8694374651828751,0.12484383117965023,0.8897199811012573,0.9517351666806552,0.8277047955218594,0.10435391217470169
a3740,/mnt/data_disk/HDRData/1000hdr/HDRtest/a3740-_DSC1411.exr,/mnt/data_disk/ZQL/TIP_TMO_result/tradition/Lischinski/a3740.png,341,512,0.889765173254827,0.6515338092391735,0.914426146738657,0.7678945089836591,0.5506521886036666,0.9851368293636515,0.15825383365154266
a3742,/mnt/data_disk/HDRData/1000hdr/HDRtest/a3742-IMG_0206.exr,/mnt/data_disk/ZQL/TIP_TMO_result/tradition/Lischinski/a3742.png,341,512,0.7942891444994733,0.6751092179377162,0.29387726269194114,0.910043966901769,0.8294971742478698,0.9905907595556681,0.26973921060562134
a3743,/mnt/data_disk/HDRData/1000hdr/HDRtest/a3743-DSC_0038.exr,/mnt/data_disk/ZQL/TIP_TMO_result/tradition/Lischinski/a3743.png,340,512,0.9144695759248869,0.8891084930618264,0.6186480738809914,0.9022288518473136,0.8438532253138373,0.96060447838079,0.1057279035449028
a3744,/mnt/data_disk/HDRData/1000hdr/HDRtest/a3744-NKIM_MG_6757.exr,/mnt/data_disk/ZQL/TIP_TMO_result/tradition/Lischinski/a3744.png,341,512,0.8596641560291337,0.6364006033731858,0.7459031708679094,0.7488971337035527,0.8424231265464854,0.65537114086062,0.2236786037683487
a3749,/mnt/data_disk/HDRData/1000hdr/HDRtest/a3749-IMG_4592.exr,/mnt/data_disk/ZQL/TIP_TMO_result/tradition/Lischinski/a3749.png,341,512,0.8556630158509005,0.6912987322050735,0.6077726716402339,0.8600045848348975,0.8536562454028255,0.8663529242669695,0.22507990896701813
a3750,/mnt/data_disk/HDRData/1000hdr/HDRtest/a3750-IMG_4253.exr,/mnt/data_disk/ZQL/TIP_TMO_result/tradition/Lischinski/a3750.png,341,512,0.9004759248547953,0.6967171956346027,0.8882738993769077,0.8252852292123956,0.7602027743957445,0.8903676840290465,0.22090868651866913
a3753,/mnt/data_disk/HDRData/1000hdr/HDRtest/a3753-dgw_073.exr,/mnt/data_disk/ZQL/TIP_TMO_result/tradition/Lischinski/a3753.png,341,512,0.7707739399134917,0.8007891488838267,0.04478795566819097,0.9449590041054545,0.8987914968569928,0.9911265113539163,0.4069620668888092
a3754,/mnt/data_disk/HDRData/1000hdr/HDRtest/a3754-050731_151704__I2E5362.exr,/mnt/data_disk/ZQL/TIP_TMO_result/tradition/Lischinski/a3754.png,341,512,0.9397404284903568,0.9182918535552482,0.7301486586476333,0.7014896636363778,0.7506331924725406,0.652346134800215,0.11461557447910309
a3756,/mnt/data_disk/HDRData/1000hdr/HDRtest/a3756-jmac_MG_5949.exr,/mnt/data_disk/ZQL/TIP_TMO_result/tradition/Lischinski/a3756.png,341,512,0.9664492946971771,0.8762058874204841,0.9862629344382348,0.9028465224948732,0.8431563384552093,0.962536706534537,0.12654297053813934
a3760,/mnt/data_disk/HDRData/1000hdr/HDRtest/a3760-IMG_2504.exr,/mnt/data_disk/ZQL/TIP_TMO_result/tradition/Lischinski/a3760.png,341,512,0.983304392990365,0.9641000666348538,0.944936087038394,0.8722824845741486,0.9715393607987519,0.7730256083495453,0.08600746095180511
a3764,/mnt/data_disk/HDRData/1000hdr/HDRtest/a3764-20060618_093109__MG_8792.exr,/mnt/data_disk/ZQL/TIP_TMO_result/tradition/Lischinski/a3764.png,341,512,0.8914091030614607,0.8761077919997274,0.5012468193160025,0.9342721049530323,0.9088473864202815,0.9596968234857829,0.1773732453584671
a3766,/mnt/data_disk/HDRData/1000hdr/HDRtest/a3766-20041219_194831__E6B5558.exr,/mnt/data_disk/ZQL/TIP_TMO_result/tradition/Lischinski/a3766.png,341,512,0.7499700130055742,0.3734156449304345,0.7132472672076944,0.25524460404237903,0.48723672298112325,0.023252485103634795,0.14945238828659058
a3769,/mnt/data_disk/HDRData/1000hdr/HDRtest/a3769-IMG_3943.exr,/mnt/data_disk/ZQL/TIP_TMO_result/tradition/Lischinski/a3769.png,341,512,0.9721087909806432,0.8913209354568656,0.9978724734969636,0.9452194298436826,0.9415917912069253,0.9488470684804399,0.10799799859523773
a3771,/mnt/data_disk/HDRData/1000hdr/HDRtest/a3771-07-06-01-at-13h03m06-s_MG_1256.exr,/mnt/data_disk/ZQL/TIP_TMO_result/tradition/Lischinski/a3771.png,341,512,0.8748892200404812,0.7983673211221536,0.5302496650331742,0.8670794018239587,0.8237701049741533,0.9103886986737642,0.23324725031852722
a3772,/mnt/data_disk/HDRData/1000hdr/HDRtest/a3772-dgw_123.exr,/mnt/data_disk/ZQL/TIP_TMO_result/tradition/Lischinski/a3772.png,341,512,0.9063210124238767,0.855648259190527,0.6237832870658396,0.9355233871545592,0.888038528969857,0.9830082453392615,0.22058601677417755
a3774,/mnt/data_disk/HDRData/1000hdr/HDRtest/a3774-_DSC0017.exr,/mnt/data_disk/ZQL/TIP_TMO_result/tradition/Lischinski/a3774.png,340,512,0.9576360189893981,0.857712815749421,0.9593074961382999,0.9269414441760204,0.8562252553507861,0.9976576330012548,0.1597822904586792
a3778,/mnt/data_disk/HDRData/1000hdr/HDRtest/a3778-IMG_4838.exr,/mnt/data_disk/ZQL/TIP_TMO_result/tradition/Lischinski/a3778.png,341,512,0.9198795462019261,0.8065584681077449,0.7983102483053404,0.9539978681964137,0.9112706853872135,0.996725051005614,0.2718086242675781
a3780,/mnt/data_disk/HDRData/1000hdr/HDRtest/a3780-JI2E3902.exr,/mnt/data_disk/ZQL/TIP_TMO_result/tradition/Lischinski/a3780.png,341,512,0.9710024984257575,0.8878643341504843,0.996516502289239,0.9070071197152527,0.9231278290231364,0.890886410407369,0.13872499763965607
a3781,/mnt/data_disk/HDRData/1000hdr/HDRtest/a3781-2004-06-24 06-45-08 CRW_2040.exr,/mnt/data_disk/ZQL/TIP_TMO_result/tradition/Lischinski/a3781.png,341,512,0.9106286119012883,0.8823788154379171,0.6060113614273429,0.9668307702858274,0.9469715521286323,0.9866899884430227,0.09872349351644516
a3783,/mnt/data_disk/HDRData/1000hdr/HDRtest/a3783-KE_-0052.exr,/mnt/data_disk/ZQL/TIP_TMO_result/tradition/Lischinski/a3783.png,340,512,0.895447069599736,0.7604407070258611,0.7255805754690623,0.9024546081464118,0.8237175232148236,0.981191693078,0.15356950461864471
a3786,/mnt/data_disk/HDRData/1000hdr/HDRtest/a3786-_I2E8191.exr,/mnt/data_disk/ZQL/TIP_TMO_result/tradition/Lischinski/a3786.png,341,512,0.7992522021106924,0.8587469795694752,0.08405335140225542,0.9513869826593219,0.9090098724668721,0.9937640928517716,0.17158663272857666
a3796,/mnt/data_disk/HDRData/1000hdr/HDRtest/a3796-NKIM_MG_7319.exr,/mnt/data_disk/ZQL/TIP_TMO_result/tradition/Lischinski/a3796.png,341,512,0.9208824049216467,0.8020767149988722,0.813474834064441,0.8128767756894577,0.6754808398220878,0.9502727115568276,0.2545005679130554
a3798,/mnt/data_disk/HDRData/1000hdr/HDRtest/a3798-IMG_2539.exr,/mnt/data_disk/ZQL/TIP_TMO_result/tradition/Lischinski/a3798.png,341,512,0.9535047633227,0.8840575126659408,0.8816604296041923,0.9581800767650059,0.9188534891456296,0.9975066643843823,0.20055069029331207
a3800,/mnt/data_disk/HDRData/1000hdr/HDRtest/a3800-dgw_090.exr,/mnt/data_disk/ZQL/TIP_TMO_result/tradition/Lischinski/a3800.png,341,512,0.9139615116858677,0.7936555810234586,0.7834576344313668,0.8900291707061718,0.7924434222239055,0.9876149191884381,0.16481734812259674
a3804,/mnt/data_disk/HDRData/1000hdr/HDRtest/a3804-_DSC3608.exr,/mnt/data_disk/ZQL/TIP_TMO_result/tradition/Lischinski/a3804.png,343,512,0.9229445819741111,0.7194366903245942,0.9957930374060956,0.895333021915674,0.8184857230511701,0.9721803207801779,0.10621489584445953
a3816,/mnt/data_disk/HDRData/1000hdr/HDRtest/a3816-jmac_DSC3118.exr,/mnt/data_disk/ZQL/TIP_TMO_result/tradition/Lischinski/a3816.png,340,512,0.8661740185798708,0.9250534124329983,0.2954050068306106,0.5257990779732831,0.952760556271311,0.09883759967525509,0.1360175907611847
a3820,/mnt/data_disk/HDRData/1000hdr/HDRtest/a3820-dgw_025.exr,/mnt/data_disk/ZQL/TIP_TMO_result/tradition/Lischinski/a3820.png,341,512,0.6794035437399178,0.487171292582684,0.08909035174135929,0.3725562764461291,0.7434334360718265,0.0016791168204316617,0.10780379176139832
a3822,/mnt/data_disk/HDRData/1000hdr/HDRtest/a3822-07-11-21-at-09h53m21s-_MG_5852.exr,/mnt/data_disk/ZQL/TIP_TMO_result/tradition/Lischinski/a3822.png,341,512,0.8852930230916014,0.8803988700866363,0.45962022281629394,0.935663807458156,0.9048343475293914,0.9664932673869205,0.1453281193971634
a3827,/mnt/data_disk/HDRData/1000hdr/HDRtest/a3827-JI2E3823.exr,/mnt/data_disk/ZQL/TIP_TMO_result/tradition/Lischinski/a3827.png,341,512,0.8911664695745396,0.8018715451103573,0.6225692180138188,0.7721727818508466,0.8600437244010377,0.6843018393006554,0.12031242996454239
a3830,/mnt/data_disk/HDRData/1000hdr/HDRtest/a3830-LS_060715_8670.exr,/mnt/data_disk/ZQL/TIP_TMO_result/tradition/Lischinski/a3830.png,341,512,0.8841131657166483,0.7372236133877884,0.6972696267044488,0.7432969817024728,0.8814065654874028,0.6051873979175428,0.21651118993759155
a3832,/mnt/data_disk/HDRData/1000hdr/HDRtest/a3832-20060613_091536__MG_7749.exr,/mnt/data_disk/ZQL/TIP_TMO_result/tradition/Lischinski/a3832.png,341,512,0.951945072871275,0.8330381993956073,0.9668687774214921,0.8128975488414452,0.7918481116279464,0.8339469860549439,0.20569553971290588
a3833,/mnt/data_disk/HDRData/1000hdr/HDRtest/a3833-_DSC0003-2.exr,/mnt/data_disk/ZQL/TIP_TMO_result/tradition/Lischinski/a3833.png,340,512,0.934074021299647,0.8900542623494652,0.7413456760337307,0.9712915265468763,0.9487817816110804,0.9938012714826723,0.11238130182027817
a3834,/mnt/data_disk/HDRData/1000hdr/HDRtest/a3834-IMG_0007.exr,/mnt/data_disk/ZQL/TIP_TMO_result/tradition/Lischinski/a3834.png,341,512,0.7944819021890215,0.7008227547651086,0.25518250718855773,0.9263486541224435,0.8651112606118552,0.9875860476330317,0.23054464161396027
a3846,/mnt/data_disk/HDRData/1000hdr/HDRtest/a3846-IMG_3087.exr,/mnt/data_disk/ZQL/TIP_TMO_result/tradition/Lischinski/a3846.png,341,512,0.9262720482917426,0.8871554735259508,0.6960082610290317,0.9299866212876966,0.8967725370833729,0.9632007054920202,0.1105206161737442
a3847,/mnt/data_disk/HDRData/1000hdr/HDRtest/a3847-NKIM_MG_6113.exr,/mnt/data_disk/ZQL/TIP_TMO_result/tradition/Lischinski/a3847.png,341,512,0.8341127408264252,0.5406281185502014,0.8004544321657088,0.8506528465216832,0.7174646677472779,0.9838410252960883,0.20784153044223785
a3848,/mnt/data_disk/HDRData/1000hdr/HDRtest/a3848-DSC_0024.exr,/mnt/data_disk/ZQL/TIP_TMO_result/tradition/Lischinski/a3848.png,340,512,0.975241311415326,0.9197214056391545,0.9675532402298517,0.8380797840959567,0.8895200308875707,0.7866395373043428,0.07335992157459259
a3851,/mnt/data_disk/HDRData/1000hdr/HDRtest/a3851-IMG_3430.exr,/mnt/data_disk/ZQL/TIP_TMO_result/tradition/Lischinski/a3851.png,341,512,0.9222797255563377,0.8550649219278428,0.7257477610084107,0.8519523922617716,0.803561315207826,0.9003434693157171,0.10537490248680115
a3862,/mnt/data_disk/HDRData/1000hdr/HDRtest/a3862-JI2E0423.exr,/mnt/data_disk/ZQL/TIP_TMO_result/tradition/Lischinski/a3862.png,341,512,0.9516531434586786,0.8804960523034657,0.8754866604877336,0.7331346898914184,0.8335594455852815,0.6327099341975554,0.09082717448472977
a3863,/mnt/data_disk/HDRData/1000hdr/HDRtest/a3863-IMG_1159.exr,/mnt/data_disk/ZQL/TIP_TMO_result/tradition/Lischinski/a3863.png,341,512,0.8962043958426851,0.787902663918888,0.6791571905712097,0.9084326179726958,0.876115957162962,0.9407492787824298,0.21509575843811035
a3864,/mnt/data_disk/HDRData/1000hdr/HDRtest/a3864-_DSC1992.exr,/mnt/data_disk/ZQL/TIP_TMO_result/tradition/Lischinski/a3864.png,341,512,0.811659290743826,0.6311571297593208,0.4634081401514478,0.5957884968730729,0.7380528422122629,0.45352415153388287,0.10800517350435257
a3872,/mnt/data_disk/HDRData/1000hdr/HDRtest/a3872-IMG_4058.exr,/mnt/data_disk/ZQL/TIP_TMO_result/tradition/Lischinski/a3872.png,341,512,0.953620533190144,0.837068955810652,0.9708093165199349,0.9205024530417314,0.8434744975466416,0.9975304085368213,0.206059992313385
a3877,/mnt/data_disk/HDRData/1000hdr/HDRtest/a3877-KE_-0019.exr,/mnt/data_disk/ZQL/TIP_TMO_result/tradition/Lischinski/a3877.png,340,512,0.8516405025340538,0.8183705697942367,0.3680779635542341,0.3725741626716522,0.7447082313803409,0.0004400939629634733,0.1829889416694641
a3879,/mnt/data_disk/HDRData/1000hdr/HDRtest/a3879-IMG_0091.exr,/mnt/data_disk/ZQL/TIP_TMO_result/tradition/Lischinski/a3879.png,341,512,0.8958128852087187,0.8500287043081952,0.5689900636416588,0.9319704113529925,0.9433319636043077,0.9206088591016774,0.1843191236257553
a3890,/mnt/data_disk/HDRData/1000hdr/HDRtest/a3890-IMG_4308.exr,/mnt/data_disk/ZQL/TIP_TMO_result/tradition/Lischinski/a3890.png,341,512,0.9207574869421824,0.7332019849725884,0.9508505350261,0.9091908100852792,0.8377972536673418,0.9805843665032168,0.14957165718078613
a3893,/mnt/data_disk/HDRData/1000hdr/HDRtest/a3893-_DGW6301.exr,/mnt/data_disk/ZQL/TIP_TMO_result/tradition/Lischinski/a3893.png,341,512,0.9249479241197974,0.8138262013144082,0.81842240504441,0.531603462205164,0.8482590151037233,0.21494790930660476,0.25578176975250244
a3899,/mnt/data_disk/HDRData/1000hdr/HDRtest/a3899-jmac_DSC2259.exr,/mnt/data_disk/ZQL/TIP_TMO_result/tradition/Lischinski/a3899.png,340,512,0.9371866206697649,0.9245675754476604,0.7032588838782581,0.9634179668570906,0.9474814653043211,0.9793544684098601,0.1195261999964714
a3900,/mnt/data_disk/HDRData/1000hdr/HDRtest/a3900-jmac_DSC5843.exr,/mnt/data_disk/ZQL/TIP_TMO_result/tradition/Lischinski/a3900.png,340,512,0.9533331358771335,0.9400065987203353,0.7825853325835396,0.7604136732601798,0.8403840221308451,0.6804433243895145,0.1405767798423767
a3902,/mnt/data_disk/HDRData/1000hdr/HDRtest/a3902-jmac_DSC3970.exr,/mnt/data_disk/ZQL/TIP_TMO_result/tradition/Lischinski/a3902.png,340,512,0.954727519081676,0.8472218600021495,0.9589734533493514,0.9233083854891109,0.852994902321439,0.9936218686567827,0.09004410356283188
a3903,/mnt/data_disk/HDRData/1000hdr/HDRtest/a3903-IMG_2386.exr,/mnt/data_disk/ZQL/TIP_TMO_result/tradition/Lischinski/a3903.png,341,512,0.9100082964549385,0.8477860646253008,0.6601620766200509,0.9621315434149117,0.9294722228044177,0.9947908640254057,0.11440197378396988
a3906,/mnt/data_disk/HDRData/1000hdr/HDRtest/a3906-LS051025_day_3_LL003.exr,/mnt/data_disk/ZQL/TIP_TMO_result/tradition/Lischinski/a3906.png,341,512,0.9463727959636754,0.8371271219040157,0.9200973266938814,0.9200141361003815,0.8759043397574734,0.9641239324432895,0.1832599639892578
a3911,/mnt/data_disk/HDRData/1000hdr/HDRtest/a3911-07-07-01-at-10h50m55s-_MG_2028.exr,/mnt/data_disk/ZQL/TIP_TMO_result/tradition/Lischinski/a3911.png,341,512,0.8268723234900359,0.6435559206296454,0.5274452381020013,0.9022652510837291,0.8413367442219916,0.9631937579454667,0.20667032897472382
a3913,/mnt/data_disk/HDRData/1000hdr/HDRtest/a3913-IMG_0289.exr,/mnt/data_disk/ZQL/TIP_TMO_result/tradition/Lischinski/a3913.png,341,512,0.8692699605326709,0.6737225168383202,0.7288910869371739,0.7735361014493708,0.747989535983088,0.7990826669156535,0.10456620156764984
a3914,/mnt/data_disk/HDRData/1000hdr/HDRtest/a3914-DSC_0002-1.exr,/mnt/data_disk/ZQL/TIP_TMO_result/tradition/Lischinski/a3914.png,340,512,0.9171978254068507,0.8288783120732015,0.7394973724240886,0.9185900971168964,0.8396129238516806,0.9975672703821122,0.15286320447921753
a3919,/mnt/data_disk/HDRData/1000hdr/HDRtest/a3919-KE_-1608.exr,/mnt/data_disk/ZQL/TIP_TMO_result/tradition/Lischinski/a3919.png,340,512,0.8826196291000002,0.6969103157009612,0.7679570102118752,0.8824640967694592,0.7832897621169316,0.9816384314219869,0.17874881625175476
a3923,/mnt/data_disk/HDRData/1000hdr/HDRtest/a3923-_DSC0095.exr,/mnt/data_disk/ZQL/TIP_TMO_result/tradition/Lischinski/a3923.png,340,512,0.9559307773282102,0.8637210595011053,0.9360234892511653,0.9084524101323717,0.8183030671830537,0.9986017530816896,0.12934407591819763
a3924,/mnt/data_disk/HDRData/1000hdr/HDRtest/a3924-_DSC6358.exr,/mnt/data_disk/ZQL/TIP_TMO_result/tradition/Lischinski/a3924.png,341,512,0.7135006275602195,0.3815193504486147,0.46818057751311315,0.3112023360816791,0.6223937193314664,1.0952831891825775e-05,0.25849875807762146
a3926,/mnt/data_disk/HDRData/1000hdr/HDRtest/a3926-dgw_077.exr,/mnt/data_disk/ZQL/TIP_TMO_result/tradition/Lischinski/a3926.png,341,512,0.8923945386072698,0.6696548167047937,0.8918905809821595,0.4452990529931622,0.7493898942295821,0.1412082117567422,0.18829557299613953
a3927,/mnt/data_disk/HDRData/1000hdr/HDRtest/a3927-IMG_6048.exr,/mnt/data_disk/ZQL/TIP_TMO_result/tradition/Lischinski/a3927.png,341,512,0.8548552020612898,0.8475367109142574,0.3425191340639888,0.8897287374376158,0.8184192322293266,0.9610382426459051,0.1821962594985962
a3930,/mnt/data_disk/HDRData/1000hdr/HDRtest/a3930-IMG_5083.exr,/mnt/data_disk/ZQL/TIP_TMO_result/tradition/Lischinski/a3930.png,341,512,0.9123015145435813,0.8308562301456445,0.7043492397853178,0.6372973342070687,0.8006202761783998,0.4739743922357375,0.2027735710144043
a3931,/mnt/data_disk/HDRData/1000hdr/HDRtest/a3931-_DGW6259.exr,/mnt/data_disk/ZQL/TIP_TMO_result/tradition/Lischinski/a3931.png,341,512,0.7991311280473762,0.5256502772786094,0.6126024457917246,0.32674000747888315,0.6534768670787543,3.1478790119613525e-06,0.3036656975746155
a3940,/mnt/data_disk/HDRData/1000hdr/HDRtest/a3940-20050602_180025__MG_2820.exr,/mnt/data_disk/ZQL/TIP_TMO_result/tradition/Lischinski/a3940.png,341,512,0.9140506980688339,0.9146928673997315,0.575125746725658,0.8654172942024227,0.962054996159028,0.7687795922458176,0.15332961082458496
a3943,/mnt/data_disk/HDRData/1000hdr/HDRtest/a3943-_DSC0054.exr,/mnt/data_disk/ZQL/TIP_TMO_result/tradition/Lischinski/a3943.png,340,512,0.9135429483102692,0.8580896842928927,0.6647318280035287,0.9453798731274232,0.9022128679699558,0.9885468782848906,0.11844082921743393
a3947,/mnt/data_disk/HDRData/1000hdr/HDRtest/a3947-jmac_MG_1444.exr,/mnt/data_disk/ZQL/TIP_TMO_result/tradition/Lischinski/a3947.png,341,512,0.872616022775232,0.900196347693357,0.3615983346854984,0.9450674026507604,0.8953923985048929,0.9947424067966278,0.13557742536067963
a3948,/mnt/data_disk/HDRData/1000hdr/HDRtest/a3948-_DSC0045.exr,/mnt/data_disk/ZQL/TIP_TMO_result/tradition/Lischinski/a3948.png,340,512,0.7466210021283254,0.664514124032568,0.1012124533289643,0.889685539335384,0.8608413398541345,0.9185297388166336,0.1749454140663147
a3954,/mnt/data_disk/HDRData/1000hdr/HDRtest/a3954-_MG_0841.exr,/mnt/data_disk/ZQL/TIP_TMO_result/tradition/Lischinski/a3954.png,341,512,0.9667314038972955,0.9122293113028775,0.9217211357785531,0.9127337434364758,0.8343945848532057,0.991072902019746,0.22665196657180786
a3958,/mnt/data_disk/HDRData/1000hdr/HDRtest/a3958-_DSC3890.exr,/mnt/data_disk/ZQL/TIP_TMO_result/tradition/Lischinski/a3958.png,341,512,0.9617822468553132,0.9433948100531018,0.8331819012308415,0.9676648808277271,0.935804240765555,0.9995255208898992,0.08448328077793121
a3961,/mnt/data_disk/HDRData/1000hdr/HDRtest/a3961-_DSC0049.exr,/mnt/data_disk/ZQL/TIP_TMO_result/tradition/Lischinski/a3961.png,340,512,0.8255220487339624,0.7688730385096042,0.30641872975517565,0.8631258580601522,0.7739392719250109,0.9523124441952934,0.09816776216030121
a3963,/mnt/data_disk/HDRData/1000hdr/HDRtest/a3963-jmac_DSC3835.exr,/mnt/data_disk/ZQL/TIP_TMO_result/tradition/Lischinski/a3963.png,340,512,0.8301472544070067,0.8562410739774615,0.2107931213691796,0.9555155708322125,0.9337115303914911,0.9773196112729339,0.16778400540351868
a3964,/mnt/data_disk/HDRData/1000hdr/HDRtest/a3964-NKIM_MG_6716.exr,/mnt/data_disk/ZQL/TIP_TMO_result/tradition/Lischinski/a3964.png,341,512,0.8742240415612692,0.6318338187517334,0.8528501540756569,0.43402670011844174,0.7843374531123379,0.08371594712454551,0.2024739384651184
a3970,/mnt/data_disk/HDRData/1000hdr/HDRtest/a3970-WP_Amanda_3rd_bday014.exr,/mnt/data_disk/ZQL/TIP_TMO_result/tradition/Lischinski/a3970.png,341,512,0.8860748080693486,0.7805555605102296,0.6289504017206626,0.9233869017006124,0.8890751411503817,0.9576986622508433,0.12248483300209045
a3973,/mnt/data_disk/HDRData/1000hdr/HDRtest/a3973-DSC_0068-2.exr,/mnt/data_disk/ZQL/TIP_TMO_result/tradition/Lischinski/a3973.png,340,512,0.9704668563397609,0.8846805368148799,0.9987107105151,0.9138516857427265,0.914872378107969,0.912830993377484,0.0872747078537941
a3975,/mnt/data_disk/HDRData/1000hdr/HDRtest/a3975-jmac_MG_5721.exr,/mnt/data_disk/ZQL/TIP_TMO_result/tradition/Lischinski/a3975.png,341,512,0.9574241122646364,0.9085517728260459,0.86439197045876,0.9454174891965876,0.9044886536570507,0.9863463247361245,0.12039712071418762
a3976,/mnt/data_disk/HDRData/1000hdr/HDRtest/a3976-Ja_Pe-10.exr,/mnt/data_disk/ZQL/TIP_TMO_result/tradition/Lischinski/a3976.png,288,512,0.963526761024473,0.8969414396476783,0.9272411151303237,0.9712018450986208,0.9447040494872588,0.997699640709983,0.15165285766124725
a3991,/mnt/data_disk/HDRData/1000hdr/HDRtest/a3991-DSC_0005-2.exr,/mnt/data_disk/ZQL/TIP_TMO_result/tradition/Lischinski/a3991.png,340,512,0.9594952188329827,0.8786053305104886,0.9330056532357741,0.9396624424858484,0.8817992787456674,0.9975256062260293,0.13036349415779114
a3992,/mnt/data_disk/HDRData/1000hdr/HDRtest/a3992-KE_-0044.exr,/mnt/data_disk/ZQL/TIP_TMO_result/tradition/Lischinski/a3992.png,340,512,0.7731404999180386,0.616167375897821,0.285757925132893,0.903689292522178,0.9041046905129387,0.9032738945314174,0.0860498771071434
a3993,/mnt/data_disk/HDRData/1000hdr/HDRtest/a3993-IMG_2812.exr,/mnt/data_disk/ZQL/TIP_TMO_result/tradition/Lischinski/a3993.png,341,512,0.8070204094313752,0.6216051907089479,0.45542114888435603,0.4350099198409192,0.8287530706593446,0.04126676902249387,0.12843962013721466
a3995,/mnt/data_disk/HDRData/1000hdr/HDRtest/a3995-IMG_0187.exr,/mnt/data_disk/ZQL/TIP_TMO_result/tradition/Lischinski/a3995.png,341,512,0.8905489644565133,0.6933003448132479,0.8281864516716858,0.9207694042134658,0.8739061544537616,0.9676326539731699,0.18180227279663086
a4001,/mnt/data_disk/HDRData/1000hdr/HDRtest/a4001-jn_20070824_0168.exr,/mnt/data_disk/ZQL/TIP_TMO_result/tradition/Lischinski/a4001.png,341,512,0.9378384978159617,0.8299906051401581,0.8750033426783265,0.8943403186218175,0.8359676812132504,0.9527129560303846,0.11198770254850388
a4003,/mnt/data_disk/HDRData/1000hdr/HDRtest/a4003-NKIM_MG_6603.exr,/mnt/data_disk/ZQL/TIP_TMO_result/tradition/Lischinski/a4003.png,341,512,0.9642592611657406,0.8939309580957321,0.9378516568663853,0.8384978599750843,0.8684204766998603,0.8085752432503083,0.17082175612449646
a4004,/mnt/data_disk/HDRData/1000hdr/HDRtest/a4004-050812_113412__MG_3770.exr,/mnt/data_disk/ZQL/TIP_TMO_result/tradition/Lischinski/a4004.png,341,512,0.8930669212561132,0.917011432997702,0.44918066842724136,0.9160777929031372,0.9326438757568192,0.8995117100494552,0.09738572686910629
a4007,/mnt/data_disk/HDRData/1000hdr/HDRtest/a4007-_MG_7167.exr,/mnt/data_disk/ZQL/TIP_TMO_result/tradition/Lischinski/a4007.png,341,512,0.9191313128781259,0.8265114639600691,0.7564022279432877,0.9175529244823369,0.91521458465834,0.9198912643063338,0.2293950915336609
a4008,/mnt/data_disk/HDRData/1000hdr/HDRtest/a4008-dgw_019.exr,/mnt/data_disk/ZQL/TIP_TMO_result/tradition/Lischinski/a4008.png,341,512,0.9346910800437468,0.8166117771599056,0.8790359933834841,0.8644662590211338,0.7477789001577323,0.9811536178845355,0.18709464371204376
a4009,/mnt/data_disk/HDRData/1000hdr/HDRtest/a4009-jmac_MG_7717.exr,/mnt/data_disk/ZQL/TIP_TMO_result/tradition/Lischinski/a4009.png,341,512,0.9529991181450049,0.8960147365980912,0.856657689357045,0.9365111052901377,0.9155334717880935,0.9574887387921819,0.24695560336112976
a4013,/mnt/data_disk/HDRData/1000hdr/HDRtest/a4013-_I2E6911.exr,/mnt/data_disk/ZQL/TIP_TMO_result/tradition/Lischinski/a4013.png,341,512,0.8710541781554225,0.7894403233855585,0.522730443435174,0.3493912687570245,0.6831534356466007,0.0156291018674483,0.28047412633895874
a4014,/mnt/data_disk/HDRData/1000hdr/HDRtest/a4014-JI2E4114.exr,/mnt/data_disk/ZQL/TIP_TMO_result/tradition/Lischinski/a4014.png,341,512,0.9651860782740664,0.8695618562660198,0.9899333936247493,0.8598006389910022,0.9010837043816704,0.818517573600334,0.20911189913749695
a4017,/mnt/data_disk/HDRData/1000hdr/HDRtest/a4017-DSC_0023.exr,/mnt/data_disk/ZQL/TIP_TMO_result/tradition/Lischinski/a4017.png,340,512,0.9584250622868076,0.8915124636830609,0.9018673175063145,0.95929365211813,0.922031552297513,0.996555751938747,0.11988973617553711
a4020,/mnt/data_disk/HDRData/1000hdr/HDRtest/a4020-IMG_3763.exr,/mnt/data_disk/ZQL/TIP_TMO_result/tradition/Lischinski/a4020.png,341,512,0.8876628018610313,0.7682768195079633,0.6612274906622427,0.9350176449279144,0.9042187213009053,0.9658165685549234,0.12511003017425537
a4025,/mnt/data_disk/HDRData/1000hdr/HDRtest/a4025-IMG_5601.exr,/mnt/data_disk/ZQL/TIP_TMO_result/tradition/Lischinski/a4025.png,341,512,0.8392627538097799,0.8015174923507137,0.3283361260569986,0.8886052707419412,0.8152868960114625,0.9619236454724197,0.190580815076828
a4026,/mnt/data_disk/HDRData/1000hdr/HDRtest/a4026-NKIM_MG_6632.exr,/mnt/data_disk/ZQL/TIP_TMO_result/tradition/Lischinski/a4026.png,341,512,0.7911111874995314,0.9277303829680531,0.010770273692693207,0.5814301464429147,0.9383661485766994,0.22449414430912992,0.14930124580860138
a4027,/mnt/data_disk/HDRData/1000hdr/HDRtest/a4027-IMG_2393.exr,/mnt/data_disk/ZQL/TIP_TMO_result/tradition/Lischinski/a4027.png,341,512,0.9289991255260643,0.8495359434836575,0.7794934095419868,0.9547723931400555,0.9139948493722958,0.9955499369078151,0.14402195811271667
a4028,/mnt/data_disk/HDRData/1000hdr/HDRtest/a4028-060810_105728__MG_6096.exr,/mnt/data_disk/ZQL/TIP_TMO_result/tradition/Lischinski/a4028.png,341,512,0.8965493728367666,0.7945329415505167,0.6692913390973178,0.9327591542213785,0.8748155686070072,0.9907027398357497,0.17529542744159698
a4038,/mnt/data_disk/HDRData/1000hdr/HDRtest/a4038-Ja_Pe-20.exr,/mnt/data_disk/ZQL/TIP_TMO_result/tradition/Lischinski/a4038.png,288,512,0.8754593095716505,0.8247976087288912,0.49006927874422623,0.9338959007953307,0.905436940508634,0.9623548610820273,0.1794443279504776
a4040,/mnt/data_disk/HDRData/1000hdr/HDRtest/a4040-IMG_0233.exr,/mnt/data_disk/ZQL/TIP_TMO_result/tradition/Lischinski/a4040.png,341,512,0.8662804363440533,0.7843572537603519,0.5033994522230505,0.8286528165741398,0.8810698337504399,0.7762357993978396,0.29604071378707886
a4047,/mnt/data_disk/HDRData/1000hdr/HDRtest/a4047-IMG_1285.exr,/mnt/data_disk/ZQL/TIP_TMO_result/tradition/Lischinski/a4047.png,341,512,0.9638296866384302,0.9491012410504114,0.837224172097574,0.9890084992190298,0.9792513515964215,0.998765646841638,0.08926746249198914
a4049,/mnt/data_disk/HDRData/1000hdr/HDRtest/a4049-_DSC3858.exr,/mnt/data_disk/ZQL/TIP_TMO_result/tradition/Lischinski/a4049.png,341,512,0.8835753593263483,0.6992416085402219,0.7694375694184721,0.8926663206469017,0.8137422006232062,0.971590440670597,0.2883801758289337
a4051,/mnt/data_disk/HDRData/1000hdr/HDRtest/a4051-_DSC0018-3.exr,/mnt/data_disk/ZQL/TIP_TMO_result/tradition/Lischinski/a4051.png,340,512,0.9214933890837061,0.8857125707417637,0.6681028658762562,0.9657758313870025,0.9340175942882123,0.9975340684857927,0.12368786334991455
a4052,/mnt/data_disk/HDRData/1000hdr/HDRtest/a4052-20060620_165511__MG_9535.exr,/mnt/data_disk/ZQL/TIP_TMO_result/tradition/Lischinski/a4052.png,341,512,0.9473253984903226,0.8598075036095008,0.8839238764825523,0.9119669462439616,0.8480988784656386,0.9758350140222846,0.2027948498725891
a4060,/mnt/data_disk/HDRData/1000hdr/HDRtest/a4060-_DSC5597.exr,/mnt/data_disk/ZQL/TIP_TMO_result/tradition/Lischinski/a4060.png,341,512,0.90615511154479,0.7638267224682644,0.7891250864495042,0.9052220310781087,0.820379728356812,0.9900643337994054,0.2291048914194107
a4064,/mnt/data_disk/HDRData/1000hdr/HDRtest/a4064-07-12-02-at-16h23m18s-_MG_9020.exr,/mnt/data_disk/ZQL/TIP_TMO_result/tradition/Lischinski/a4064.png,341,512,0.9332605793445816,0.8512587130485311,0.8046302296052307,0.8758885743611609,0.7561395986455516,0.9956375500767701,0.19986587762832642
a4068,/mnt/data_disk/HDRData/1000hdr/HDRtest/a4068-tc_DSC2612.exr,/mnt/data_disk/ZQL/TIP_TMO_result/tradition/Lischinski/a4068.png,340,512,0.9196209576771547,0.7433043039168713,0.9217410951444055,0.8277708789430307,0.6619330165703684,0.993608741315693,0.19207081198692322
a4075,/mnt/data_disk/HDRData/1000hdr/HDRtest/a4075-JI2E0444.exr,/mnt/data_disk/ZQL/TIP_TMO_result/tradition/Lischinski/a4075.png,341,512,0.8175938926241386,0.6758159116330431,0.4147251715347527,0.7604471785373321,0.7952160616382903,0.7256782954363739,0.2904554307460785
a4076,/mnt/data_disk/HDRData/1000hdr/HDRtest/a4076-_DGW6244.exr,/mnt/data_disk/ZQL/TIP_TMO_result/tradition/Lischinski/a4076.png,341,512,0.8532428496040695,0.7496072992946087,0.4869875242589562,0.6149800295152322,0.8634582886303404,0.36650177040012416,0.3173849582672119
a4080,/mnt/data_disk/HDRData/1000hdr/HDRtest/a4080-IMG_3765.exr,/mnt/data_disk/ZQL/TIP_TMO_result/tradition/Lischinski/a4080.png,341,512,0.9003233303463908,0.8197211628515779,0.6481685651815039,0.8996793358768883,0.8324607457034441,0.9668979260503325,0.18682214617729187
a4085,/mnt/data_disk/HDRData/1000hdr/HDRtest/a4085-_MG_2385.exr,/mnt/data_disk/ZQL/TIP_TMO_result/tradition/Lischinski/a4085.png,341,512,0.9360489974626321,0.8410865815502038,0.8420270946501051,0.9050229398289271,0.8591015909614872,0.9509442886963672,0.1416660100221634
a4087,/mnt/data_disk/HDRData/1000hdr/HDRtest/a4087-NKIM_MG_6395.exr,/mnt/data_disk/ZQL/TIP_TMO_result/tradition/Lischinski/a4087.png,341,512,0.9162598914550709,0.8655704263326089,0.6690989191932113,0.9276188807359367,0.9311792500017895,0.9240585114700839,0.25856733322143555
a4088,/mnt/data_disk/HDRData/1000hdr/HDRtest/a4088-dvf_041.exr,/mnt/data_disk/ZQL/TIP_TMO_result/tradition/Lischinski/a4088.png,341,512,0.8867444031831284,0.7756067918992007,0.6420574910685692,0.9009478856901693,0.8428439620151199,0.9590518093652186,0.12055492401123047
a4091,/mnt/data_disk/HDRData/1000hdr/HDRtest/a4091-_DSC0041.exr,/mnt/data_disk/ZQL/TIP_TMO_result/tradition/Lischinski/a4091.png,340,512,0.8195944891195501,0.7880842630469709,0.2501817399585947,0.9165662366193675,0.8351457646995465,0.9979867085391886,0.15703247487545013
a4092,/mnt/data_disk/HDRData/1000hdr/HDRtest/a4092-07-12-03-at-09h35m54s-_MG_9192.exr,/mnt/data_disk/ZQL/TIP_TMO_result/tradition/Lischinski/a4092.png,341,512,0.9024720252774516,0.8786509846527746,0.5625467330349304,0.9600385491561423,0.9222545123576538,0.9978225859546309,0.274909645318985
a4093,/mnt/data_disk/HDRData/1000hdr/HDRtest/a4093-jn_20071117-031.exr,/mnt/data_disk/ZQL/TIP_TMO_result/tradition/Lischinski/a4093.png,341,512,0.9000383505986759,0.8192943358014408,0.6471345484019435,0.8929469530066496,0.8968417442265146,0.8890521617867846,0.2836819291114807
a4096,/mnt/data_disk/HDRData/1000hdr/HDRtest/a4096-jmac_MG_0095.exr,/mnt/data_disk/ZQL/TIP_TMO_result/tradition/Lischinski/a4096.png,341,512,0.82765395923619,0.7636586002587504,0.32500105078840885,0.662351312823503,0.6168493986913912,0.7078532269556147,0.17750947177410126
a4097,/mnt/data_disk/HDRData/1000hdr/HDRtest/a4097-20080623_at_14h52m36__MG_9904.exr,/mnt/data_disk/ZQL/TIP_TMO_result/tradition/Lischinski/a4097.png,341,512,0.9539013160297019,0.9150296698474715,0.8291765688244631,0.9592308233761349,0.9199415455500842,0.9985201012021855,0.12710899114608765
a4099,/mnt/data_disk/HDRData/1000hdr/HDRtest/a4099-_DSC0014-2.exr,/mnt/data_disk/ZQL/TIP_TMO_result/tradition/Lischinski/a4099.png,340,512,0.9307753458607948,0.8894512923190345,0.7210099678067161,0.971443285177262,0.9531445779785196,0.9897419923760044,0.10617680102586746
a4101,/mnt/data_disk/HDRData/1000hdr/HDRtest/a4101-IMG_5823.exr,/mnt/data_disk/ZQL/TIP_TMO_result/tradition/Lischinski/a4101.png,341,512,0.74335678762831,0.5273169710039253,0.2968644005378854,0.7274205083380982,0.5763845855175803,0.8784564311586162,0.18468762934207916
a4102,/mnt/data_disk/HDRData/1000hdr/HDRtest/a4102-07-06-30-at-11h38m56s-_MG_1997.exr,/mnt/data_disk/ZQL/TIP_TMO_result/tradition/Lischinski/a4102.png,341,512,0.9308419941134924,0.863830383052457,0.7660507725952955,0.9596772315529425,0.9351863498297996,0.9841681132760853,0.18611720204353333
a4104,/mnt/data_disk/HDRData/1000hdr/HDRtest/a4104-DSC_0260.exr,/mnt/data_disk/ZQL/TIP_TMO_result/tradition/Lischinski/a4104.png,340,512,0.947881497539942,0.8880633247616204,0.8362637989161628,0.8909622059997424,0.87571926700837,0.9062051449911148,0.08076280355453491
a4105,/mnt/data_disk/HDRData/1000hdr/HDRtest/a4105-07-11-26-at-16h02m57s-_MG_7151.exr,/mnt/data_disk/ZQL/TIP_TMO_result/tradition/Lischinski/a4105.png,341,512,0.915209012200084,0.752672930499151,0.8721713739061894,0.8565566914456146,0.7481378869087674,0.9649754959824619,0.2222530096769333
a4107,/mnt/data_disk/HDRData/1000hdr/HDRtest/a4107-dvf_018.exr,/mnt/data_disk/ZQL/TIP_TMO_result/tradition/Lischinski/a4107.png,341,512,0.833292313825385,0.5388900743345295,0.7993295250910223,0.6146337322823314,0.8167966591200847,0.41247080544457826,0.1936495453119278
a4108,/mnt/data_disk/HDRData/1000hdr/HDRtest/a4108-MB_080329_057.exr,/mnt/data_disk/ZQL/TIP_TMO_result/tradition/Lischinski/a4108.png,341,512,0.9646522847922286,0.8736435959372785,0.9784206137074888,0.8960321241857386,0.7954342901205529,0.9966299582509244,0.2897203266620636
a4110,/mnt/data_disk/HDRData/1000hdr/HDRtest/a4110-dgw_069.exr,/mnt/data_disk/ZQL/TIP_TMO_result/tradition/Lischinski/a4110.png,341,512,0.8580869432942,0.7935563858144282,0.4415710869268904,0.913341793589214,0.8583709061933363,0.9683126809850916,0.2843097746372223
a4113,/mnt/data_disk/HDRData/1000hdr/HDRtest/a4113-IMG_2800.exr,/mnt/data_disk/ZQL/TIP_TMO_result/tradition/Lischinski/a4113.png,341,512,0.8371581297197777,0.8419339245643477,0.26168075591664924,0.6940937816025646,0.7935932242100443,0.594594338995085,0.1376049965620041
a4116,/mnt/data_disk/HDRData/1000hdr/HDRtest/a4116-IMG_2042.exr,/mnt/data_disk/ZQL/TIP_TMO_result/tradition/Lischinski/a4116.png,341,512,0.914647828338617,0.7908747528754525,0.7932863373542761,0.5967252757416817,0.9120658642430935,0.2813846872402697,0.11085188388824463
a4117,/mnt/data_disk/HDRData/1000hdr/HDRtest/a4117-050918_141526__MG_5987.exr,/mnt/data_disk/ZQL/TIP_TMO_result/tradition/Lischinski/a4117.png,341,512,0.8332318972625746,0.8041246933811862,0.2941311563804255,0.9289464989111962,0.8905285163655272,0.967364481456865,0.23790022730827332
a4124,/mnt/data_disk/HDRData/1000hdr/HDRtest/a4124-20080709_at_10h04m23__MG_4561.exr,/mnt/data_disk/ZQL/TIP_TMO_result/tradition/Lischinski/a4124.png,341,512,0.9124696379112343,0.7875831072050988,0.7851311899814828,0.9441027677850415,0.9172397529685304,0.9709657826015528,0.17557227611541748
a4127,/mnt/data_disk/HDRData/1000hdr/HDRtest/a4127-DSC_0152.exr,/mnt/data_disk/ZQL/TIP_TMO_result/tradition/Lischinski/a4127.png,340,512,0.910333865273375,0.9388390230122111,0.5160649386578942,0.9523692060023896,0.9551424847682624,0.949595927236517,0.09161090850830078
a4131,/mnt/data_disk/HDRData/1000hdr/HDRtest/a4131-DSC_0001-2.exr,/mnt/data_disk/ZQL/TIP_TMO_result/tradition/Lischinski/a4131.png,340,512,0.9392942101667365,0.8318013541979155,0.8815159991016457,0.8823103426108845,0.7964855375354845,0.9681351476862845,0.10919958353042603
a4134,/mnt/data_disk/HDRData/1000hdr/HDRtest/a4134-IMG_0086.exr,/mnt/data_disk/ZQL/TIP_TMO_result/tradition/Lischinski/a4134.png,341,512,0.8590012375677327,0.8785164201172346,0.32075013276990394,0.957751819299762,0.9378293450442025,0.9776742935553218,0.11663754284381866
a4142,/mnt/data_disk/HDRData/1000hdr/HDRtest/a4142-_DGW6275.exr,/mnt/data_disk/ZQL/TIP_TMO_result/tradition/Lischinski/a4142.png,341,512,0.9417924757078243,0.8666692429135711,0.833769417835394,0.8824936712458245,0.7931977816376303,0.9717895608540185,0.21683907508850098
a4143,/mnt/data_disk/HDRData/1000hdr/HDRtest/a4143-LSCRW_0029.exr,/mnt/data_disk/ZQL/TIP_TMO_result/tradition/Lischinski/a4143.png,384,512,0.8882662268987667,0.9417483894965779,0.38778352778469655,0.8871558389071961,0.819007321576032,0.9553043562383603,0.09104251861572266
a4144,/mnt/data_disk/HDRData/1000hdr/HDRtest/a4144-050623_122602__MG_3246.exr,/mnt/data_disk/ZQL/TIP_TMO_result/tradition/Lischinski/a4144.png,341,512,0.9494050033584542,0.9273581836069703,0.7780268636802335,0.9482289436102858,0.9140415216581692,0.9824163655624024,0.1321721225976944
a4150,/mnt/data_disk/HDRData/1000hdr/HDRtest/a4150-_DGW6309.exr,/mnt/data_disk/ZQL/TIP_TMO_result/tradition/Lischinski/a4150.png,341,512,0.9168136367866481,0.7566874465357225,0.8749898038209372,0.9087227187621905,0.8243603731109939,0.9930850644133872,0.3035513758659363
a4151,/mnt/data_disk/HDRData/1000hdr/HDRtest/a4151-dvf_026.exr,/mnt/data_disk/ZQL/TIP_TMO_result/tradition/Lischinski/a4151.png,341,512,0.8925557738962336,0.7040855174382213,0.8189940021338907,0.7794521700265131,0.8509502464161559,0.7079540936368705,0.26255548000335693
a4154,/mnt/data_disk/HDRData/1000hdr/HDRtest/a4154-IMG_4620.exr,/mnt/data_disk/ZQL/TIP_TMO_result/tradition/Lischinski/a4154.png,341,512,0.9499884594816316,0.8118483893357548,0.9948691805872093,0.8762836639691818,0.8023511339191398,0.9502161940192236,0.1705169677734375
a4155,/mnt/data_disk/HDRData/1000hdr/HDRtest/a4155-WP_CRW_0237.exr,/mnt/data_disk/ZQL/TIP_TMO_result/tradition/Lischinski/a4155.png,341,512,0.9393555797704833,0.88747274630767,0.7804408814631176,0.9357030175735827,0.9097419153347448,0.9616641198124205,0.1479971557855606
a4156,/mnt/data_disk/HDRData/1000hdr/HDRtest/a4156-IMG_0159.exr,/mnt/data_disk/ZQL/TIP_TMO_result/tradition/Lischinski/a4156.png,341,512,0.8693686544374785,0.7434369594062571,0.5935249814326637,0.9474853718847168,0.895723194786768,0.9992475489826657,0.2066253274679184
a4158,/mnt/data_disk/HDRData/1000hdr/HDRtest/a4158-WP_CRW_4109.exr,/mnt/data_disk/ZQL/TIP_TMO_result/tradition/Lischinski/a4158.png,341,512,0.942225110758288,0.844999974044732,0.8766613063679232,0.8648118407735175,0.7330571487740749,0.99656653277296,0.11717711389064789
a4160,/mnt/data_disk/HDRData/1000hdr/HDRtest/a4160-jn_20070824_0167.exr,/mnt/data_disk/ZQL/TIP_TMO_result/tradition/Lischinski/a4160.png,341,512,0.7980077222278783,0.8114018890059977,0.12768410769348124,0.7034758128449325,0.8742488631210077,0.5327027625688575,0.28907862305641174
a4161,/mnt/data_disk/HDRData/1000hdr/HDRtest/a4161-tc_DSC2218.exr,/mnt/data_disk/ZQL/TIP_TMO_result/tradition/Lischinski/a4161.png,340,512,0.8766278254040998,0.9753540747974216,0.284186069839137,0.46917754962528047,0.9293140049739764,0.009041094276584487,0.1877301037311554
a4167,/mnt/data_disk/HDRData/1000hdr/HDRtest/a4167-IMG_0031.exr,/mnt/data_disk/ZQL/TIP_TMO_result/tradition/Lischinski/a4167.png,341,512,0.9284639394232955,0.8568982606832647,0.7627708853749426,0.9228843297948959,0.8837623729125434,0.9620062866772482,0.21145078539848328
a4170,/mnt/data_disk/HDRData/1000hdr/HDRtest/a4170-jmac_DSC3333.exr,/mnt/data_disk/ZQL/TIP_TMO_result/tradition/Lischinski/a4170.png,343,512,0.8571188480944303,0.7254740244952957,0.5523959258268114,0.9126680612446666,0.8789776211339907,0.9463585013553425,0.1771857887506485
a4174,/mnt/data_disk/HDRData/1000hdr/HDRtest/a4174-dgw_083.exr,/mnt/data_disk/ZQL/TIP_TMO_result/tradition/Lischinski/a4174.png,341,512,0.935603030273529,0.8375332667404233,0.8456308486043612,0.9424258523803396,0.8924120761588646,0.9924396286018146,0.31900814175605774
a4177,/mnt/data_disk/HDRData/1000hdr/HDRtest/a4177-jmac_DSC1412.exr,/mnt/data_disk/ZQL/TIP_TMO_result/tradition/Lischinski/a4177.png,340,512,0.9517728479491714,0.9641039418834858,0.7325431761102837,0.9601639048156505,0.9268720706379773,0.9934557389933237,0.10379981249570847
a4178,/mnt/data_disk/HDRData/1000hdr/HDRtest/a4178-IMG_0487.exr,/mnt/data_disk/ZQL/TIP_TMO_result/tradition/Lischinski/a4178.png,341,512,0.9777099611838349,0.9413125153147273,0.9460356238511672,0.9769804721327509,0.9671852471920952,0.9867756970734066,0.08927632123231888
a4184,/mnt/data_disk/HDRData/1000hdr/HDRtest/a4184-jmac_MG_5507.exr,/mnt/data_disk/ZQL/TIP_TMO_result/tradition/Lischinski/a4184.png,341,512,0.9127089922197521,0.7861465742348225,0.789457083873137,0.9024023764347952,0.8242097332362154,0.9805950196333749,0.2632419764995575
a4185,/mnt/data_disk/HDRData/1000hdr/HDRtest/a4185-DSC_0055-2.exr,/mnt/data_disk/ZQL/TIP_TMO_result/tradition/Lischinski/a4185.png,340,512,0.8784003024271362,0.8632239076844476,0.4467612636580323,0.9532498451260851,0.9159613741035061,0.990538316148664,0.17799879610538483
a4188,/mnt/data_disk/HDRData/1000hdr/HDRtest/a4188-_MG_1604.exr,/mnt/data_disk/ZQL/TIP_TMO_result/tradition/Lischinski/a4188.png,341,512,0.9081672502234601,0.7853070574417558,0.7611251330993297,0.8403193673602811,0.6938698404917668,0.9867688942287954,0.2604581415653229
a4191,/mnt/data_disk/HDRData/1000hdr/HDRtest/a4191-IMG_4849.exr,/mnt/data_disk/ZQL/TIP_TMO_result/tradition/Lischinski/a4191.png,341,512,0.9217405756286479,0.8341005214974071,0.7596854142743198,0.9467280241583569,0.9064109506607007,0.9870450976560132,0.18210765719413757
a4194,/mnt/data_disk/HDRData/1000hdr/HDRtest/a4194-LS051026_day_1_arive50.exr,/mnt/data_disk/ZQL/TIP_TMO_result/tradition/Lischinski/a4194.png,341,512,0.8698849846722977,0.7611531234201612,0.5647512734672908,0.9341448670471055,0.8723895428680682,0.9959001912261428,0.16218970715999603
a4197,/mnt/data_disk/HDRData/1000hdr/HDRtest/a4197-_MG_6428.exr,/mnt/data_disk/ZQL/TIP_TMO_result/tradition/Lischinski/a4197.png,341,512,0.9756483017106807,0.9629513120483398,0.8939104853714016,0.5827097730283322,0.9818407666323975,0.1835787794242669,0.0877627432346344
a4198,/mnt/data_disk/HDRData/1000hdr/HDRtest/a4198-_DSC6401.exr,/mnt/data_disk/ZQL/TIP_TMO_result/tradition/Lischinski/a4198.png,341,512,0.7660945648699965,0.6087506977391268,0.26383371898746216,0.6433953359836516,0.8275567577621977,0.4592339142051055,0.27998366951942444
a4199,/mnt/data_disk/HDRData/1000hdr/HDRtest/a4199-jmac_MG_5003.exr,/mnt/data_disk/ZQL/TIP_TMO_result/tradition/Lischinski/a4199.png,341,512,0.8246594764803747,0.7981462212569373,0.26057755891519874,0.9362914545956496,0.8796322878162144,0.9929506213750846,0.29034242033958435
a4201,/mnt/data_disk/HDRData/1000hdr/HDRtest/a4201-_DSC0120.exr,/mnt/data_disk/ZQL/TIP_TMO_result/tradition/Lischinski/a4201.png,340,512,0.880070575118251,0.8293771188742913,0.5094130393873904,0.8259333780701379,0.7627317597670258,0.8891349963732499,0.2459620088338852
a4202,/mnt/data_disk/HDRData/1000hdr/HDRtest/a4202-DSC_0439.exr,/mnt/data_disk/ZQL/TIP_TMO_result/tradition/Lischinski/a4202.png,343,512,0.9459590144548691,0.8583297107208966,0.8773206176176537,0.9536908826645346,0.9085440275896927,0.9988377377393766,0.16559520363807678
a4204,/mnt/data_disk/HDRData/1000hdr/HDRtest/a4204-_DGW7870.exr,/mnt/data_disk/ZQL/TIP_TMO_result/tradition/Lischinski/a4204.png,341,512,0.8919888740213273,0.814201751458059,0.6061423796218743,0.681200622722372,0.8210525780029801,0.5413486674417639,0.1094750463962555
a4212,/mnt/data_disk/HDRData/1000hdr/HDRtest/a4212-Duggan_090321_5925.exr,/mnt/data_disk/ZQL/TIP_TMO_result/tradition/Lischinski/a4212.png,341,512,0.8781874666030425,0.7596333802529591,0.6180409291396364,0.8854950617757963,0.9109138569848511,0.8600762665667415,0.1951446235179901
a4214,/mnt/data_disk/HDRData/1000hdr/HDRtest/a4214-DSC_0267.exr,/mnt/data_disk/ZQL/TIP_TMO_result/tradition/Lischinski/a4214.png,343,512,0.9038597004540169,0.8748316617685696,0.5770601039751404,0.9823378771649497,0.967851528082578,0.9968242262473214,0.1718064546585083
a4216,/mnt/data_disk/HDRData/1000hdr/HDRtest/a4216-DSC_0118.exr,/mnt/data_disk/ZQL/TIP_TMO_result/tradition/Lischinski/a4216.png,343,512,0.9496280628126852,0.9001464170809201,0.8265727572641911,0.9296172835356391,0.9329392042113865,0.9262953628598917,0.15118886530399323
a4220,/mnt/data_disk/HDRData/1000hdr/HDRtest/a4220-Duggan_090305_5359.exr,/mnt/data_disk/ZQL/TIP_TMO_result/tradition/Lischinski/a4220.png,341,512,0.9274926788681551,0.8316268779304302,0.8021960806659623,0.5346720393849105,0.8109113510433986,0.2584327277264224,0.20770007371902466
a4228,/mnt/data_disk/HDRData/1000hdr/HDRtest/a4228-DSC_0037-2.exr,/mnt/data_disk/ZQL/TIP_TMO_result/tradition/Lischinski/a4228.png,340,512,0.9257085615431616,0.9167869332203162,0.6433911672204776,0.8660232437031881,0.9114467706877967,0.8205997167185795,0.09140860289335251
a4230,/mnt/data_disk/HDRData/1000hdr/HDRtest/a4230-Duggan_090426_7798.exr,/mnt/data_disk/ZQL/TIP_TMO_result/tradition/Lischinski/a4230.png,341,512,0.8005182709928986,0.6586568281755263,0.3528535163406204,0.5147565065870593,0.8516111603653281,0.17790185280879042,0.21457159519195557
a4231,/mnt/data_disk/HDRData/1000hdr/HDRtest/a4231-Duggan_080326_5786.exr,/mnt/data_disk/ZQL/TIP_TMO_result/tradition/Lischinski/a4231.png,341,512,0.9186739365618348,0.7851845621027075,0.8311251701037059,0.9295774441506072,0.8735082509011068,0.9856466374001075,0.10812582820653915
a4232,/mnt/data_disk/HDRData/1000hdr/HDRtest/a4232-Duggan_090323_6181.exr,/mnt/data_disk/ZQL/TIP_TMO_result/tradition/Lischinski/a4232.png,341,512,0.7934421066972638,0.8148029220183866,0.1066966032780063,0.9180252092466581,0.8462347264247321,0.9898156920685841,0.2652701139450073
a4235,/mnt/data_disk/HDRData/1000hdr/HDRtest/a4235-DSC_0433.exr,/mnt/data_disk/ZQL/TIP_TMO_result/tradition/Lischinski/a4235.png,343,512,0.929897140094562,0.7835965651482711,0.9107495516535378,0.7704853209807605,0.7586166521110436,0.7823539898504774,0.19265398383140564
a4236,/mnt/data_disk/HDRData/1000hdr/HDRtest/a4236-DSC_0384.exr,/mnt/data_disk/ZQL/TIP_TMO_result/tradition/Lischinski/a4236.png,343,512,0.8258780563105688,0.8608256194751412,0.18636326499081657,0.9158213388169791,0.9441991243840171,0.8874435532499413,0.11313654482364655
a4237,/mnt/data_disk/HDRData/1000hdr/HDRtest/a4237-20090417_at_18h06m01__MG_1955.exr,/mnt/data_disk/ZQL/TIP_TMO_result/tradition/Lischinski/a4237.png,341,512,0.8725172066605332,0.7013578424741839,0.6935165789107068,0.42819243968280113,0.7061661727306278,0.15021870663497447,0.17694123089313507
a4238,/mnt/data_disk/HDRData/1000hdr/HDRtest/a4238-Duggan_090320_5609.exr,/mnt/data_disk/ZQL/TIP_TMO_result/tradition/Lischinski/a4238.png,341,512,0.9065653720392789,0.8715030772374117,0.598937490845302,0.924771317574042,0.9294375320316992,0.9201051031163848,0.159438356757164
a4239,/mnt/data_disk/HDRData/1000hdr/HDRtest/a4239-Duggan_080114_4429.exr,/mnt/data_disk/ZQL/TIP_TMO_result/tradition/Lischinski/a4239.png,341,512,0.8796483871760232,0.8024595242782342,0.551571480362754,0.6838671900794453,0.8095428768626745,0.5581915032962161,0.1565273404121399
a4244,/mnt/data_disk/HDRData/1000hdr/HDRtest/a4244-Duggan_090504_8959.exr,/mnt/data_disk/ZQL/TIP_TMO_result/tradition/Lischinski/a4244.png,341,512,0.8827872611524225,0.7678394027800329,0.6315581542893789,0.724040192395371,0.7252572910004519,0.7228230937902902,0.1682329624891281
a4246,/mnt/data_disk/HDRData/1000hdr/HDRtest/a4246-Duggan_090330_6226.exr,/mnt/data_disk/ZQL/TIP_TMO_result/tradition/Lischinski/a4246.png,341,512,0.7801470134720014,0.6689852851231401,0.23527324069409142,0.8409937399216387,0.7001510942333168,0.9818363856099608,0.1903558075428009
a4249,/mnt/data_disk/HDRData/1000hdr/HDRtest/a4249-Duggan_090322_6001.exr,/mnt/data_disk/ZQL/TIP_TMO_result/tradition/Lischinski/a4249.png,341,512,0.8531710817022996,0.7878829400849492,0.42330460074445825,0.8840121527293179,0.8755584611342029,0.8924658443244329,0.2335357367992401
a4254,/mnt/data_disk/HDRData/1000hdr/HDRtest/a4254-DSC_0066.exr,/mnt/data_disk/ZQL/TIP_TMO_result/tradition/Lischinski/a4254.png,340,512,0.9415702036728637,0.8661727968858679,0.8331743837992923,0.6270469246907223,0.8210389526518788,0.4330548967295658,0.08472064882516861
a4258,/mnt/data_disk/HDRData/1000hdr/HDRtest/a4258-_DSC0012-4.exr,/mnt/data_disk/ZQL/TIP_TMO_result/tradition/Lischinski/a4258.png,340,512,0.9624867458824337,0.9153087660213362,0.8869531809530149,0.928620111978746,0.9531739198064642,0.904066304151028,0.057384829968214035
a4262,/mnt/data_disk/HDRData/1000hdr/HDRtest/a4262-DSC_0065.exr,/mnt/data_disk/ZQL/TIP_TMO_result/tradition/Lischinski/a4262.png,340,512,0.936426155872792,0.8577837761462961,0.8138997583500676,0.6862007360714284,0.743819766301963,0.6285817058408939,0.10319001972675323
a4266,/mnt/data_disk/HDRData/1000hdr/HDRtest/a4266-DSC_0426.exr,/mnt/data_disk/ZQL/TIP_TMO_result/tradition/Lischinski/a4266.png,343,512,0.8488995214840074,0.720386264151488,0.5130340857234409,0.9364123984352659,0.885157612255871,0.9876671846146609,0.20879782736301422
a4267,/mnt/data_disk/HDRData/1000hdr/HDRtest/a4267-20090414_at_23h13m08__MG_1367.exr,/mnt/data_disk/ZQL/TIP_TMO_result/tradition/Lischinski/a4267.png,341,512,0.8434249572289153,0.5660342906930644,0.8001499051216088,0.6215843920964282,0.5686303881012948,0.6745383960915616,0.16228662431240082
a4271,/mnt/data_disk/HDRData/1000hdr/HDRtest/a4271-Duggan_090227_5232.exr,/mnt/data_disk/ZQL/TIP_TMO_result/tradition/Lischinski/a4271.png,341,512,0.8982807851229114,0.9046299890906633,0.4973348321063877,0.9593664887220192,0.9215382120236658,0.9971947654203728,0.19904200732707977
a4272,/mnt/data_disk/HDRData/1000hdr/HDRtest/a4272-DSC_0398.exr,/mnt/data_disk/ZQL/TIP_TMO_result/tradition/Lischinski/a4272.png,343,512,0.8295841786495736,0.7060297117697565,0.42826687819514414,0.8109498536862958,0.6512089970398108,0.9706907103327808,0.10939882695674896
a4275,/mnt/data_disk/HDRData/1000hdr/HDRtest/a4275-09-05-12-at-17h46m31s-_MG_8890.exr,/mnt/data_disk/ZQL/TIP_TMO_result/tradition/Lischinski/a4275.png,341,512,0.9497879184244535,0.8524200356786111,0.9146878621452418,0.8912762438396054,0.7842419317230219,0.9983105559561888,0.16211539506912231
a4287,/mnt/data_disk/HDRData/1000hdr/HDRtest/a4287-_DSC0083.exr,/mnt/data_disk/ZQL/TIP_TMO_result/tradition/Lischinski/a4287.png,340,512,0.9064570397092986,0.8600315750551726,0.6172732732911046,0.9464100204740089,0.9022964265287181,0.9905236144192998,0.1289680153131485
a4291,/mnt/data_disk/HDRData/1000hdr/HDRtest/a4291-20090417_at_18h46m58__MG_2026.exr,/mnt/data_disk/ZQL/TIP_TMO_result/tradition/Lischinski/a4291.png,341,512,0.9548279429419542,0.9107422025564716,0.8429279751207482,0.9007067635823713,0.9171952799046548,0.8842182472600879,0.13972686231136322
a4297,/mnt/data_disk/HDRData/1000hdr/HDRtest/a4297-_DSC0034.exr,/mnt/data_disk/ZQL/TIP_TMO_result/tradition/Lischinski/a4297.png,340,512,0.8864276951225287,0.8086596660818615,0.5817691308410906,0.9426270315102477,0.9014351070983326,0.9838189559221628,0.1439415067434311
a4298,/mnt/data_disk/HDRData/1000hdr/HDRtest/a4298-Duggan_090504_9090.exr,/mnt/data_disk/ZQL/TIP_TMO_result/tradition/Lischinski/a4298.png,341,512,0.8304637624631577,0.9120898538455715,0.1483537986831295,0.822487527963658,0.8235137184529184,0.8214613374743975,0.15758565068244934
a4302,/mnt/data_disk/HDRData/1000hdr/HDRtest/a4302-20090425_at_17h00m59__MG_0404.exr,/mnt/data_disk/ZQL/TIP_TMO_result/tradition/Lischinski/a4302.png,341,512,0.962658452266983,0.8580221382294805,0.9941141258909837,0.9059115969689414,0.8150170323818919,0.9968061615559909,0.25416719913482666
a4304,/mnt/data_disk/HDRData/1000hdr/HDRtest/a4304-09-05-19-at-18h03m17s-_MG_9540.exr,/mnt/data_disk/ZQL/TIP_TMO_result/tradition/Lischinski/a4304.png,341,512,0.8662108828425984,0.6058206200130484,0.8586226520652827,0.8210155823303218,0.6552981713544195,0.9867329933062242,0.1997057944536209
a4307,/mnt/data_disk/HDRData/1000hdr/HDRtest/a4307-20050328_161219__MG_0628.exr,/mnt/data_disk/ZQL/TIP_TMO_result/tradition/Lischinski/a4307.png,341,512,0.8299085864102089,0.8420514554026933,0.22739952035854114,0.8633500376389693,0.8887123882553774,0.8379876870225612,0.11977974325418472
a4308,/mnt/data_disk/HDRData/1000hdr/HDRtest/a4308-Duggan_090209_4996.exr,/mnt/data_disk/ZQL/TIP_TMO_result/tradition/Lischinski/a4308.png,341,512,0.947219938148183,0.8514657931879797,0.8987714352326244,0.9097900478511352,0.8212930462490128,0.9982870494532576,0.2539132237434387
a4310,/mnt/data_disk/HDRData/1000hdr/HDRtest/a4310-DSC_0007.exr,/mnt/data_disk/ZQL/TIP_TMO_result/tradition/Lischinski/a4310.png,340,512,0.9342462784752648,0.8107490616399333,0.8872943617714123,0.964507271304839,0.9493793631968754,0.9796351794128028,0.13388852775096893
a4312,/mnt/data_disk/HDRData/1000hdr/HDRtest/a4312-20090417_at_16h32m44__MG_1867.exr,/mnt/data_disk/ZQL/TIP_TMO_result/tradition/Lischinski/a4312.png,341,512,0.799131577394645,0.6451721557535969,0.3689112409186573,0.46083704862147895,0.7737943670177988,0.14787973022515907,0.3160456120967865
a4317,/mnt/data_disk/HDRData/1000hdr/HDRtest/a4317-DSC_0224.exr,/mnt/data_disk/ZQL/TIP_TMO_result/tradition/Lischinski/a4317.png,343,512,0.9143260948886939,0.7450476845524864,0.8816830619171632,0.40636594410637283,0.8081720950584719,0.00455979315427381,0.14795377850532532
a4318,/mnt/data_disk/HDRData/1000hdr/HDRtest/a4318-Duggan_090321_5920.exr,/mnt/data_disk/ZQL/TIP_TMO_result/tradition/Lischinski/a4318.png,341,512,0.9778170016724796,0.9373802276620962,0.9537916657999691,0.9659939248295574,0.9429480227020494,0.9890398269570654,0.12848755717277527
a4319,/mnt/data_disk/HDRData/1000hdr/HDRtest/a4319-DSC_0132.exr,/mnt/data_disk/ZQL/TIP_TMO_result/tradition/Lischinski/a4319.png,340,512,0.933229235261562,0.832695043504676,0.8386412789388805,0.9116497402715178,0.8824073687195959,0.9408921118234396,0.1623917669057846
a4323,/mnt/data_disk/HDRData/1000hdr/HDRtest/a4323-DSC_0010.exr,/mnt/data_disk/ZQL/TIP_TMO_result/tradition/Lischinski/a4323.png,343,512,0.8732532166128966,0.7350806405896493,0.6329172200739618,0.8104130804118583,0.7036983141540953,0.9171278466696212,0.22662650048732758
a4324,/mnt/data_disk/HDRData/1000hdr/HDRtest/a4324-DSC_0002.exr,/mnt/data_disk/ZQL/TIP_TMO_result/tradition/Lischinski/a4324.png,343,512,0.8880006505406777,0.7530465859683,0.6918400640535235,0.6531086349792039,0.6742949827066025,0.6319222872518052,0.16878704726696014
a4326,/mnt/data_disk/HDRData/1000hdr/HDRtest/a4326-DSC_0461.exr,/mnt/data_disk/ZQL/TIP_TMO_result/tradition/Lischinski/a4326.png,343,512,0.8828024003878913,0.6805034370934567,0.8034972894961869,0.5120317619761938,0.6717849821079664,0.3522785418444213,0.1741320639848709
a4329,/mnt/data_disk/HDRData/1000hdr/HDRtest/a4329-DSC_0028.exr,/mnt/data_disk/ZQL/TIP_TMO_result/tradition/Lischinski/a4329.png,340,512,0.9216624477172053,0.8443361597222924,0.7407577059601931,0.5822252841386619,0.8599023587680545,0.3045482095092693,0.08867526799440384
a4331,/mnt/data_disk/HDRData/1000hdr/HDRtest/a4331-_DGW0241.exr,/mnt/data_disk/ZQL/TIP_TMO_result/tradition/Lischinski/a4331.png,341,512,0.8573972856330775,0.8169429759705036,0.401158844286853,0.729024504003603,0.7774459099519552,0.6806030980552507,0.15555408596992493
a4335,/mnt/data_disk/HDRData/1000hdr/HDRtest/a4335-Duggan_090123_4520.exr,/mnt/data_disk/ZQL/TIP_TMO_result/tradition/Lischinski/a4335.png,341,512,0.8925132748358168,0.8126986523681651,0.6119647042243158,0.49303760532367497,0.8104441018566314,0.17563110879071855,0.26095643639564514
a4338,/mnt/data_disk/HDRData/1000hdr/HDRtest/a4338-DSC_0206.exr,/mnt/data_disk/ZQL/TIP_TMO_result/tradition/Lischinski/a4338.png,343,512,0.9267432373070758,0.8749757298941357,0.719863851390814,0.7233185260988929,0.8645827650088701,0.5820542871889157,0.10285169631242752
a4339,/mnt/data_disk/HDRData/1000hdr/HDRtest/a4339-Duggan_090111_4244.exr,/mnt/data_disk/ZQL/TIP_TMO_result/tradition/Lischinski/a4339.png,341,512,0.8761330751618632,0.6935683867294542,0.7324747541342232,0.7393012830311753,0.7692739980449759,0.7093285680173746,0.22517380118370056
a4340,/mnt/data_disk/HDRData/1000hdr/HDRtest/a4340-DSC_0441.exr,/mnt/data_disk/ZQL/TIP_TMO_result/tradition/Lischinski/a4340.png,343,512,0.9092901840963532,0.7433029196816456,0.8509668719439629,0.6332426537774223,0.8412275491905233,0.4252577583643211,0.1619514673948288
a4342,/mnt/data_disk/HDRData/1000hdr/HDRtest/a4342-DSC_0043.exr,/mnt/data_disk/ZQL/TIP_TMO_result/tradition/Lischinski/a4342.png,340,512,0.9098342329338893,0.6818266529479267,0.9862112255483654,0.8218573093727712,0.727685572592008,0.9160290461535344,0.1321292221546173
a4345,/mnt/data_disk/HDRData/1000hdr/HDRtest/a4345-Duggan_080411_5976.exr,/mnt/data_disk/ZQL/TIP_TMO_result/tradition/Lischinski/a4345.png,341,512,0.8717754681934352,0.6745974148000525,0.7433311917621608,0.8957846888107895,0.7982056169589643,0.9933637606626148,0.16606895625591278
a4354,/mnt/data_disk/HDRData/1000hdr/HDRtest/a4354-DSC_0347.exr,/mnt/data_disk/ZQL/TIP_TMO_result/tradition/Lischinski/a4354.png,343,512,0.9494808822626208,0.8388272134016298,0.9384291371872243,0.8877347667845561,0.7881328943283148,0.9873366392407973,0.2176479548215866
a4356,/mnt/data_disk/HDRData/1000hdr/HDRtest/a4356-_DSC1335.exr,/mnt/data_disk/ZQL/TIP_TMO_result/tradition/Lischinski/a4356.png,341,512,0.7898642318519786,0.5945807704149565,0.4118370336864976,0.5414142878276919,0.7255844092067815,0.3572441664486023,0.06649716198444366
a4357,/mnt/data_disk/HDRData/1000hdr/HDRtest/a4357-Duggan_090124_4645.exr,/mnt/data_disk/ZQL/TIP_TMO_result/tradition/Lischinski/a4357.png,341,512,0.9271092128564937,0.8279012781751924,0.8065371999876711,0.931745059355634,0.8696868339981255,0.9938032847131425,0.1818075031042099
a4366,/mnt/data_disk/HDRData/1000hdr/HDRtest/a4366-DSC_0447.exr,/mnt/data_disk/ZQL/TIP_TMO_result/tradition/Lischinski/a4366.png,343,512,0.9724043226827923,0.9349150162043022,0.9204855913697806,0.9515646884187907,0.9274241001087744,0.9757052767288071,0.09607142955064774
a4368,/mnt/data_disk/HDRData/1000hdr/HDRtest/a4368-Duggan_090321_5857.exr,/mnt/data_disk/ZQL/TIP_TMO_result/tradition/Lischinski/a4368.png,341,512,0.9263541531504969,0.8259547130725418,0.8051184071566532,0.7112171042538558,0.8423477408779079,0.5800864676298035,0.21231041848659515
a4370,/mnt/data_disk/HDRData/1000hdr/HDRtest/a4370-DSC_0080.exr,/mnt/data_disk/ZQL/TIP_TMO_result/tradition/Lischinski/a4370.png,340,512,0.885877628783085,0.7941454726174377,0.6035955461682403,0.9217893339832897,0.8683769895195638,0.9752016784470154,0.14756999909877777
a4374,/mnt/data_disk/HDRData/1000hdr/HDRtest/a4374-09-05-19-at-17h54m57s-_MG_9531.exr,/mnt/data_disk/ZQL/TIP_TMO_result/tradition/Lischinski/a4374.png,341,512,0.9466158267796521,0.8186399774650294,0.9576387911571534,0.8383648720291883,0.7191987609091494,0.9575309831492274,0.12180016189813614
a4377,/mnt/data_disk/HDRData/1000hdr/HDRtest/a4377-IMG_4929.exr,/mnt/data_disk/ZQL/TIP_TMO_result/tradition/Lischinski/a4377.png,341,512,0.954710859236849,0.899265446759088,0.8624743741789713,0.8301264449675395,0.9135390369635431,0.7467138529715359,0.11855341494083405
a4382,/mnt/data_disk/HDRData/1000hdr/HDRtest/a4382-DSC_0261.exr,/mnt/data_disk/ZQL/TIP_TMO_result/tradition/Lischinski/a4382.png,343,512,0.832631949302916,0.7887515355632612,0.31316570908998875,0.9085357254812703,0.9148532191195426,0.902218231842998,0.17759978771209717
a4384,/mnt/data_disk/HDRData/1000hdr/HDRtest/a4384-DSC_0322.exr,/mnt/data_disk/ZQL/TIP_TMO_result/tradition/Lischinski/a4384.png,343,512,0.8349042102211018,0.6822923151456946,0.5008308596089309,0.5075254109219951,0.8804822552518614,0.1345685665921287,0.16603471338748932
a4385,/mnt/data_disk/HDRData/1000hdr/HDRtest/a4385-_DGW9650.exr,/mnt/data_disk/ZQL/TIP_TMO_result/tradition/Lischinski/a4385.png,341,512,0.9341605296739798,0.798902079267471,0.9098351173562257,0.8873364985434897,0.7806238929102033,0.9940491041767762,0.19259707629680634
a4386,/mnt/data_disk/HDRData/1000hdr/HDRtest/a4386-Duggan_090124_4632.exr,/mnt/data_disk/ZQL/TIP_TMO_result/tradition/Lischinski/a4386.png,341,512,0.9001547408527589,0.8071473914478847,0.6693714410933235,0.8984747405948266,0.8154327924362297,0.9815166887534233,0.13730481266975403
a4392,/mnt/data_disk/HDRData/1000hdr/HDRtest/a4392-Duggan_090331_6554.exr,/mnt/data_disk/ZQL/TIP_TMO_result/tradition/Lischinski/a4392.png,341,512,0.8428414020123898,0.8369600549997308,0.29618998920012,0.8022455690826429,0.8978763962133537,0.7066147419519321,0.24311192333698273
a4394,/mnt/data_disk/HDRData/1000hdr/HDRtest/a4394-Duggan_090127_4837.exr,/mnt/data_disk/ZQL/TIP_TMO_result/tradition/Lischinski/a4394.png,341,512,0.8631806955239061,0.7036180475451729,0.6303304734265192,0.8769633249007219,0.8179130850575381,0.9360135647439057,0.2055683434009552
a4395,/mnt/data_disk/HDRData/1000hdr/HDRtest/a4395-Duggan_090503_8734.exr,/mnt/data_disk/ZQL/TIP_TMO_result/tradition/Lischinski/a4395.png,341,512,0.7966146126086493,0.7969363422566814,0.13839128458060984,0.9530640412780504,0.935097380567713,0.971030701988388,0.08980709314346313
a4396,/mnt/data_disk/HDRData/1000hdr/HDRtest/a4396-DSC_0073-2.exr,/mnt/data_disk/ZQL/TIP_TMO_result/tradition/Lischinski/a4396.png,340,512,0.9059219367538265,0.8538419441926474,0.6243560450815404,0.9369186532585699,0.8964777047535282,0.9773596017636117,0.1218293309211731
a4398,/mnt/data_disk/HDRData/1000hdr/HDRtest/a4398-Duggan_050709_1062.exr,/mnt/data_disk/ZQL/TIP_TMO_result/tradition/Lischinski/a4398.png,341,512,0.8955361447771033,0.7965731133974534,0.6592308967750382,0.9174338717151339,0.8661476329769793,0.9687201104532885,0.15813212096691132
a4399,/mnt/data_disk/HDRData/1000hdr/HDRtest/a4399-Duggan_080410_5879.exr,/mnt/data_disk/ZQL/TIP_TMO_result/tradition/Lischinski/a4399.png,341,512,0.9325332148502252,0.795195706609611,0.9059143895317688,0.7873999528775565,0.745048429052162,0.829751476702951,0.1223544105887413
a4409,/mnt/data_disk/HDRData/1000hdr/HDRtest/a4409-Duggan_090503_8738.exr,/mnt/data_disk/ZQL/TIP_TMO_result/tradition/Lischinski/a4409.png,341,512,0.9153994803517084,0.932376098842573,0.5558165269449651,0.9466448451122416,0.8994205132857666,0.9938691769387166,0.19982047379016876
a4419,/mnt/data_disk/HDRData/1000hdr/HDRtest/a4419-_DGW0269.exr,/mnt/data_disk/ZQL/TIP_TMO_result/tradition/Lischinski/a4419.png,341,512,0.8897734813427133,0.7825431497988082,0.6484000674959929,0.8783719458886305,0.8355755256897305,0.9211683660875305,0.1775796264410019
a4420,/mnt/data_disk/HDRData/1000hdr/HDRtest/a4420-DSC_0054.exr,/mnt/data_disk/ZQL/TIP_TMO_result/tradition/Lischinski/a4420.png,343,512,0.8250102447333455,0.5047065091774102,0.8316612568679049,0.4294187757147687,0.5106586319552437,0.34817891947429375,0.22109709680080414
a4421,/mnt/data_disk/HDRData/1000hdr/HDRtest/a4421-Duggan_090214_5129.exr,/mnt/data_disk/ZQL/TIP_TMO_result/tradition/Lischinski/a4421.png,341,512,0.9057344982601973,0.9153581697285628,0.5245191924801166,0.397051537122609,0.7402978690902522,0.05380520515496581,0.12272187322378159
a4425,/mnt/data_disk/HDRData/1000hdr/HDRtest/a4425-DSC_0007.exr,/mnt/data_disk/ZQL/TIP_TMO_result/tradition/Lischinski/a4425.png,343,512,0.911878200303291,0.8602008444660441,0.6506778698699386,0.6359076931908777,0.8317359029479587,0.4400794834337967,0.1703566610813141
a4430,/mnt/data_disk/HDRData/1000hdr/HDRtest/a4430-09-05-19-at-19h04m03s-_MG_9559.exr,/mnt/data_disk/ZQL/TIP_TMO_result/tradition/Lischinski/a4430.png,341,512,0.8687341034151495,0.6770980936605001,0.7184397911794479,0.8296966206865248,0.7149263444571241,0.9444668969159257,0.11274248361587524
a4431,/mnt/data_disk/HDRData/1000hdr/HDRtest/a4431-Duggan_090330_6282.exr,/mnt/data_disk/ZQL/TIP_TMO_result/tradition/Lischinski/a4431.png,341,512,0.9247074689273758,0.8886005519290874,0.6836030096747252,0.8893484001244745,0.7849188923506102,0.9937779078983389,0.1764497607946396
a4432,/mnt/data_disk/HDRData/1000hdr/HDRtest/a4432-Duggan_081114_3124.exr,/mnt/data_disk/ZQL/TIP_TMO_result/tradition/Lischinski/a4432.png,341,512,0.8813427582824143,0.7561822769661444,0.6439610434578775,0.8833252162427865,0.8245786235625593,0.9420718089230138,0.166401207447052
a4433,/mnt/data_disk/HDRData/1000hdr/HDRtest/a4433-Duggan_090504_8957.exr,/mnt/data_disk/ZQL/TIP_TMO_result/tradition/Lischinski/a4433.png,341,512,0.9098446974023234,0.900202201295806,0.5725752003413478,0.38920748482599726,0.7638056894133604,0.014609280238634137,0.17181049287319183
a4434,/mnt/data_disk/HDRData/1000hdr/HDRtest/a4434-20090414_at_23h05m38__MG_1365.exr,/mnt/data_disk/ZQL/TIP_TMO_result/tradition/Lischinski/a4434.png,341,512,0.8130740043866703,0.7297736467696372,0.3024840970422095,0.39302509281273035,0.67907422475687,0.10697596086859078,0.05312058702111244
a4435,/mnt/data_disk/HDRData/1000hdr/HDRtest/a4435-WP_CRW_0591.exr,/mnt/data_disk/ZQL/TIP_TMO_result/tradition/Lischinski/a4435.png,341,512,0.8422804633067367,0.8220092343086012,0.31424414459642136,0.9240405327838319,0.8892939929818351,0.9587870725858287,0.20278364419937134
a4436,/mnt/data_disk/HDRData/1000hdr/HDRtest/a4436-DSC_0153.exr,/mnt/data_disk/ZQL/TIP_TMO_result/tradition/Lischinski/a4436.png,343,512,0.9608843489035003,0.9104306967024277,0.8846650165485332,0.9413646772077793,0.8853753940134864,0.9973539604020721,0.1349959820508957
a4442,/mnt/data_disk/HDRData/1000hdr/HDRtest/a4442-Duggan_080629_9284.exr,/mnt/data_disk/ZQL/TIP_TMO_result/tradition/Lischinski/a4442.png,341,512,0.9238368726692899,0.7939646636159832,0.84891667729853,0.9043398126570206,0.8410019124988238,0.9676777128152174,0.16897718608379364
a4447,/mnt/data_disk/HDRData/1000hdr/HDRtest/a4447-Duggan_090321_5856.exr,/mnt/data_disk/ZQL/TIP_TMO_result/tradition/Lischinski/a4447.png,341,512,0.9076398051106396,0.7652894412617935,0.7961186087417826,0.9444951364561889,0.8976425453318102,0.9913477275805677,0.22349505126476288
a4448,/mnt/data_disk/HDRData/1000hdr/HDRtest/a4448-Duggan_080119_4778.exr,/mnt/data_disk/ZQL/TIP_TMO_result/tradition/Lischinski/a4448.png,341,512,0.9635012258989755,0.9446697073996346,0.8425857450039862,0.806612888374582,0.9152147896064105,0.6980109871427537,0.0936308428645134
a4449,/mnt/data_disk/HDRData/1000hdr/HDRtest/a4449-DSC_0030.exr,/mnt/data_disk/ZQL/TIP_TMO_result/tradition/Lischinski/a4449.png,343,512,0.902372316078176,0.6797737525889808,0.9384402262367697,0.9083925415125244,0.8205846826974572,0.9962004003275915,0.16529640555381775
a4452,/mnt/data_disk/HDRData/1000hdr/HDRtest/a4452-DSC_0084.exr,/mnt/data_disk/ZQL/TIP_TMO_result/tradition/Lischinski/a4452.png,340,512,0.8415755698383787,0.776509273131701,0.3781662071180849,0.9362362115722391,0.8799850891271452,0.9924873340173329,0.20294469594955444
a4455,/mnt/data_disk/HDRData/1000hdr/HDRtest/a4455-Duggan_080106_4325.exr,/mnt/data_disk/ZQL/TIP_TMO_result/tradition/Lischinski/a4455.png,341,512,0.9494349775362992,0.8348935349749594,0.9456872136468654,0.9215370557511213,0.8446024077354859,0.9984717037667569,0.23826363682746887
a4456,/mnt/data_disk/HDRData/1000hdr/HDRtest/a4456-DSC_0472.exr,/mnt/data_disk/ZQL/TIP_TMO_result/tradition/Lischinski/a4456.png,343,512,0.7604200776623635,0.7133884665224666,0.09521923552145607,0.6569720510810256,0.8384356436058037,0.4755084585562475,0.1899966299533844
a4457,/mnt/data_disk/HDRData/1000hdr/HDRtest/a4457-_DSC0012-5.exr,/mnt/data_disk/ZQL/TIP_TMO_result/tradition/Lischinski/a4457.png,340,512,0.9085493424364214,0.8768609875905875,0.6022913621078891,0.93178025382637,0.9256176078390619,0.9379428998136782,0.0865570455789566
a4465,/mnt/data_disk/HDRData/1000hdr/HDRtest/a4465-DSC_0051.exr,/mnt/data_disk/ZQL/TIP_TMO_result/tradition/Lischinski/a4465.png,340,512,0.8728075419164126,0.8809079979508274,0.389847669509659,0.8792498432946725,0.8666078460223756,0.8918918405669694,0.11648969352245331
a4466,/mnt/data_disk/HDRData/1000hdr/HDRtest/a4466-20090327_at_11h08m58__MG_0964.exr,/mnt/data_disk/ZQL/TIP_TMO_result/tradition/Lischinski/a4466.png,341,512,0.9566707798513366,0.8490558973945347,0.9690938472689976,0.8882219746697805,0.8026878211068286,0.9737561282327324,0.24428966641426086
a4467,/mnt/data_disk/HDRData/1000hdr/HDRtest/a4467-Duggan_090426_7873.exr,/mnt/data_disk/ZQL/TIP_TMO_result/tradition/Lischinski/a4467.png,341,512,0.9352905015006941,0.8230033188683237,0.8709026213715725,0.5364807701142832,0.7794988561067491,0.2934626841218173,0.22777628898620605
a4470,/mnt/data_disk/HDRData/1000hdr/HDRtest/a4470-Duggan_090123_4566.exr,/mnt/data_disk/ZQL/TIP_TMO_result/tradition/Lischinski/a4470.png,341,512,0.9593685356300865,0.8862537857662743,0.9179984374060287,0.9129533760107822,0.8719825986318055,0.953924153389759,0.19844479858875275
a4471,/mnt/data_disk/HDRData/1000hdr/HDRtest/a4471-Duggan_090321_5859.exr,/mnt/data_disk/ZQL/TIP_TMO_result/tradition/Lischinski/a4471.png,341,512,0.9320262778728069,0.8455648181069573,0.8067864365358209,0.45754878640609137,0.8817497232961581,0.03334784951602466,0.21686233580112457
a4472,/mnt/data_disk/HDRData/1000hdr/HDRtest/a4472-Duggan_090504_9026.exr,/mnt/data_disk/ZQL/TIP_TMO_result/tradition/Lischinski/a4472.png,341,512,0.9658601629840816,0.8986399021220284,0.9403656213729611,0.9283791777322012,0.8657051058452598,0.9910532496191427,0.29028356075286865
a4474,/mnt/data_disk/HDRData/1000hdr/HDRtest/a4474-09-05-19-at-18h56m31s-_MG_9553.exr,/mnt/data_disk/ZQL/TIP_TMO_result/tradition/Lischinski/a4474.png,341,512,0.882175839834233,0.7646313011927851,0.633612421413723,0.8263276421179196,0.7652983168960327,0.8873569673398066,0.12147146463394165
a4476,/mnt/data_disk/HDRData/1000hdr/HDRtest/a4476-IMG_4029.exr,/mnt/data_disk/ZQL/TIP_TMO_result/tradition/Lischinski/a4476.png,341,512,0.9249307555857378,0.8395877590036425,0.7706776478455485,0.9415616033522856,0.8884054135595492,0.994717793145022,0.13548225164413452
a4477,/mnt/data_disk/HDRData/1000hdr/HDRtest/a4477-20090327_at_06h09m52__MG_0855.exr,/mnt/data_disk/ZQL/TIP_TMO_result/tradition/Lischinski/a4477.png,341,512,0.9326060875053258,0.830361783173814,0.838804587162693,0.8807419259626033,0.7639498373505065,0.9975340145747,0.1972626894712448
a4479,/mnt/data_disk/HDRData/1000hdr/HDRtest/a4479-09-05-19-at-18h39m42s-_MG_9545.exr,/mnt/data_disk/ZQL/TIP_TMO_result/tradition/Lischinski/a4479.png,341,512,0.7683450517734586,0.7396229287148677,0.0949656881783808,0.8661944716306198,0.7655661327099378,0.9668228105513019,0.20268812775611877
a4480,/mnt/data_disk/HDRData/1000hdr/HDRtest/a4480-Duggan_090201_4896.exr,/mnt/data_disk/ZQL/TIP_TMO_result/tradition/Lischinski/a4480.png,341,512,0.8418859856213439,0.7272288105824168,0.4606504186241401,0.416012975866063,0.7867551848941483,0.045270766837977684,0.229082852602005
a4487,/mnt/data_disk/HDRData/1000hdr/HDRtest/a4487-Duggan_090322_5971.exr,/mnt/data_disk/ZQL/TIP_TMO_result/tradition/Lischinski/a4487.png,341,512,0.8867303045636783,0.7435860545061879,0.7017685595563284,0.9031137079908258,0.8670718970071534,0.9391555189744982,0.18405312299728394
