id,hdr_path,ldr_path,height,width,tmqi_q,tmqi_s,tmqi_n,tmqi2_q,tmqi2_s,tmqi2_n,nlpd
a2808,/mnt/data_disk/HDRData/1000hdr/HDRtest/a2808-20080516_072208__MG_0018.exr,/mnt/data_disk/ZQL/TIP_TMO_result/tradition/Shibata/a2808.png,341,512,0.893839346764331,0.8511589511890162,0.5552948352748183,0.40006471536697236,0.8000636128306341,6.58179033105934e-05,0.2099079191684723
a2824,/mnt/data_disk/HDRData/1000hdr/HDRtest/a2824-dvf_035.exr,/mnt/data_disk/ZQL/TIP_TMO_result/tradition/Shibata/a2824.png,341,512,0.80534612852209,0.7443824275840861,0.243516064618731,0.26594827178195457,0.5318965435639054,3.826333701157004e-15,0.12434401363134384
a2854,/mnt/data_disk/HDRData/1000hdr/HDRtest/a2854-NKIM_MG_7374.exr,/mnt/data_disk/ZQL/TIP_TMO_result/tradition/Shibata/a2854.png,341,512,0.8784633246869238,0.9123276509542203,0.3758054361846575,0.4605193152614927,0.8751132406195714,0.04592538990341396,0.3008883595466614
a2861,/mnt/data_disk/HDRData/1000hdr/HDRtest/a2861-IMG_4397.exr,/mnt/data_disk/ZQL/TIP_TMO_result/tradition/Shibata/a2861.png,341,512,0.7103710699488113,0.6525150151624509,0.008670748718114765,0.3343580930967908,0.6687161861935816,1.8233492404169046e-31,0.16474103927612305
a2862,/mnt/data_disk/HDRData/1000hdr/HDRtest/a2862-_DSC0055.exr,/mnt/data_disk/ZQL/TIP_TMO_result/tradition/Shibata/a2862.png,340,512,0.9261469975650323,0.8690080338160565,0.7263580909901612,0.849722851461802,0.891301279613206,0.8081444233103979,0.18254080414772034
a2876,/mnt/data_disk/HDRData/1000hdr/HDRtest/a2876-jn_20080130_Las_Vegas_0082.exr,/mnt/data_disk/ZQL/TIP_TMO_result/tradition/Shibata/a2876.png,341,512,0.8397100755428341,0.5184623345039759,0.8952289654091592,0.329039458518402,0.658078882430963,3.4605840928947526e-08,0.21721141040325165
a2883,/mnt/data_disk/HDRData/1000hdr/HDRtest/a2883-_DSC0008-2.exr,/mnt/data_disk/ZQL/TIP_TMO_result/tradition/Shibata/a2883.png,340,512,0.8290678110909043,0.8692911646667782,0.1903114566936023,0.7288344591926478,0.8077179528946292,0.6499509654906663,0.06687195599079132
a2913,/mnt/data_disk/HDRData/1000hdr/HDRtest/a2913-IMG_0138.exr,/mnt/data_disk/ZQL/TIP_TMO_result/tradition/Shibata/a2913.png,341,512,0.9237829617058224,0.7606029826472991,0.9149190306277396,0.5224599168745637,0.8837630283828342,0.1611568053662932,0.23775161802768707
a2933,/mnt/data_disk/HDRData/1000hdr/HDRtest/a2933-_I2E7313.exr,/mnt/data_disk/ZQL/TIP_TMO_result/tradition/Shibata/a2933.png,341,512,0.6714519203150934,0.4289290668429684,0.15218245755551804,0.31703573767718696,0.6340714753543739,5.386444446047036e-25,0.21932700276374817
a2956,/mnt/data_disk/HDRData/1000hdr/HDRtest/a2956-KE_-0035.exr,/mnt/data_disk/ZQL/TIP_TMO_result/tradition/Shibata/a2956.png,340,512,0.8479098720504813,0.8996444737759799,0.23912220842665807,0.42059303264691483,0.8398197417505688,0.0013663235432608445,0.1537744104862213
a2986,/mnt/data_disk/HDRData/1000hdr/HDRtest/a2986-_DGW6325.exr,/mnt/data_disk/ZQL/TIP_TMO_result/tradition/Shibata/a2986.png,341,512,0.8756483062253977,0.78518466318017,0.5572504356968856,0.4328553062513852,0.8580791808088968,0.007631431693873552,0.27989572286605835
a3267,/mnt/data_disk/HDRData/1000hdr/HDRtest/a3267-WP_CRW_0087.exr,/mnt/data_disk/ZQL/TIP_TMO_result/tradition/Shibata/a3267.png,341,512,0.9491104257956259,0.812399604488468,0.9875535075535442,0.4759066921628776,0.8857628799786916,0.06605050434706365,0.22493577003479004
a3285,/mnt/data_disk/HDRData/1000hdr/HDRtest/a3285-CRW_0291.exr,/mnt/data_disk/ZQL/TIP_TMO_result/tradition/Shibata/a3285.png,341,512,0.92199723318378,0.8106082067029083,0.8047779312865391,0.83875259301577,0.8940336058453746,0.7834715801861653,0.3384403884410858
a3288,/mnt/data_disk/HDRData/1000hdr/HDRtest/a3288-KE_-0049.exr,/mnt/data_disk/ZQL/TIP_TMO_result/tradition/Shibata/a3288.png,340,512,0.912649938001619,0.7489034271372211,0.8623928250623133,0.41703253125379336,0.8299569666993525,0.004108095808234274,0.19045338034629822
a3306,/mnt/data_disk/HDRData/1000hdr/HDRtest/a3306-IMG_4969.exr,/mnt/data_disk/ZQL/TIP_TMO_result/tradition/Shibata/a3306.png,341,512,0.8676888412642713,0.7554311562441055,0.5617284320104442,0.4148330905558398,0.8296588072990398,7.373812639679688e-06,0.21615734696388245
a3312,/mnt/data_disk/HDRData/1000hdr/HDRtest/a3312-IMG_1063.exr,/mnt/data_disk/ZQL/TIP_TMO_result/tradition/Shibata/a3312.png,341,512,0.8897395073375943,0.6472655495756585,0.9239872464521814,0.33652649598819345,0.6730529919763869,1.585465859900783e-17,0.2439877837896347
a3315,/mnt/data_disk/HDRData/1000hdr/HDRtest/a3315-MB_20030906_022.exr,/mnt/data_disk/ZQL/TIP_TMO_result/tradition/Shibata/a3315.png,341,512,0.8788130871142615,0.7962171374783731,0.5572187179616752,0.5453681819340634,0.8261925491294807,0.2645438147386463,0.3095291554927826
a3316,/mnt/data_disk/HDRData/1000hdr/HDRtest/a3316-20051225_163230__MG_1390.exr,/mnt/data_disk/ZQL/TIP_TMO_result/tradition/Shibata/a3316.png,341,512,0.9260313183622862,0.9296035341476598,0.6248463188638141,0.9166010201421002,0.9277387798047056,0.9054632604794948,0.12854622304439545
a3318,/mnt/data_disk/HDRData/1000hdr/HDRtest/a3318-JI2E5722.exr,/mnt/data_disk/ZQL/TIP_TMO_result/tradition/Shibata/a3318.png,341,512,0.8851237279176594,0.8947479075235815,0.43729227111794217,0.5601626117685363,0.8693487775413106,0.250976445995762,0.1313246637582779
a3321,/mnt/data_disk/HDRData/1000hdr/HDRtest/a3321-DSC_0054.exr,/mnt/data_disk/ZQL/TIP_TMO_result/tradition/Shibata/a3321.png,340,512,0.962174081393923,0.9266725938906935,0.8647667526709534,0.5309808169494638,0.8086861845957738,0.25327544930315377,0.10588062554597855
a3325,/mnt/data_disk/HDRData/1000hdr/HDRtest/a3325-050819_154342__MG_5227.exr,/mnt/data_disk/ZQL/TIP_TMO_result/tradition/Shibata/a3325.png,341,512,0.8660651773694042,0.8285658396884226,0.43094784201452213,0.42974982372350395,0.85949445882037,5.188626637871292e-06,0.12813733518123627
a3337,/mnt/data_disk/HDRData/1000hdr/HDRtest/a3337-dgw_112.exr,/mnt/data_disk/ZQL/TIP_TMO_result/tradition/Shibata/a3337.png,341,512,0.8438176971178537,0.6745261056564664,0.568203001359682,0.3733719855594388,0.7454570827716578,0.0012868883472198437,0.39177677035331726
a3339,/mnt/data_disk/HDRData/1000hdr/HDRtest/a3339-_MG_7202.exr,/mnt/data_disk/ZQL/TIP_TMO_result/tradition/Shibata/a3339.png,341,512,0.8623073278832811,0.6560494137067341,0.7209176699126852,0.32438696476346485,0.6487739295269297,8.092922964941418e-18,0.22968623042106628
a3341,/mnt/data_disk/HDRData/1000hdr/HDRtest/a3341-jmac_DSC2590.exr,/mnt/data_disk/ZQL/TIP_TMO_result/tradition/Shibata/a3341.png,340,512,0.8653264347972891,0.732982175123759,0.5880992782395598,0.40101667581201006,0.8020333512643281,3.596920661710112e-10,0.10718077421188354
a3344,/mnt/data_disk/HDRData/1000hdr/HDRtest/a3344-NKIM_MG_6348.exr,/mnt/data_disk/ZQL/TIP_TMO_result/tradition/Shibata/a3344.png,341,512,0.9485359286381525,0.8971582600873905,0.8245148132785796,0.5558276968547159,0.8443423328230467,0.26731306088638507,0.08551555871963501
a3345,/mnt/data_disk/HDRData/1000hdr/HDRtest/a3345-20080514_105211__MG_9917.exr,/mnt/data_disk/ZQL/TIP_TMO_result/tradition/Shibata/a3345.png,341,512,0.8229224520915465,0.8937729278798807,0.1373132946968453,0.39213120282126335,0.7842613391489964,1.0664935302620708e-06,0.1600210815668106
a3351,/mnt/data_disk/HDRData/1000hdr/HDRtest/a3351-KE_-1722.exr,/mnt/data_disk/ZQL/TIP_TMO_result/tradition/Shibata/a3351.png,340,512,0.8587481152183821,0.771288070719024,0.4818386494271727,0.3704762916751706,0.7275622846693718,0.013390298680969435,0.1437806934118271
a3356,/mnt/data_disk/HDRData/1000hdr/HDRtest/a3356-_DSC9981.exr,/mnt/data_disk/ZQL/TIP_TMO_result/tradition/Shibata/a3356.png,341,512,0.8378328634603821,0.8037987138596316,0.31772143110654355,0.34489406575120074,0.6897881269354563,4.566945150957513e-09,0.18464761972427368
a3360,/mnt/data_disk/HDRData/1000hdr/HDRtest/a3360-IMG_0017.exr,/mnt/data_disk/ZQL/TIP_TMO_result/tradition/Shibata/a3360.png,341,512,0.8696880675717128,0.8316235580449061,0.44643158140842476,0.4558685780147084,0.9090594229445939,0.0026777330848230343,0.18588367104530334
a3365,/mnt/data_disk/HDRData/1000hdr/HDRtest/a3365-jn_20071207_Xmas_House_0124.exr,/mnt/data_disk/ZQL/TIP_TMO_result/tradition/Shibata/a3365.png,341,512,0.8742335103726566,0.7013840179058782,0.7044381842966922,0.3295041009952144,0.6590082019838653,6.56338857920616e-12,0.09286363422870636
a3366,/mnt/data_disk/HDRData/1000hdr/HDRtest/a3366-Ja_Pe-6.exr,/mnt/data_disk/ZQL/TIP_TMO_result/tradition/Shibata/a3366.png,288,512,0.8917483111378254,0.7748227620705797,0.6749350155016796,0.46332131981507535,0.8740559851789159,0.05258665445123481,0.23918543756008148
a3369,/mnt/data_disk/HDRData/1000hdr/HDRtest/a3369-IMG_0004.exr,/mnt/data_disk/ZQL/TIP_TMO_result/tradition/Shibata/a3369.png,341,512,0.8382289229490955,0.788896368210183,0.34164359569870817,0.4287451260618098,0.8570367519641479,0.00045350015947172794,0.27146485447883606
a3371,/mnt/data_disk/HDRData/1000hdr/HDRtest/a3371-07-12-01-at-11h32m58s-_MG_8498.exr,/mnt/data_disk/ZQL/TIP_TMO_result/tradition/Shibata/a3371.png,341,512,0.9330046215888181,0.848921041382069,0.8071811043141361,0.42362768974185394,0.8252181485022673,0.022037230981440642,0.23488399386405945
a3382,/mnt/data_disk/HDRData/1000hdr/HDRtest/a3382-IMG_4032.exr,/mnt/data_disk/ZQL/TIP_TMO_result/tradition/Shibata/a3382.png,341,512,0.9155557341694858,0.8429308984290873,0.7038301737892322,0.5896824347721508,0.8471749410260444,0.33218992851825707,0.16150759160518646
a3388,/mnt/data_disk/HDRData/1000hdr/HDRtest/a3388-jmac_DSC2214.exr,/mnt/data_disk/ZQL/TIP_TMO_result/tradition/Shibata/a3388.png,340,512,0.9331576186037565,0.8763223997868453,0.7592116045774228,0.8115531789282711,0.8416279729280706,0.7814783849284717,0.14091861248016357
a3390,/mnt/data_disk/HDRData/1000hdr/HDRtest/a3390-dgw_070.exr,/mnt/data_disk/ZQL/TIP_TMO_result/tradition/Shibata/a3390.png,341,512,0.8786368307158788,0.7208268644337098,0.6941340510280313,0.4070242176805337,0.8138318600483191,0.00021657531274834113,0.24907590448856354
a3391,/mnt/data_disk/HDRData/1000hdr/HDRtest/a3391-050904_125814__I2E8654.exr,/mnt/data_disk/ZQL/TIP_TMO_result/tradition/Shibata/a3391.png,341,512,0.8231466073635122,0.7396212078970663,0.3386272508431676,0.4087023631340318,0.8173972795905641,7.446677499528061e-06,0.22003822028636932
a3393,/mnt/data_disk/HDRData/1000hdr/HDRtest/a3393-_DSC0057.exr,/mnt/data_disk/ZQL/TIP_TMO_result/tradition/Shibata/a3393.png,340,512,0.842820283488141,0.8307404067102838,0.3046961566426589,0.46119732059795,0.8826729552392871,0.039721685956612816,0.14938083291053772
a3394,/mnt/data_disk/HDRData/1000hdr/HDRtest/a3394-_DGW6419.exr,/mnt/data_disk/ZQL/TIP_TMO_result/tradition/Shibata/a3394.png,341,512,0.920720100972988,0.7194836759305541,0.9799605223524379,0.39185911823342373,0.7833542836973814,0.00036395276946607713,0.3795563876628876
a3400,/mnt/data_disk/HDRData/1000hdr/HDRtest/a3400-07-11-04-at-17h36m14s-_MG_4004.exr,/mnt/data_disk/ZQL/TIP_TMO_result/tradition/Shibata/a3400.png,341,512,0.782434521492986,0.5286574855618489,0.5057598448997899,0.2870803129654944,0.5741606259309835,5.327406577091171e-15,0.23296934366226196
a3401,/mnt/data_disk/HDRData/1000hdr/HDRtest/a3401-20061111_122429__E6B5415.exr,/mnt/data_disk/ZQL/TIP_TMO_result/tradition/Shibata/a3401.png,341,512,0.9565609204828099,0.8697397155172943,0.9291231588398403,0.4783565673431823,0.9032514937730551,0.05346164091330954,0.13558627665042877
a3402,/mnt/data_disk/HDRData/1000hdr/HDRtest/a3402-jmac_DSC3153.exr,/mnt/data_disk/ZQL/TIP_TMO_result/tradition/Shibata/a3402.png,340,512,0.944401536555771,0.8260407540886109,0.9277575878584906,0.5486526095473562,0.8931638431567873,0.20414137593792506,0.17323501408100128
a3413,/mnt/data_disk/HDRData/1000hdr/HDRtest/a3413-20041217_193556__E6B0485.exr,/mnt/data_disk/ZQL/TIP_TMO_result/tradition/Shibata/a3413.png,341,512,0.8527714030343791,0.7773529815266883,0.43800671933858,0.40574660971486465,0.8114796803180435,1.3539111685752222e-05,0.1544022411108017
a3414,/mnt/data_disk/HDRData/1000hdr/HDRtest/a3414-DSC_0002.exr,/mnt/data_disk/ZQL/TIP_TMO_result/tradition/Shibata/a3414.png,340,512,0.9135951272095182,0.8588330597093898,0.6637896925215252,0.4788583795830125,0.8760999632553089,0.08161679591071597,0.17330406606197357
a3415,/mnt/data_disk/HDRData/1000hdr/HDRtest/a3415-jmac_DSC6092.exr,/mnt/data_disk/ZQL/TIP_TMO_result/tradition/Shibata/a3415.png,340,512,0.9456318971669201,0.9108980805034211,0.7812386042219635,0.7355076852335849,0.8662978615648359,0.6047175089023339,0.13053981959819794
a3416,/mnt/data_disk/HDRData/1000hdr/HDRtest/a3416-IMG_4746.exr,/mnt/data_disk/ZQL/TIP_TMO_result/tradition/Shibata/a3416.png,341,512,0.9165683279729716,0.7413349097957905,0.9047292206380185,0.4222509160805132,0.8430280442889615,0.0014737878720648976,0.23850373923778534
a3418,/mnt/data_disk/HDRData/1000hdr/HDRtest/a3418-2004-02-07 16-53-50 CRW_3754.exr,/mnt/data_disk/ZQL/TIP_TMO_result/tradition/Shibata/a3418.png,341,512,0.7981118788099989,0.8858620644875008,0.05654776827840575,0.4359700006161007,0.8719399887975563,1.2434645134517927e-08,0.07725034654140472
a3422,/mnt/data_disk/HDRData/1000hdr/HDRtest/a3422-WP_CRW_0302.exr,/mnt/data_disk/ZQL/TIP_TMO_result/tradition/Shibata/a3422.png,341,512,0.9288624849716338,0.8358603721986063,0.803510094052242,0.5147332771645861,0.781751967845148,0.24771458648402422,0.1873343288898468
a3424,/mnt/data_disk/HDRData/1000hdr/HDRtest/a3424-CRW_0163.exr,/mnt/data_disk/ZQL/TIP_TMO_result/tradition/Shibata/a3424.png,341,512,0.9214195763210186,0.8136600890633996,0.7952120775509953,0.4286650960886281,0.8332963248083606,0.024033867368895522,0.26209378242492676
a3431,/mnt/data_disk/HDRData/1000hdr/HDRtest/a3431-_DSC0103-3.exr,/mnt/data_disk/ZQL/TIP_TMO_result/tradition/Shibata/a3431.png,340,512,0.8388161555856926,0.8145311891750634,0.30734536575926874,0.4468937456237518,0.8920399372655796,0.0017475539819239087,0.1115272045135498
a3432,/mnt/data_disk/HDRData/1000hdr/HDRtest/a3432-jmac_DSC3184.exr,/mnt/data_disk/ZQL/TIP_TMO_result/tradition/Shibata/a3432.png,340,512,0.9335050669097571,0.8334160734733151,0.8391539742631456,0.43816558550655493,0.8753138709476869,0.001017300065422978,0.12502692639827728
a3433,/mnt/data_disk/HDRData/1000hdr/HDRtest/a3433-NKIM_MG_8213.exr,/mnt/data_disk/ZQL/TIP_TMO_result/tradition/Shibata/a3433.png,341,512,0.9398549112643785,0.7890503581704543,0.969186525163142,0.41733694106222163,0.8343271263245209,0.00034675579992240156,0.2616112530231476
a3439,/mnt/data_disk/HDRData/1000hdr/HDRtest/a3439-IMG_3798.exr,/mnt/data_disk/ZQL/TIP_TMO_result/tradition/Shibata/a3439.png,341,512,0.7971251633077031,0.8052753736546144,0.13101333540777985,0.4825412357278071,0.9648074310994222,0.0002750403561919234,0.10332509875297546
a3441,/mnt/data_disk/HDRData/1000hdr/HDRtest/a3441-dgw_064.exr,/mnt/data_disk/ZQL/TIP_TMO_result/tradition/Shibata/a3441.png,341,512,0.8418365642102601,0.7816085447379328,0.3716628354121369,0.447665519882256,0.8937715931326229,0.0015594466318891473,0.2763212025165558
a3444,/mnt/data_disk/HDRData/1000hdr/HDRtest/a3444-WP_CRW_6313.exr,/mnt/data_disk/ZQL/TIP_TMO_result/tradition/Shibata/a3444.png,341,512,0.8775960915872375,0.7742407322366125,0.5881597106526555,0.36547307552440084,0.7309430664113158,3.0846374858406023e-06,0.1648266613483429
a3446,/mnt/data_disk/HDRData/1000hdr/HDRtest/a3446-050730_134124__MG_3716.exr,/mnt/data_disk/ZQL/TIP_TMO_result/tradition/Shibata/a3446.png,341,512,0.9194558994660176,0.9304402426267394,0.583240324289435,0.6389121070165581,0.9072723602149118,0.37055185381820444,0.1986141800880432
a3448,/mnt/data_disk/HDRData/1000hdr/HDRtest/a3448-IMG_0113.exr,/mnt/data_disk/ZQL/TIP_TMO_result/tradition/Shibata/a3448.png,341,512,0.9205701184966937,0.7294657960654575,0.9574733753998597,0.42552912622426553,0.8509704179754176,8.783447311349936e-05,0.22991718351840973
a3449,/mnt/data_disk/HDRData/1000hdr/HDRtest/a3449-jmac_DSC2669.exr,/mnt/data_disk/ZQL/TIP_TMO_result/tradition/Shibata/a3449.png,340,512,0.9700741796877683,0.9209299583091771,0.9292620425054408,0.9111736968963536,0.9224719949611727,0.8998753988315346,0.12192434072494507
a3451,/mnt/data_disk/HDRData/1000hdr/HDRtest/a3451-IMG_1088.exr,/mnt/data_disk/ZQL/TIP_TMO_result/tradition/Shibata/a3451.png,341,512,0.9213607423455388,0.796960026907791,0.8264509323028899,0.4291232777478907,0.8213581030336107,0.036888452462170755,0.2716408967971802
a3452,/mnt/data_disk/HDRData/1000hdr/HDRtest/a3452-IMG_1205.exr,/mnt/data_disk/ZQL/TIP_TMO_result/tradition/Shibata/a3452.png,341,512,0.8069666013378979,0.9414226618888412,0.04016829627003297,0.42289835932851944,0.8457967155979447,3.0590941923061484e-09,0.08139850944280624
a3456,/mnt/data_disk/HDRData/1000hdr/HDRtest/a3456-DSC_0006-1-2.exr,/mnt/data_disk/ZQL/TIP_TMO_result/tradition/Shibata/a3456.png,340,512,0.9301862433105001,0.8231977044722891,0.8359456808917634,0.6202175534510639,0.9067896125260836,0.33364549437604424,0.1388763189315796
a3457,/mnt/data_disk/HDRData/1000hdr/HDRtest/a3457-NKIM_025.exr,/mnt/data_disk/ZQL/TIP_TMO_result/tradition/Shibata/a3457.png,341,512,0.9584883091990828,0.8813044018573352,0.9210180252171374,0.4566447360257219,0.8996078732868417,0.013681598764602145,0.18880091607570648
a3460,/mnt/data_disk/HDRData/1000hdr/HDRtest/a3460-20080514_105637__MG_9928.exr,/mnt/data_disk/ZQL/TIP_TMO_result/tradition/Shibata/a3460.png,341,512,0.9321552131269255,0.7952069195514062,0.903286873036626,0.431855589015384,0.8637109434903208,2.3454044718505112e-07,0.19859324395656586
a3462,/mnt/data_disk/HDRData/1000hdr/HDRtest/a3462-dgw_051.exr,/mnt/data_disk/ZQL/TIP_TMO_result/tradition/Shibata/a3462.png,341,512,0.9183570937053736,0.7225370221725845,0.9567702672934102,0.3900097192332399,0.7742554921414294,0.005763946325050407,0.3098982572555542
a3464,/mnt/data_disk/HDRData/1000hdr/HDRtest/a3464-tc_DSC2199.exr,/mnt/data_disk/ZQL/TIP_TMO_result/tradition/Shibata/a3464.png,340,512,0.8715691416636905,0.6619839748127578,0.7686320415443028,0.38687346615723034,0.7737352276938624,1.170462059826047e-05,0.17402160167694092
a3465,/mnt/data_disk/HDRData/1000hdr/HDRtest/a3465-20060619_114622__MG_9153.exr,/mnt/data_disk/ZQL/TIP_TMO_result/tradition/Shibata/a3465.png,341,512,0.88891374471912,0.8970575399239843,0.4551423656314221,0.9211730173985397,0.8852068645147614,0.9571391702823182,0.17191489040851593
a3466,/mnt/data_disk/HDRData/1000hdr/HDRtest/a3466-IMG_3941.exr,/mnt/data_disk/ZQL/TIP_TMO_result/tradition/Shibata/a3466.png,341,512,0.9270067492649893,0.8720063718914656,0.7267068794190019,0.45522415962275403,0.9094823054975185,0.0009660137479895656,0.1819538027048111
a3468,/mnt/data_disk/HDRData/1000hdr/HDRtest/a3468-IMG_4793.exr,/mnt/data_disk/ZQL/TIP_TMO_result/tradition/Shibata/a3468.png,341,512,0.9398292642364279,0.8618754229698365,0.8292740663244328,0.4491299021449259,0.8969491719390916,0.0013106323507601227,0.1549825221300125
a3470,/mnt/data_disk/HDRData/1000hdr/HDRtest/a3470-IMG_0835.exr,/mnt/data_disk/ZQL/TIP_TMO_result/tradition/Shibata/a3470.png,341,512,0.9263776043189376,0.7382101839034588,0.9796987031681559,0.410389892107523,0.8207474610774358,3.2323137610265985e-05,0.2646059989929199
a3474,/mnt/data_disk/HDRData/1000hdr/HDRtest/a3474-jmac_MG_1125.exr,/mnt/data_disk/ZQL/TIP_TMO_result/tradition/Shibata/a3474.png,341,512,0.9416484472933859,0.9221314450002049,0.73608221500182,0.9542616585131576,0.9144357976089563,0.9940875194173587,0.10878460854291916
a3477,/mnt/data_disk/HDRData/1000hdr/HDRtest/a3477-_DSC0048.exr,/mnt/data_disk/ZQL/TIP_TMO_result/tradition/Shibata/a3477.png,340,512,0.8507678422488041,0.7843393945193404,0.415694973804661,0.4762452526451253,0.866392240732178,0.08609826455807254,0.17770598828792572
a3483,/mnt/data_disk/HDRData/1000hdr/HDRtest/a3483-_DSC0023-1.exr,/mnt/data_disk/ZQL/TIP_TMO_result/tradition/Shibata/a3483.png,340,512,0.8586429583123582,0.7886560128816865,0.45259402032318774,0.7464202571540489,0.828890589457821,0.6639499248502768,0.09623333066701889
a3486,/mnt/data_disk/HDRData/1000hdr/HDRtest/a3486-jmac_DSC3897.exr,/mnt/data_disk/ZQL/TIP_TMO_result/tradition/Shibata/a3486.png,343,512,0.8631328162602531,0.7363699135400426,0.5686276305155737,0.4386360411675959,0.8751234475602899,0.002148634774901941,0.20633047819137573
a3491,/mnt/data_disk/HDRData/1000hdr/HDRtest/a3491-DSC_0091.exr,/mnt/data_disk/ZQL/TIP_TMO_result/tradition/Shibata/a3491.png,340,512,0.9443390758960533,0.8659441779031969,0.8522854617302915,0.8906451223936407,0.8795779777615551,0.9017122670257264,0.16947990655899048
a3493,/mnt/data_disk/HDRData/1000hdr/HDRtest/a3493-IMG_0279.exr,/mnt/data_disk/ZQL/TIP_TMO_result/tradition/Shibata/a3493.png,341,512,0.8702100470614678,0.6715682288736149,0.7394813126102793,0.3808525806582227,0.7617051613162416,2.038581116727542e-13,0.24533593654632568
a3499,/mnt/data_disk/HDRData/1000hdr/HDRtest/a3499-jn_2007_12_11__BU_CRUISE_019.exr,/mnt/data_disk/ZQL/TIP_TMO_result/tradition/Shibata/a3499.png,341,512,0.8900688589510279,0.7055348395280766,0.7993903647864986,0.38158475663971164,0.7631694023510454,1.1092837794794562e-07,0.1610236018896103
a3503,/mnt/data_disk/HDRData/1000hdr/HDRtest/a3503-050731_155906__I2E5378.exr,/mnt/data_disk/ZQL/TIP_TMO_result/tradition/Shibata/a3503.png,341,512,0.9174862023781349,0.8762572463901309,0.6587380709462454,0.421535059347737,0.8175423560469877,0.02552776264848632,0.17921018600463867
a3504,/mnt/data_disk/HDRData/1000hdr/HDRtest/a3504-IMG_0903.exr,/mnt/data_disk/ZQL/TIP_TMO_result/tradition/Shibata/a3504.png,341,512,0.8882308711680036,0.8864904464186084,0.4670932855419719,0.4744895725869042,0.9330235117345018,0.015955633439306567,0.15970228612422943
a3505,/mnt/data_disk/HDRData/1000hdr/HDRtest/a3505-CRW_0288.exr,/mnt/data_disk/ZQL/TIP_TMO_result/tradition/Shibata/a3505.png,341,512,0.8782458948011793,0.8420238557333802,0.47866044785962947,0.4863491551273748,0.8340176570562796,0.13868065319846998,0.23384124040603638
a3508,/mnt/data_disk/HDRData/1000hdr/HDRtest/a3508-NKIM_095.exr,/mnt/data_disk/ZQL/TIP_TMO_result/tradition/Shibata/a3508.png,341,512,0.9000295313439269,0.7972007493416179,0.6865096326674508,0.6104868080046794,0.8978776418244562,0.32309597418490255,0.3028866648674011
a3509,/mnt/data_disk/HDRData/1000hdr/HDRtest/a3509-_DGW6337.exr,/mnt/data_disk/ZQL/TIP_TMO_result/tradition/Shibata/a3509.png,341,512,0.9287802347348817,0.816651159246412,0.8388313824456273,0.6366721088177091,0.8551040211727033,0.4182401964627148,0.36910170316696167
a3510,/mnt/data_disk/HDRData/1000hdr/HDRtest/a3510-JI2E4365.exr,/mnt/data_disk/ZQL/TIP_TMO_result/tradition/Shibata/a3510.png,341,512,0.9276772944256072,0.7972460070861226,0.8686154874128419,0.8076961460529999,0.7812638564731728,0.8341284356328271,0.26328805088996887
a3511,/mnt/data_disk/HDRData/1000hdr/HDRtest/a3511-jmac_MG_0542.exr,/mnt/data_disk/ZQL/TIP_TMO_result/tradition/Shibata/a3511.png,341,512,0.8858584554579156,0.7706057935341433,0.645638944971337,0.39758003473546183,0.7951600694408848,3.003881588036512e-11,0.13985517621040344
a3512,/mnt/data_disk/HDRData/1000hdr/HDRtest/a3512-LSstone_060805_9380.exr,/mnt/data_disk/ZQL/TIP_TMO_result/tradition/Shibata/a3512.png,341,512,0.9098233449962494,0.7903597724550656,0.7624401790018527,0.394115074840978,0.7882301301277765,1.955417950093545e-08,0.16705788671970367
a3521,/mnt/data_disk/HDRData/1000hdr/HDRtest/a3521-JI2E5091.exr,/mnt/data_disk/ZQL/TIP_TMO_result/tradition/Shibata/a3521.png,341,512,0.839805203389755,0.6935319989434083,0.5086408971377933,0.40184845778849443,0.8036826770533592,1.4238523629720513e-05,0.1579349786043167
a3522,/mnt/data_disk/HDRData/1000hdr/HDRtest/a3522-IMG_4772.exr,/mnt/data_disk/ZQL/TIP_TMO_result/tradition/Shibata/a3522.png,341,512,0.8576919547916253,0.8397791634602337,0.3686041705079549,0.4197086017942959,0.8394155043393784,1.6992492134453236e-06,0.13118933141231537
a3525,/mnt/data_disk/HDRData/1000hdr/HDRtest/a3525-IMG_0713.exr,/mnt/data_disk/ZQL/TIP_TMO_result/tradition/Shibata/a3525.png,341,512,0.8649948369606149,0.9444279123443953,0.26534705581524104,0.4742710097201199,0.948541153279633,8.661606067427487e-07,0.18893876671791077
a3529,/mnt/data_disk/HDRData/1000hdr/HDRtest/a3529-WP_CRW_0659.exr,/mnt/data_disk/ZQL/TIP_TMO_result/tradition/Shibata/a3529.png,341,512,0.9533212603808566,0.8684166562793397,0.9091549085591114,0.5068853668576357,0.8884220673473696,0.12534866636790182,0.16890303790569305
a3531,/mnt/data_disk/HDRData/1000hdr/HDRtest/a3531-07-06-30-at-04h02m08s-_MG_1936.exr,/mnt/data_disk/ZQL/TIP_TMO_result/tradition/Shibata/a3531.png,341,512,0.8401818090177542,0.6468938850195575,0.6007386422348312,0.3312830030676292,0.6625660061349113,3.470900808700105e-13,0.22684291005134583
a3540,/mnt/data_disk/HDRData/1000hdr/HDRtest/a3540-07-12-02-at-14h05m14s-_MG_8949.exr,/mnt/data_disk/ZQL/TIP_TMO_result/tradition/Shibata/a3540.png,341,512,0.901330820741068,0.7331050106202358,0.8180742369096792,0.3974778607149704,0.7057603452087959,0.0891953762211448,0.24862757325172424
a3541,/mnt/data_disk/HDRData/1000hdr/HDRtest/a3541-IMG_4107.exr,/mnt/data_disk/ZQL/TIP_TMO_result/tradition/Shibata/a3541.png,341,512,0.8323033766353435,0.852949246786346,0.22468810134620754,0.4835401671556131,0.801317279159563,0.16576305515166326,0.12831732630729675
a3545,/mnt/data_disk/HDRData/1000hdr/HDRtest/a3545-jmac_DSC0491.exr,/mnt/data_disk/ZQL/TIP_TMO_result/tradition/Shibata/a3545.png,340,512,0.9468334132032326,0.8391799687101341,0.9193644567875889,0.577658824874656,0.8670964353591749,0.28822121439013715,0.10730290412902832
a3548,/mnt/data_disk/HDRData/1000hdr/HDRtest/a3548-CRW_0993.exr,/mnt/data_disk/ZQL/TIP_TMO_result/tradition/Shibata/a3548.png,341,512,0.8621086391703878,0.8559228187050401,0.3685917173440172,0.461687726832912,0.9216714562254043,0.0017039974404197552,0.12200526148080826
a3549,/mnt/data_disk/HDRData/1000hdr/HDRtest/a3549-KE_-2455.exr,/mnt/data_disk/ZQL/TIP_TMO_result/tradition/Shibata/a3549.png,340,512,0.9165884313071383,0.9343644674006726,0.5598872134087409,0.8618238316810929,0.8645807260782977,0.8590669372838882,0.11528816819190979
a3557,/mnt/data_disk/HDRData/1000hdr/HDRtest/a3557-IMG_1507.exr,/mnt/data_disk/ZQL/TIP_TMO_result/tradition/Shibata/a3557.png,341,512,0.8321474564983771,0.9379535109411937,0.12848973518933343,0.45615430166672843,0.8741822414310271,0.038126361902429795,0.08972436934709549
a3563,/mnt/data_disk/HDRData/1000hdr/HDRtest/a3563-07-11-30-at-15h55m08s-_MG_8326.exr,/mnt/data_disk/ZQL/TIP_TMO_result/tradition/Shibata/a3563.png,341,512,0.8957190427640344,0.8553603718499986,0.5596931951714068,0.4353165147070224,0.8573643997372427,0.013268629676802037,0.1831876039505005
a3571,/mnt/data_disk/HDRData/1000hdr/HDRtest/a3571-IMG_0290.exr,/mnt/data_disk/ZQL/TIP_TMO_result/tradition/Shibata/a3571.png,341,512,0.80768672525394,0.7733303487390984,0.21478545788286454,0.5566156097270956,0.8428111781280443,0.27042004132614683,0.058373723179101944
a3575,/mnt/data_disk/HDRData/1000hdr/HDRtest/a3575-IMG_0834.exr,/mnt/data_disk/ZQL/TIP_TMO_result/tradition/Shibata/a3575.png,341,512,0.9124191679113951,0.703414837186117,0.9565372666698231,0.39644428986516567,0.7928042723899327,8.430734039870554e-05,0.25589126348495483
a3576,/mnt/data_disk/HDRData/1000hdr/HDRtest/a3576-LS051026_day_15_LL003.exr,/mnt/data_disk/ZQL/TIP_TMO_result/tradition/Shibata/a3576.png,341,512,0.9060389424366718,0.8281751147348799,0.6692526795341014,0.4430510246834513,0.8630217623284064,0.023080287038496173,0.182973250746727
a3585,/mnt/data_disk/HDRData/1000hdr/HDRtest/a3585-IMG_4211.exr,/mnt/data_disk/ZQL/TIP_TMO_result/tradition/Shibata/a3585.png,341,512,0.734944405748049,0.49726208864063637,0.31327779900401154,0.27673357300670753,0.553182739500416,0.00028440651299910583,0.1597832590341568
a3586,/mnt/data_disk/HDRData/1000hdr/HDRtest/a3586-IMG_4591.exr,/mnt/data_disk/ZQL/TIP_TMO_result/tradition/Shibata/a3586.png,341,512,0.8778047886131404,0.720728971246131,0.68902172051378,0.41266240210627836,0.7625554877347814,0.06276931647777532,0.2148643136024475
a3588,/mnt/data_disk/HDRData/1000hdr/HDRtest/a3588-CRW_0983.exr,/mnt/data_disk/ZQL/TIP_TMO_result/tradition/Shibata/a3588.png,341,512,0.8327370861617893,0.8800723784420692,0.19374105158103427,0.4561978222664397,0.9123835423942,1.2102138679273094e-05,0.1505594402551651
a3591,/mnt/data_disk/HDRData/1000hdr/HDRtest/a3591-07-11-30-at-16h19m33s-_MG_8384.exr,/mnt/data_disk/ZQL/TIP_TMO_result/tradition/Shibata/a3591.png,341,512,0.8988095396914013,0.8827966300238671,0.5341441747436991,0.4413941177099158,0.8635835729359902,0.019204662483841443,0.2067851722240448
a3593,/mnt/data_disk/HDRData/1000hdr/HDRtest/a3593-_DSC5689.exr,/mnt/data_disk/ZQL/TIP_TMO_result/tradition/Shibata/a3593.png,341,512,0.8278400107084416,0.781720480376781,0.29927949734786063,0.49024645340306955,0.8543020888158517,0.12619081799028745,0.26214563846588135
a3600,/mnt/data_disk/HDRData/1000hdr/HDRtest/a3600-JI2E3496.exr,/mnt/data_disk/ZQL/TIP_TMO_result/tradition/Shibata/a3600.png,341,512,0.9288699472225801,0.831980009491357,0.8107238043613122,0.5783317519028741,0.8352833342270249,0.32138016957872323,0.2289489507675171
a3602,/mnt/data_disk/HDRData/1000hdr/HDRtest/a3602-_DSC9759.exr,/mnt/data_disk/ZQL/TIP_TMO_result/tradition/Shibata/a3602.png,341,512,0.8504254728350147,0.7664415346095464,0.4427143108506366,0.42334093563467706,0.6867272495922415,0.15995462167711258,0.16008809208869934
a3605,/mnt/data_disk/HDRData/1000hdr/HDRtest/a3605-IMG_2772.exr,/mnt/data_disk/ZQL/TIP_TMO_result/tradition/Shibata/a3605.png,341,512,0.9002796111153083,0.8223820802356432,0.6432417891520437,0.4550013507403492,0.9099691774016875,3.352407901093656e-05,0.12816087901592255
a3608,/mnt/data_disk/HDRData/1000hdr/HDRtest/a3608-NKIM_MG_7004.exr,/mnt/data_disk/ZQL/TIP_TMO_result/tradition/Shibata/a3608.png,341,512,0.961207844080245,0.8956668143710508,0.9135025703556745,0.44696872310173646,0.8606509481072517,0.03328649809622115,0.11678849160671234
a3609,/mnt/data_disk/HDRData/1000hdr/HDRtest/a3609-IMG_1702.exr,/mnt/data_disk/ZQL/TIP_TMO_result/tradition/Shibata/a3609.png,341,512,0.8614591951801235,0.9197738106414021,0.27886535255397904,0.5615847423058513,0.8385231284684062,0.2846463561432966,0.14938807487487793
a3613,/mnt/data_disk/HDRData/1000hdr/HDRtest/a3613-_DSC3264.exr,/mnt/data_disk/ZQL/TIP_TMO_result/tradition/Shibata/a3613.png,341,512,0.8899796404293505,0.7568541220829235,0.6972595218739376,0.37520617210049323,0.7504077161158802,4.6280851062899756e-06,0.24223530292510986
a3623,/mnt/data_disk/HDRData/1000hdr/HDRtest/a3623-20051220_201437__MG_9239.exr,/mnt/data_disk/ZQL/TIP_TMO_result/tradition/Shibata/a3623.png,341,512,0.8912138608785853,0.7732392246422471,0.6744752700584681,0.43869997201301947,0.8476242542591147,0.0297756897669242,0.29434648156166077
a3624,/mnt/data_disk/HDRData/1000hdr/HDRtest/a3624-DSC_0070.exr,/mnt/data_disk/ZQL/TIP_TMO_result/tradition/Shibata/a3624.png,340,512,0.9485210503530339,0.9350721432916479,0.7592133733173162,0.6655456342783767,0.9067388743265742,0.42435239423017906,0.11913180351257324
a3628,/mnt/data_disk/HDRData/1000hdr/HDRtest/a3628-_DSC9996.exr,/mnt/data_disk/ZQL/TIP_TMO_result/tradition/Shibata/a3628.png,341,512,0.7990403863591314,0.6621264279428875,0.33926628388019425,0.27179651773520486,0.5435930354704097,1.1208440068918066e-17,0.2202400118112564
a3633,/mnt/data_disk/HDRData/1000hdr/HDRtest/a3633-JI2E3892.exr,/mnt/data_disk/ZQL/TIP_TMO_result/tradition/Shibata/a3633.png,341,512,0.8460544044069621,0.7705345401043091,0.41185419123301087,0.3671457691419177,0.7341573949795869,0.00013414330424852436,0.1385083645582199
a3634,/mnt/data_disk/HDRData/1000hdr/HDRtest/a3634-IMG_4959.exr,/mnt/data_disk/ZQL/TIP_TMO_result/tradition/Shibata/a3634.png,341,512,0.8988095246227946,0.7977664522023026,0.6777384204938827,0.7646161695052125,0.7023682120078921,0.8268641270025329,0.2675929367542267
a3635,/mnt/data_disk/HDRData/1000hdr/HDRtest/a3635-IMG_4031.exr,/mnt/data_disk/ZQL/TIP_TMO_result/tradition/Shibata/a3635.png,341,512,0.933820508009554,0.7674760007221573,0.9708303558369088,0.4140758285299732,0.8264230744428758,0.0017285826170706728,0.27878081798553467
a3636,/mnt/data_disk/HDRData/1000hdr/HDRtest/a3636-20041222_195608__E6B6989.exr,/mnt/data_disk/ZQL/TIP_TMO_result/tradition/Shibata/a3636.png,341,512,0.76815780817269,0.8162949180632528,0.026081369149653588,0.38567104696143295,0.7713420939228643,1.4994113679487015e-15,0.12111752480268478
a3641,/mnt/data_disk/HDRData/1000hdr/HDRtest/a3641-_DSC4628.exr,/mnt/data_disk/ZQL/TIP_TMO_result/tradition/Shibata/a3641.png,341,512,0.9404423601664977,0.8224010846850175,0.9073878280835557,0.45536177511123166,0.8932383008082261,0.017485249414237205,0.30627644062042236
a3644,/mnt/data_disk/HDRData/1000hdr/HDRtest/a3644-jmac_MG_5959.exr,/mnt/data_disk/ZQL/TIP_TMO_result/tradition/Shibata/a3644.png,341,512,0.947368608958064,0.8015300260415086,0.9970243523968775,0.4435370926332595,0.8860551746137784,0.0010190106527407118,0.23950296640396118
a3649,/mnt/data_disk/HDRData/1000hdr/HDRtest/a3649-WP_CRW_0691.exr,/mnt/data_disk/ZQL/TIP_TMO_result/tradition/Shibata/a3649.png,341,512,0.8585307978511704,0.9286522582869098,0.2536831379754697,0.5265870678230657,0.9195520059454864,0.13362212970064521,0.0795929878950119
a3654,/mnt/data_disk/HDRData/1000hdr/HDRtest/a3654-IMG_0777.exr,/mnt/data_disk/ZQL/TIP_TMO_result/tradition/Shibata/a3654.png,341,512,0.8835724389764479,0.8820366853883687,0.44746069555370604,0.7025236319482135,0.886071017056288,0.5189762468401391,0.1686398684978485
a3658,/mnt/data_disk/HDRData/1000hdr/HDRtest/a3658-jmac_MG_0418.exr,/mnt/data_disk/ZQL/TIP_TMO_result/tradition/Shibata/a3658.png,341,512,0.8883286799931438,0.8898768762229767,0.4625529864757701,0.4430358806305308,0.8733296785344237,0.012742082726637956,0.1328190565109253
a3670,/mnt/data_disk/HDRData/1000hdr/HDRtest/a3670-jmac_MG_5917.exr,/mnt/data_disk/ZQL/TIP_TMO_result/tradition/Shibata/a3670.png,341,512,0.9643843310283015,0.9046926070082348,0.9190833023157969,0.5618972487920159,0.8345248393939101,0.28926965819012157,0.12114880234003067
a3673,/mnt/data_disk/HDRData/1000hdr/HDRtest/a3673-_DSC1109.exr,/mnt/data_disk/ZQL/TIP_TMO_result/tradition/Shibata/a3673.png,341,512,0.889961525640419,0.8128740036750298,0.5960256615387318,0.4429877313851074,0.8724355265566075,0.013539936213607323,0.35897186398506165
a3677,/mnt/data_disk/HDRData/1000hdr/HDRtest/a3677-IMG_4696.exr,/mnt/data_disk/ZQL/TIP_TMO_result/tradition/Shibata/a3677.png,341,512,0.9567495693636899,0.8404716303263174,0.9862577041996273,0.821976759919951,0.866573702483625,0.7773798173562771,0.18541300296783447
a3686,/mnt/data_disk/HDRData/1000hdr/HDRtest/a3686-jmac_MG_0353.exr,/mnt/data_disk/ZQL/TIP_TMO_result/tradition/Shibata/a3686.png,341,512,0.9558734390067789,0.8308613684387968,0.9988701731319273,0.4843952712117207,0.8807632371878713,0.08802730523557008,0.31648164987564087
a3688,/mnt/data_disk/HDRData/1000hdr/HDRtest/a3688-jmac_MG_1424.exr,/mnt/data_disk/ZQL/TIP_TMO_result/tradition/Shibata/a3688.png,341,512,0.9288600620025271,0.9124195842698283,0.6703006061000988,0.6200367204068515,0.933228799571301,0.3068446412424021,0.19283230602741241
a3689,/mnt/data_disk/HDRData/1000hdr/HDRtest/a3689-JI2E3798.exr,/mnt/data_disk/ZQL/TIP_TMO_result/tradition/Shibata/a3689.png,341,512,0.8384112161997022,0.6592888137931247,0.5653291965114106,0.4267364397848793,0.8327188279804394,0.020754051589319214,0.12438365072011948
a3696,/mnt/data_disk/HDRData/1000hdr/HDRtest/a3696-jmac_DSC1242.exr,/mnt/data_disk/ZQL/TIP_TMO_result/tradition/Shibata/a3696.png,343,512,0.9051624273734057,0.8808481011973246,0.5752178411814186,0.9478825564790481,0.9103104366514067,0.9854546763066896,0.16680005192756653
a3697,/mnt/data_disk/HDRData/1000hdr/HDRtest/a3697-07-11-24-at-16h05m35s-_MG_6729.exr,/mnt/data_disk/ZQL/TIP_TMO_result/tradition/Shibata/a3697.png,341,512,0.908323679835691,0.8371845317065268,0.6679110933674882,0.43857361221882585,0.8496057165846782,0.027541507852973525,0.18258903920650482
a3700,/mnt/data_disk/HDRData/1000hdr/HDRtest/a3700-tc_DSC1892.exr,/mnt/data_disk/ZQL/TIP_TMO_result/tradition/Shibata/a3700.png,340,512,0.9101609259092573,0.8327395303889873,0.6873446358473557,0.42678293865696665,0.8534971334535731,6.874386036013199e-05,0.15386039018630981
a3706,/mnt/data_disk/HDRData/1000hdr/HDRtest/a3706-dgw_065.exr,/mnt/data_disk/ZQL/TIP_TMO_result/tradition/Shibata/a3706.png,341,512,0.9310387773904285,0.778251454235535,0.929387991705034,0.43873070228620537,0.8534348945475624,0.024026510024848315,0.3306605815887451
a3707,/mnt/data_disk/HDRData/1000hdr/HDRtest/a3707-NKIM_121.exr,/mnt/data_disk/ZQL/TIP_TMO_result/tradition/Shibata/a3707.png,341,512,0.7524957399342913,0.37536799163773915,0.7234447851038779,0.24008553259628237,0.48017106519152886,1.0359141096052513e-12,0.24655692279338837
a3710,/mnt/data_disk/HDRData/1000hdr/HDRtest/a3710-07-11-20-at-16h52m05s-_MG_5742.exr,/mnt/data_disk/ZQL/TIP_TMO_result/tradition/Shibata/a3710.png,341,512,0.8422974982089145,0.828538313521645,0.3051438845961269,0.45276439453914846,0.8022777205309842,0.10325106854731267,0.09930850565433502
a3712,/mnt/data_disk/HDRData/1000hdr/HDRtest/a3712-IMG_4852.exr,/mnt/data_disk/ZQL/TIP_TMO_result/tradition/Shibata/a3712.png,341,512,0.8479826158515897,0.8665165201577375,0.2817351774057361,0.405330843711619,0.8106615245741974,1.6284904054305608e-07,0.13869208097457886
a3715,/mnt/data_disk/HDRData/1000hdr/HDRtest/a3715-_MG_7773.exr,/mnt/data_disk/ZQL/TIP_TMO_result/tradition/Shibata/a3715.png,341,512,0.7879424792259527,0.6161010787890366,0.3614383978125461,0.24609624495711238,0.49219248991407055,1.5422919491316832e-13,0.27556300163269043
a3716,/mnt/data_disk/HDRData/1000hdr/HDRtest/a3716-IMG_0301.exr,/mnt/data_disk/ZQL/TIP_TMO_result/tradition/Shibata/a3716.png,341,512,0.8239264474006092,0.6753407509952642,0.4507819961671646,0.28354108707686176,0.5670820339996773,1.4015404626668018e-07,0.13593246042728424
a3719,/mnt/data_disk/HDRData/1000hdr/HDRtest/a3719-07-11-29-at-15h43m28s-_MG_8075.exr,/mnt/data_disk/ZQL/TIP_TMO_result/tradition/Shibata/a3719.png,341,512,0.9217474874657621,0.8693361943168091,0.6975103002186935,0.44757504533333203,0.8951498722251,2.1844156407697314e-07,0.3466172218322754
a3720,/mnt/data_disk/HDRData/1000hdr/HDRtest/a3720-jmac_MG_0851.exr,/mnt/data_disk/ZQL/TIP_TMO_result/tradition/Shibata/a3720.png,341,512,0.863431685808777,0.8923111688049461,0.3246635858267669,0.47477296328333984,0.8885261507171089,0.06101977584957074,0.1863294541835785
a3721,/mnt/data_disk/HDRData/1000hdr/HDRtest/a3721-KE_-01.exr,/mnt/data_disk/ZQL/TIP_TMO_result/tradition/Shibata/a3721.png,340,512,0.9494406058576195,0.808175619368315,0.9983425386608883,0.5038874752143566,0.8512849501107322,0.15649000031798108,0.2412392497062683
a3724,/mnt/data_disk/HDRData/1000hdr/HDRtest/a3724-20060101_092918__E6B0305.exr,/mnt/data_disk/ZQL/TIP_TMO_result/tradition/Shibata/a3724.png,341,512,0.938151342588839,0.8875512043600413,0.7723647524636891,0.7068634922632894,0.9272263152118008,0.486500669314778,0.27727556228637695
a3727,/mnt/data_disk/HDRData/1000hdr/HDRtest/a3727-2004-01-18 11-49-42 CRW_2889.exr,/mnt/data_disk/ZQL/TIP_TMO_result/tradition/Shibata/a3727.png,341,512,0.874760921315854,0.9402361778592672,0.3190440797211029,0.35105816704499915,0.689874860607953,0.012241473482045328,0.15697292983531952
a3729,/mnt/data_disk/HDRData/1000hdr/HDRtest/a3729-07-11-24-at-21h39m19s-_MG_6853.exr,/mnt/data_disk/ZQL/TIP_TMO_result/tradition/Shibata/a3729.png,341,512,0.8132717860969206,0.6560821738261771,0.42612585440548956,0.25281589590282827,0.5056317864282983,5.377358180930219e-09,0.17749379575252533
a3730,/mnt/data_disk/HDRData/1000hdr/HDRtest/a3730-IMG_0113.exr,/mnt/data_disk/ZQL/TIP_TMO_result/tradition/Shibata/a3730.png,341,512,0.8972786986932714,0.8013577290778553,0.6616060172085803,0.5324736988886012,0.8195778877842166,0.24536950999298573,0.2612210214138031
a3732,/mnt/data_disk/HDRData/1000hdr/HDRtest/a3732-_DGW6272.exr,/mnt/data_disk/ZQL/TIP_TMO_result/tradition/Shibata/a3732.png,341,512,0.8357216892921546,0.9277049648984291,0.15334196053851812,0.47420496697679676,0.9483850740361787,2.4859917414826975e-05,0.11836667358875275
a3733,/mnt/data_disk/HDRData/1000hdr/HDRtest/a3733-WP_CRW_4827.exr,/mnt/data_disk/ZQL/TIP_TMO_result/tradition/Shibata/a3733.png,341,512,0.9027380217395538,0.806071202732176,0.6876795229569844,0.544911757657451,0.7991048457947205,0.2907186695201816,0.17845213413238525
a3735,/mnt/data_disk/HDRData/1000hdr/HDRtest/a3735-_MG_7825.exr,/mnt/data_disk/ZQL/TIP_TMO_result/tradition/Shibata/a3735.png,341,512,0.9029079222502421,0.8001563609944029,0.6994889419117497,0.4331162592348242,0.8654072745149569,0.0008252439546915522,0.23220202326774597
a3737,/mnt/data_disk/HDRData/1000hdr/HDRtest/a3737-dgw_022.exr,/mnt/data_disk/ZQL/TIP_TMO_result/tradition/Shibata/a3737.png,341,512,0.8783147014010577,0.7899324926974219,0.5650377936449466,0.39458370168382934,0.7891269390392992,4.0464328359514123e-05,0.21862240135669708
a3739,/mnt/data_disk/HDRData/1000hdr/HDRtest/a3739-KE_-0068.exr,/mnt/data_disk/ZQL/TIP_TMO_result/tradition/Shibata/a3739.png,340,512,0.8606425530576608,0.8375797450704889,0.3876217611045326,0.9467161345148705,0.9235123073749147,0.9699199616548263,0.1214366927742958
a3740,/mnt/data_disk/HDRData/1000hdr/HDRtest/a3740-_DSC1411.exr,/mnt/data_disk/ZQL/TIP_TMO_result/tradition/Shibata/a3740.png,341,512,0.8408637376446273,0.7707895231796743,0.3832918240693324,0.3010243321040278,0.6020486626294635,1.5785920342202244e-09,0.16485260426998138
a3742,/mnt/data_disk/HDRData/1000hdr/HDRtest/a3742-IMG_0206.exr,/mnt/data_disk/ZQL/TIP_TMO_result/tradition/Shibata/a3742.png,341,512,0.8872851104390335,0.6695047070704073,0.8573488431211993,0.3982623002349088,0.7964561406539904,6.845981582715712e-05,0.2947441041469574
a3743,/mnt/data_disk/HDRData/1000hdr/HDRtest/a3743-DSC_0038.exr,/mnt/data_disk/ZQL/TIP_TMO_result/tradition/Shibata/a3743.png,340,512,0.8932842610449112,0.889089128506298,0.49209926462898185,0.43837488514235534,0.7026405846142216,0.174109185670489,0.12126465886831284
a3744,/mnt/data_disk/HDRData/1000hdr/HDRtest/a3744-NKIM_MG_6757.exr,/mnt/data_disk/ZQL/TIP_TMO_result/tradition/Shibata/a3744.png,341,512,0.8620689692316617,0.6775836523587107,0.6748748617478517,0.3586381007884026,0.7172762015767653,3.9864531423699254e-14,0.2332485020160675
a3749,/mnt/data_disk/HDRData/1000hdr/HDRtest/a3749-IMG_4592.exr,/mnt/data_disk/ZQL/TIP_TMO_result/tradition/Shibata/a3749.png,341,512,0.8706183188317268,0.6761951189222354,0.7324873219711315,0.4126488731403413,0.8252923694340841,5.376846598551274e-06,0.24547824263572693
a3750,/mnt/data_disk/HDRData/1000hdr/HDRtest/a3750-IMG_4253.exr,/mnt/data_disk/ZQL/TIP_TMO_result/tradition/Shibata/a3750.png,341,512,0.8188727951619259,0.671419521216512,0.42958162091664986,0.3434123340482445,0.6868246676178922,4.785967910134642e-10,0.23229418694972992
a3753,/mnt/data_disk/HDRData/1000hdr/HDRtest/a3753-dgw_073.exr,/mnt/data_disk/ZQL/TIP_TMO_result/tradition/Shibata/a3753.png,341,512,0.783161117254325,0.7713266722651563,0.1148754192746224,0.7132871329794384,0.8618250065625219,0.5647492593963547,0.4293632209300995
a3754,/mnt/data_disk/HDRData/1000hdr/HDRtest/a3754-050731_151704__I2E5362.exr,/mnt/data_disk/ZQL/TIP_TMO_result/tradition/Shibata/a3754.png,341,512,0.8877306027636903,0.8952912139158515,0.4510963047017542,0.597867443282001,0.828295250211519,0.3674396363524832,0.14383462071418762
a3756,/mnt/data_disk/HDRData/1000hdr/HDRtest/a3756-jmac_MG_5949.exr,/mnt/data_disk/ZQL/TIP_TMO_result/tradition/Shibata/a3756.png,341,512,0.937612856727535,0.8476076928716514,0.8404999529327903,0.707152140727723,0.8464404651344815,0.5678638163209646,0.14221954345703125
a3760,/mnt/data_disk/HDRData/1000hdr/HDRtest/a3760-IMG_2504.exr,/mnt/data_disk/ZQL/TIP_TMO_result/tradition/Shibata/a3760.png,341,512,0.8566834908714616,0.9518209849494474,0.21759540591448923,0.46448064566026964,0.9284379522036693,0.0005233391168699979,0.09420257061719894
a3764,/mnt/data_disk/HDRData/1000hdr/HDRtest/a3764-20060618_093109__MG_8792.exr,/mnt/data_disk/ZQL/TIP_TMO_result/tradition/Shibata/a3764.png,341,512,0.8537959432880194,0.8718239151493653,0.30349317092222583,0.4471490034647234,0.8895287692327812,0.004769237696665585,0.17915360629558563
a3766,/mnt/data_disk/HDRData/1000hdr/HDRtest/a3766-20041219_194831__E6B5558.exr,/mnt/data_disk/ZQL/TIP_TMO_result/tradition/Shibata/a3766.png,341,512,0.5414256963396155,0.1498895055648774,0.33708235055436886,0.12331306148271023,0.24662612296542047,1.8356672498807438e-23,0.1473439633846283
a3769,/mnt/data_disk/HDRData/1000hdr/HDRtest/a3769-IMG_3943.exr,/mnt/data_disk/ZQL/TIP_TMO_result/tradition/Shibata/a3769.png,341,512,0.8914190387894619,0.8745221675898492,0.5037701280205668,0.4488356702811526,0.8910619771091753,0.006609363453129857,0.12287523597478867
a3771,/mnt/data_disk/HDRData/1000hdr/HDRtest/a3771-07-06-01-at-13h03m06-s_MG_1256.exr,/mnt/data_disk/ZQL/TIP_TMO_result/tradition/Shibata/a3771.png,341,512,0.9284803093375404,0.7778881327399327,0.9123932655379973,0.5413522774185131,0.8686266252284874,0.21407792960853875,0.26713827252388
a3772,/mnt/data_disk/HDRData/1000hdr/HDRtest/a3772-dgw_123.exr,/mnt/data_disk/ZQL/TIP_TMO_result/tradition/Shibata/a3772.png,341,512,0.9542128578521578,0.8570212282232637,0.9367016741794841,0.4411129136584503,0.881106552102679,0.0011192752142215859,0.24218955636024475
a3774,/mnt/data_disk/HDRData/1000hdr/HDRtest/a3774-_DSC0017.exr,/mnt/data_disk/ZQL/TIP_TMO_result/tradition/Shibata/a3774.png,340,512,0.9510208259621122,0.833644552957513,0.9592020713353675,0.645585959106406,0.8258009422322647,0.4653709759805474,0.17406445741653442
a3778,/mnt/data_disk/HDRData/1000hdr/HDRtest/a3778-IMG_4838.exr,/mnt/data_disk/ZQL/TIP_TMO_result/tradition/Shibata/a3778.png,341,512,0.9265862152979147,0.7731905457688962,0.9087608244466735,0.6415504964953166,0.7729226663387364,0.5101783266518968,0.2975257337093353
a3780,/mnt/data_disk/HDRData/1000hdr/HDRtest/a3780-JI2E3902.exr,/mnt/data_disk/ZQL/TIP_TMO_result/tradition/Shibata/a3780.png,341,512,0.8863826808342438,0.8777424219296861,0.4698322858236601,0.6707870073280016,0.920217530185195,0.4213564844708082,0.1459411084651947
a3781,/mnt/data_disk/HDRData/1000hdr/HDRtest/a3781-2004-06-24 06-45-08 CRW_2040.exr,/mnt/data_disk/ZQL/TIP_TMO_result/tradition/Shibata/a3781.png,341,512,0.9012525823683204,0.8695934051410312,0.569809788459908,0.455104184966289,0.9099625248942972,0.0002458450382808694,0.10385917127132416
a3783,/mnt/data_disk/HDRData/1000hdr/HDRtest/a3783-KE_-0052.exr,/mnt/data_disk/ZQL/TIP_TMO_result/tradition/Shibata/a3783.png,340,512,0.8727171346753745,0.7588596135830413,0.5859542155190667,0.427635642664169,0.8552220678296412,4.921749869678165e-05,0.15847080945968628
a3786,/mnt/data_disk/HDRData/1000hdr/HDRtest/a3786-_I2E8191.exr,/mnt/data_disk/ZQL/TIP_TMO_result/tradition/Shibata/a3786.png,341,512,0.8815791587063913,0.8721789638403444,0.4510706595549075,0.4299115613825753,0.8575890690879614,0.0022340536771891695,0.191041499376297
a3796,/mnt/data_disk/HDRData/1000hdr/HDRtest/a3796-NKIM_MG_7319.exr,/mnt/data_disk/ZQL/TIP_TMO_result/tradition/Shibata/a3796.png,341,512,0.9352988024917198,0.8457007454135613,0.8284383750341224,0.4786758350249142,0.822680402302512,0.1346712677473163,0.27156174182891846
a3798,/mnt/data_disk/HDRData/1000hdr/HDRtest/a3798-IMG_2539.exr,/mnt/data_disk/ZQL/TIP_TMO_result/tradition/Shibata/a3798.png,341,512,0.9495770056331674,0.8491340661343155,0.9194377529646842,0.8369241709945408,0.8788087132367182,0.7950396287523634,0.21851441264152527
a3800,/mnt/data_disk/HDRData/1000hdr/HDRtest/a3800-dgw_090.exr,/mnt/data_disk/ZQL/TIP_TMO_result/tradition/Shibata/a3800.png,341,512,0.921221379563324,0.7796247208468091,0.859213996341689,0.3869821699787305,0.7739582519495408,6.0880079200895804e-06,0.1936066895723343
a3804,/mnt/data_disk/HDRData/1000hdr/HDRtest/a3804-_DSC3608.exr,/mnt/data_disk/ZQL/TIP_TMO_result/tradition/Shibata/a3804.png,343,512,0.8613074479793853,0.6897932800374051,0.6456758617298168,0.4088497737329126,0.8176995358107508,1.1655074307211999e-08,0.11357282102108002
a3816,/mnt/data_disk/HDRData/1000hdr/HDRtest/a3816-jmac_DSC3118.exr,/mnt/data_disk/ZQL/TIP_TMO_result/tradition/Shibata/a3816.png,340,512,0.9324223257487297,0.8926838601602739,0.7261265327843004,0.5870250476337081,0.9366558601831488,0.2373942350842673,0.17245487868785858
a3820,/mnt/data_disk/HDRData/1000hdr/HDRtest/a3820-dgw_025.exr,/mnt/data_disk/ZQL/TIP_TMO_result/tradition/Shibata/a3820.png,341,512,0.6581109392234523,0.49735336762790944,0.015679943928830552,0.37106933094158245,0.7421386607990241,1.0841407343227258e-09,0.10335861891508102
a3822,/mnt/data_disk/HDRData/1000hdr/HDRtest/a3822-07-11-21-at-09h53m21s-_MG_5852.exr,/mnt/data_disk/ZQL/TIP_TMO_result/tradition/Shibata/a3822.png,341,512,0.9588345398743061,0.8804321040374414,0.9250305250577592,0.44261018165265054,0.8847647670293468,0.0004555962759542867,0.16300123929977417
a3827,/mnt/data_disk/HDRData/1000hdr/HDRtest/a3827-JI2E3823.exr,/mnt/data_disk/ZQL/TIP_TMO_result/tradition/Shibata/a3827.png,341,512,0.8498390595060765,0.7236998280596653,0.5125978948402264,0.48183520206339675,0.8350132947583084,0.1286571093684851,0.14042448997497559
a3830,/mnt/data_disk/HDRData/1000hdr/HDRtest/a3830-LS_060715_8670.exr,/mnt/data_disk/ZQL/TIP_TMO_result/tradition/Shibata/a3830.png,341,512,0.871791639760124,0.6940559088678687,0.703510248555698,0.41798641567982825,0.8359726483235195,1.8303613700330697e-07,0.2398299276828766
a3832,/mnt/data_disk/HDRData/1000hdr/HDRtest/a3832-20060613_091536__MG_7749.exr,/mnt/data_disk/ZQL/TIP_TMO_result/tradition/Shibata/a3832.png,341,512,0.9462687553139632,0.8576688513716749,0.880664000485701,0.7620580315561054,0.8453983188475414,0.6787177442646695,0.22358191013336182
a3833,/mnt/data_disk/HDRData/1000hdr/HDRtest/a3833-_DSC0003-2.exr,/mnt/data_disk/ZQL/TIP_TMO_result/tradition/Shibata/a3833.png,340,512,0.8694858863225109,0.8809002218353736,0.3720616444304696,0.4682375789933334,0.9344479288875177,0.002027229099149138,0.11557760089635849
a3834,/mnt/data_disk/HDRData/1000hdr/HDRtest/a3834-IMG_0007.exr,/mnt/data_disk/ZQL/TIP_TMO_result/tradition/Shibata/a3834.png,341,512,0.8345875948173426,0.6898443838265493,0.48516842653549935,0.4220132470173212,0.8404470126568345,0.0035794813778078616,0.2446163296699524
a3846,/mnt/data_disk/HDRData/1000hdr/HDRtest/a3846-IMG_3087.exr,/mnt/data_disk/ZQL/TIP_TMO_result/tradition/Shibata/a3846.png,341,512,0.9253333571140411,0.8721564066795352,0.7156496594406828,0.426113377202053,0.8521448695813533,8.188482275269456e-05,0.1375124752521515
a3847,/mnt/data_disk/HDRData/1000hdr/HDRtest/a3847-NKIM_MG_6113.exr,/mnt/data_disk/ZQL/TIP_TMO_result/tradition/Shibata/a3847.png,341,512,0.8164670145856581,0.4425114651380091,0.948260918681042,0.34371921344138623,0.6874384267324983,1.502741121168641e-10,0.2343854010105133
a3848,/mnt/data_disk/HDRData/1000hdr/HDRtest/a3848-DSC_0024.exr,/mnt/data_disk/ZQL/TIP_TMO_result/tradition/Shibata/a3848.png,340,512,0.9461121679539113,0.8949726669008352,0.8121432877773455,0.5246029999525627,0.8649372547302243,0.18426874517490094,0.09496201574802399
a3851,/mnt/data_disk/HDRData/1000hdr/HDRtest/a3851-IMG_3430.exr,/mnt/data_disk/ZQL/TIP_TMO_result/tradition/Shibata/a3851.png,341,512,0.797732517532068,0.8408719266304235,0.09589536800660114,0.36150684183615694,0.7230136639008599,1.9771454078738513e-08,0.10931582003831863
a3862,/mnt/data_disk/HDRData/1000hdr/HDRtest/a3862-JI2E0423.exr,/mnt/data_disk/ZQL/TIP_TMO_result/tradition/Shibata/a3862.png,341,512,0.9078492861663079,0.8630759830711524,0.6207797232900563,0.4174794913558067,0.8322362790035355,0.002722703708077931,0.11505594104528427
a3863,/mnt/data_disk/HDRData/1000hdr/HDRtest/a3863-IMG_1159.exr,/mnt/data_disk/ZQL/TIP_TMO_result/tradition/Shibata/a3863.png,341,512,0.8972758844513312,0.7648438279239721,0.7290180781278022,0.4265699639310088,0.8531340743089398,5.853553077755025e-06,0.2182001918554306
a3864,/mnt/data_disk/HDRData/1000hdr/HDRtest/a3864-_DSC1992.exr,/mnt/data_disk/ZQL/TIP_TMO_result/tradition/Shibata/a3864.png,341,512,0.7458012766874321,0.5464379323920079,0.27348610301409165,0.5847995528496823,0.6826051552085167,0.48699395049084804,0.12211756408214569
a3872,/mnt/data_disk/HDRData/1000hdr/HDRtest/a3872-IMG_4058.exr,/mnt/data_disk/ZQL/TIP_TMO_result/tradition/Shibata/a3872.png,341,512,0.9413971108566297,0.8183613357106759,0.9218128377923224,0.472417866955271,0.8608075153001806,0.08402821861036137,0.2302367240190506
a3877,/mnt/data_disk/HDRData/1000hdr/HDRtest/a3877-KE_-0019.exr,/mnt/data_disk/ZQL/TIP_TMO_result/tradition/Shibata/a3877.png,340,512,0.7907791057752422,0.783805135337368,0.13023901501265114,0.3744639723644641,0.7489279445537603,1.7516786851557626e-10,0.1882806122303009
a3879,/mnt/data_disk/HDRData/1000hdr/HDRtest/a3879-IMG_0091.exr,/mnt/data_disk/ZQL/TIP_TMO_result/tradition/Shibata/a3879.png,341,512,0.9412937552887932,0.8079710512508372,0.941448981172954,0.4675568155633059,0.9046079412509976,0.030505689875614212,0.2125435173511505
a3890,/mnt/data_disk/HDRData/1000hdr/HDRtest/a3890-IMG_4308.exr,/mnt/data_disk/ZQL/TIP_TMO_result/tradition/Shibata/a3890.png,341,512,0.896973840295787,0.7418573654486811,0.7716338058957841,0.4020943051448725,0.8041886038704537,6.419291359869518e-09,0.16448891162872314
a3893,/mnt/data_disk/HDRData/1000hdr/HDRtest/a3893-_DGW6301.exr,/mnt/data_disk/ZQL/TIP_TMO_result/tradition/Shibata/a3893.png,341,512,0.8474558169766437,0.6948716488512247,0.5512798631175078,0.3529886815867273,0.7059773615774441,1.596010519515694e-09,0.292295902967453
a3899,/mnt/data_disk/HDRData/1000hdr/HDRtest/a3899-jmac_DSC2259.exr,/mnt/data_disk/ZQL/TIP_TMO_result/tradition/Shibata/a3899.png,340,512,0.9684615855508103,0.8945049019751374,0.9661910572342458,0.4648417831456701,0.9005385934671583,0.029144972824181947,0.14546237885951996
a3900,/mnt/data_disk/HDRData/1000hdr/HDRtest/a3900-jmac_DSC5843.exr,/mnt/data_disk/ZQL/TIP_TMO_result/tradition/Shibata/a3900.png,340,512,0.898436344315289,0.9423369927452264,0.44282535442541227,0.44144098452309977,0.8509629193601261,0.031919049686073425,0.15630891919136047
a3902,/mnt/data_disk/HDRData/1000hdr/HDRtest/a3902-jmac_DSC3970.exr,/mnt/data_disk/ZQL/TIP_TMO_result/tradition/Shibata/a3902.png,340,512,0.8903012573977742,0.7948420011891741,0.6296354730279076,0.42570657298636194,0.8441381081952665,0.007275037777457422,0.10398692637681961
a3903,/mnt/data_disk/HDRData/1000hdr/HDRtest/a3903-IMG_2386.exr,/mnt/data_disk/ZQL/TIP_TMO_result/tradition/Shibata/a3903.png,341,512,0.7856571389891256,0.8362636552480037,0.059579741246792155,0.44762800534094316,0.895255781150029,2.2953185734997978e-07,0.10926451534032822
a3906,/mnt/data_disk/HDRData/1000hdr/HDRtest/a3906-LS051025_day_3_LL003.exr,/mnt/data_disk/ZQL/TIP_TMO_result/tradition/Shibata/a3906.png,341,512,0.903121538241857,0.8015806075477988,0.6982613333721387,0.4113662540011964,0.8134549235545527,0.009277584447840102,0.20292975008487701
a3911,/mnt/data_disk/HDRData/1000hdr/HDRtest/a3911-07-07-01-at-10h50m55s-_MG_2028.exr,/mnt/data_disk/ZQL/TIP_TMO_result/tradition/Shibata/a3911.png,341,512,0.8874804465829569,0.6670329927673515,0.8640994860337887,0.3912290195470425,0.7824580357425291,3.3515557786220724e-09,0.21737949550151825
a3913,/mnt/data_disk/HDRData/1000hdr/HDRtest/a3913-IMG_0289.exr,/mnt/data_disk/ZQL/TIP_TMO_result/tradition/Shibata/a3913.png,341,512,0.7559205257080563,0.5305494746514332,0.3548705190921483,0.31835463741319303,0.6367088734622766,4.013641095499492e-07,0.1247490867972374
a3914,/mnt/data_disk/HDRData/1000hdr/HDRtest/a3914-DSC_0002-1.exr,/mnt/data_disk/ZQL/TIP_TMO_result/tradition/Shibata/a3914.png,340,512,0.8742394138772351,0.8432423178088083,0.4539888722171073,0.565169461479784,0.8401340235442977,0.29020489941527033,0.1567523032426834
a3919,/mnt/data_disk/HDRData/1000hdr/HDRtest/a3919-KE_-1608.exr,/mnt/data_disk/ZQL/TIP_TMO_result/tradition/Shibata/a3919.png,340,512,0.8324670350588314,0.7118761042891052,0.43421363370542077,0.3961716913584028,0.792291413746354,5.1968970451535146e-05,0.17439121007919312
a3923,/mnt/data_disk/HDRData/1000hdr/HDRtest/a3923-_DSC0095.exr,/mnt/data_disk/ZQL/TIP_TMO_result/tradition/Shibata/a3923.png,340,512,0.9329555423195006,0.8473076598110357,0.8097990493259593,0.8920285440584622,0.7954978735595872,0.9885592145573372,0.13426145911216736
a3924,/mnt/data_disk/HDRData/1000hdr/HDRtest/a3924-_DSC6358.exr,/mnt/data_disk/ZQL/TIP_TMO_result/tradition/Shibata/a3924.png,341,512,0.6770707413005962,0.46393739788880567,0.11527297573542312,0.2643109340193602,0.5286218680387204,3.483238679869874e-27,0.2553844153881073
a3926,/mnt/data_disk/HDRData/1000hdr/HDRtest/a3926-dgw_077.exr,/mnt/data_disk/ZQL/TIP_TMO_result/tradition/Shibata/a3926.png,341,512,0.8291104038559923,0.5916152729545319,0.6487685725428702,0.3362876832754129,0.6725753665502402,5.85669980545507e-13,0.20750692486763
a3927,/mnt/data_disk/HDRData/1000hdr/HDRtest/a3927-IMG_6048.exr,/mnt/data_disk/ZQL/TIP_TMO_result/tradition/Shibata/a3927.png,341,512,0.9040605680385129,0.7594269135710419,0.7838514386440146,0.4292041704446558,0.8326688816071639,0.02573945928214771,0.2153337597846985
a3930,/mnt/data_disk/HDRData/1000hdr/HDRtest/a3930-IMG_5083.exr,/mnt/data_disk/ZQL/TIP_TMO_result/tradition/Shibata/a3930.png,341,512,0.8996459346930734,0.8367552508469288,0.6145472446857541,0.4175490530204815,0.834701965230328,0.00039614081063496065,0.2194393128156662
a3931,/mnt/data_disk/HDRData/1000hdr/HDRtest/a3931-_DGW6259.exr,/mnt/data_disk/ZQL/TIP_TMO_result/tradition/Shibata/a3931.png,341,512,0.6885934309554319,0.3307661603002428,0.4710986779104785,0.2516431977420163,0.5032863954840326,5.147864562870803e-17,0.33822131156921387
a3940,/mnt/data_disk/HDRData/1000hdr/HDRtest/a3940-20050602_180025__MG_2820.exr,/mnt/data_disk/ZQL/TIP_TMO_result/tradition/Shibata/a3940.png,341,512,0.8075996025851399,0.9006141875798318,0.07447601240185948,0.46761608684911166,0.9352321086616279,6.503659545769558e-08,0.14558808505535126
a3943,/mnt/data_disk/HDRData/1000hdr/HDRtest/a3943-_DSC0054.exr,/mnt/data_disk/ZQL/TIP_TMO_result/tradition/Shibata/a3943.png,340,512,0.9338931623991055,0.8236257174853853,0.860211169002393,0.4458839799990281,0.8780483931178531,0.013719566880203116,0.13981518149375916
a3947,/mnt/data_disk/HDRData/1000hdr/HDRtest/a3947-jmac_MG_1444.exr,/mnt/data_disk/ZQL/TIP_TMO_result/tradition/Shibata/a3947.png,341,512,0.8347631370266988,0.860811433821415,0.22617565175610427,0.614135903468888,0.86895468219421,0.35931712474356614,0.13656195998191833
a3948,/mnt/data_disk/HDRData/1000hdr/HDRtest/a3948-_DSC0045.exr,/mnt/data_disk/ZQL/TIP_TMO_result/tradition/Shibata/a3948.png,340,512,0.8678014586790415,0.6667910505388399,0.7338521836245004,0.41051505396317056,0.8206279659745191,0.0004021419518220017,0.20423440635204315
a3954,/mnt/data_disk/HDRData/1000hdr/HDRtest/a3954-_MG_0841.exr,/mnt/data_disk/ZQL/TIP_TMO_result/tradition/Shibata/a3954.png,341,512,0.9728153078416331,0.9234508945752834,0.9438154858800013,0.937151751552522,0.8910226993099681,0.9832808037950758,0.23012800514698029
a3958,/mnt/data_disk/HDRData/1000hdr/HDRtest/a3958-_DSC3890.exr,/mnt/data_disk/ZQL/TIP_TMO_result/tradition/Shibata/a3958.png,341,512,0.8720418382408923,0.9336359022470987,0.31379701782995956,0.4781349995929239,0.9474871362965027,0.008782862889345046,0.09419997781515121
a3961,/mnt/data_disk/HDRData/1000hdr/HDRtest/a3961-_DSC0049.exr,/mnt/data_disk/ZQL/TIP_TMO_result/tradition/Shibata/a3961.png,340,512,0.8135192174463637,0.800171241861094,0.20618774306960685,0.3714556360272644,0.6408675616555722,0.10204371039895657,0.10730640590190887
a3963,/mnt/data_disk/HDRData/1000hdr/HDRtest/a3963-jmac_DSC3835.exr,/mnt/data_disk/ZQL/TIP_TMO_result/tradition/Shibata/a3963.png,340,512,0.8714662500530398,0.8270818977960542,0.4635878068009086,0.902268059508073,0.8996206780114135,0.9049154410047323,0.1868785172700882
a3964,/mnt/data_disk/HDRData/1000hdr/HDRtest/a3964-NKIM_MG_6716.exr,/mnt/data_disk/ZQL/TIP_TMO_result/tradition/Shibata/a3964.png,341,512,0.7830083520438619,0.5501001436487173,0.46286758362915303,0.26919983043912277,0.5383996608782455,1.2956515185150041e-19,0.21849790215492249
a3970,/mnt/data_disk/HDRData/1000hdr/HDRtest/a3970-WP_Amanda_3rd_bday014.exr,/mnt/data_disk/ZQL/TIP_TMO_result/tradition/Shibata/a3970.png,341,512,0.912569483960022,0.7532453281371085,0.8530717047354492,0.38887382924968855,0.7777476584989556,4.2153181355661197e-13,0.10130593925714493
a3973,/mnt/data_disk/HDRData/1000hdr/HDRtest/a3973-DSC_0068-2.exr,/mnt/data_disk/ZQL/TIP_TMO_result/tradition/Shibata/a3973.png,340,512,0.9384682301009466,0.877773576707086,0.7916515500453786,0.8153259556674517,0.8172797963848528,0.8133721149500505,0.09965711086988449
a3975,/mnt/data_disk/HDRData/1000hdr/HDRtest/a3975-jmac_MG_5721.exr,/mnt/data_disk/ZQL/TIP_TMO_result/tradition/Shibata/a3975.png,341,512,0.9657670527477528,0.8922507035499456,0.9514724942032926,0.48792813534935325,0.9041781384032935,0.07167813229541298,0.1417413055896759
a3976,/mnt/data_disk/HDRData/1000hdr/HDRtest/a3976-Ja_Pe-10.exr,/mnt/data_disk/ZQL/TIP_TMO_result/tradition/Shibata/a3976.png,288,512,0.9542901164909019,0.8787165992839402,0.8968060980124105,0.48619882285191923,0.8931434840551774,0.07925416164866107,0.17027899622917175
a3991,/mnt/data_disk/HDRData/1000hdr/HDRtest/a3991-DSC_0005-2.exr,/mnt/data_disk/ZQL/TIP_TMO_result/tradition/Shibata/a3991.png,340,512,0.9323259558767576,0.8576907173270232,0.7867973833101038,0.6947847932778597,0.8520464826410606,0.5375231039146586,0.1446419507265091
a3992,/mnt/data_disk/HDRData/1000hdr/HDRtest/a3992-KE_-0044.exr,/mnt/data_disk/ZQL/TIP_TMO_result/tradition/Shibata/a3992.png,340,512,0.7387592137678541,0.6062658660045798,0.14602822493281628,0.4880197831902477,0.8625203183749567,0.11351924800553873,0.08558578789234161
a3993,/mnt/data_disk/HDRData/1000hdr/HDRtest/a3993-IMG_2812.exr,/mnt/data_disk/ZQL/TIP_TMO_result/tradition/Shibata/a3993.png,341,512,0.7750061030594677,0.5419986192250538,0.43481995036050586,0.4752775631161615,0.8361325685134648,0.11442255771885813,0.15592411160469055
a3995,/mnt/data_disk/HDRData/1000hdr/HDRtest/a3995-IMG_0187.exr,/mnt/data_disk/ZQL/TIP_TMO_result/tradition/Shibata/a3995.png,341,512,0.891271668477446,0.6680178918128586,0.8878128114182116,0.4046642230885237,0.8093282812489829,1.6492806447517426e-07,0.20684827864170074
a4001,/mnt/data_disk/HDRData/1000hdr/HDRtest/a4001-jn_20070824_0168.exr,/mnt/data_disk/ZQL/TIP_TMO_result/tradition/Shibata/a4001.png,341,512,0.9105775794437033,0.7796375407631312,0.7878136103904674,0.4207286296090042,0.8386286560509542,0.002828603167054282,0.14134804904460907
a4003,/mnt/data_disk/HDRData/1000hdr/HDRtest/a4003-NKIM_MG_6603.exr,/mnt/data_disk/ZQL/TIP_TMO_result/tradition/Shibata/a4003.png,341,512,0.9029245657625132,0.8345037955028194,0.6387093007520517,0.41759401272197955,0.8331852309124719,0.0020027945314872054,0.1987520307302475
a4004,/mnt/data_disk/HDRData/1000hdr/HDRtest/a4004-050812_113412__MG_3770.exr,/mnt/data_disk/ZQL/TIP_TMO_result/tradition/Shibata/a4004.png,341,512,0.8129128068363445,0.9024700052879987,0.09104453939222822,0.5330357767612882,0.8665521589847882,0.19951939453778816,0.09800568222999573
a4007,/mnt/data_disk/HDRData/1000hdr/HDRtest/a4007-_MG_7167.exr,/mnt/data_disk/ZQL/TIP_TMO_result/tradition/Shibata/a4007.png,341,512,0.9514275743588025,0.8191348115245183,0.9905487253593274,0.5904510271632515,0.8587985980732697,0.32210345625323333,0.25337323546409607
a4008,/mnt/data_disk/HDRData/1000hdr/HDRtest/a4008-dgw_019.exr,/mnt/data_disk/ZQL/TIP_TMO_result/tradition/Shibata/a4008.png,341,512,0.8860332863279272,0.7731404523693732,0.642106858739056,0.375000957367814,0.744396389508022,0.005605525227606084,0.21186763048171997
a4009,/mnt/data_disk/HDRData/1000hdr/HDRtest/a4009-jmac_MG_7717.exr,/mnt/data_disk/ZQL/TIP_TMO_result/tradition/Shibata/a4009.png,341,512,0.9520386703217061,0.8703671183406576,0.8967050812240226,0.684837090429129,0.9078180302116545,0.4618561506466035,0.2560511529445648
a4013,/mnt/data_disk/HDRData/1000hdr/HDRtest/a4013-_I2E6911.exr,/mnt/data_disk/ZQL/TIP_TMO_result/tradition/Shibata/a4013.png,341,512,0.8014488178255876,0.8141557582979635,0.13819139439985229,0.36733845295078854,0.7346765884161449,3.1748543211388016e-07,0.270122766494751
a4014,/mnt/data_disk/HDRData/1000hdr/HDRtest/a4014-JI2E4114.exr,/mnt/data_disk/ZQL/TIP_TMO_result/tradition/Shibata/a4014.png,341,512,0.923394167899009,0.8114066113632645,0.812593473384008,0.3988810813546528,0.7977621492057962,1.3503509299472337e-08,0.24503116309642792
a4017,/mnt/data_disk/HDRData/1000hdr/HDRtest/a4017-DSC_0023.exr,/mnt/data_disk/ZQL/TIP_TMO_result/tradition/Shibata/a4017.png,340,512,0.9232333830340942,0.8757838781435412,0.6959509628678856,0.8524845973090139,0.9089321227015347,0.7960370719164932,0.1293174922466278
a4020,/mnt/data_disk/HDRData/1000hdr/HDRtest/a4020-IMG_3763.exr,/mnt/data_disk/ZQL/TIP_TMO_result/tradition/Shibata/a4020.png,341,512,0.8474675210991554,0.7335783411180782,0.4814746085319593,0.5741447099783799,0.8660033378905552,0.2822860820662045,0.13168105483055115
a4025,/mnt/data_disk/HDRData/1000hdr/HDRtest/a4025-IMG_5601.exr,/mnt/data_disk/ZQL/TIP_TMO_result/tradition/Shibata/a4025.png,341,512,0.9306348517596991,0.7462161892636848,0.9927982140222885,0.38972447331207616,0.7794489391132607,7.510891587643808e-09,0.23503966629505157
a4026,/mnt/data_disk/HDRData/1000hdr/HDRtest/a4026-NKIM_MG_6632.exr,/mnt/data_disk/ZQL/TIP_TMO_result/tradition/Shibata/a4026.png,341,512,0.7916229400561909,0.9038564479353737,0.025402966948736352,0.46662616124751916,0.9291437636350136,0.004108558860024704,0.17547255754470825
a4027,/mnt/data_disk/HDRData/1000hdr/HDRtest/a4027-IMG_2393.exr,/mnt/data_disk/ZQL/TIP_TMO_result/tradition/Shibata/a4027.png,341,512,0.8416657438940931,0.8286901842652764,0.30176400954552146,0.4549001216014804,0.8935533404484207,0.016246902754540143,0.14619523286819458
a4028,/mnt/data_disk/HDRData/1000hdr/HDRtest/a4028-060810_105728__MG_6096.exr,/mnt/data_disk/ZQL/TIP_TMO_result/tradition/Shibata/a4028.png,341,512,0.8959159594164348,0.7903429057346194,0.6728847600051991,0.43372617870801616,0.8674451384513183,7.218964713999017e-06,0.1902703195810318
a4038,/mnt/data_disk/HDRData/1000hdr/HDRtest/a4038-Ja_Pe-20.exr,/mnt/data_disk/ZQL/TIP_TMO_result/tradition/Shibata/a4038.png,288,512,0.8927431584408736,0.8185085083277354,0.6033469118881164,0.45225784558671445,0.8823151715916124,0.022200519581816458,0.18591363728046417
a4040,/mnt/data_disk/HDRData/1000hdr/HDRtest/a4040-IMG_0233.exr,/mnt/data_disk/ZQL/TIP_TMO_result/tradition/Shibata/a4040.png,341,512,0.8858037497979021,0.7398248667478265,0.7030705521235425,0.46245948433286393,0.8568946367125841,0.06802433195314372,0.3102956712245941
a4047,/mnt/data_disk/HDRData/1000hdr/HDRtest/a4047-IMG_1285.exr,/mnt/data_disk/ZQL/TIP_TMO_result/tradition/Shibata/a4047.png,341,512,0.8196885112253408,0.9411143561581021,0.07993160126727773,0.4803446937915328,0.9606853037262622,4.083856803357487e-06,0.08603213727474213
a4049,/mnt/data_disk/HDRData/1000hdr/HDRtest/a4049-_DSC3858.exr,/mnt/data_disk/ZQL/TIP_TMO_result/tradition/Shibata/a4049.png,341,512,0.9044819057753115,0.6736794883497204,0.9668547459031528,0.4108878009385444,0.8062051742628963,0.015570427614192509,0.31163957715034485
a4051,/mnt/data_disk/HDRData/1000hdr/HDRtest/a4051-_DSC0018-3.exr,/mnt/data_disk/ZQL/TIP_TMO_result/tradition/Shibata/a4051.png,340,512,0.8524458948850228,0.8738444901250015,0.2940479910971258,0.4712412716793564,0.9184677119637209,0.024014831394991915,0.1296195536851883
a4052,/mnt/data_disk/HDRData/1000hdr/HDRtest/a4052-20060620_165511__MG_9535.exr,/mnt/data_disk/ZQL/TIP_TMO_result/tradition/Shibata/a4052.png,341,512,0.9129870696764629,0.8737149804676758,0.6348698226281829,0.45185772138897146,0.9018703649852637,0.0018450777926791208,0.21227936446666718
a4060,/mnt/data_disk/HDRData/1000hdr/HDRtest/a4060-_DSC5597.exr,/mnt/data_disk/ZQL/TIP_TMO_result/tradition/Shibata/a4060.png,341,512,0.9270265181360534,0.7474047341534312,0.9648440746540106,0.4137218524401749,0.8235448440819138,0.003898860798435997,0.2550601065158844
a4064,/mnt/data_disk/HDRData/1000hdr/HDRtest/a4064-07-12-02-at-16h23m18s-_MG_9020.exr,/mnt/data_disk/ZQL/TIP_TMO_result/tradition/Shibata/a4064.png,341,512,0.9423992369384131,0.88923921567778,0.797499884273325,0.5017582039708484,0.8540869335233829,0.14942947441831375,0.21316982805728912
a4068,/mnt/data_disk/HDRData/1000hdr/HDRtest/a4068-tc_DSC2612.exr,/mnt/data_disk/ZQL/TIP_TMO_result/tradition/Shibata/a4068.png,340,512,0.8236699660164586,0.6961728819327979,0.4126349934568772,0.25926266967196765,0.518504945289878,2.039405405729614e-05,0.21849560737609863
a4075,/mnt/data_disk/HDRData/1000hdr/HDRtest/a4075-JI2E0444.exr,/mnt/data_disk/ZQL/TIP_TMO_result/tradition/Shibata/a4075.png,341,512,0.8762226246209958,0.6886141402195037,0.7432106288094831,0.40845843786257036,0.8168455554720948,7.13202530459429e-05,0.3069985508918762
a4076,/mnt/data_disk/HDRData/1000hdr/HDRtest/a4076-_DGW6244.exr,/mnt/data_disk/ZQL/TIP_TMO_result/tradition/Shibata/a4076.png,341,512,0.8251921246457272,0.49213784999754434,0.8665762969218367,0.385392322025334,0.7699783824945731,0.0008062615560949627,0.3659231662750244
a4080,/mnt/data_disk/HDRData/1000hdr/HDRtest/a4080-IMG_3765.exr,/mnt/data_disk/ZQL/TIP_TMO_result/tradition/Shibata/a4080.png,341,512,0.8914962718573237,0.8252109863084485,0.5843127383467065,0.4911173226207932,0.8612944952202544,0.1209401500213321,0.20056280493736267
a4085,/mnt/data_disk/HDRData/1000hdr/HDRtest/a4085-_MG_2385.exr,/mnt/data_disk/ZQL/TIP_TMO_result/tradition/Shibata/a4085.png,341,512,0.9328258774886538,0.8328909830615147,0.8355572429270106,0.387472670653829,0.7749431085949667,2.2327126912385764e-06,0.1667354553937912
a4087,/mnt/data_disk/HDRData/1000hdr/HDRtest/a4087-NKIM_MG_6395.exr,/mnt/data_disk/ZQL/TIP_TMO_result/tradition/Shibata/a4087.png,341,512,0.9469656339568208,0.8441024953430077,0.9109125179128397,0.9457574138630614,0.9027148195268675,0.9888000081992554,0.2715096175670624
a4088,/mnt/data_disk/HDRData/1000hdr/HDRtest/a4088-dvf_041.exr,/mnt/data_disk/ZQL/TIP_TMO_result/tradition/Shibata/a4088.png,341,512,0.89344816562961,0.7774236018236808,0.6809097520646546,0.4043571291600369,0.808714258319371,7.02741706330242e-13,0.10537459701299667
a4091,/mnt/data_disk/HDRData/1000hdr/HDRtest/a4091-_DSC0041.exr,/mnt/data_disk/ZQL/TIP_TMO_result/tradition/Shibata/a4091.png,340,512,0.8839637605813391,0.7973720276381112,0.5862885374274417,0.4653043957983211,0.8322346948053421,0.09837409679130014,0.17189538478851318
a4092,/mnt/data_disk/HDRData/1000hdr/HDRtest/a4092-07-12-03-at-09h35m54s-_MG_9192.exr,/mnt/data_disk/ZQL/TIP_TMO_result/tradition/Shibata/a4092.png,341,512,0.9314551916761941,0.8446594848657427,0.8046358495560657,0.925613805340492,0.8905412005319829,0.960686410149001,0.29327642917633057
a4093,/mnt/data_disk/HDRData/1000hdr/HDRtest/a4093-jn_20071117-031.exr,/mnt/data_disk/ZQL/TIP_TMO_result/tradition/Shibata/a4093.png,341,512,0.8967992511654312,0.787084184205691,0.6844302686559322,0.7326117498998607,0.8558263277848578,0.6093971720148635,0.29225170612335205
a4096,/mnt/data_disk/HDRData/1000hdr/HDRtest/a4096-jmac_MG_0095.exr,/mnt/data_disk/ZQL/TIP_TMO_result/tradition/Shibata/a4096.png,341,512,0.7698565525243679,0.77801393263908,0.06178658000987342,0.31077398276106705,0.6215439571733511,4.008348783014411e-06,0.17256321012973785
a4097,/mnt/data_disk/HDRData/1000hdr/HDRtest/a4097-20080623_at_14h52m36__MG_9904.exr,/mnt/data_disk/ZQL/TIP_TMO_result/tradition/Shibata/a4097.png,341,512,0.937102386364007,0.913233850027646,0.7215781750647554,0.7986584826150687,0.9283891832350631,0.6689277819950741,0.1387185901403427
a4099,/mnt/data_disk/HDRData/1000hdr/HDRtest/a4099-_DSC0014-2.exr,/mnt/data_disk/ZQL/TIP_TMO_result/tradition/Shibata/a4099.png,340,512,0.9352690402155768,0.8755746433890079,0.7743951722623832,0.5002097678852746,0.9325865675182072,0.06783296825234203,0.12158986181020737
a4101,/mnt/data_disk/HDRData/1000hdr/HDRtest/a4101-IMG_5823.exr,/mnt/data_disk/ZQL/TIP_TMO_result/tradition/Shibata/a4101.png,341,512,0.5906968554311008,0.2917712806053241,0.10468299131143036,0.19771567934922624,0.3954313577070909,9.913615373284877e-10,0.2111607939004898
a4102,/mnt/data_disk/HDRData/1000hdr/HDRtest/a4102-07-06-30-at-11h38m56s-_MG_1997.exr,/mnt/data_disk/ZQL/TIP_TMO_result/tradition/Shibata/a4102.png,341,512,0.9499548808489995,0.8501103687948993,0.9202067087427729,0.4623790789558037,0.916967301518709,0.007790856392898455,0.2146141082048416
a4104,/mnt/data_disk/HDRData/1000hdr/HDRtest/a4104-DSC_0260.exr,/mnt/data_disk/ZQL/TIP_TMO_result/tradition/Shibata/a4104.png,340,512,0.8701670119885591,0.8504478725580996,0.4202708984148095,0.37974357033840905,0.759485605440238,1.5352365800823387e-06,0.09264922142028809
a4105,/mnt/data_disk/HDRData/1000hdr/HDRtest/a4105-07-11-26-at-16h02m57s-_MG_7151.exr,/mnt/data_disk/ZQL/TIP_TMO_result/tradition/Shibata/a4105.png,341,512,0.9001763249204751,0.7478929444414262,0.7808278837188427,0.40518441966046775,0.7902077537678018,0.020161085553133666,0.24375341832637787
a4107,/mnt/data_disk/HDRData/1000hdr/HDRtest/a4107-dvf_018.exr,/mnt/data_disk/ZQL/TIP_TMO_result/tradition/Shibata/a4107.png,341,512,0.7809839028676775,0.5774653030291061,0.3964481221492003,0.33289763640278147,0.6657952728055629,3.657828180994401e-21,0.17834356427192688
a4108,/mnt/data_disk/HDRData/1000hdr/HDRtest/a4108-MB_080329_057.exr,/mnt/data_disk/ZQL/TIP_TMO_result/tradition/Shibata/a4108.png,341,512,0.946175010225905,0.8672248337019517,0.8624006879192104,0.547910932525319,0.782759349266879,0.313062515783759,0.3156951367855072
a4110,/mnt/data_disk/HDRData/1000hdr/HDRtest/a4110-dgw_069.exr,/mnt/data_disk/ZQL/TIP_TMO_result/tradition/Shibata/a4110.png,341,512,0.8918933729445321,0.7711076851575517,0.6827297939882452,0.6312401939845895,0.8706248190970783,0.39185556887210066,0.29945704340934753
a4113,/mnt/data_disk/HDRData/1000hdr/HDRtest/a4113-IMG_2800.exr,/mnt/data_disk/ZQL/TIP_TMO_result/tradition/Shibata/a4113.png,341,512,0.768027872791807,0.85339744373928,0.004920106109564683,0.39604361235768487,0.7920872247153697,2.8491143726151504e-20,0.1259051263332367
a4116,/mnt/data_disk/HDRData/1000hdr/HDRtest/a4116-IMG_2042.exr,/mnt/data_disk/ZQL/TIP_TMO_result/tradition/Shibata/a4116.png,341,512,0.8543090544014836,0.778782622917202,0.4442821559166691,0.40314619358525006,0.8062923550713815,3.209911856210371e-08,0.10136114060878754
a4117,/mnt/data_disk/HDRData/1000hdr/HDRtest/a4117-050918_141526__MG_5987.exr,/mnt/data_disk/ZQL/TIP_TMO_result/tradition/Shibata/a4117.png,341,512,0.9165819803207231,0.7675590746480271,0.8516237703533339,0.47427417337201394,0.8393188119632712,0.10922953478075667,0.2755546271800995
a4124,/mnt/data_disk/HDRData/1000hdr/HDRtest/a4124-20080709_at_10h04m23__MG_4561.exr,/mnt/data_disk/ZQL/TIP_TMO_result/tradition/Shibata/a4124.png,341,512,0.9321857068183753,0.7606112262625796,0.9735425425444587,0.4838344424202992,0.8875543254264299,0.0801145594141686,0.1987496167421341
a4127,/mnt/data_disk/HDRData/1000hdr/HDRtest/a4127-DSC_0152.exr,/mnt/data_disk/ZQL/TIP_TMO_result/tradition/Shibata/a4127.png,340,512,0.9207937844722072,0.920051716287053,0.6077343559585358,0.6951272131488521,0.9270916611715434,0.46316276512616067,0.10512800514698029
a4131,/mnt/data_disk/HDRData/1000hdr/HDRtest/a4131-DSC_0001-2.exr,/mnt/data_disk/ZQL/TIP_TMO_result/tradition/Shibata/a4131.png,340,512,0.9141568388425689,0.8198453528033426,0.736122204059122,0.6725998846763148,0.8144302179151672,0.5307695514374625,0.12172224372625351
a4134,/mnt/data_disk/HDRData/1000hdr/HDRtest/a4134-IMG_0086.exr,/mnt/data_disk/ZQL/TIP_TMO_result/tradition/Shibata/a4134.png,341,512,0.9023258208892028,0.8687087437582026,0.5777254757697128,0.4572791557081848,0.9145267439401417,3.156747622787744e-05,0.13722889125347137
a4142,/mnt/data_disk/HDRData/1000hdr/HDRtest/a4142-_DGW6275.exr,/mnt/data_disk/ZQL/TIP_TMO_result/tradition/Shibata/a4142.png,341,512,0.9089919365357111,0.8690804008472625,0.6178367102006923,0.6689495175518596,0.8544804358071385,0.48341859929658065,0.2359413504600525
a4143,/mnt/data_disk/HDRData/1000hdr/HDRtest/a4143-LSCRW_0029.exr,/mnt/data_disk/ZQL/TIP_TMO_result/tradition/Shibata/a4143.png,384,512,0.858824917139285,0.9365236694563631,0.24552358592304352,0.6753788714937161,0.8551862763894489,0.49557146659798335,0.09536655992269516
a4144,/mnt/data_disk/HDRData/1000hdr/HDRtest/a4144-050623_122602__MG_3246.exr,/mnt/data_disk/ZQL/TIP_TMO_result/tradition/Shibata/a4144.png,341,512,0.8926832213679209,0.9043092331406152,0.46570874695094483,0.4494214570971356,0.8931405469042716,0.0057023672899996075,0.1454399675130844
a4150,/mnt/data_disk/HDRData/1000hdr/HDRtest/a4150-_DGW6309.exr,/mnt/data_disk/ZQL/TIP_TMO_result/tradition/Shibata/a4150.png,341,512,0.905891893876594,0.7034577465056191,0.9110383754374409,0.5499574558057845,0.8058477978006814,0.2940671138108876,0.33246931433677673
a4151,/mnt/data_disk/HDRData/1000hdr/HDRtest/a4151-dvf_026.exr,/mnt/data_disk/ZQL/TIP_TMO_result/tradition/Shibata/a4151.png,341,512,0.9059154812297215,0.6934677998218077,0.9328889745261106,0.3604186485359291,0.7208372335159577,6.355590040507725e-08,0.2757108509540558
a4154,/mnt/data_disk/HDRData/1000hdr/HDRtest/a4154-IMG_4620.exr,/mnt/data_disk/ZQL/TIP_TMO_result/tradition/Shibata/a4154.png,341,512,0.9170904916148266,0.8267868631997124,0.7425849460937219,0.41701946973231563,0.8338285741820678,0.00021036528256350242,0.1999194622039795
a4155,/mnt/data_disk/HDRData/1000hdr/HDRtest/a4155-WP_CRW_0237.exr,/mnt/data_disk/ZQL/TIP_TMO_result/tradition/Shibata/a4155.png,341,512,0.9582961917418247,0.8559720904516691,0.9672622223498769,0.5148001014060563,0.8598879445588467,0.16971225825326586,0.16891103982925415
a4156,/mnt/data_disk/HDRData/1000hdr/HDRtest/a4156-IMG_0159.exr,/mnt/data_disk/ZQL/TIP_TMO_result/tradition/Shibata/a4156.png,341,512,0.8874892151831075,0.7369220170646369,0.719523903007099,0.4759306287605957,0.9012442434353167,0.05061701408587468,0.22419802844524384
a4158,/mnt/data_disk/HDRData/1000hdr/HDRtest/a4158-WP_CRW_4109.exr,/mnt/data_disk/ZQL/TIP_TMO_result/tradition/Shibata/a4158.png,341,512,0.9245835484412742,0.7726959770940363,0.895961701406383,0.3558402376576825,0.709802087081646,0.0018783882337190239,0.15303684771060944
a4160,/mnt/data_disk/HDRData/1000hdr/HDRtest/a4160-jn_20070824_0167.exr,/mnt/data_disk/ZQL/TIP_TMO_result/tradition/Shibata/a4160.png,341,512,0.8217140566075091,0.8163089899655026,0.22262922993071385,0.43006462751251834,0.858560063559066,0.0015691914659706691,0.29716047644615173
a4161,/mnt/data_disk/HDRData/1000hdr/HDRtest/a4161-tc_DSC2218.exr,/mnt/data_disk/ZQL/TIP_TMO_result/tradition/Shibata/a4161.png,340,512,0.8218840971289765,0.9573417790794302,0.07351178060540871,0.47100485662821434,0.9420097131667107,8.971796375219822e-11,0.207658052444458
a4167,/mnt/data_disk/HDRData/1000hdr/HDRtest/a4167-IMG_0031.exr,/mnt/data_disk/ZQL/TIP_TMO_result/tradition/Shibata/a4167.png,341,512,0.9295474282950551,0.8410305613347854,0.7985783724334613,0.43166348462005877,0.8632850713683979,4.1897871719548185e-05,0.233649343252182
a4170,/mnt/data_disk/HDRData/1000hdr/HDRtest/a4170-jmac_DSC3333.exr,/mnt/data_disk/ZQL/TIP_TMO_result/tradition/Shibata/a4170.png,343,512,0.9154612813899085,0.728599216736428,0.9236955569208027,0.3943629589270494,0.7887258999748592,1.7879239658947012e-08,0.19583237171173096
a4174,/mnt/data_disk/HDRData/1000hdr/HDRtest/a4174-dgw_083.exr,/mnt/data_disk/ZQL/TIP_TMO_result/tradition/Shibata/a4174.png,341,512,0.9410285809889656,0.8338599556447618,0.8894880456432317,0.5574128358147635,0.895875825301811,0.21894984632771614,0.3420451283454895
a4177,/mnt/data_disk/HDRData/1000hdr/HDRtest/a4177-jmac_DSC1412.exr,/mnt/data_disk/ZQL/TIP_TMO_result/tradition/Shibata/a4177.png,340,512,0.9515163906905312,0.9580519038011943,0.7407356574499678,0.9646555364273062,0.9302244186260258,0.9990866542285866,0.10226185619831085
a4178,/mnt/data_disk/HDRData/1000hdr/HDRtest/a4178-IMG_0487.exr,/mnt/data_disk/ZQL/TIP_TMO_result/tradition/Shibata/a4178.png,341,512,0.8754773320740381,0.9266785997323301,0.34055656102211107,0.6890694036498113,0.9615242740422983,0.41661453325732434,0.08580669015645981
a4184,/mnt/data_disk/HDRData/1000hdr/HDRtest/a4184-jmac_MG_5507.exr,/mnt/data_disk/ZQL/TIP_TMO_result/tradition/Shibata/a4184.png,341,512,0.9421434268590917,0.7831811324710102,0.997305384657276,0.4505343721779657,0.8360647516723435,0.06500399268358793,0.28485843539237976
a4185,/mnt/data_disk/HDRData/1000hdr/HDRtest/a4185-DSC_0055-2.exr,/mnt/data_disk/ZQL/TIP_TMO_result/tradition/Shibata/a4185.png,340,512,0.9353841099314663,0.8286784843164018,0.86077298171724,0.4420429192968225,0.8680076573444933,0.016078181249151748,0.20400510728359222
a4188,/mnt/data_disk/HDRData/1000hdr/HDRtest/a4188-_MG_1604.exr,/mnt/data_disk/ZQL/TIP_TMO_result/tradition/Shibata/a4188.png,341,512,0.8883138343382377,0.773344799675331,0.6560039750926782,0.6892825033168164,0.7515055579765539,0.6270594486570789,0.27058225870132446
a4191,/mnt/data_disk/HDRData/1000hdr/HDRtest/a4191-IMG_4849.exr,/mnt/data_disk/ZQL/TIP_TMO_result/tradition/Shibata/a4191.png,341,512,0.911956474836078,0.8392931197815027,0.6872430153072207,0.447276601682299,0.8944583594465053,9.484391809271349e-05,0.1910160928964615
a4194,/mnt/data_disk/HDRData/1000hdr/HDRtest/a4194-LS051026_day_1_arive50.exr,/mnt/data_disk/ZQL/TIP_TMO_result/tradition/Shibata/a4194.png,341,512,0.8839726570955677,0.743479459425071,0.6843839094548726,0.42096792669902305,0.8418846481617009,5.1205236345130744e-05,0.18510428071022034
a4197,/mnt/data_disk/HDRData/1000hdr/HDRtest/a4197-_MG_6428.exr,/mnt/data_disk/ZQL/TIP_TMO_result/tradition/Shibata/a4197.png,341,512,0.94126898434491,0.931635538278348,0.7178141671669716,0.9775931380126894,0.9608160488680553,0.9943702271573236,0.09801401197910309
a4198,/mnt/data_disk/HDRData/1000hdr/HDRtest/a4198-_DSC6401.exr,/mnt/data_disk/ZQL/TIP_TMO_result/tradition/Shibata/a4198.png,341,512,0.792667834479409,0.6298816594162993,0.36171070213007556,0.39770166874208385,0.7899780455051754,0.005425291978992346,0.28687167167663574
a4199,/mnt/data_disk/HDRData/1000hdr/HDRtest/a4199-jmac_MG_5003.exr,/mnt/data_disk/ZQL/TIP_TMO_result/tradition/Shibata/a4199.png,341,512,0.8693007777310486,0.7666373838478729,0.5515868732377942,0.4468488138783195,0.8314419100222188,0.06225571773442013,0.3138013184070587
a4201,/mnt/data_disk/HDRData/1000hdr/HDRtest/a4201-_DSC0120.exr,/mnt/data_disk/ZQL/TIP_TMO_result/tradition/Shibata/a4201.png,340,512,0.8887268958060163,0.7908785001248336,0.6269227085420708,0.7598607594860116,0.7907858419668389,0.7289356770051845,0.2656523585319519
a4202,/mnt/data_disk/HDRData/1000hdr/HDRtest/a4202-DSC_0439.exr,/mnt/data_disk/ZQL/TIP_TMO_result/tradition/Shibata/a4202.png,343,512,0.9493186054811951,0.8422230942259841,0.9307926952997657,0.5167989455057542,0.8768646758646927,0.15673321514681574,0.17974543571472168
a4204,/mnt/data_disk/HDRData/1000hdr/HDRtest/a4204-_DGW7870.exr,/mnt/data_disk/ZQL/TIP_TMO_result/tradition/Shibata/a4204.png,341,512,0.8816839343520725,0.8072907280716346,0.5555406468292721,0.8642259533360366,0.8462161745434252,0.8822357321286479,0.11757414788007736
a4212,/mnt/data_disk/HDRData/1000hdr/HDRtest/a4212-Duggan_090321_5925.exr,/mnt/data_disk/ZQL/TIP_TMO_result/tradition/Shibata/a4212.png,341,512,0.9310907430437005,0.7520633044402346,0.9836855277423162,0.4325159546348279,0.8525383275976711,0.012493581671984716,0.22907038033008575
a4214,/mnt/data_disk/HDRData/1000hdr/HDRtest/a4214-DSC_0267.exr,/mnt/data_disk/ZQL/TIP_TMO_result/tradition/Shibata/a4214.png,343,512,0.9476635212865357,0.8834536304546056,0.8430490345900675,0.47209565939405035,0.9261886072781198,0.01800271150998087,0.1691998988389969
a4216,/mnt/data_disk/HDRData/1000hdr/HDRtest/a4216-DSC_0118.exr,/mnt/data_disk/ZQL/TIP_TMO_result/tradition/Shibata/a4216.png,343,512,0.8950871844298908,0.8867040002263862,0.5062152691752454,0.46034029949629685,0.9179337183982303,0.002746880594363343,0.15985281765460968
a4220,/mnt/data_disk/HDRData/1000hdr/HDRtest/a4220-Duggan_090305_5359.exr,/mnt/data_disk/ZQL/TIP_TMO_result/tradition/Shibata/a4220.png,341,512,0.8485017208084727,0.8205391394692286,0.3483607434588946,0.4162420087486525,0.8324836847267871,3.3277051796930904e-07,0.22010642290115356
a4228,/mnt/data_disk/HDRData/1000hdr/HDRtest/a4228-DSC_0037-2.exr,/mnt/data_disk/ZQL/TIP_TMO_result/tradition/Shibata/a4228.png,340,512,0.8951811966608255,0.9309677026680034,0.4408599247529597,0.9344042006317136,0.8764710542204902,0.992337347042937,0.0841442197561264
a4230,/mnt/data_disk/HDRData/1000hdr/HDRtest/a4230-Duggan_090426_7798.exr,/mnt/data_disk/ZQL/TIP_TMO_result/tradition/Shibata/a4230.png,341,512,0.7819825730391217,0.6721033909815858,0.23915109649241692,0.3995222628869516,0.7990445257724373,1.4658635714969622e-12,0.22508318722248077
a4231,/mnt/data_disk/HDRData/1000hdr/HDRtest/a4231-Duggan_080326_5786.exr,/mnt/data_disk/ZQL/TIP_TMO_result/tradition/Shibata/a4231.png,341,512,0.8178235708921885,0.6583430323272191,0.44738516628735736,0.4050043790931368,0.8098211317651187,0.0001876264211549153,0.12421666830778122
a4232,/mnt/data_disk/HDRData/1000hdr/HDRtest/a4232-Duggan_090323_6181.exr,/mnt/data_disk/ZQL/TIP_TMO_result/tradition/Shibata/a4232.png,341,512,0.8715155899206333,0.8119072431709538,0.48818335938458945,0.4238399072366992,0.8259123968467739,0.02176741762662447,0.2863321304321289
a4235,/mnt/data_disk/HDRData/1000hdr/HDRtest/a4235-DSC_0433.exr,/mnt/data_disk/ZQL/TIP_TMO_result/tradition/Shibata/a4235.png,343,512,0.9014572552288626,0.693355552176358,0.9022777423886343,0.30924899908840037,0.6184979241010164,7.40757842699876e-08,0.21853888034820557
a4236,/mnt/data_disk/HDRData/1000hdr/HDRtest/a4236-DSC_0384.exr,/mnt/data_disk/ZQL/TIP_TMO_result/tradition/Shibata/a4236.png,343,512,0.9227634479100173,0.8416522248800044,0.7527420855008549,0.4820804970888862,0.9199481605611981,0.0442128336165742,0.13800153136253357
a4237,/mnt/data_disk/HDRData/1000hdr/HDRtest/a4237-20090417_at_18h06m01__MG_1955.exr,/mnt/data_disk/ZQL/TIP_TMO_result/tradition/Shibata/a4237.png,341,512,0.7893894653635607,0.6679854328722066,0.2810114411643896,0.28785137162162494,0.575702743243249,8.867831134715384e-16,0.19396346807479858
a4238,/mnt/data_disk/HDRData/1000hdr/HDRtest/a4238-Duggan_090320_5609.exr,/mnt/data_disk/ZQL/TIP_TMO_result/tradition/Shibata/a4238.png,341,512,0.9184352506120352,0.8569513931211308,0.6977401485682341,0.47778769487539624,0.8966688181668107,0.05890657158398185,0.17549103498458862
a4239,/mnt/data_disk/HDRData/1000hdr/HDRtest/a4239-Duggan_080114_4429.exr,/mnt/data_disk/ZQL/TIP_TMO_result/tradition/Shibata/a4239.png,341,512,0.7879829528406659,0.8352066494768009,0.06791231246761163,0.3531878727925426,0.7063757454676693,1.174158561925372e-10,0.151952862739563
a4244,/mnt/data_disk/HDRData/1000hdr/HDRtest/a4244-Duggan_090504_8959.exr,/mnt/data_disk/ZQL/TIP_TMO_result/tradition/Shibata/a4244.png,341,512,0.8296156582873262,0.6392966120588688,0.5521080115042477,0.42776355609241,0.7610416174795845,0.0944854947052355,0.19844713807106018
a4246,/mnt/data_disk/HDRData/1000hdr/HDRtest/a4246-Duggan_090330_6226.exr,/mnt/data_disk/ZQL/TIP_TMO_result/tradition/Shibata/a4246.png,341,512,0.8599986971719281,0.7048096396373963,0.6083986456040721,0.3525619902913841,0.7051239805811403,1.6278006777067072e-12,0.24372076988220215
a4249,/mnt/data_disk/HDRData/1000hdr/HDRtest/a4249-Duggan_090322_6001.exr,/mnt/data_disk/ZQL/TIP_TMO_result/tradition/Shibata/a4249.png,341,512,0.8942950337468737,0.7924975286232815,0.6587659682699504,0.4333519163599606,0.8601268252028904,0.006577007517030838,0.24423079192638397
a4254,/mnt/data_disk/HDRData/1000hdr/HDRtest/a4254-DSC_0066.exr,/mnt/data_disk/ZQL/TIP_TMO_result/tradition/Shibata/a4254.png,340,512,0.9220683632354896,0.8692785090194672,0.6996608252259643,0.5986935708555471,0.8366976977631273,0.36068944394796687,0.11465199291706085
a4258,/mnt/data_disk/HDRData/1000hdr/HDRtest/a4258-_DSC0012-4.exr,/mnt/data_disk/ZQL/TIP_TMO_result/tradition/Shibata/a4258.png,340,512,0.8421803822411829,0.8658241516426683,0.2545754508671688,0.5269058259481966,0.8895595315717097,0.16425212032468336,0.058087483048439026
a4262,/mnt/data_disk/HDRData/1000hdr/HDRtest/a4262-DSC_0065.exr,/mnt/data_disk/ZQL/TIP_TMO_result/tradition/Shibata/a4262.png,340,512,0.9261880098036235,0.8691503859852194,0.7263756198953017,0.8340342713998918,0.8052028566524205,0.8628656861473631,0.1176055446267128
a4266,/mnt/data_disk/HDRData/1000hdr/HDRtest/a4266-DSC_0426.exr,/mnt/data_disk/ZQL/TIP_TMO_result/tradition/Shibata/a4266.png,343,512,0.8995605083039078,0.6991229602861128,0.8768500852268062,0.4241980138743048,0.8356626971851185,0.012733330563490972,0.2285429984331131
a4267,/mnt/data_disk/HDRData/1000hdr/HDRtest/a4267-20090414_at_23h13m08__MG_1367.exr,/mnt/data_disk/ZQL/TIP_TMO_result/tradition/Shibata/a4267.png,341,512,0.7603454142643981,0.5355650169660323,0.3682165263998473,0.24439752683552132,0.48879505367104265,1.5324232022092622e-24,0.17486725747585297
a4271,/mnt/data_disk/HDRData/1000hdr/HDRtest/a4271-Duggan_090227_5232.exr,/mnt/data_disk/ZQL/TIP_TMO_result/tradition/Shibata/a4271.png,341,512,0.9248057361480346,0.8890679062261375,0.6834408389929059,0.48005634108008866,0.9145530531150939,0.04555962904508332,0.22039322555065155
a4272,/mnt/data_disk/HDRData/1000hdr/HDRtest/a4272-DSC_0398.exr,/mnt/data_disk/ZQL/TIP_TMO_result/tradition/Shibata/a4272.png,343,512,0.7448260441680543,0.4592812094620378,0.44894065097998803,0.2926300462712649,0.5819280267730917,0.003332065769438046,0.12420305609703064
a4275,/mnt/data_disk/HDRData/1000hdr/HDRtest/a4275-09-05-12-at-17h46m31s-_MG_8890.exr,/mnt/data_disk/ZQL/TIP_TMO_result/tradition/Shibata/a4275.png,341,512,0.902480061649824,0.8330069909423976,0.638522562333283,0.3891636860015874,0.7760600189490975,0.0022673530540773703,0.17962926626205444
a4287,/mnt/data_disk/HDRData/1000hdr/HDRtest/a4287-_DSC0083.exr,/mnt/data_disk/ZQL/TIP_TMO_result/tradition/Shibata/a4287.png,340,512,0.9246831731893368,0.8434425051027116,0.7620855353513095,0.4770275257381424,0.8973918147799823,0.056663236696302424,0.14946240186691284
a4291,/mnt/data_disk/HDRData/1000hdr/HDRtest/a4291-20090417_at_18h46m58__MG_2026.exr,/mnt/data_disk/ZQL/TIP_TMO_result/tradition/Shibata/a4291.png,341,512,0.876848154813934,0.9004656815612389,0.3837521871376632,0.3764414820026926,0.7528823348279413,6.291774439060074e-07,0.1628950983285904
a4297,/mnt/data_disk/HDRData/1000hdr/HDRtest/a4297-_DSC0034.exr,/mnt/data_disk/ZQL/TIP_TMO_result/tradition/Shibata/a4297.png,340,512,0.8830162377098103,0.7701748178388731,0.6287342774756044,0.44736259901804265,0.867132880840241,0.027592317195844353,0.15855449438095093
a4298,/mnt/data_disk/HDRData/1000hdr/HDRtest/a4298-Duggan_090504_9090.exr,/mnt/data_disk/ZQL/TIP_TMO_result/tradition/Shibata/a4298.png,341,512,0.8040199036190088,0.9360525444662068,0.03584979227390302,0.45832657870657534,0.9166110717865065,4.20856266442241e-05,0.151723250746727
a4302,/mnt/data_disk/HDRData/1000hdr/HDRtest/a4302-20090425_at_17h00m59__MG_0404.exr,/mnt/data_disk/ZQL/TIP_TMO_result/tradition/Shibata/a4302.png,341,512,0.9553362365294471,0.8536060390159486,0.9510249105944072,0.7128936329781025,0.8618436719255568,0.5639435940306482,0.26807934045791626
a4304,/mnt/data_disk/HDRData/1000hdr/HDRtest/a4304-09-05-19-at-18h03m17s-_MG_9540.exr,/mnt/data_disk/ZQL/TIP_TMO_result/tradition/Shibata/a4304.png,341,512,0.8021439391900685,0.5960239611812391,0.4778161870974562,0.2905819218070493,0.5811636279401384,2.1567396010889653e-07,0.22156909108161926
a4307,/mnt/data_disk/HDRData/1000hdr/HDRtest/a4307-20050328_161219__MG_0628.exr,/mnt/data_disk/ZQL/TIP_TMO_result/tradition/Shibata/a4307.png,341,512,0.915451019018315,0.8189059782496463,0.746252170511287,0.4279679908823091,0.8559359798601803,1.9044378186325885e-09,0.1146731749176979
a4308,/mnt/data_disk/HDRData/1000hdr/HDRtest/a4308-Duggan_090209_4996.exr,/mnt/data_disk/ZQL/TIP_TMO_result/tradition/Shibata/a4308.png,341,512,0.9560378167487515,0.8395648240926185,0.9829942700660915,0.8904122573891208,0.858074443444551,0.9227500713336906,0.2755730450153351
a4310,/mnt/data_disk/HDRData/1000hdr/HDRtest/a4310-DSC_0007.exr,/mnt/data_disk/ZQL/TIP_TMO_result/tradition/Shibata/a4310.png,340,512,0.8682352632960444,0.7845303909226108,0.5145037424242844,0.6822000780299254,0.9091970792813477,0.4552030767785031,0.13969860970973969
a4312,/mnt/data_disk/HDRData/1000hdr/HDRtest/a4312-20090417_at_16h32m44__MG_1867.exr,/mnt/data_disk/ZQL/TIP_TMO_result/tradition/Shibata/a4312.png,341,512,0.8425638625859901,0.6306894037693129,0.648899278955347,0.361718477757896,0.7234369424660673,1.3049724694325836e-08,0.32793208956718445
a4317,/mnt/data_disk/HDRData/1000hdr/HDRtest/a4317-DSC_0224.exr,/mnt/data_disk/ZQL/TIP_TMO_result/tradition/Shibata/a4317.png,343,512,0.7972992092934209,0.6050258588745024,0.4328054077494892,0.2898208856814557,0.5796417713629114,7.905424828133746e-27,0.16821902990341187
a4318,/mnt/data_disk/HDRData/1000hdr/HDRtest/a4318-Duggan_090321_5920.exr,/mnt/data_disk/ZQL/TIP_TMO_result/tradition/Shibata/a4318.png,341,512,0.9431772315469737,0.9206765864911378,0.7484752713864732,0.9378177996064627,0.9383923460817658,0.9372432531311596,0.13721758127212524
a4319,/mnt/data_disk/HDRData/1000hdr/HDRtest/a4319-DSC_0132.exr,/mnt/data_disk/ZQL/TIP_TMO_result/tradition/Shibata/a4319.png,340,512,0.9068420012511191,0.8290441913854362,0.6727994503204693,0.44857443307152967,0.8590153525487128,0.03813351359434655,0.174611896276474
a4323,/mnt/data_disk/HDRData/1000hdr/HDRtest/a4323-DSC_0010.exr,/mnt/data_disk/ZQL/TIP_TMO_result/tradition/Shibata/a4323.png,343,512,0.8253993003941187,0.7228394688548571,0.3772642280196105,0.30089549070732996,0.6017909814146569,2.9531004270399207e-15,0.27817243337631226
a4324,/mnt/data_disk/HDRData/1000hdr/HDRtest/a4324-DSC_0002.exr,/mnt/data_disk/ZQL/TIP_TMO_result/tradition/Shibata/a4324.png,343,512,0.831247418569117,0.7688189437185154,0.3356819129602726,0.2939654194466194,0.5879308388919117,1.3271118512027429e-12,0.2168961614370346
a4326,/mnt/data_disk/HDRData/1000hdr/HDRtest/a4326-DSC_0461.exr,/mnt/data_disk/ZQL/TIP_TMO_result/tradition/Shibata/a4326.png,343,512,0.7999701028794574,0.730387862766163,0.23810242472483242,0.33667406981298176,0.673348139476185,1.497785628718687e-10,0.1741059124469757
a4329,/mnt/data_disk/HDRData/1000hdr/HDRtest/a4329-DSC_0028.exr,/mnt/data_disk/ZQL/TIP_TMO_result/tradition/Shibata/a4329.png,340,512,0.8955055365179531,0.8399629976567615,0.5838263287392161,0.8031550699642291,0.827434552508239,0.7788755874202192,0.09794268012046814
a4331,/mnt/data_disk/HDRData/1000hdr/HDRtest/a4331-_DGW0241.exr,/mnt/data_disk/ZQL/TIP_TMO_result/tradition/Shibata/a4331.png,341,512,0.7855604983496283,0.7836172832046566,0.11046410729944459,0.3513004341395629,0.7025981630102943,2.7052688315173384e-06,0.15780393779277802
a4335,/mnt/data_disk/HDRData/1000hdr/HDRtest/a4335-Duggan_090123_4520.exr,/mnt/data_disk/ZQL/TIP_TMO_result/tradition/Shibata/a4335.png,341,512,0.8614104022383922,0.795928577846391,0.4564335143333434,0.39560494451620953,0.7912098861116232,2.920795833348716e-09,0.2859764099121094
a4338,/mnt/data_disk/HDRData/1000hdr/HDRtest/a4338-DSC_0206.exr,/mnt/data_disk/ZQL/TIP_TMO_result/tradition/Shibata/a4338.png,343,512,0.9193767982150416,0.8627198087756258,0.6937679092700384,0.4052213017737072,0.8081442782133373,0.0022983253340770685,0.11650796234607697
a4339,/mnt/data_disk/HDRData/1000hdr/HDRtest/a4339-Duggan_090111_4244.exr,/mnt/data_disk/ZQL/TIP_TMO_result/tradition/Shibata/a4339.png,341,512,0.8953246759735043,0.6569679618271064,0.940657940583172,0.3655638254895307,0.7311275649586272,8.60204341776834e-08,0.2576061189174652
a4340,/mnt/data_disk/HDRData/1000hdr/HDRtest/a4340-DSC_0441.exr,/mnt/data_disk/ZQL/TIP_TMO_result/tradition/Shibata/a4340.png,343,512,0.8370025409019909,0.6228818399361435,0.6306758321047435,0.381397300010466,0.7627940411149439,5.589059881090577e-07,0.1788935512304306
a4342,/mnt/data_disk/HDRData/1000hdr/HDRtest/a4342-DSC_0043.exr,/mnt/data_disk/ZQL/TIP_TMO_result/tradition/Shibata/a4342.png,340,512,0.883440549268999,0.7146931043065916,0.737194723506964,0.35580671528134344,0.7116134305286343,3.4052591345264946e-11,0.15700457990169525
a4345,/mnt/data_disk/HDRData/1000hdr/HDRtest/a4345-Duggan_080411_5976.exr,/mnt/data_disk/ZQL/TIP_TMO_result/tradition/Shibata/a4345.png,341,512,0.872949642081085,0.7073162541523508,0.6844558286335478,0.40213563927125173,0.804271277087977,1.4545265532945738e-09,0.16554974019527435
a4354,/mnt/data_disk/HDRData/1000hdr/HDRtest/a4354-DSC_0347.exr,/mnt/data_disk/ZQL/TIP_TMO_result/tradition/Shibata/a4354.png,343,512,0.9607184054573776,0.8557431587220151,0.9847696108256003,0.4609775125735724,0.8857311833493353,0.03622384179780945,0.24265408515930176
a4356,/mnt/data_disk/HDRData/1000hdr/HDRtest/a4356-_DSC1335.exr,/mnt/data_disk/ZQL/TIP_TMO_result/tradition/Shibata/a4356.png,341,512,0.7095920949214167,0.48582419581753167,0.21351711185652825,0.47923028186288724,0.7383983266174872,0.2200622371082873,0.07768098264932632
a4357,/mnt/data_disk/HDRData/1000hdr/HDRtest/a4357-Duggan_090124_4645.exr,/mnt/data_disk/ZQL/TIP_TMO_result/tradition/Shibata/a4357.png,341,512,0.9162032441811769,0.7109946843777577,0.9665727167829454,0.3775868372307107,0.7551196736004041,5.4000861017249514e-05,0.21653413772583008
a4366,/mnt/data_disk/HDRData/1000hdr/HDRtest/a4366-DSC_0447.exr,/mnt/data_disk/ZQL/TIP_TMO_result/tradition/Shibata/a4366.png,343,512,0.9329804703921519,0.9230405842050442,0.678963486231859,0.5434605372819777,0.9201385063724951,0.1667825681914604,0.1091381162405014
a4368,/mnt/data_disk/HDRData/1000hdr/HDRtest/a4368-Duggan_090321_5857.exr,/mnt/data_disk/ZQL/TIP_TMO_result/tradition/Shibata/a4368.png,341,512,0.8825203108508599,0.8149545966367762,0.5476210663158488,0.38223441131995245,0.7644687754841103,4.715579462667099e-08,0.22666263580322266
a4370,/mnt/data_disk/HDRData/1000hdr/HDRtest/a4370-DSC_0080.exr,/mnt/data_disk/ZQL/TIP_TMO_result/tradition/Shibata/a4370.png,340,512,0.9474414344747735,0.8071685733795282,0.9862058091075213,0.4421108645801651,0.8842096176880533,1.2111472276863873e-05,0.1550394892692566
a4374,/mnt/data_disk/HDRData/1000hdr/HDRtest/a4374-09-05-19-at-17h54m57s-_MG_9531.exr,/mnt/data_disk/ZQL/TIP_TMO_result/tradition/Shibata/a4374.png,341,512,0.8927735860977959,0.8048514628010006,0.6272744035203068,0.33722392016788066,0.674387320681389,6.051965437241322e-05,0.1484515219926834
a4377,/mnt/data_disk/HDRData/1000hdr/HDRtest/a4377-IMG_4929.exr,/mnt/data_disk/ZQL/TIP_TMO_result/tradition/Shibata/a4377.png,341,512,0.9648289268360407,0.878498653272052,0.9705149722944197,0.5742233547314382,0.8965067330339637,0.2519399764289127,0.14381690323352814
a4382,/mnt/data_disk/HDRData/1000hdr/HDRtest/a4382-DSC_0261.exr,/mnt/data_disk/ZQL/TIP_TMO_result/tradition/Shibata/a4382.png,343,512,0.9369122926970385,0.7874894159296865,0.9517001451789077,0.4404167951574112,0.880423940506007,0.00040964980881542056,0.20552890002727509
a4384,/mnt/data_disk/HDRData/1000hdr/HDRtest/a4384-DSC_0322.exr,/mnt/data_disk/ZQL/TIP_TMO_result/tradition/Shibata/a4384.png,343,512,0.835521170236762,0.6305567820567781,0.6055465556097553,0.3110085394185817,0.6220170662406428,1.2596520654488355e-08,0.1911827027797699
a4385,/mnt/data_disk/HDRData/1000hdr/HDRtest/a4385-_DGW9650.exr,/mnt/data_disk/ZQL/TIP_TMO_result/tradition/Shibata/a4385.png,341,512,0.890475500096077,0.7232200951897118,0.7660412200721889,0.35008571598024024,0.7000746250939888,9.6806866491752e-05,0.2235795110464096
a4386,/mnt/data_disk/HDRData/1000hdr/HDRtest/a4386-Duggan_090124_4632.exr,/mnt/data_disk/ZQL/TIP_TMO_result/tradition/Shibata/a4386.png,341,512,0.9395811828989578,0.7862579785586526,0.972921300967561,0.38486932725886125,0.7697378470360103,8.074817121415882e-07,0.16750918328762054
a4392,/mnt/data_disk/HDRData/1000hdr/HDRtest/a4392-Duggan_090331_6554.exr,/mnt/data_disk/ZQL/TIP_TMO_result/tradition/Shibata/a4392.png,341,512,0.839955180004277,0.8239003838639722,0.29988438823274394,0.4430628306576037,0.8792121109407492,0.006913550374458224,0.24664930999279022
a4394,/mnt/data_disk/HDRData/1000hdr/HDRtest/a4394-Duggan_090127_4837.exr,/mnt/data_disk/ZQL/TIP_TMO_result/tradition/Shibata/a4394.png,341,512,0.772628024123446,0.7351760101469078,0.1156776108571752,0.4032860953589181,0.8065702287006237,1.962017212463095e-06,0.20083436369895935
a4395,/mnt/data_disk/HDRData/1000hdr/HDRtest/a4395-Duggan_090503_8734.exr,/mnt/data_disk/ZQL/TIP_TMO_result/tradition/Shibata/a4395.png,341,512,0.7687438690620363,0.838032950744984,0.01375345225722606,0.3979081605939461,0.7953731820797098,0.00044313910818249795,0.08445628732442856
a4396,/mnt/data_disk/HDRData/1000hdr/HDRtest/a4396-DSC_0073-2.exr,/mnt/data_disk/ZQL/TIP_TMO_result/tradition/Shibata/a4396.png,340,512,0.8919683135365883,0.8196946922044168,0.5965742379695366,0.4378189573912307,0.8665778274334355,0.009060087349025973,0.13338415324687958
a4398,/mnt/data_disk/HDRData/1000hdr/HDRtest/a4398-Duggan_050709_1062.exr,/mnt/data_disk/ZQL/TIP_TMO_result/tradition/Shibata/a4398.png,341,512,0.822584424513821,0.7825607582704878,0.27218709486870324,0.4093949678476753,0.8177031238598276,0.001086811835523103,0.1564691960811615
a4399,/mnt/data_disk/HDRData/1000hdr/HDRtest/a4399-Duggan_080410_5879.exr,/mnt/data_disk/ZQL/TIP_TMO_result/tradition/Shibata/a4399.png,341,512,0.8843697151771813,0.812816791331966,0.5622767348812966,0.37340971156188213,0.7467985100956711,2.0913028093141963e-05,0.13795006275177002
a4409,/mnt/data_disk/HDRData/1000hdr/HDRtest/a4409-Duggan_090503_8738.exr,/mnt/data_disk/ZQL/TIP_TMO_result/tradition/Shibata/a4409.png,341,512,0.8821911253847994,0.9425965231260856,0.35433819149017837,0.771912311500495,0.9286250280138315,0.6151995949871585,0.18617817759513855
a4419,/mnt/data_disk/HDRData/1000hdr/HDRtest/a4419-_DGW0269.exr,/mnt/data_disk/ZQL/TIP_TMO_result/tradition/Shibata/a4419.png,341,512,0.8198314928604402,0.805715561195993,0.22772377814336014,0.39841070850125176,0.7968066648115089,1.4752190994656036e-05,0.19958215951919556
a4420,/mnt/data_disk/HDRData/1000hdr/HDRtest/a4420-DSC_0054.exr,/mnt/data_disk/ZQL/TIP_TMO_result/tradition/Shibata/a4420.png,343,512,0.7779334087083338,0.6589453760320858,0.24014878540124876,0.27809104625931513,0.5561820925173689,1.2613405380775702e-12,0.2170437127351761
a4421,/mnt/data_disk/HDRData/1000hdr/HDRtest/a4421-Duggan_090214_5129.exr,/mnt/data_disk/ZQL/TIP_TMO_result/tradition/Shibata/a4421.png,341,512,0.8168662359488028,0.9078791616011466,0.10013734760279881,0.4395565529580623,0.8791131045984308,1.3176936837271593e-09,0.140461727976799
a4425,/mnt/data_disk/HDRData/1000hdr/HDRtest/a4425-DSC_0007.exr,/mnt/data_disk/ZQL/TIP_TMO_result/tradition/Shibata/a4425.png,343,512,0.9150534372815271,0.7935678269687456,0.7908515560187921,0.45759048390465834,0.7523261447750078,0.1628548230343089,0.20055076479911804
a4430,/mnt/data_disk/HDRData/1000hdr/HDRtest/a4430-09-05-19-at-19h04m03s-_MG_9559.exr,/mnt/data_disk/ZQL/TIP_TMO_result/tradition/Shibata/a4430.png,341,512,0.7738985795597065,0.5291823162377614,0.4556831054737024,0.30717330949456484,0.6143466189244854,6.464432875681175e-11,0.14246314764022827
a4431,/mnt/data_disk/HDRData/1000hdr/HDRtest/a4431-Duggan_090330_6282.exr,/mnt/data_disk/ZQL/TIP_TMO_result/tradition/Shibata/a4431.png,341,512,0.882184736553984,0.9100004175800057,0.39910482251107315,0.8957713506283886,0.8307195411277335,0.9608231601290437,0.18286317586898804
a4432,/mnt/data_disk/HDRData/1000hdr/HDRtest/a4432-Duggan_081114_3124.exr,/mnt/data_disk/ZQL/TIP_TMO_result/tradition/Shibata/a4432.png,341,512,0.7987361632128218,0.7275735683989095,0.2363367886564539,0.3944961669921073,0.7866944331890393,0.0022979007951753165,0.17038612067699432
a4433,/mnt/data_disk/HDRData/1000hdr/HDRtest/a4433-Duggan_090504_8957.exr,/mnt/data_disk/ZQL/TIP_TMO_result/tradition/Shibata/a4433.png,341,512,0.9188468096345024,0.8925955688629996,0.6400740482780669,0.6716642548397682,0.8651987489743139,0.4781297607052224,0.1828082948923111
a4434,/mnt/data_disk/HDRData/1000hdr/HDRtest/a4434-20090414_at_23h05m38__MG_1365.exr,/mnt/data_disk/ZQL/TIP_TMO_result/tradition/Shibata/a4434.png,341,512,0.6795695036793127,0.49198037174006226,0.08296757130367807,0.4030552993890658,0.7990453908906126,0.007065207887519101,0.05623890459537506
a4435,/mnt/data_disk/HDRData/1000hdr/HDRtest/a4435-WP_CRW_0591.exr,/mnt/data_disk/ZQL/TIP_TMO_result/tradition/Shibata/a4435.png,341,512,0.9266052475173621,0.8270231619715288,0.8048079119500109,0.4361492517603055,0.8720451082369701,0.0002533952836408867,0.23981264233589172
a4436,/mnt/data_disk/HDRData/1000hdr/HDRtest/a4436-DSC_0153.exr,/mnt/data_disk/ZQL/TIP_TMO_result/tradition/Shibata/a4436.png,343,512,0.9008971633432336,0.9081988202771449,0.5071129762773791,0.7581331160588458,0.9266027652844567,0.5896634668332349,0.14230279624462128
a4442,/mnt/data_disk/HDRData/1000hdr/HDRtest/a4442-Duggan_080629_9284.exr,/mnt/data_disk/ZQL/TIP_TMO_result/tradition/Shibata/a4442.png,341,512,0.8630585612858517,0.8080174329634443,0.44634876064688894,0.3869169778734998,0.7738325116695169,1.4440774827326688e-06,0.17571783065795898
a4447,/mnt/data_disk/HDRData/1000hdr/HDRtest/a4447-Duggan_090321_5856.exr,/mnt/data_disk/ZQL/TIP_TMO_result/tradition/Shibata/a4447.png,341,512,0.9104049913723153,0.7687866857014439,0.8076903211884896,0.4397922348105211,0.8682876301791985,0.011296839441843653,0.23894405364990234
a4448,/mnt/data_disk/HDRData/1000hdr/HDRtest/a4448-Duggan_080119_4778.exr,/mnt/data_disk/ZQL/TIP_TMO_result/tradition/Shibata/a4448.png,341,512,0.9135955628233922,0.9302128799142598,0.5483595112033479,0.48545045094171513,0.9202875059411332,0.0506133959422971,0.11739500612020493
a4449,/mnt/data_disk/HDRData/1000hdr/HDRtest/a4449-DSC_0030.exr,/mnt/data_disk/ZQL/TIP_TMO_result/tradition/Shibata/a4449.png,343,512,0.8270165963244863,0.6920472273049915,0.43833339156986917,0.3882443692615027,0.7764788127692372,9.925753768143973e-06,0.17366360127925873
a4452,/mnt/data_disk/HDRData/1000hdr/HDRtest/a4452-DSC_0084.exr,/mnt/data_disk/ZQL/TIP_TMO_result/tradition/Shibata/a4452.png,340,512,0.9234003514321414,0.7955731882876258,0.842853271264623,0.45668256907594557,0.8783697534183672,0.03499538473352396,0.20571234822273254
a4455,/mnt/data_disk/HDRData/1000hdr/HDRtest/a4455-Duggan_080106_4325.exr,/mnt/data_disk/ZQL/TIP_TMO_result/tradition/Shibata/a4455.png,341,512,0.950267918958509,0.854072576939328,0.9148928696739742,0.6022189385221157,0.8815454231835044,0.32289245386072696,0.2605888545513153
a4456,/mnt/data_disk/HDRData/1000hdr/HDRtest/a4456-DSC_0472.exr,/mnt/data_disk/ZQL/TIP_TMO_result/tradition/Shibata/a4456.png,343,512,0.8391294462209848,0.695928567986967,0.5003304033309113,0.3422433545187097,0.6844867090372864,1.3300232888407465e-13,0.22898633778095245
a4457,/mnt/data_disk/HDRData/1000hdr/HDRtest/a4457-_DSC0012-5.exr,/mnt/data_disk/ZQL/TIP_TMO_result/tradition/Shibata/a4457.png,340,512,0.9339333767014745,0.8556590742402653,0.8011272457753685,0.7055437551419244,0.8992561282117765,0.5118313820720723,0.10259638726711273
a4465,/mnt/data_disk/HDRData/1000hdr/HDRtest/a4465-DSC_0051.exr,/mnt/data_disk/ZQL/TIP_TMO_result/tradition/Shibata/a4465.png,340,512,0.7993136035299431,0.8496327160936588,0.09296086007785816,0.3942765114228626,0.788179313758241,0.0003737090874841749,0.11044243723154068
a4466,/mnt/data_disk/HDRData/1000hdr/HDRtest/a4466-20090327_at_11h08m58__MG_0964.exr,/mnt/data_disk/ZQL/TIP_TMO_result/tradition/Shibata/a4466.png,341,512,0.9325640185859659,0.8518962828576979,0.7988371897613054,0.45580204268369817,0.8599384243738569,0.0516656609935394,0.25803956389427185
a4467,/mnt/data_disk/HDRData/1000hdr/HDRtest/a4467-Duggan_090426_7873.exr,/mnt/data_disk/ZQL/TIP_TMO_result/tradition/Shibata/a4467.png,341,512,0.9348009457156402,0.8312859496900836,0.8519033950131447,0.4155414274787681,0.8310761922266117,6.662730924540318e-06,0.2476431429386139
a4470,/mnt/data_disk/HDRData/1000hdr/HDRtest/a4470-Duggan_090123_4566.exr,/mnt/data_disk/ZQL/TIP_TMO_result/tradition/Shibata/a4470.png,341,512,0.9472551055885116,0.8223016834778696,0.9549336565433973,0.39910416268998394,0.7947660284171808,0.003442296962787118,0.22258006036281586
a4471,/mnt/data_disk/HDRData/1000hdr/HDRtest/a4471-Duggan_090321_5859.exr,/mnt/data_disk/ZQL/TIP_TMO_result/tradition/Shibata/a4471.png,341,512,0.8687095527915887,0.8185544422962908,0.46147117329307774,0.38680390502132894,0.7736078100421853,4.726154578873082e-13,0.2460215836763382
a4472,/mnt/data_disk/HDRData/1000hdr/HDRtest/a4472-Duggan_090504_9026.exr,/mnt/data_disk/ZQL/TIP_TMO_result/tradition/Shibata/a4472.png,341,512,0.9628425359602487,0.8934088482031283,0.9289556382708921,0.8567744442178209,0.9103088906721333,0.8032399977635085,0.29974737763404846
a4474,/mnt/data_disk/HDRData/1000hdr/HDRtest/a4474-09-05-19-at-18h56m31s-_MG_9553.exr,/mnt/data_disk/ZQL/TIP_TMO_result/tradition/Shibata/a4474.png,341,512,0.8536084678513982,0.8146193803806112,0.3842100104898773,0.4875094137839219,0.8800507302625619,0.09496809730528191,0.13040903210639954
a4476,/mnt/data_disk/HDRData/1000hdr/HDRtest/a4476-IMG_4029.exr,/mnt/data_disk/ZQL/TIP_TMO_result/tradition/Shibata/a4476.png,341,512,0.8185954412856535,0.7766205960240672,0.2612466911282118,0.4114985257078141,0.8222751286602431,0.0007219227553851222,0.14080077409744263
a4477,/mnt/data_disk/HDRData/1000hdr/HDRtest/a4477-20090327_at_06h09m52__MG_0855.exr,/mnt/data_disk/ZQL/TIP_TMO_result/tradition/Shibata/a4477.png,341,512,0.8813665554262702,0.7852955420656093,0.591586279489989,0.39316711060746834,0.7219590637416149,0.06437515747332183,0.20586298406124115
a4479,/mnt/data_disk/HDRData/1000hdr/HDRtest/a4479-09-05-19-at-18h39m42s-_MG_9545.exr,/mnt/data_disk/ZQL/TIP_TMO_result/tradition/Shibata/a4479.png,341,512,0.8970263363926485,0.7792285940684378,0.7003672031090331,0.3987582589872908,0.7974522187659995,6.429920858204756e-05,0.23962508141994476
a4480,/mnt/data_disk/HDRData/1000hdr/HDRtest/a4480-Duggan_090201_4896.exr,/mnt/data_disk/ZQL/TIP_TMO_result/tradition/Shibata/a4480.png,341,512,0.8043859094298623,0.6900771057038892,0.32071480079263726,0.33990267415852143,0.6798053033573674,4.495967545381103e-08,0.24719037115573883
a4487,/mnt/data_disk/HDRData/1000hdr/HDRtest/a4487-Duggan_090322_5971.exr,/mnt/data_disk/ZQL/TIP_TMO_result/tradition/Shibata/a4487.png,341,512,0.8327771479010452,0.7585265897903843,0.35946686654820376,0.41180630998212425,0.8236069195382328,5.7004260156191105e-06,0.1865227073431015
