id,hdr_path,ldr_path,height,width,tmqi_q,tmqi_s,tmqi_n,tmqi2_q,tmqi2_s,tmqi2_n,nlpd
a2808,/mnt/data_disk/HDRData/1000hdr/HDRtest/a2808-20080516_072208__MG_0018.exr,/mnt/data_disk/ZQL/TIP_TMO_result/tradition/Logarithmic/a2808.png,341,512,0.8688634203591327,0.8387348369615444,0.4308468006551492,0.38900409746628306,0.7777864605204975,0.0002217344120685823,0.21732749044895172
a2824,/mnt/data_disk/HDRData/1000hdr/HDRtest/a2824-dvf_035.exr,/mnt/data_disk/ZQL/TIP_TMO_result/tradition/Logarithmic/a2824.png,341,512,0.7662339246746032,0.82295111654288,0.017291533232869416,0.2404432908971964,0.4808865817943286,6.425230086105078e-14,0.09294208884239197
a2854,/mnt/data_disk/HDRData/1000hdr/HDRtest/a2854-NKIM_MG_7374.exr,/mnt/data_disk/ZQL/TIP_TMO_result/tradition/Logarithmic/a2854.png,341,512,0.7638134637799668,0.8389884709064608,0.00452497260904354,0.2948059272137287,0.5896118544274574,1.7531891838163307e-30,0.32659122347831726
a2861,/mnt/data_disk/HDRData/1000hdr/HDRtest/a2861-IMG_4397.exr,/mnt/data_disk/ZQL/TIP_TMO_result/tradition/Logarithmic/a2861.png,341,512,nan,nan,0.19994508525339716,0.28071824544659046,0.5614364908931809,2.9509168009188036e-19,0.19168494641780853
a2862,/mnt/data_disk/HDRData/1000hdr/HDRtest/a2862-_DSC0055.exr,/mnt/data_disk/ZQL/TIP_TMO_result/tradition/Logarithmic/a2862.png,340,512,0.9071333134426565,0.8403956802384016,0.6548497816527492,0.4351867542256787,0.8701622593805015,0.00021124907085592632,0.2060052752494812
a2876,/mnt/data_disk/HDRData/1000hdr/HDRtest/a2876-jn_20080130_Las_Vegas_0082.exr,/mnt/data_disk/ZQL/TIP_TMO_result/tradition/Logarithmic/a2876.png,341,512,0.6961684643584172,0.5923204840777533,0.021566685556362725,0.3300347328142389,0.6600694656284778,9.328445457813212e-18,0.189340740442276
a2883,/mnt/data_disk/HDRData/1000hdr/HDRtest/a2883-_DSC0008-2.exr,/mnt/data_disk/ZQL/TIP_TMO_result/tradition/Logarithmic/a2883.png,340,512,0.720493922826225,0.6497972871166929,0.03345034037075729,0.29172572583579814,0.5834514516715954,8.825044152535313e-16,0.09658173471689224
a2913,/mnt/data_disk/HDRData/1000hdr/HDRtest/a2913-IMG_0138.exr,/mnt/data_disk/ZQL/TIP_TMO_result/tradition/Logarithmic/a2913.png,341,512,0.7943190209047863,0.696961178980641,0.2601846359920394,0.43066246572294997,0.86132493144302,2.8798683533535725e-12,0.2717214524745941
a2933,/mnt/data_disk/HDRData/1000hdr/HDRtest/a2933-_I2E7313.exr,/mnt/data_disk/ZQL/TIP_TMO_result/tradition/Logarithmic/a2933.png,341,512,0.7284132591629965,0.5874971086460533,0.13091552492053432,0.3252919156073556,0.6505838312147104,8.155777302651637e-16,0.204560786485672
a2956,/mnt/data_disk/HDRData/1000hdr/HDRtest/a2956-KE_-0035.exr,/mnt/data_disk/ZQL/TIP_TMO_result/tradition/Logarithmic/a2956.png,340,512,0.9341123821702753,0.8839710349763232,0.7521138636423008,0.36980729726168243,0.7396131202645405,1.474258824386876e-06,0.1991722285747528
a2986,/mnt/data_disk/HDRData/1000hdr/HDRtest/a2986-_DGW6325.exr,/mnt/data_disk/ZQL/TIP_TMO_result/tradition/Logarithmic/a2986.png,341,512,0.8261169841590432,0.7132221301422446,0.39703502722387823,0.38642860621757347,0.7728572124350581,8.882588454364076e-14,0.3210332691669464
a3267,/mnt/data_disk/HDRData/1000hdr/HDRtest/a3267-WP_CRW_0087.exr,/mnt/data_disk/ZQL/TIP_TMO_result/tradition/Logarithmic/a3267.png,341,512,0.9041913498262258,0.8001856701066719,0.7076572348074092,0.4465640523470039,0.8468409412377158,0.04628716345629201,0.2338891327381134
a3285,/mnt/data_disk/HDRData/1000hdr/HDRtest/a3285-CRW_0291.exr,/mnt/data_disk/ZQL/TIP_TMO_result/tradition/Logarithmic/a3285.png,341,512,0.7744037087203495,0.7281382627125947,0.13075555342940756,0.41360636130849504,0.8272127226169901,2.5736704508282623e-19,0.3866017460823059
a3288,/mnt/data_disk/HDRData/1000hdr/HDRtest/a3288-KE_-0049.exr,/mnt/data_disk/ZQL/TIP_TMO_result/tradition/Logarithmic/a3288.png,340,512,0.9006067856208937,0.7413662368423003,0.7966285060182986,0.5035427698265138,0.8117955469182275,0.1952899927348001,0.1891581118106842
a3306,/mnt/data_disk/HDRData/1000hdr/HDRtest/a3306-IMG_4969.exr,/mnt/data_disk/ZQL/TIP_TMO_result/tradition/Logarithmic/a3306.png,341,512,0.9179493300291741,0.731202969297029,0.9354859625615596,0.4021710535533844,0.8040108830059637,0.0003312241008050742,0.22769244015216827
a3312,/mnt/data_disk/HDRData/1000hdr/HDRtest/a3312-IMG_1063.exr,/mnt/data_disk/ZQL/TIP_TMO_result/tradition/Logarithmic/a3312.png,341,512,0.8983569416756675,0.719178900943488,0.8266005999531921,0.3823969618604708,0.7646633729112705,0.00013055080967104508,0.21304261684417725
a3315,/mnt/data_disk/HDRData/1000hdr/HDRtest/a3315-MB_20030906_022.exr,/mnt/data_disk/ZQL/TIP_TMO_result/tradition/Logarithmic/a3315.png,341,512,0.857654581999667,0.7632533066875653,0.48910652888278006,0.3905998198304225,0.7811992551212136,3.845396315065705e-07,0.34930381178855896
a3316,/mnt/data_disk/HDRData/1000hdr/HDRtest/a3316-20051225_163230__MG_1390.exr,/mnt/data_disk/ZQL/TIP_TMO_result/tradition/Logarithmic/a3316.png,341,512,0.816449112176429,0.9094573157791291,0.0971411844844758,0.3696259420336291,0.7392518840653249,1.9331968028043124e-12,0.15505248308181763
a3318,/mnt/data_disk/HDRData/1000hdr/HDRtest/a3318-JI2E5722.exr,/mnt/data_disk/ZQL/TIP_TMO_result/tradition/Logarithmic/a3318.png,341,512,0.8259947537339176,0.8521346322718508,0.19723944065046903,0.38636805229628374,0.7715178735077229,0.0012182310848445346,0.1435922235250473
a3321,/mnt/data_disk/HDRData/1000hdr/HDRtest/a3321-DSC_0054.exr,/mnt/data_disk/ZQL/TIP_TMO_result/tradition/Logarithmic/a3321.png,340,512,0.802789883086106,0.8658837480780128,0.0896511745554503,0.41569639365815253,0.8313927873161816,1.234756565784743e-13,0.13263854384422302
a3325,/mnt/data_disk/HDRData/1000hdr/HDRtest/a3325-050819_154342__MG_5227.exr,/mnt/data_disk/ZQL/TIP_TMO_result/tradition/Logarithmic/a3325.png,341,512,0.9371608312688898,0.8479739215108616,0.8367763643872268,0.6491912704175824,0.895509892112393,0.4028726487227718,0.10392247885465622
a3337,/mnt/data_disk/HDRData/1000hdr/HDRtest/a3337-dgw_112.exr,/mnt/data_disk/ZQL/TIP_TMO_result/tradition/Logarithmic/a3337.png,341,512,0.7871087152817707,0.6413286863461407,0.31317203472039,0.3475570224234992,0.6945910991758661,0.0005229456711322005,0.39868539571762085
a3339,/mnt/data_disk/HDRData/1000hdr/HDRtest/a3339-_MG_7202.exr,/mnt/data_disk/ZQL/TIP_TMO_result/tradition/Logarithmic/a3339.png,341,512,0.9140089747207174,0.7552957530828049,0.8587056568778573,0.3590490737222445,0.7180761979428723,2.194950161668876e-05,0.21285252273082733
a3341,/mnt/data_disk/HDRData/1000hdr/HDRtest/a3341-jmac_DSC2590.exr,/mnt/data_disk/ZQL/TIP_TMO_result/tradition/Logarithmic/a3341.png,340,512,0.8391612893194956,0.8301423893151122,0.2873074924257348,0.4138952467230836,0.8277896679532716,8.254928956208993e-07,0.09889128059148788
a3344,/mnt/data_disk/HDRData/1000hdr/HDRtest/a3344-NKIM_MG_6348.exr,/mnt/data_disk/ZQL/TIP_TMO_result/tradition/Logarithmic/a3344.png,341,512,0.8951293770287668,0.8825188199669004,0.512947866520812,0.3453043840464262,0.6664106759537902,0.02419809213906225,0.08957643806934357
a3345,/mnt/data_disk/HDRData/1000hdr/HDRtest/a3345-20080514_105211__MG_9917.exr,/mnt/data_disk/ZQL/TIP_TMO_result/tradition/Logarithmic/a3345.png,341,512,0.8704000457078681,0.8548764554625825,0.4149083468755782,0.34918153632581783,0.6983630706936799,1.9579558271468927e-09,0.19207598268985748
a3351,/mnt/data_disk/HDRData/1000hdr/HDRtest/a3351-KE_-1722.exr,/mnt/data_disk/ZQL/TIP_TMO_result/tradition/Logarithmic/a3351.png,340,512,0.8339330438209089,0.6998151572080671,0.46352876359932466,0.34362440317434895,0.6869822600691811,0.00026654627951686706,0.15910205245018005
a3356,/mnt/data_disk/HDRData/1000hdr/HDRtest/a3356-_DSC9981.exr,/mnt/data_disk/ZQL/TIP_TMO_result/tradition/Logarithmic/a3356.png,341,512,0.9019559683024793,0.783132017913996,0.7247910255306116,0.32765605064288,0.6551722831508596,0.0001398181349003879,0.1921398639678955
a3360,/mnt/data_disk/HDRData/1000hdr/HDRtest/a3360-IMG_0017.exr,/mnt/data_disk/ZQL/TIP_TMO_result/tradition/Logarithmic/a3360.png,341,512,0.9083828105233162,0.8020237655227616,0.7313086061424785,0.4461734778780604,0.8923468229970763,1.3275904439344837e-07,0.2250007539987564
a3365,/mnt/data_disk/HDRData/1000hdr/HDRtest/a3365-jn_20071207_Xmas_House_0124.exr,/mnt/data_disk/ZQL/TIP_TMO_result/tradition/Logarithmic/a3365.png,341,512,0.7911975630485296,0.779457314989362,0.13686387111629691,0.3811903590785498,0.7623807180570205,1.0007921723091039e-10,0.09317748993635178
a3366,/mnt/data_disk/HDRData/1000hdr/HDRtest/a3366-Ja_Pe-6.exr,/mnt/data_disk/ZQL/TIP_TMO_result/tradition/Logarithmic/a3366.png,288,512,0.8621379860203452,0.7361777107050603,0.5629953815798376,0.42411739581822205,0.8482347071624909,8.447395311680727e-08,0.2727010250091553
a3369,/mnt/data_disk/HDRData/1000hdr/HDRtest/a3369-IMG_0004.exr,/mnt/data_disk/ZQL/TIP_TMO_result/tradition/Logarithmic/a3369.png,341,512,0.8698499553115306,0.7491393200962737,0.5860739260653858,0.41405700910381454,0.8281140165948726,1.6127565031471071e-09,0.3128426671028137
a3371,/mnt/data_disk/HDRData/1000hdr/HDRtest/a3371-07-12-01-at-11h32m58s-_MG_8498.exr,/mnt/data_disk/ZQL/TIP_TMO_result/tradition/Logarithmic/a3371.png,341,512,0.8757597119209313,0.8189751616083821,0.5012283066927246,0.39338274865167894,0.779726479790673,0.007039017512684879,0.24118736386299133
a3382,/mnt/data_disk/HDRData/1000hdr/HDRtest/a3382-IMG_4032.exr,/mnt/data_disk/ZQL/TIP_TMO_result/tradition/Logarithmic/a3382.png,341,512,0.8602166465956611,0.7991254359852203,0.4445799528023802,0.40560901301923913,0.8112150748982547,2.9511402235082692e-06,0.18924464285373688
a3388,/mnt/data_disk/HDRData/1000hdr/HDRtest/a3388-jmac_DSC2214.exr,/mnt/data_disk/ZQL/TIP_TMO_result/tradition/Logarithmic/a3388.png,340,512,0.9162485057691563,0.8546292176739585,0.6878220381548416,0.5536759891186098,0.7709092043108254,0.3364427739263943,0.15446102619171143
a3390,/mnt/data_disk/HDRData/1000hdr/HDRtest/a3390-dgw_070.exr,/mnt/data_disk/ZQL/TIP_TMO_result/tradition/Logarithmic/a3390.png,341,512,0.9065033835427527,0.6998272523704702,0.9231143273309407,0.39159957102050563,0.7787751200462254,0.004424021994785894,0.2579203248023987
a3391,/mnt/data_disk/HDRData/1000hdr/HDRtest/a3391-050904_125814__I2E8654.exr,/mnt/data_disk/ZQL/TIP_TMO_result/tradition/Logarithmic/a3391.png,341,512,0.8826649064556531,0.698202656364166,0.7655930952418072,0.375077066042231,0.7501537206876708,4.113967911504221e-07,0.23827292025089264
a3393,/mnt/data_disk/HDRData/1000hdr/HDRtest/a3393-_DSC0057.exr,/mnt/data_disk/ZQL/TIP_TMO_result/tradition/Logarithmic/a3393.png,340,512,0.8435197053943495,0.8239354988722005,0.31780091893782764,0.5209728854392246,0.8855207565190146,0.15642501435943448,0.15050165355205536
a3394,/mnt/data_disk/HDRData/1000hdr/HDRtest/a3394-_DGW6419.exr,/mnt/data_disk/ZQL/TIP_TMO_result/tradition/Logarithmic/a3394.png,341,512,0.9069964743262532,0.7419081166993553,0.8382985956367046,0.4992036607042333,0.7823654762426138,0.21604184516585279,0.36477312445640564
a3400,/mnt/data_disk/HDRData/1000hdr/HDRtest/a3400-07-11-04-at-17h36m14s-_MG_4004.exr,/mnt/data_disk/ZQL/TIP_TMO_result/tradition/Logarithmic/a3400.png,341,512,0.8076614373985753,0.4951704146276562,0.7418086054642606,0.2650179477078662,0.5300358951755166,2.402157404032444e-10,0.23639877140522003
a3401,/mnt/data_disk/HDRData/1000hdr/HDRtest/a3401-20061111_122429__E6B5415.exr,/mnt/data_disk/ZQL/TIP_TMO_result/tradition/Logarithmic/a3401.png,341,512,0.8923021365958012,0.8446651089087673,0.5567319229003513,0.44284812570952853,0.8838502314666474,0.0018460199524095984,0.1492343246936798
a3402,/mnt/data_disk/HDRData/1000hdr/HDRtest/a3402-jmac_DSC3153.exr,/mnt/data_disk/ZQL/TIP_TMO_result/tradition/Logarithmic/a3402.png,340,512,0.9035886783271749,0.8121962355409649,0.6820777432910632,0.46663510092759775,0.8628090408474456,0.07046116100774996,0.18212014436721802
a3413,/mnt/data_disk/HDRData/1000hdr/HDRtest/a3413-20041217_193556__E6B0485.exr,/mnt/data_disk/ZQL/TIP_TMO_result/tradition/Logarithmic/a3413.png,341,512,0.9266287749910569,0.7762214889769454,0.9029631390316079,0.3935086510212585,0.7866348363485131,0.0003824656940039165,0.1574869006872177
a3414,/mnt/data_disk/HDRData/1000hdr/HDRtest/a3414-DSC_0002.exr,/mnt/data_disk/ZQL/TIP_TMO_result/tradition/Logarithmic/a3414.png,340,512,0.9284094295142796,0.8399902120496135,0.79292444017231,0.4148750030960614,0.8297063383054154,4.366788670740872e-05,0.19541499018669128
a3415,/mnt/data_disk/HDRData/1000hdr/HDRtest/a3415-jmac_DSC6092.exr,/mnt/data_disk/ZQL/TIP_TMO_result/tradition/Logarithmic/a3415.png,340,512,0.8096992975664287,0.8512819189054329,0.1301219528377754,0.41208308134885857,0.8241661626271447,7.05723885769921e-11,0.15112505853176117
a3416,/mnt/data_disk/HDRData/1000hdr/HDRtest/a3416-IMG_4746.exr,/mnt/data_disk/ZQL/TIP_TMO_result/tradition/Logarithmic/a3416.png,341,512,0.8254736622261988,0.7136827073057739,0.3927820904388326,0.4125139027914964,0.8250277502078579,5.537513490068493e-08,0.25706201791763306
a3418,/mnt/data_disk/HDRData/1000hdr/HDRtest/a3418-2004-02-07 16-53-50 CRW_3754.exr,/mnt/data_disk/ZQL/TIP_TMO_result/tradition/Logarithmic/a3418.png,341,512,0.8747264435465734,0.8525522459263573,0.44240915978450995,0.3824981890771234,0.7649951600178794,1.2181363673957238e-06,0.10131331533193588
a3422,/mnt/data_disk/HDRData/1000hdr/HDRtest/a3422-WP_CRW_0302.exr,/mnt/data_disk/ZQL/TIP_TMO_result/tradition/Logarithmic/a3422.png,341,512,0.8107945866340491,0.7868009233055979,0.21116930508666648,0.3452900277705018,0.6905798858070982,1.6973390533946532e-07,0.20442546904087067
a3424,/mnt/data_disk/HDRData/1000hdr/HDRtest/a3424-CRW_0163.exr,/mnt/data_disk/ZQL/TIP_TMO_result/tradition/Logarithmic/a3424.png,341,512,0.8319588953013087,0.7443233967216842,0.37756213999702504,0.361041480578652,0.7220829610737145,8.358946071839181e-11,0.29634517431259155
a3431,/mnt/data_disk/HDRData/1000hdr/HDRtest/a3431-_DSC0103-3.exr,/mnt/data_disk/ZQL/TIP_TMO_result/tradition/Logarithmic/a3431.png,340,512,0.9478455082429227,0.8027028544115126,0.9980401855514816,0.4428948194093343,0.8826660074628448,0.0031236313558237424,0.1251775175333023
a3432,/mnt/data_disk/HDRData/1000hdr/HDRtest/a3432-jmac_DSC3184.exr,/mnt/data_disk/ZQL/TIP_TMO_result/tradition/Logarithmic/a3432.png,340,512,0.9414435435589406,0.8390900766700832,0.8824304307065538,0.5394853803719267,0.8639708637720771,0.21499989697177638,0.11898569017648697
a3433,/mnt/data_disk/HDRData/1000hdr/HDRtest/a3433-NKIM_MG_8213.exr,/mnt/data_disk/ZQL/TIP_TMO_result/tradition/Logarithmic/a3433.png,341,512,0.8909643823625565,0.780166221934293,0.6601887603547874,0.41143101584919356,0.8228510114170131,1.1020281373985297e-05,0.27870607376098633
a3439,/mnt/data_disk/HDRData/1000hdr/HDRtest/a3439-IMG_3798.exr,/mnt/data_disk/ZQL/TIP_TMO_result/tradition/Logarithmic/a3439.png,341,512,0.7385515463740924,0.5313168363574206,0.2658452785936128,0.4542313123182158,0.9084626245989454,3.74861645887041e-11,0.1442050337791443
a3441,/mnt/data_disk/HDRData/1000hdr/HDRtest/a3441-dgw_064.exr,/mnt/data_disk/ZQL/TIP_TMO_result/tradition/Logarithmic/a3441.png,341,512,0.748211940171406,0.740576639236809,0.031273094010025475,0.4073069184481714,0.8146138368963428,2.632488124634923e-22,0.3003906309604645
a3444,/mnt/data_disk/HDRData/1000hdr/HDRtest/a3444-WP_CRW_6313.exr,/mnt/data_disk/ZQL/TIP_TMO_result/tradition/Logarithmic/a3444.png,341,512,0.9074684694283861,0.8003232447046974,0.728523241283159,0.37933683262347506,0.7225781471377899,0.0360955181091602,0.1606941819190979
a3446,/mnt/data_disk/HDRData/1000hdr/HDRtest/a3446-050730_134124__MG_3716.exr,/mnt/data_disk/ZQL/TIP_TMO_result/tradition/Logarithmic/a3446.png,341,512,0.8060252042499617,0.9036067456114727,0.06674056965771345,0.3475204555369726,0.6950409110739451,5.796087665881542e-17,0.22141101956367493
a3448,/mnt/data_disk/HDRData/1000hdr/HDRtest/a3448-IMG_0113.exr,/mnt/data_disk/ZQL/TIP_TMO_result/tradition/Logarithmic/a3448.png,341,512,0.9139382792996936,0.726136788377929,0.9183385423721319,0.49300296327118875,0.8436420361052224,0.14236389043715508,0.22819986939430237
a3449,/mnt/data_disk/HDRData/1000hdr/HDRtest/a3449-jmac_DSC2669.exr,/mnt/data_disk/ZQL/TIP_TMO_result/tradition/Logarithmic/a3449.png,340,512,0.8635185701587846,0.9048192647825849,0.30841168545634734,0.43249767999356875,0.8649870014891984,8.358497939097156e-06,0.14187514781951904
a3451,/mnt/data_disk/HDRData/1000hdr/HDRtest/a3451-IMG_1088.exr,/mnt/data_disk/ZQL/TIP_TMO_result/tradition/Logarithmic/a3451.png,341,512,0.8885698982837539,0.769032587400216,0.6655451001409156,0.3985945638628753,0.7969743342815151,0.00021479344423551574,0.2874252200126648
a3452,/mnt/data_disk/HDRData/1000hdr/HDRtest/a3452-IMG_1205.exr,/mnt/data_disk/ZQL/TIP_TMO_result/tradition/Logarithmic/a3452.png,341,512,0.7817184459384797,0.9040529087184436,0.005168354313655485,0.3555690496163745,0.711138099232749,1.8238665042372996e-19,0.08798442035913467
a3456,/mnt/data_disk/HDRData/1000hdr/HDRtest/a3456-DSC_0006-1-2.exr,/mnt/data_disk/ZQL/TIP_TMO_result/tradition/Logarithmic/a3456.png,340,512,0.9109603395212421,0.7893413546713159,0.7718335711621417,0.41917044234479756,0.8006423095985347,0.03769857509106044,0.15313304960727692
a3457,/mnt/data_disk/HDRData/1000hdr/HDRtest/a3457-NKIM_025.exr,/mnt/data_disk/ZQL/TIP_TMO_result/tradition/Logarithmic/a3457.png,341,512,0.8443993034772058,0.8421976840794632,0.2967598503017743,0.40044851553104416,0.8008970310596498,2.438443946531023e-12,0.22221700847148895
a3460,/mnt/data_disk/HDRData/1000hdr/HDRtest/a3460-20080514_105637__MG_9928.exr,/mnt/data_disk/ZQL/TIP_TMO_result/tradition/Logarithmic/a3460.png,341,512,0.9410618264128825,0.7871191496516335,0.9816083887351276,0.44073322925523245,0.8734847978598363,0.007981660650628572,0.19371438026428223
a3462,/mnt/data_disk/HDRData/1000hdr/HDRtest/a3462-dgw_051.exr,/mnt/data_disk/ZQL/TIP_TMO_result/tradition/Logarithmic/a3462.png,341,512,0.7970849917192443,0.6686404385086444,0.3183965663533655,0.3532889017471145,0.7065775440070865,2.594871424991425e-07,0.3268938958644867
a3464,/mnt/data_disk/HDRData/1000hdr/HDRtest/a3464-tc_DSC2199.exr,/mnt/data_disk/ZQL/TIP_TMO_result/tradition/Logarithmic/a3464.png,340,512,0.8879981079404807,0.6513188204899777,0.9027188553861714,0.40222580949950704,0.7892156423757664,0.015235976623247672,0.17316089570522308
a3465,/mnt/data_disk/HDRData/1000hdr/HDRtest/a3465-20060619_114622__MG_9153.exr,/mnt/data_disk/ZQL/TIP_TMO_result/tradition/Logarithmic/a3465.png,341,512,0.7882689347495611,0.8681249236814047,0.04152643123258771,0.33604877864356375,0.672097557287126,1.5962783673422873e-15,0.19944410026073456
a3466,/mnt/data_disk/HDRData/1000hdr/HDRtest/a3466-IMG_3941.exr,/mnt/data_disk/ZQL/TIP_TMO_result/tradition/Logarithmic/a3466.png,341,512,0.922147075843548,0.852684501449787,0.7290838531548346,0.44622583466795807,0.8907647957741677,0.0016868735617484843,0.1965467482805252
a3468,/mnt/data_disk/HDRData/1000hdr/HDRtest/a3468-IMG_4793.exr,/mnt/data_disk/ZQL/TIP_TMO_result/tradition/Logarithmic/a3468.png,341,512,0.922198809343497,0.8412002943460458,0.7498671811595274,0.44172111668702885,0.882588820128505,0.0008534132455526304,0.17337961494922638
a3470,/mnt/data_disk/HDRData/1000hdr/HDRtest/a3470-IMG_0835.exr,/mnt/data_disk/ZQL/TIP_TMO_result/tradition/Logarithmic/a3470.png,341,512,0.8976385814981274,0.716566637815568,0.8271673961614705,0.39380057087677744,0.7733264967686274,0.014274644984927495,0.26721805334091187
a3474,/mnt/data_disk/HDRData/1000hdr/HDRtest/a3474-jmac_MG_1125.exr,/mnt/data_disk/ZQL/TIP_TMO_result/tradition/Logarithmic/a3474.png,341,512,0.8013049998245187,0.8555491631303156,0.09430741863323759,0.43150359961428936,0.8630071992267281,1.8505926765058953e-12,0.13314871490001678
a3477,/mnt/data_disk/HDRData/1000hdr/HDRtest/a3477-_DSC0048.exr,/mnt/data_disk/ZQL/TIP_TMO_result/tradition/Logarithmic/a3477.png,340,512,0.9072702898214698,0.740079331836489,0.8438559683147241,0.4190569878079404,0.8374933716423243,0.0006206039735564546,0.20458677411079407
a3483,/mnt/data_disk/HDRData/1000hdr/HDRtest/a3483-_DSC0023-1.exr,/mnt/data_disk/ZQL/TIP_TMO_result/tradition/Logarithmic/a3483.png,340,512,0.8004659774166751,0.7350755403067881,0.23379475229700378,0.42415848078675616,0.8483156338739409,1.3276995713657605e-06,0.1199776902794838
a3486,/mnt/data_disk/HDRData/1000hdr/HDRtest/a3486-jmac_DSC3897.exr,/mnt/data_disk/ZQL/TIP_TMO_result/tradition/Logarithmic/a3486.png,343,512,0.8998517726712322,0.7134186240975076,0.8486243378310084,0.4398928215166888,0.8730246051905092,0.006761037842868437,0.21536195278167725
a3491,/mnt/data_disk/HDRData/1000hdr/HDRtest/a3491-DSC_0091.exr,/mnt/data_disk/ZQL/TIP_TMO_result/tradition/Logarithmic/a3491.png,340,512,0.8346866594882567,0.8259939770181638,0.27105736701173144,0.3748709080821468,0.7497415735994591,2.425648344633773e-07,0.1979016363620758
a3493,/mnt/data_disk/HDRData/1000hdr/HDRtest/a3493-IMG_0279.exr,/mnt/data_disk/ZQL/TIP_TMO_result/tradition/Logarithmic/a3493.png,341,512,0.9108409476292099,0.7124552456954296,0.9259727301836098,0.39707107542637105,0.7941379555451704,4.195307571621961e-06,0.23467648029327393
a3499,/mnt/data_disk/HDRData/1000hdr/HDRtest/a3499-jn_2007_12_11__BU_CRUISE_019.exr,/mnt/data_disk/ZQL/TIP_TMO_result/tradition/Logarithmic/a3499.png,341,512,0.8985949300052757,0.7288579072982488,0.8084049604225503,0.40669944117157336,0.7922122222237415,0.021186660119405124,0.14259900152683258
a3503,/mnt/data_disk/HDRData/1000hdr/HDRtest/a3503-050731_155906__I2E5378.exr,/mnt/data_disk/ZQL/TIP_TMO_result/tradition/Logarithmic/a3503.png,341,512,0.8582597425141025,0.8385302291265166,0.37345392408255845,0.38825244836920325,0.7759122921851257,0.0005926045532808453,0.18904347717761993
a3504,/mnt/data_disk/HDRData/1000hdr/HDRtest/a3504-IMG_0903.exr,/mnt/data_disk/ZQL/TIP_TMO_result/tradition/Logarithmic/a3504.png,341,512,0.9308808291792505,0.8679544173973521,0.7590099749598059,0.4603296465244711,0.9206585694334253,7.236155169900264e-07,0.19526302814483643
a3505,/mnt/data_disk/HDRData/1000hdr/HDRtest/a3505-CRW_0288.exr,/mnt/data_disk/ZQL/TIP_TMO_result/tradition/Logarithmic/a3505.png,341,512,0.7417985464267022,0.7558796814672293,0.007282164264387478,0.33951281182152754,0.6790256236430551,4.656178327668972e-25,0.26293909549713135
a3508,/mnt/data_disk/HDRData/1000hdr/HDRtest/a3508-NKIM_095.exr,/mnt/data_disk/ZQL/TIP_TMO_result/tradition/Logarithmic/a3508.png,341,512,0.8538937586863851,0.737128777789977,0.5124646986810367,0.42052445720178844,0.8410489088808247,5.5227521341926625e-09,0.33929407596588135
a3509,/mnt/data_disk/HDRData/1000hdr/HDRtest/a3509-_DGW6337.exr,/mnt/data_disk/ZQL/TIP_TMO_result/tradition/Logarithmic/a3509.png,341,512,0.7646124572194514,0.7615205486122509,0.0604796668767074,0.35269630873196456,0.7053926174639291,7.145359194754913e-21,0.4097446799278259
a3510,/mnt/data_disk/HDRData/1000hdr/HDRtest/a3510-JI2E4365.exr,/mnt/data_disk/ZQL/TIP_TMO_result/tradition/Logarithmic/a3510.png,341,512,0.82395880318273,0.7423936808511561,0.33851736992070874,0.32715198582556293,0.6543036985353228,2.7311580312336e-07,0.3006961941719055
a3511,/mnt/data_disk/HDRData/1000hdr/HDRtest/a3511-jmac_MG_0542.exr,/mnt/data_disk/ZQL/TIP_TMO_result/tradition/Logarithmic/a3511.png,341,512,0.9369200237499243,0.8027173625853073,0.9214060847084851,0.4078060605521719,0.8155786189502976,3.350215404623079e-05,0.13549162447452545
a3512,/mnt/data_disk/HDRData/1000hdr/HDRtest/a3512-LSstone_060805_9380.exr,/mnt/data_disk/ZQL/TIP_TMO_result/tradition/Logarithmic/a3512.png,341,512,0.8883054141339274,0.8212095435458603,0.5717724094043073,0.4171593090001916,0.8226333027699597,0.011685315230423531,0.15847423672676086
a3521,/mnt/data_disk/HDRData/1000hdr/HDRtest/a3521-JI2E5091.exr,/mnt/data_disk/ZQL/TIP_TMO_result/tradition/Logarithmic/a3521.png,341,512,0.8136529040377852,0.6380614717212317,0.4616047220293401,0.3590259245067412,0.7180518475338685,1.4796138416780394e-09,0.18056955933570862
a3522,/mnt/data_disk/HDRData/1000hdr/HDRtest/a3522-IMG_4772.exr,/mnt/data_disk/ZQL/TIP_TMO_result/tradition/Logarithmic/a3522.png,341,512,0.9402295901495027,0.8341189883250416,0.883521827397312,0.41664678947748357,0.8323299628918195,0.0009636160631476075,0.14227700233459473
a3525,/mnt/data_disk/HDRData/1000hdr/HDRtest/a3525-IMG_0713.exr,/mnt/data_disk/ZQL/TIP_TMO_result/tradition/Logarithmic/a3525.png,341,512,0.7863002900004434,0.9225144917023871,0.004838994863984776,0.3978957903132731,0.7957915806265462,1.902869414125192e-29,0.2297288179397583
a3529,/mnt/data_disk/HDRData/1000hdr/HDRtest/a3529-WP_CRW_0659.exr,/mnt/data_disk/ZQL/TIP_TMO_result/tradition/Logarithmic/a3529.png,341,512,0.920009894698661,0.8487836760743337,0.7221549104813048,0.4189002386940146,0.8368089045991205,0.0009915727889086706,0.18167546391487122
a3531,/mnt/data_disk/HDRData/1000hdr/HDRtest/a3531-07-06-30-at-04h02m08s-_MG_1936.exr,/mnt/data_disk/ZQL/TIP_TMO_result/tradition/Logarithmic/a3531.png,341,512,0.8228976914269669,0.7651019186051162,0.29881470614953587,0.34537556375298,0.6905330936067973,0.0002180338991627775,0.2003796547651291
a3540,/mnt/data_disk/HDRData/1000hdr/HDRtest/a3540-07-12-02-at-14h05m14s-_MG_8949.exr,/mnt/data_disk/ZQL/TIP_TMO_result/tradition/Logarithmic/a3540.png,341,512,0.815816339995628,0.59463009243044,0.5608188786559216,0.2898737652970559,0.5792673354937286,0.00048019510038317106,0.2722376585006714
a3541,/mnt/data_disk/HDRData/1000hdr/HDRtest/a3541-IMG_4107.exr,/mnt/data_disk/ZQL/TIP_TMO_result/tradition/Logarithmic/a3541.png,341,512,0.8464847212927019,0.7584711550587463,0.43382962030415095,0.3181993950081736,0.5968657733741087,0.03953301664223847,0.153187558054924
a3545,/mnt/data_disk/HDRData/1000hdr/HDRtest/a3545-jmac_DSC0491.exr,/mnt/data_disk/ZQL/TIP_TMO_result/tradition/Logarithmic/a3545.png,340,512,0.8548789249667339,0.8031070740400558,0.4087461219143155,0.3857590098259762,0.7715123162103186,5.703441633869213e-06,0.12500450015068054
a3548,/mnt/data_disk/HDRData/1000hdr/HDRtest/a3548-CRW_0993.exr,/mnt/data_disk/ZQL/TIP_TMO_result/tradition/Logarithmic/a3548.png,341,512,0.9469635577145168,0.8504093238694906,0.8989920976701311,0.4657416593962171,0.9226762520771891,0.00880706671524512,0.13120119273662567
a3549,/mnt/data_disk/HDRData/1000hdr/HDRtest/a3549-KE_-2455.exr,/mnt/data_disk/ZQL/TIP_TMO_result/tradition/Logarithmic/a3549.png,340,512,0.8993582469210112,0.9165282616217549,0.4856680283581688,0.4100688868038078,0.8201285211733976,9.25243421796448e-06,0.14863575994968414
a3557,/mnt/data_disk/HDRData/1000hdr/HDRtest/a3557-IMG_1507.exr,/mnt/data_disk/ZQL/TIP_TMO_result/tradition/Logarithmic/a3557.png,341,512,0.8154043970786394,0.8667850977410444,0.13603820676963801,0.3818283791124716,0.7636567582248338,1.0937353199000411e-13,0.11969359219074249
a3563,/mnt/data_disk/HDRData/1000hdr/HDRtest/a3563-07-11-30-at-15h55m08s-_MG_8326.exr,/mnt/data_disk/ZQL/TIP_TMO_result/tradition/Logarithmic/a3563.png,341,512,0.9080187052360713,0.863218182916684,0.621588889719028,0.6350861467439237,0.8692546769022047,0.4009176165856427,0.18376967310905457
a3571,/mnt/data_disk/HDRData/1000hdr/HDRtest/a3571-IMG_0290.exr,/mnt/data_disk/ZQL/TIP_TMO_result/tradition/Logarithmic/a3571.png,341,512,0.7575056309673699,0.6450612822245733,0.16933491856370173,0.3451728345927229,0.6903456233410549,4.5844390907560627e-08,0.07950763404369354
a3575,/mnt/data_disk/HDRData/1000hdr/HDRtest/a3575-IMG_0834.exr,/mnt/data_disk/ZQL/TIP_TMO_result/tradition/Logarithmic/a3575.png,341,512,0.8760075788102432,0.6821987442414317,0.7550910498619401,0.3708727186471074,0.7400224857422005,0.0017229515520143213,0.2624061405658722
a3576,/mnt/data_disk/HDRData/1000hdr/HDRtest/a3576-LS051026_day_15_LL003.exr,/mnt/data_disk/ZQL/TIP_TMO_result/tradition/Logarithmic/a3576.png,341,512,0.8794277811779907,0.7698695878190944,0.6071501448871179,0.39918850882529994,0.7983703051516446,6.712498955275509e-06,0.21376369893550873
a3585,/mnt/data_disk/HDRData/1000hdr/HDRtest/a3585-IMG_4211.exr,/mnt/data_disk/ZQL/TIP_TMO_result/tradition/Logarithmic/a3585.png,341,512,0.7365601052403971,0.499556978321474,0.3168610008339315,0.2865152284473704,0.49287590247527546,0.08015455441946528,0.15816311538219452
a3586,/mnt/data_disk/HDRData/1000hdr/HDRtest/a3586-IMG_4591.exr,/mnt/data_disk/ZQL/TIP_TMO_result/tradition/Logarithmic/a3586.png,341,512,0.7850119288072532,0.653615918784959,0.28248521073182636,0.3666017154891174,0.7315915451980579,0.0016118857801768478,0.21955156326293945
a3588,/mnt/data_disk/HDRData/1000hdr/HDRtest/a3588-CRW_0983.exr,/mnt/data_disk/ZQL/TIP_TMO_result/tradition/Logarithmic/a3588.png,341,512,0.9347300051113419,0.8707484066762846,0.7793753464312709,0.4501797920623801,0.8973669873464294,0.0029925967783308873,0.16118374466896057
a3591,/mnt/data_disk/HDRData/1000hdr/HDRtest/a3591-07-11-30-at-16h19m33s-_MG_8384.exr,/mnt/data_disk/ZQL/TIP_TMO_result/tradition/Logarithmic/a3591.png,341,512,0.8984688191619099,0.8551625093843965,0.5765690944560098,0.3946266753377887,0.7892283330208559,2.5017654721545213e-05,0.2205779254436493
a3593,/mnt/data_disk/HDRData/1000hdr/HDRtest/a3593-_DSC5689.exr,/mnt/data_disk/ZQL/TIP_TMO_result/tradition/Logarithmic/a3593.png,341,512,0.9164644468972937,0.760531880098702,0.8648624934535877,0.4893254304633025,0.8330504382455132,0.14560042268109186,0.2775591313838959
a3600,/mnt/data_disk/HDRData/1000hdr/HDRtest/a3600-JI2E3496.exr,/mnt/data_disk/ZQL/TIP_TMO_result/tradition/Logarithmic/a3600.png,341,512,0.7810739786917417,0.7722825454849902,0.10603464281881826,0.34251148878059545,0.6850229775611907,2.248103480847732e-16,0.26005819439888
a3602,/mnt/data_disk/HDRData/1000hdr/HDRtest/a3602-_DSC9759.exr,/mnt/data_disk/ZQL/TIP_TMO_result/tradition/Logarithmic/a3602.png,341,512,0.7524295741937556,0.6534422026598457,0.13714327706768936,0.21199748246095407,0.423994694565558,2.703563501424514e-07,0.1802496463060379
a3605,/mnt/data_disk/HDRData/1000hdr/HDRtest/a3605-IMG_2772.exr,/mnt/data_disk/ZQL/TIP_TMO_result/tradition/Logarithmic/a3605.png,341,512,0.9301472634921836,0.8092812947749083,0.8621477007503653,0.43846660806930626,0.8760772393913565,0.0008559767472559899,0.13880078494548798
a3608,/mnt/data_disk/HDRData/1000hdr/HDRtest/a3608-NKIM_MG_7004.exr,/mnt/data_disk/ZQL/TIP_TMO_result/tradition/Logarithmic/a3608.png,341,512,0.8618471653789342,0.8382093695897431,0.3931846559243177,0.39788120908955266,0.7957624176275203,5.515849715173091e-10,0.13194267451763153
a3609,/mnt/data_disk/HDRData/1000hdr/HDRtest/a3609-IMG_1702.exr,/mnt/data_disk/ZQL/TIP_TMO_result/tradition/Logarithmic/a3609.png,341,512,0.797012034467171,0.8740389739964457,0.06296350835595148,0.3070039406582745,0.6140078813164891,5.998717769438097e-14,0.17790675163269043
a3613,/mnt/data_disk/HDRData/1000hdr/HDRtest/a3613-_DSC3264.exr,/mnt/data_disk/ZQL/TIP_TMO_result/tradition/Logarithmic/a3613.png,341,512,0.9247098387073981,0.7472413958313215,0.9489547996633625,0.36530770915291316,0.7293785394248029,0.0012368788810234639,0.24415791034698486
a3623,/mnt/data_disk/HDRData/1000hdr/HDRtest/a3623-20051220_201437__MG_9239.exr,/mnt/data_disk/ZQL/TIP_TMO_result/tradition/Logarithmic/a3623.png,341,512,0.8244680095527536,0.7141449248748192,0.3865889882947082,0.3986428919548097,0.7972857838800202,2.959904762862076e-11,0.33305105566978455
a3624,/mnt/data_disk/HDRData/1000hdr/HDRtest/a3624-DSC_0070.exr,/mnt/data_disk/ZQL/TIP_TMO_result/tradition/Logarithmic/a3624.png,340,512,0.9133285079911877,0.9176939907699655,0.566081804765857,0.4476270106798667,0.8952463268769364,7.694482797038518e-06,0.14323844015598297
a3628,/mnt/data_disk/HDRData/1000hdr/HDRtest/a3628-_DSC9996.exr,/mnt/data_disk/ZQL/TIP_TMO_result/tradition/Logarithmic/a3628.png,341,512,0.8608399886558848,0.6736359261664476,0.6751057415989016,0.28713704790743505,0.5742740956679567,1.4691341989058817e-10,0.21918047964572906
a3633,/mnt/data_disk/HDRData/1000hdr/HDRtest/a3633-JI2E3892.exr,/mnt/data_disk/ZQL/TIP_TMO_result/tradition/Logarithmic/a3633.png,341,512,0.8552780701710617,0.7831201605769063,0.4426685047838679,0.41145280382182287,0.7739953895073988,0.04891021813624701,0.1340494155883789
a3634,/mnt/data_disk/HDRData/1000hdr/HDRtest/a3634-IMG_4959.exr,/mnt/data_disk/ZQL/TIP_TMO_result/tradition/Logarithmic/a3634.png,341,512,0.7225089928343216,0.5908420295652556,0.10399395268205336,0.2541649310318199,0.5083283188822492,1.5431813907043932e-06,0.30033648014068604
a3635,/mnt/data_disk/HDRData/1000hdr/HDRtest/a3635-IMG_4031.exr,/mnt/data_disk/ZQL/TIP_TMO_result/tradition/Logarithmic/a3635.png,341,512,0.8019587508852223,0.7149058998956682,0.27011806355497403,0.387838205172001,0.7756764098118117,5.321903221562934e-10,0.2994089722633362
a3636,/mnt/data_disk/HDRData/1000hdr/HDRtest/a3636-20041222_195608__E6B6989.exr,/mnt/data_disk/ZQL/TIP_TMO_result/tradition/Logarithmic/a3636.png,341,512,0.7897702903397833,0.6967688705840729,0.23892495764757038,0.3112461616102051,0.6224923229534459,2.669642380917123e-10,0.13790106773376465
a3641,/mnt/data_disk/HDRData/1000hdr/HDRtest/a3641-_DSC4628.exr,/mnt/data_disk/ZQL/TIP_TMO_result/tradition/Logarithmic/a3641.png,341,512,0.8371788028772246,0.7862104760588497,0.34021067763286916,0.4255249929003911,0.8510499857327024,6.807971624394107e-11,0.3341173529624939
a3644,/mnt/data_disk/HDRData/1000hdr/HDRtest/a3644-jmac_MG_5959.exr,/mnt/data_disk/ZQL/TIP_TMO_result/tradition/Logarithmic/a3644.png,341,512,0.8974856480398119,0.7812612095900795,0.6995345811443331,0.4358480816239052,0.869214903033855,0.0024812602139554444,0.24524948000907898
a3649,/mnt/data_disk/HDRData/1000hdr/HDRtest/a3649-WP_CRW_0691.exr,/mnt/data_disk/ZQL/TIP_TMO_result/tradition/Logarithmic/a3649.png,341,512,0.8773651059744062,0.9122410392354031,0.37007739122883504,0.4090663317687193,0.8181322779550659,3.8558237267948747e-07,0.11179700493812561
a3654,/mnt/data_disk/HDRData/1000hdr/HDRtest/a3654-IMG_0777.exr,/mnt/data_disk/ZQL/TIP_TMO_result/tradition/Logarithmic/a3654.png,341,512,0.818394122105822,0.804755319605815,0.2223690503570413,0.3606089857601787,0.7212179710745863,4.457710877728444e-10,0.20361517369747162
a3658,/mnt/data_disk/HDRData/1000hdr/HDRtest/a3658-jmac_MG_0418.exr,/mnt/data_disk/ZQL/TIP_TMO_result/tradition/Logarithmic/a3658.png,341,512,0.8351899091381321,0.8402032535853446,0.2545441033235283,0.37117235598481124,0.7423447079876909,3.9819315935985214e-09,0.15456938743591309
a3670,/mnt/data_disk/HDRData/1000hdr/HDRtest/a3670-jmac_MG_5917.exr,/mnt/data_disk/ZQL/TIP_TMO_result/tradition/Logarithmic/a3670.png,341,512,0.8466504522225412,0.8712404148935997,0.2690441779413333,0.3931748941255691,0.7863497740011528,1.4249985423515359e-08,0.14458228647708893
a3673,/mnt/data_disk/HDRData/1000hdr/HDRtest/a3673-_DSC1109.exr,/mnt/data_disk/ZQL/TIP_TMO_result/tradition/Logarithmic/a3673.png,341,512,0.7936908283922437,0.7640348911740621,0.1655055682069012,0.4087300624355343,0.8174601248709433,1.2519474607906172e-13,0.38823455572128296
a3677,/mnt/data_disk/HDRData/1000hdr/HDRtest/a3677-IMG_4696.exr,/mnt/data_disk/ZQL/TIP_TMO_result/tradition/Logarithmic/a3677.png,341,512,0.8412046620195521,0.8186073252674068,0.3136213402289736,0.4267817104836401,0.85356156213624,1.858831040251397e-06,0.21051083505153656
a3686,/mnt/data_disk/HDRData/1000hdr/HDRtest/a3686-jmac_MG_0353.exr,/mnt/data_disk/ZQL/TIP_TMO_result/tradition/Logarithmic/a3686.png,341,512,0.8571818695604493,0.7980815543379954,0.42931822985743,0.41200289158794756,0.8240051507235763,6.324523188449699e-07,0.3355284631252289
a3688,/mnt/data_disk/HDRData/1000hdr/HDRtest/a3688-jmac_MG_1424.exr,/mnt/data_disk/ZQL/TIP_TMO_result/tradition/Logarithmic/a3688.png,341,512,0.8206403193864201,0.8923777844768552,0.12975701971225584,0.4236918082576424,0.8473835569472545,5.956803026100858e-08,0.2094058096408844
a3689,/mnt/data_disk/HDRData/1000hdr/HDRtest/a3689-JI2E3798.exr,/mnt/data_disk/ZQL/TIP_TMO_result/tradition/Logarithmic/a3689.png,341,512,0.7539330234810145,0.5847817576515795,0.24579544133763345,0.37297062266207776,0.7459408764230703,3.689010852640695e-07,0.13958176970481873
a3696,/mnt/data_disk/HDRData/1000hdr/HDRtest/a3696-jmac_DSC1242.exr,/mnt/data_disk/ZQL/TIP_TMO_result/tradition/Logarithmic/a3696.png,343,512,0.8312131689436991,0.8540365220162381,0.21834440886293696,0.44371535889379343,0.8874307177674542,2.013266137085114e-11,0.22547872364521027
a3697,/mnt/data_disk/HDRData/1000hdr/HDRtest/a3697-07-11-24-at-16h05m35s-_MG_6729.exr,/mnt/data_disk/ZQL/TIP_TMO_result/tradition/Logarithmic/a3697.png,341,512,0.844517648319001,0.7902776690218354,0.37261873597190165,0.3988300398028573,0.7976227169314618,3.736267425282481e-05,0.19496767222881317
a3700,/mnt/data_disk/HDRData/1000hdr/HDRtest/a3700-tc_DSC1892.exr,/mnt/data_disk/ZQL/TIP_TMO_result/tradition/Logarithmic/a3700.png,340,512,0.943853210034031,0.8291373698860763,0.917980054463985,0.4180929196629358,0.7964013135669552,0.03978452575891644,0.15234686434268951
a3706,/mnt/data_disk/HDRData/1000hdr/HDRtest/a3706-dgw_065.exr,/mnt/data_disk/ZQL/TIP_TMO_result/tradition/Logarithmic/a3706.png,341,512,0.797803237904349,0.7241533574986873,0.2368502052999806,0.3953538491907372,0.7907076983812668,2.0760848613563399e-13,0.3582284152507782
a3707,/mnt/data_disk/HDRData/1000hdr/HDRtest/a3707-NKIM_121.exr,/mnt/data_disk/ZQL/TIP_TMO_result/tradition/Logarithmic/a3707.png,341,512,0.6989573381167883,0.3148869244431211,0.5821351487301974,0.2084153317009548,0.4168306633912599,1.0649694591163722e-11,0.25431257486343384
a3710,/mnt/data_disk/HDRData/1000hdr/HDRtest/a3710-07-11-20-at-16h52m05s-_MG_5742.exr,/mnt/data_disk/ZQL/TIP_TMO_result/tradition/Logarithmic/a3710.png,341,512,0.8054489636145848,0.7989138243120284,0.1724954998760742,0.33187400835283604,0.6637450738740626,2.9428316094971344e-06,0.11592051386833191
a3712,/mnt/data_disk/HDRData/1000hdr/HDRtest/a3712-IMG_4852.exr,/mnt/data_disk/ZQL/TIP_TMO_result/tradition/Logarithmic/a3712.png,341,512,0.9048930089958431,0.8203302784697649,0.6758533517825348,0.37254484553322664,0.745086954553344,2.7365131093871487e-06,0.16154642403125763
a3715,/mnt/data_disk/HDRData/1000hdr/HDRtest/a3715-_MG_7773.exr,/mnt/data_disk/ZQL/TIP_TMO_result/tradition/Logarithmic/a3715.png,341,512,0.7934964429395496,0.5321377712179579,0.5633587873196014,0.20555137971627863,0.4111027588992761,5.332811626164039e-10,0.28251898288726807
a3716,/mnt/data_disk/HDRData/1000hdr/HDRtest/a3716-IMG_0301.exr,/mnt/data_disk/ZQL/TIP_TMO_result/tradition/Logarithmic/a3716.png,341,512,0.8683233535400469,0.8256252192919622,0.44813612050690715,0.3355507349821099,0.6688159360619513,0.0022855339022685183,0.09065458923578262
a3719,/mnt/data_disk/HDRData/1000hdr/HDRtest/a3719-07-11-29-at-15h43m28s-_MG_8075.exr,/mnt/data_disk/ZQL/TIP_TMO_result/tradition/Logarithmic/a3719.png,341,512,0.9000393036188398,0.811140834442551,0.6615263333955402,0.40752710051687857,0.8150542010337571,5.12080634200609e-18,0.3733164966106415
a3720,/mnt/data_disk/HDRData/1000hdr/HDRtest/a3720-jmac_MG_0851.exr,/mnt/data_disk/ZQL/TIP_TMO_result/tradition/Logarithmic/a3720.png,341,512,0.8142405835367417,0.8554215338196084,0.14369536825682452,0.3502311843531788,0.7004623687063553,2.3427881632332394e-15,0.22199048101902008
a3721,/mnt/data_disk/HDRData/1000hdr/HDRtest/a3721-KE_-01.exr,/mnt/data_disk/ZQL/TIP_TMO_result/tradition/Logarithmic/a3721.png,340,512,0.8796463872328157,0.7781821840600365,0.5936584676658881,0.3875930453862348,0.7306956322860617,0.04449045848640792,0.25355029106140137
a3724,/mnt/data_disk/HDRData/1000hdr/HDRtest/a3724-20060101_092918__E6B0305.exr,/mnt/data_disk/ZQL/TIP_TMO_result/tradition/Logarithmic/a3724.png,341,512,0.7929017945195475,0.8542410760127578,0.06692558519985736,0.41128632163900974,0.8225726432780195,1.2971748214986544e-17,0.3124465346336365
a3727,/mnt/data_disk/HDRData/1000hdr/HDRtest/a3727-2004-01-18 11-49-42 CRW_2889.exr,/mnt/data_disk/ZQL/TIP_TMO_result/tradition/Logarithmic/a3727.png,341,512,0.739666415475136,0.7637383825834859,0.0011258783556083432,0.30188281875867895,0.6037656375173579,3.40717125145051e-35,0.18879885971546173
a3729,/mnt/data_disk/HDRData/1000hdr/HDRtest/a3729-07-11-24-at-21h39m19s-_MG_6853.exr,/mnt/data_disk/ZQL/TIP_TMO_result/tradition/Logarithmic/a3729.png,341,512,0.8337100566587367,0.6610654648712931,0.5338544151822152,0.26386040644115977,0.5243782967532004,0.0033425161291191783,0.17203490436077118
a3730,/mnt/data_disk/HDRData/1000hdr/HDRtest/a3730-IMG_0113.exr,/mnt/data_disk/ZQL/TIP_TMO_result/tradition/Logarithmic/a3730.png,341,512,0.921189161817416,0.7912696002449845,0.8362602675465634,0.40641203926974767,0.7605823392251763,0.05224173931431907,0.27021482586860657
a3732,/mnt/data_disk/HDRData/1000hdr/HDRtest/a3732-_DGW6272.exr,/mnt/data_disk/ZQL/TIP_TMO_result/tradition/Logarithmic/a3732.png,341,512,0.9000772966095865,0.911761140025352,0.49696225224530494,0.4625299716510316,0.9250321313684059,2.7811933657275243e-05,0.13958147168159485
a3733,/mnt/data_disk/HDRData/1000hdr/HDRtest/a3733-WP_CRW_4827.exr,/mnt/data_disk/ZQL/TIP_TMO_result/tradition/Logarithmic/a3733.png,341,512,0.9147105296389262,0.7899697033522644,0.7954287606120146,0.4709287396318069,0.7344805431997075,0.20737693606390634,0.19046339392662048
a3735,/mnt/data_disk/HDRData/1000hdr/HDRtest/a3735-_MG_7825.exr,/mnt/data_disk/ZQL/TIP_TMO_result/tradition/Logarithmic/a3735.png,341,512,0.8715304343812847,0.7732410538952431,0.5533585249984466,0.4202401232503517,0.8404470221966798,3.3224304023592806e-05,0.2522929608821869
a3737,/mnt/data_disk/HDRData/1000hdr/HDRtest/a3737-dgw_022.exr,/mnt/data_disk/ZQL/TIP_TMO_result/tradition/Logarithmic/a3737.png,341,512,0.923823942179107,0.7542116721801275,0.928316333125251,0.36875671059809517,0.7374541089662803,5.931222991002109e-05,0.23764431476593018
a3739,/mnt/data_disk/HDRData/1000hdr/HDRtest/a3739-KE_-0068.exr,/mnt/data_disk/ZQL/TIP_TMO_result/tradition/Logarithmic/a3739.png,340,512,0.821638399885124,0.7942073328186694,0.25153483099931073,0.44344417820532406,0.8866659454846596,0.00022241092598850832,0.15506869554519653
a3740,/mnt/data_disk/HDRData/1000hdr/HDRtest/a3740-_DSC1411.exr,/mnt/data_disk/ZQL/TIP_TMO_result/tradition/Logarithmic/a3740.png,341,512,0.8323696727322993,0.8140830402547592,0.276019555323159,0.300160655167411,0.5860358484937581,0.014285461841063773,0.14350952208042145
a3742,/mnt/data_disk/HDRData/1000hdr/HDRtest/a3742-IMG_0206.exr,/mnt/data_disk/ZQL/TIP_TMO_result/tradition/Logarithmic/a3742.png,341,512,0.8606731511069363,0.6607393732404986,0.700583826598732,0.3858069853810798,0.7484762952174383,0.023137675544721355,0.2926439940929413
a3743,/mnt/data_disk/HDRData/1000hdr/HDRtest/a3743-DSC_0038.exr,/mnt/data_disk/ZQL/TIP_TMO_result/tradition/Logarithmic/a3743.png,340,512,0.8253302246211458,0.8549317900802967,0.19095829237198594,0.35866615685764186,0.7173205675619864,1.1746153297408219e-05,0.1291179656982422
a3744,/mnt/data_disk/HDRData/1000hdr/HDRtest/a3744-NKIM_MG_6757.exr,/mnt/data_disk/ZQL/TIP_TMO_result/tradition/Logarithmic/a3744.png,341,512,0.8492057514736585,0.6886650142005258,0.5735280026699698,0.4006696796160626,0.8011531889076724,0.00018617032445280166,0.21675138175487518
a3749,/mnt/data_disk/HDRData/1000hdr/HDRtest/a3749-IMG_4592.exr,/mnt/data_disk/ZQL/TIP_TMO_result/tradition/Logarithmic/a3749.png,341,512,0.8409974025476095,0.6167248562155093,0.6687960521608874,0.3897348272684431,0.7794696543610191,1.758670746305146e-10,0.2725955545902252
a3750,/mnt/data_disk/HDRData/1000hdr/HDRtest/a3750-IMG_4253.exr,/mnt/data_disk/ZQL/TIP_TMO_result/tradition/Logarithmic/a3750.png,341,512,0.8534603752436902,0.7143732229113899,0.5508811454534739,0.3472859867871288,0.6933644846127783,0.001207488961479307,0.2255958914756775
a3753,/mnt/data_disk/HDRData/1000hdr/HDRtest/a3753-dgw_073.exr,/mnt/data_disk/ZQL/TIP_TMO_result/tradition/Logarithmic/a3753.png,341,512,0.7385213734226886,0.6979258861892769,0.040420559490915685,0.3845662181671213,0.7691324363342426,1.7859256752632005e-21,0.4829098582267761
a3754,/mnt/data_disk/HDRData/1000hdr/HDRtest/a3754-050731_151704__I2E5362.exr,/mnt/data_disk/ZQL/TIP_TMO_result/tradition/Logarithmic/a3754.png,341,512,0.830465583495727,0.874057251383709,0.1908285016127588,0.3523815202624448,0.7022960414943202,0.002466999030569361,0.150656595826149
a3756,/mnt/data_disk/HDRData/1000hdr/HDRtest/a3756-jmac_MG_5949.exr,/mnt/data_disk/ZQL/TIP_TMO_result/tradition/Logarithmic/a3756.png,341,512,0.8274081375103033,0.8071339638620242,0.2615033991974398,0.38846099741098794,0.7769218495977693,1.4522420651341312e-07,0.17058032751083374
a3760,/mnt/data_disk/HDRData/1000hdr/HDRtest/a3760-IMG_2504.exr,/mnt/data_disk/ZQL/TIP_TMO_result/tradition/Logarithmic/a3760.png,341,512,0.8651558995274986,0.9214139787105216,0.29501100623128834,0.4126932860056801,0.8253865685393553,3.472004923461315e-09,0.12746283411979675
a3764,/mnt/data_disk/HDRData/1000hdr/HDRtest/a3764-20060618_093109__MG_8792.exr,/mnt/data_disk/ZQL/TIP_TMO_result/tradition/Logarithmic/a3764.png,341,512,0.8740523918086496,0.8444472162505946,0.45107111223385915,0.43345321885104193,0.8669064377020635,2.0341665602163635e-14,0.23509350419044495
a3766,/mnt/data_disk/HDRData/1000hdr/HDRtest/a3766-20041219_194831__E6B5558.exr,/mnt/data_disk/ZQL/TIP_TMO_result/tradition/Logarithmic/a3766.png,341,512,0.6542935443213567,0.46897604109575247,0.034078055421134415,0.16057837879300615,0.3211567575860123,1.767684702564092e-20,0.11382823437452316
a3769,/mnt/data_disk/HDRData/1000hdr/HDRtest/a3769-IMG_3943.exr,/mnt/data_disk/ZQL/TIP_TMO_result/tradition/Logarithmic/a3769.png,341,512,0.9242297866101948,0.8621755567873787,0.7258815215748307,0.4049584226480269,0.8060182555467841,0.0038985897492696915,0.1369636356830597
a3771,/mnt/data_disk/HDRData/1000hdr/HDRtest/a3771-07-06-01-at-13h03m06-s_MG_1256.exr,/mnt/data_disk/ZQL/TIP_TMO_result/tradition/Logarithmic/a3771.png,341,512,0.7864769385350817,0.7168716277712013,0.19555595205405982,0.3984630632206567,0.7969261189431222,7.498191235904512e-09,0.29234084486961365
a3772,/mnt/data_disk/HDRData/1000hdr/HDRtest/a3772-dgw_123.exr,/mnt/data_disk/ZQL/TIP_TMO_result/tradition/Logarithmic/a3772.png,341,512,0.9201142264191414,0.8298436234872731,0.7567673187104703,0.41001255772178735,0.8196999329412026,0.0003251825023721086,0.2587394416332245
a3774,/mnt/data_disk/HDRData/1000hdr/HDRtest/a3774-_DSC0017.exr,/mnt/data_disk/ZQL/TIP_TMO_result/tradition/Logarithmic/a3774.png,340,512,0.9089904415117281,0.8213243901923152,0.7001597995183179,0.41307615545347615,0.8180471030909053,0.008105207816047002,0.18492913246154785
a3778,/mnt/data_disk/HDRData/1000hdr/HDRtest/a3778-IMG_4838.exr,/mnt/data_disk/ZQL/TIP_TMO_result/tradition/Logarithmic/a3778.png,341,512,0.8114736664087474,0.7436119665439934,0.2739488831513721,0.3778477923195061,0.7556955797425066,4.896505606521158e-09,0.3210839629173279
a3780,/mnt/data_disk/HDRData/1000hdr/HDRtest/a3780-JI2E3902.exr,/mnt/data_disk/ZQL/TIP_TMO_result/tradition/Logarithmic/a3780.png,341,512,0.8168525225964682,0.8099903788954123,0.2086431369956513,0.3992840217691449,0.7985680154652598,2.8073029993788078e-08,0.18245930969715118
a3781,/mnt/data_disk/HDRData/1000hdr/HDRtest/a3781-2004-06-24 06-45-08 CRW_2040.exr,/mnt/data_disk/ZQL/TIP_TMO_result/tradition/Logarithmic/a3781.png,341,512,0.9522105008225591,0.8689357104291224,0.9005353710891905,0.46805131882059503,0.8988118974337305,0.03729074020745957,0.10545138269662857
a3783,/mnt/data_disk/HDRData/1000hdr/HDRtest/a3783-KE_-0052.exr,/mnt/data_disk/ZQL/TIP_TMO_result/tradition/Logarithmic/a3783.png,340,512,0.9032413383288559,0.7691498846873338,0.7596348887018343,0.40028754972160957,0.7873908438095422,0.013184255633677021,0.15550720691680908
a3786,/mnt/data_disk/HDRData/1000hdr/HDRtest/a3786-_I2E8191.exr,/mnt/data_disk/ZQL/TIP_TMO_result/tradition/Logarithmic/a3786.png,341,512,0.8791390345113843,0.8521351419765287,0.4679508152056965,0.4339572701982471,0.8585040968900248,0.00941044350646934,0.20349036157131195
a3796,/mnt/data_disk/HDRData/1000hdr/HDRtest/a3796-NKIM_MG_7319.exr,/mnt/data_disk/ZQL/TIP_TMO_result/tradition/Logarithmic/a3796.png,341,512,0.8940255080669008,0.8166156326297869,0.6144872827866555,0.36183719737895187,0.7235170083553002,0.0001573864026035711,0.2893066108226776
a3798,/mnt/data_disk/HDRData/1000hdr/HDRtest/a3798-IMG_2539.exr,/mnt/data_disk/ZQL/TIP_TMO_result/tradition/Logarithmic/a3798.png,341,512,0.8314327937272775,0.8224777902195264,0.26009668451182044,0.4283388033565422,0.8566776057258765,9.872078306673838e-10,0.2435070425271988
a3800,/mnt/data_disk/HDRData/1000hdr/HDRtest/a3800-dgw_090.exr,/mnt/data_disk/ZQL/TIP_TMO_result/tradition/Logarithmic/a3800.png,341,512,0.9193072857994982,0.7638958565521001,0.8774832071520212,0.37255100680197456,0.7433147683941538,0.0017872452097952953,0.2006421983242035
a3804,/mnt/data_disk/HDRData/1000hdr/HDRtest/a3804-_DSC3608.exr,/mnt/data_disk/ZQL/TIP_TMO_result/tradition/Logarithmic/a3804.png,343,512,0.8593029936526846,0.7326157717993005,0.5524726738640146,0.43502158213868136,0.86737686164755,0.0026663026298127277,0.10210452228784561
a3816,/mnt/data_disk/HDRData/1000hdr/HDRtest/a3816-jmac_DSC3118.exr,/mnt/data_disk/ZQL/TIP_TMO_result/tradition/Logarithmic/a3816.png,340,512,0.8237237479103345,0.8721745539441575,0.16408549312061593,0.4659174945588005,0.931834939090401,5.0027199979653136e-08,0.19182762503623962
a3820,/mnt/data_disk/HDRData/1000hdr/HDRtest/a3820-dgw_025.exr,/mnt/data_disk/ZQL/TIP_TMO_result/tradition/Logarithmic/a3820.png,341,512,0.6604948426626038,0.4223088097136619,0.12031430772963261,0.34469350109757674,0.6893870021937326,1.4208393029930935e-12,0.13177746534347534
a3822,/mnt/data_disk/HDRData/1000hdr/HDRtest/a3822-07-11-21-at-09h53m21s-_MG_5852.exr,/mnt/data_disk/ZQL/TIP_TMO_result/tradition/Logarithmic/a3822.png,341,512,0.9317794274381112,0.8927351345058777,0.7218860904970178,0.5727712412887027,0.9020323795915652,0.2435101029858403,0.14781707525253296
a3827,/mnt/data_disk/HDRData/1000hdr/HDRtest/a3827-JI2E3823.exr,/mnt/data_disk/ZQL/TIP_TMO_result/tradition/Logarithmic/a3827.png,341,512,0.7492883093816222,0.6162496541442618,0.17559790472956424,0.364893803128264,0.7297862640127083,1.3422438198043049e-06,0.156626895070076
a3830,/mnt/data_disk/HDRData/1000hdr/HDRtest/a3830-LS_060715_8670.exr,/mnt/data_disk/ZQL/TIP_TMO_result/tradition/Logarithmic/a3830.png,341,512,0.8914758396844847,0.658171707408692,0.9112207867521311,0.4118238055695456,0.823645740949124,1.870189967212425e-06,0.2528810501098633
a3832,/mnt/data_disk/HDRData/1000hdr/HDRtest/a3832-20060613_091536__MG_7749.exr,/mnt/data_disk/ZQL/TIP_TMO_result/tradition/Logarithmic/a3832.png,341,512,0.768623610498627,0.7781308920890441,0.05782770064697229,0.36200449172744764,0.7240089834548953,1.8632115578261294e-18,0.2526138722896576
a3833,/mnt/data_disk/HDRData/1000hdr/HDRtest/a3833-_DSC0003-2.exr,/mnt/data_disk/ZQL/TIP_TMO_result/tradition/Logarithmic/a3833.png,340,512,0.952715558917417,0.8739679009064463,0.8947150640773114,0.4786468933699227,0.933325087286193,0.02396869945365247,0.12299370020627975
a3834,/mnt/data_disk/HDRData/1000hdr/HDRtest/a3834-IMG_0007.exr,/mnt/data_disk/ZQL/TIP_TMO_result/tradition/Logarithmic/a3834.png,341,512,0.8594713333281557,0.6447946025357849,0.7265268091924024,0.40632931406555106,0.8126576626865167,9.654445853514396e-07,0.27777099609375
a3846,/mnt/data_disk/HDRData/1000hdr/HDRtest/a3846-IMG_3087.exr,/mnt/data_disk/ZQL/TIP_TMO_result/tradition/Logarithmic/a3846.png,341,512,0.9572194372976786,0.8600070774276237,0.952030873745269,0.42890418083470083,0.847410605443613,0.010397756225788613,0.1451469510793686
a3847,/mnt/data_disk/HDRData/1000hdr/HDRtest/a3847-NKIM_MG_6113.exr,/mnt/data_disk/ZQL/TIP_TMO_result/tradition/Logarithmic/a3847.png,341,512,0.8504976121801089,0.5252997970253276,0.9518418090204994,0.3835093463279646,0.7633737752524385,0.0036449174034906356,0.21438810229301453
a3848,/mnt/data_disk/HDRData/1000hdr/HDRtest/a3848-DSC_0024.exr,/mnt/data_disk/ZQL/TIP_TMO_result/tradition/Logarithmic/a3848.png,340,512,0.8336438521589414,0.8580295950438234,0.2244974134711621,0.42404144366294166,0.8480828625327884,2.4793094889177508e-08,0.10782977193593979
a3851,/mnt/data_disk/HDRData/1000hdr/HDRtest/a3851-IMG_3430.exr,/mnt/data_disk/ZQL/TIP_TMO_result/tradition/Logarithmic/a3851.png,341,512,0.83207165750098,0.7588775906359835,0.35521070873424665,0.23732022652898396,0.4746404521242363,9.33731625824234e-10,0.143557608127594
a3862,/mnt/data_disk/HDRData/1000hdr/HDRtest/a3862-JI2E0423.exr,/mnt/data_disk/ZQL/TIP_TMO_result/tradition/Logarithmic/a3862.png,341,512,0.8942517154966871,0.8445196911677604,0.5686740033619577,0.4006376272678005,0.7555645493487368,0.04571070518686416,0.11915761232376099
a3863,/mnt/data_disk/HDRData/1000hdr/HDRtest/a3863-IMG_1159.exr,/mnt/data_disk/ZQL/TIP_TMO_result/tradition/Logarithmic/a3863.png,341,512,0.9238072329237821,0.7648237751298913,0.9064984513631097,0.42990297205449857,0.8554924698715942,0.0043134742374029,0.22314833104610443
a3864,/mnt/data_disk/HDRData/1000hdr/HDRtest/a3864-_DSC1992.exr,/mnt/data_disk/ZQL/TIP_TMO_result/tradition/Logarithmic/a3864.png,341,512,0.711308708520594,0.5178358622957862,0.1658734042203524,0.36037741655025207,0.7154712673814123,0.005283565719091794,0.12859967350959778
a3872,/mnt/data_disk/HDRData/1000hdr/HDRtest/a3872-IMG_4058.exr,/mnt/data_disk/ZQL/TIP_TMO_result/tradition/Logarithmic/a3872.png,341,512,0.8660970532607095,0.7813348487483399,0.5074202654471307,0.38578322479617294,0.7711342420963313,0.00043220749601455673,0.24500463902950287
a3877,/mnt/data_disk/HDRData/1000hdr/HDRtest/a3877-KE_-0019.exr,/mnt/data_disk/ZQL/TIP_TMO_result/tradition/Logarithmic/a3877.png,340,512,0.8458741784833091,0.5834752525613227,0.7749476487652429,0.27489623260403684,0.5497924649365503,2.7152340415704974e-10,0.21317227184772491
a3879,/mnt/data_disk/HDRData/1000hdr/HDRtest/a3879-IMG_0091.exr,/mnt/data_disk/ZQL/TIP_TMO_result/tradition/Logarithmic/a3879.png,341,512,0.8517640027389086,0.7802489056019112,0.4277279197550719,0.44829975929457533,0.8965990679716088,4.5061754184256106e-07,0.2353653758764267
a3890,/mnt/data_disk/HDRData/1000hdr/HDRtest/a3890-IMG_4308.exr,/mnt/data_disk/ZQL/TIP_TMO_result/tradition/Logarithmic/a3890.png,341,512,0.9098514998096559,0.7608869036285538,0.8195161128739183,0.39298232077526657,0.7747643242194939,0.01120031733103917,0.1555834412574768
a3893,/mnt/data_disk/HDRData/1000hdr/HDRtest/a3893-_DGW6301.exr,/mnt/data_disk/ZQL/TIP_TMO_result/tradition/Logarithmic/a3893.png,341,512,0.852138744581501,0.5915097114968879,0.7976181161754841,0.30112829349823883,0.6022565751162539,1.1880223798740051e-08,0.30672985315322876
a3899,/mnt/data_disk/HDRData/1000hdr/HDRtest/a3899-jmac_DSC2259.exr,/mnt/data_disk/ZQL/TIP_TMO_result/tradition/Logarithmic/a3899.png,340,512,0.8949606641661062,0.8687485771980715,0.5336170373548038,0.4287663101136187,0.8575319191498714,7.010773660257559e-07,0.17040039598941803
a3900,/mnt/data_disk/HDRData/1000hdr/HDRtest/a3900-jmac_DSC5843.exr,/mnt/data_disk/ZQL/TIP_TMO_result/tradition/Logarithmic/a3900.png,340,512,0.8119957726844031,0.9188213819398293,0.07331439736585574,0.3500044185053152,0.7000088360293258,9.813046378075866e-10,0.17352944612503052
a3902,/mnt/data_disk/HDRData/1000hdr/HDRtest/a3902-jmac_DSC3970.exr,/mnt/data_disk/ZQL/TIP_TMO_result/tradition/Logarithmic/a3902.png,340,512,0.9077109788018624,0.7871808945766627,0.7545996674237686,0.4177438073959955,0.8249707647523075,0.01051685003968346,0.11160265654325485
a3903,/mnt/data_disk/HDRData/1000hdr/HDRtest/a3903-IMG_2386.exr,/mnt/data_disk/ZQL/TIP_TMO_result/tradition/Logarithmic/a3903.png,341,512,0.8652328475089035,0.7841076474373385,0.4977403034835557,0.3679824497803081,0.7359637997573084,1.099803307782884e-06,0.15145643055438995
a3906,/mnt/data_disk/HDRData/1000hdr/HDRtest/a3906-LS051025_day_3_LL003.exr,/mnt/data_disk/ZQL/TIP_TMO_result/tradition/Logarithmic/a3906.png,341,512,0.8921293942549051,0.7724241647793346,0.6817858019667945,0.35258980838694076,0.7050214058050549,0.0001582109688266478,0.22188745439052582
a3911,/mnt/data_disk/HDRData/1000hdr/HDRtest/a3911-07-07-01-at-10h50m55s-_MG_2028.exr,/mnt/data_disk/ZQL/TIP_TMO_result/tradition/Logarithmic/a3911.png,341,512,0.8588227400099843,0.6813691518827659,0.6468527900294786,0.4208693282541795,0.8346128646608819,0.007125791847477065,0.20285186171531677
a3913,/mnt/data_disk/HDRData/1000hdr/HDRtest/a3913-IMG_0289.exr,/mnt/data_disk/ZQL/TIP_TMO_result/tradition/Logarithmic/a3913.png,341,512,0.7871045151749444,0.5882309221986056,0.40895239492419583,0.35379826813802884,0.6999242604846339,0.007672275791423875,0.1209854707121849
a3914,/mnt/data_disk/HDRData/1000hdr/HDRtest/a3914-DSC_0002-1.exr,/mnt/data_disk/ZQL/TIP_TMO_result/tradition/Logarithmic/a3914.png,340,512,0.9078678687059691,0.8292658381559389,0.6789046688430532,0.5160585562468912,0.7807047377969446,0.2514123746968379,0.16815492510795593
a3919,/mnt/data_disk/HDRData/1000hdr/HDRtest/a3919-KE_-1608.exr,/mnt/data_disk/ZQL/TIP_TMO_result/tradition/Logarithmic/a3919.png,340,512,0.8090698551269723,0.7283923686532228,0.28468356217851437,0.36516645442981366,0.7300238018504783,0.0003091070091489469,0.16422119736671448
a3923,/mnt/data_disk/HDRData/1000hdr/HDRtest/a3923-_DSC0095.exr,/mnt/data_disk/ZQL/TIP_TMO_result/tradition/Logarithmic/a3923.png,340,512,0.7933845372718197,0.7331165608312212,0.20421235413683214,0.3699341063309795,0.7398682087795053,3.8824536662482164e-09,0.17342473566532135
a3924,/mnt/data_disk/HDRData/1000hdr/HDRtest/a3924-_DSC6358.exr,/mnt/data_disk/ZQL/TIP_TMO_result/tradition/Logarithmic/a3924.png,341,512,0.6869284083902091,0.47139682802001726,0.14168593370453575,0.28695929895023636,0.5739185979004726,6.330451167205175e-17,0.24506402015686035
a3926,/mnt/data_disk/HDRData/1000hdr/HDRtest/a3926-dgw_077.exr,/mnt/data_disk/ZQL/TIP_TMO_result/tradition/Logarithmic/a3926.png,341,512,0.8778219027429518,0.5917093401513013,0.9729424219067625,0.31278825573857255,0.6255763545222195,1.5695492563292902e-07,0.20818135142326355
a3927,/mnt/data_disk/HDRData/1000hdr/HDRtest/a3927-IMG_6048.exr,/mnt/data_disk/ZQL/TIP_TMO_result/tradition/Logarithmic/a3927.png,341,512,0.8113132945828315,0.7032374532836334,0.3350643328232288,0.40180111097203414,0.8036010049135931,1.2170304751670233e-06,0.239061176776886
a3930,/mnt/data_disk/HDRData/1000hdr/HDRtest/a3930-IMG_5083.exr,/mnt/data_disk/ZQL/TIP_TMO_result/tradition/Logarithmic/a3930.png,341,512,0.9208151850135539,0.8061249399512505,0.8053543995586355,0.41792629623557564,0.8358515687029578,1.0237681934755245e-06,0.23355211317539215
a3931,/mnt/data_disk/HDRData/1000hdr/HDRtest/a3931-_DGW6259.exr,/mnt/data_disk/ZQL/TIP_TMO_result/tradition/Logarithmic/a3931.png,341,512,0.6682400804527556,0.180622796513243,0.9557051329729963,0.21641945444601926,0.43283890889203813,3.856362150620912e-16,0.35724765062332153
a3940,/mnt/data_disk/HDRData/1000hdr/HDRtest/a3940-20050602_180025__MG_2820.exr,/mnt/data_disk/ZQL/TIP_TMO_result/tradition/Logarithmic/a3940.png,341,512,0.8640886988851297,0.874912195982542,0.35201569336565747,0.46378515492943206,0.9275703098588641,3.623716516003034e-18,0.20936189591884613
a3943,/mnt/data_disk/HDRData/1000hdr/HDRtest/a3943-_DSC0054.exr,/mnt/data_disk/ZQL/TIP_TMO_result/tradition/Logarithmic/a3943.png,340,512,0.9267237067869109,0.795771121589537,0.8649942940709082,0.3969670351436415,0.7728329785920401,0.021101091695242862,0.1471319943666458
a3947,/mnt/data_disk/HDRData/1000hdr/HDRtest/a3947-jmac_MG_1444.exr,/mnt/data_disk/ZQL/TIP_TMO_result/tradition/Logarithmic/a3947.png,341,512,0.8164663554207565,0.7854227018111046,0.23906399150332538,0.3905362505099955,0.7810712149062683,1.2861137226910451e-06,0.15994660556316376
a3948,/mnt/data_disk/HDRData/1000hdr/HDRtest/a3948-_DSC0045.exr,/mnt/data_disk/ZQL/TIP_TMO_result/tradition/Logarithmic/a3948.png,340,512,0.8321305800225256,0.6630599124808501,0.5207321835346199,0.4956497189514197,0.825446135453629,0.16585330244921034,0.19474339485168457
a3954,/mnt/data_disk/HDRData/1000hdr/HDRtest/a3954-_MG_0841.exr,/mnt/data_disk/ZQL/TIP_TMO_result/tradition/Logarithmic/a3954.png,341,512,0.791957689675998,0.8881297660914903,0.0369521429965733,0.38001045234135683,0.7600209046827137,2.2752246092239802e-20,0.2874087989330292
a3958,/mnt/data_disk/HDRData/1000hdr/HDRtest/a3958-_DSC3890.exr,/mnt/data_disk/ZQL/TIP_TMO_result/tradition/Logarithmic/a3958.png,341,512,0.9597359513502648,0.9180162944982792,0.8633831577613779,0.45220679344467446,0.9009710266967996,0.0034425601925492525,0.11230655759572983
a3961,/mnt/data_disk/HDRData/1000hdr/HDRtest/a3961-_DSC0049.exr,/mnt/data_disk/ZQL/TIP_TMO_result/tradition/Logarithmic/a3961.png,340,512,0.7668086002676185,0.6354863701173002,0.2244847737432186,0.346972168285497,0.6939331281568244,1.1208414169554728e-05,0.12786616384983063
a3963,/mnt/data_disk/HDRData/1000hdr/HDRtest/a3963-jmac_DSC3835.exr,/mnt/data_disk/ZQL/TIP_TMO_result/tradition/Logarithmic/a3963.png,340,512,0.8071870651747792,0.7836908743145055,0.199046966927786,0.4279847269457091,0.8559694510022201,2.8891980963441985e-09,0.23168954253196716
a3964,/mnt/data_disk/HDRData/1000hdr/HDRtest/a3964-NKIM_MG_6716.exr,/mnt/data_disk/ZQL/TIP_TMO_result/tradition/Logarithmic/a3964.png,341,512,0.8085928868740159,0.6989286827676564,0.32799274578248555,0.3779335485557819,0.755867044394491,5.271707265662318e-08,0.18864668905735016
a3970,/mnt/data_disk/HDRData/1000hdr/HDRtest/a3970-WP_Amanda_3rd_bday014.exr,/mnt/data_disk/ZQL/TIP_TMO_result/tradition/Logarithmic/a3970.png,341,512,0.7869692752608956,0.8220263935532582,0.07666879004314162,0.367327324235572,0.7346546484709956,1.4839556546837243e-13,0.08912678062915802
a3973,/mnt/data_disk/HDRData/1000hdr/HDRtest/a3973-DSC_0068-2.exr,/mnt/data_disk/ZQL/TIP_TMO_result/tradition/Logarithmic/a3973.png,340,512,0.8622715512045677,0.8298234681128274,0.40811661847246394,0.4307847362523301,0.8615446482998415,2.4824204818764533e-05,0.12511807680130005
a3975,/mnt/data_disk/HDRData/1000hdr/HDRtest/a3975-jmac_MG_5721.exr,/mnt/data_disk/ZQL/TIP_TMO_result/tradition/Logarithmic/a3975.png,341,512,0.9554504755422163,0.8930299013083535,0.8787098245724777,0.5975301000223361,0.8958173446430702,0.2992428554016019,0.1406605988740921
a3976,/mnt/data_disk/HDRData/1000hdr/HDRtest/a3976-Ja_Pe-10.exr,/mnt/data_disk/ZQL/TIP_TMO_result/tradition/Logarithmic/a3976.png,288,512,0.9193156236629894,0.8634934118229523,0.6920438846104626,0.44104818713542254,0.8722973741200373,0.009799000150807771,0.18476749956607819
a3991,/mnt/data_disk/HDRData/1000hdr/HDRtest/a3991-DSC_0005-2.exr,/mnt/data_disk/ZQL/TIP_TMO_result/tradition/Logarithmic/a3991.png,340,512,0.882417927746947,0.8069912027731764,0.5604437857172002,0.3956527619970577,0.7908798547157803,0.00042566927833513374,0.173025444149971
a3992,/mnt/data_disk/HDRData/1000hdr/HDRtest/a3992-KE_-0044.exr,/mnt/data_disk/ZQL/TIP_TMO_result/tradition/Logarithmic/a3992.png,340,512,0.7083153079408425,0.5301861250312787,0.13436542541066712,0.4062985821489989,0.8125971260591682,3.823882954622194e-08,0.11658324301242828
a3993,/mnt/data_disk/HDRData/1000hdr/HDRtest/a3993-IMG_2812.exr,/mnt/data_disk/ZQL/TIP_TMO_result/tradition/Logarithmic/a3993.png,341,512,0.6692011056699092,0.5008095490301072,0.03964909517098821,0.3544570477566293,0.7089140955088802,4.378436813952812e-12,0.17719124257564545
a3995,/mnt/data_disk/HDRData/1000hdr/HDRtest/a3995-IMG_0187.exr,/mnt/data_disk/ZQL/TIP_TMO_result/tradition/Logarithmic/a3995.png,341,512,0.9058613060138707,0.6771408824225947,0.9687499500788803,0.39078154431875406,0.7773277582628778,0.004235330374630258,0.20065030455589294
a4001,/mnt/data_disk/HDRData/1000hdr/HDRtest/a4001-jn_20070824_0168.exr,/mnt/data_disk/ZQL/TIP_TMO_result/tradition/Logarithmic/a4001.png,341,512,0.8108644341363056,0.7012575806790279,0.3359367285047209,0.3902053679027741,0.7804028460747486,7.889730799584952e-06,0.15151195228099823
a4003,/mnt/data_disk/HDRData/1000hdr/HDRtest/a4003-NKIM_MG_6603.exr,/mnt/data_disk/ZQL/TIP_TMO_result/tradition/Logarithmic/a4003.png,341,512,0.8099171598183375,0.7933077256684119,0.19887589539267297,0.31957656730513045,0.6391531041690005,3.044126045234047e-08,0.20943105220794678
a4004,/mnt/data_disk/HDRData/1000hdr/HDRtest/a4004-050812_113412__MG_3770.exr,/mnt/data_disk/ZQL/TIP_TMO_result/tradition/Logarithmic/a4004.png,341,512,0.7608288747636427,0.7857255669411649,0.02952245726946411,0.3625675057192934,0.7251350114385866,2.547916626609476e-16,0.12749387323856354
a4007,/mnt/data_disk/HDRData/1000hdr/HDRtest/a4007-_MG_7167.exr,/mnt/data_disk/ZQL/TIP_TMO_result/tradition/Logarithmic/a4007.png,341,512,0.7979105536319762,0.768418750342806,0.17796253021951178,0.33963679329783514,0.6792735864171946,1.7847562465878698e-10,0.27916592359542847
a4008,/mnt/data_disk/HDRData/1000hdr/HDRtest/a4008-dgw_019.exr,/mnt/data_disk/ZQL/TIP_TMO_result/tradition/Logarithmic/a4008.png,341,512,0.7794056050358202,0.6740981174481961,0.22423395350132216,0.2810111463447915,0.5620222818372771,1.0852305909068656e-08,0.23329249024391174
a4009,/mnt/data_disk/HDRData/1000hdr/HDRtest/a4009-jmac_MG_7717.exr,/mnt/data_disk/ZQL/TIP_TMO_result/tradition/Logarithmic/a4009.png,341,512,0.8227155704739842,0.8496787280744453,0.18579943824871256,0.4057511878211072,0.8115023756422134,1.0304532724969146e-15,0.29061466455459595
a4013,/mnt/data_disk/HDRData/1000hdr/HDRtest/a4013-_I2E6911.exr,/mnt/data_disk/ZQL/TIP_TMO_result/tradition/Logarithmic/a4013.png,341,512,0.8962487602620671,0.8014594482614258,0.6549527829569691,0.3232945899687136,0.6465891799364769,9.501853096631105e-13,0.317625492811203
a4014,/mnt/data_disk/HDRData/1000hdr/HDRtest/a4014-JI2E4114.exr,/mnt/data_disk/ZQL/TIP_TMO_result/tradition/Logarithmic/a4014.png,341,512,0.8483569302831825,0.7775460946161616,0.41326779712159933,0.37158632665070623,0.7431726501831418,3.1182706308077637e-09,0.25477755069732666
a4017,/mnt/data_disk/HDRData/1000hdr/HDRtest/a4017-DSC_0023.exr,/mnt/data_disk/ZQL/TIP_TMO_result/tradition/Logarithmic/a4017.png,340,512,0.885969119515334,0.8525675909520852,0.5065836334371713,0.4246839840930077,0.8493592211090193,8.747076996164855e-06,0.1616131067276001
a4020,/mnt/data_disk/HDRData/1000hdr/HDRtest/a4020-IMG_3763.exr,/mnt/data_disk/ZQL/TIP_TMO_result/tradition/Logarithmic/a4020.png,341,512,0.850830733339311,0.7014362157438477,0.5591611262856654,0.38571022373756736,0.7714179353011409,2.512173993879179e-06,0.17024563252925873
a4025,/mnt/data_disk/HDRData/1000hdr/HDRtest/a4025-IMG_5601.exr,/mnt/data_disk/ZQL/TIP_TMO_result/tradition/Logarithmic/a4025.png,341,512,0.9072783409468335,0.7601139653554392,0.8038555275761203,0.40366870835179336,0.7976944607837739,0.009642955919812748,0.2147485315799713
a4026,/mnt/data_disk/HDRData/1000hdr/HDRtest/a4026-NKIM_MG_6632.exr,/mnt/data_disk/ZQL/TIP_TMO_result/tradition/Logarithmic/a4026.png,341,512,0.7787403522275345,0.88332101466529,0.0093623583338809,0.45179797219323137,0.9035959443862891,1.7367990875922777e-13,0.20588384568691254
a4027,/mnt/data_disk/HDRData/1000hdr/HDRtest/a4027-IMG_2393.exr,/mnt/data_disk/ZQL/TIP_TMO_result/tradition/Logarithmic/a4027.png,341,512,0.8867638054340962,0.802703082191562,0.5940834537391249,0.4061507679490146,0.8123010343853329,5.015126963539236e-07,0.18754172325134277
a4028,/mnt/data_disk/HDRData/1000hdr/HDRtest/a4028-060810_105728__MG_6096.exr,/mnt/data_disk/ZQL/TIP_TMO_result/tradition/Logarithmic/a4028.png,341,512,0.9409862455774254,0.7827402411544542,0.9900119033939793,0.43429588755883,0.8640914500524565,0.004500325065203441,0.19475363194942474
a4038,/mnt/data_disk/HDRData/1000hdr/HDRtest/a4038-Ja_Pe-20.exr,/mnt/data_disk/ZQL/TIP_TMO_result/tradition/Logarithmic/a4038.png,288,512,0.9342820755918362,0.7998672899105216,0.908774149507966,0.43738746638528175,0.86637666029538,0.00839827247518351,0.20043861865997314
a4040,/mnt/data_disk/HDRData/1000hdr/HDRtest/a4040-IMG_0233.exr,/mnt/data_disk/ZQL/TIP_TMO_result/tradition/Logarithmic/a4040.png,341,512,0.8261869272818774,0.6968371179652246,0.42535157447476374,0.41981355087699246,0.8396271017487015,5.283454855571687e-12,0.3434509336948395
a4047,/mnt/data_disk/HDRData/1000hdr/HDRtest/a4047-IMG_1285.exr,/mnt/data_disk/ZQL/TIP_TMO_result/tradition/Logarithmic/a4047.png,341,512,0.9072932921018821,0.9262362393428146,0.5171667679748273,0.4644875910318077,0.9289750301109977,1.5195261766788564e-07,0.12443151324987411
a4049,/mnt/data_disk/HDRData/1000hdr/HDRtest/a4049-_DSC3858.exr,/mnt/data_disk/ZQL/TIP_TMO_result/tradition/Logarithmic/a4049.png,341,512,0.7776267623235429,0.595666876457587,0.34441044300305723,0.3656223448878359,0.7312446884860114,1.289660374051925e-09,0.3362506926059723
a4051,/mnt/data_disk/HDRData/1000hdr/HDRtest/a4051-_DSC0018-3.exr,/mnt/data_disk/ZQL/TIP_TMO_result/tradition/Logarithmic/a4051.png,340,512,0.9366305077205572,0.8389943136670601,0.8498537917901238,0.4463235336402486,0.8925006850607391,0.00014638221975817102,0.16434063017368317
a4052,/mnt/data_disk/HDRData/1000hdr/HDRtest/a4052-20060620_165511__MG_9535.exr,/mnt/data_disk/ZQL/TIP_TMO_result/tradition/Logarithmic/a4052.png,341,512,0.9261027274706227,0.8604670388252548,0.7410253337795034,0.43494165622893155,0.8657621329647316,0.004121179493131484,0.22216160595417023
a4060,/mnt/data_disk/HDRData/1000hdr/HDRtest/a4060-_DSC5597.exr,/mnt/data_disk/ZQL/TIP_TMO_result/tradition/Logarithmic/a4060.png,341,512,0.9092030245803236,0.7137507047452981,0.9118622143192856,0.40569626380841883,0.7808616926804256,0.03053083493641211,0.2608393430709839
a4064,/mnt/data_disk/HDRData/1000hdr/HDRtest/a4064-07-12-02-at-16h23m18s-_MG_9020.exr,/mnt/data_disk/ZQL/TIP_TMO_result/tradition/Logarithmic/a4064.png,341,512,0.7940906818995177,0.8082849201792506,0.1160128575726724,0.34565491100448487,0.6913098220089611,8.611999624539799e-15,0.2384500652551651
a4068,/mnt/data_disk/HDRData/1000hdr/HDRtest/a4068-tc_DSC2612.exr,/mnt/data_disk/ZQL/TIP_TMO_result/tradition/Logarithmic/a4068.png,340,512,0.8428947453921283,0.6403882573695927,0.630746274793125,0.23860105814064828,0.4593172139616058,0.017884902319690758,0.22626926004886627
a4075,/mnt/data_disk/HDRData/1000hdr/HDRtest/a4075-JI2E0444.exr,/mnt/data_disk/ZQL/TIP_TMO_result/tradition/Logarithmic/a4075.png,341,512,0.8737453696103171,0.6610342601461944,0.7850180590725798,0.4117520783555903,0.8231426233821462,0.0003615333290343911,0.3168862760066986
a4076,/mnt/data_disk/HDRData/1000hdr/HDRtest/a4076-_DGW6244.exr,/mnt/data_disk/ZQL/TIP_TMO_result/tradition/Logarithmic/a4076.png,341,512,0.768288949266963,0.43750416371341094,0.6434213284302553,0.3727058304089986,0.7454111284169755,5.324010215688365e-07,0.3785898983478546
a4080,/mnt/data_disk/HDRData/1000hdr/HDRtest/a4080-IMG_3765.exr,/mnt/data_disk/ZQL/TIP_TMO_result/tradition/Logarithmic/a4080.png,341,512,0.8964882506252843,0.785117440999782,0.6860603366990983,0.4018979337450967,0.8037952441828845,6.233073088646609e-07,0.23312009871006012
a4085,/mnt/data_disk/HDRData/1000hdr/HDRtest/a4085-_MG_2385.exr,/mnt/data_disk/ZQL/TIP_TMO_result/tradition/Logarithmic/a4085.png,341,512,0.9523796031192664,0.8426777209360918,0.9512630688999056,0.43965322466159606,0.8226741359481425,0.0566323133750496,0.15799900889396667
a4087,/mnt/data_disk/HDRData/1000hdr/HDRtest/a4087-NKIM_MG_6395.exr,/mnt/data_disk/ZQL/TIP_TMO_result/tradition/Logarithmic/a4087.png,341,512,0.7695647199632452,0.8013067096751207,0.04094095320856627,0.4370924490807653,0.8741848981615306,3.046643365453602e-23,0.318951278924942
a4088,/mnt/data_disk/HDRData/1000hdr/HDRtest/a4088-dvf_041.exr,/mnt/data_disk/ZQL/TIP_TMO_result/tradition/Logarithmic/a4088.png,341,512,0.8405190765962638,0.8268072376568273,0.29865171460132545,0.4330521732508019,0.8661020858763275,2.2606252763253396e-06,0.09827873110771179
a4091,/mnt/data_disk/HDRData/1000hdr/HDRtest/a4091-_DSC0041.exr,/mnt/data_disk/ZQL/TIP_TMO_result/tradition/Logarithmic/a4091.png,340,512,0.9041732215657642,0.7757082488840336,0.7532003100907334,0.42191368402326884,0.816164900565535,0.027662467481002654,0.19044506549835205
a4092,/mnt/data_disk/HDRData/1000hdr/HDRtest/a4092-07-12-03-at-09h35m54s-_MG_9192.exr,/mnt/data_disk/ZQL/TIP_TMO_result/tradition/Logarithmic/a4092.png,341,512,0.793889163173105,0.8116219827754909,0.11169897889404685,0.43469766568215856,0.8693953313643171,9.720292062841593e-18,0.34357649087905884
a4093,/mnt/data_disk/HDRData/1000hdr/HDRtest/a4093-jn_20071117-031.exr,/mnt/data_disk/ZQL/TIP_TMO_result/tradition/Logarithmic/a4093.png,341,512,0.8507428034141234,0.6954631570484037,0.5698737870971298,0.39814104234048703,0.7962820796944106,4.986563452668763e-09,0.3231346607208252
a4096,/mnt/data_disk/HDRData/1000hdr/HDRtest/a4096-jmac_MG_0095.exr,/mnt/data_disk/ZQL/TIP_TMO_result/tradition/Logarithmic/a4096.png,341,512,0.8108597765427066,0.7554783139456674,0.25395483327944535,0.28511013163593324,0.5663865310529482,0.0038337322189182206,0.18650053441524506
a4097,/mnt/data_disk/HDRData/1000hdr/HDRtest/a4097-20080623_at_14h52m36__MG_9904.exr,/mnt/data_disk/ZQL/TIP_TMO_result/tradition/Logarithmic/a4097.png,341,512,0.8771207141287961,0.8981591961015736,0.3884780560412224,0.4171165137460206,0.8330027348620611,0.0012302926299801139,0.15485873818397522
a4099,/mnt/data_disk/HDRData/1000hdr/HDRtest/a4099-_DSC0014-2.exr,/mnt/data_disk/ZQL/TIP_TMO_result/tradition/Logarithmic/a4099.png,340,512,0.9501576129556839,0.8625424845893184,0.89827764288034,0.4752810359331861,0.927201129120306,0.023360942746066232,0.1334042251110077
a4101,/mnt/data_disk/HDRData/1000hdr/HDRtest/a4101-IMG_5823.exr,/mnt/data_disk/ZQL/TIP_TMO_result/tradition/Logarithmic/a4101.png,341,512,0.771119390582102,0.6751382020381345,0.18569632385870125,0.37129386228554795,0.5620183940104917,0.18056933056060426,0.18478058278560638
a4102,/mnt/data_disk/HDRData/1000hdr/HDRtest/a4102-07-06-30-at-11h38m56s-_MG_1997.exr,/mnt/data_disk/ZQL/TIP_TMO_result/tradition/Logarithmic/a4102.png,341,512,0.9065731056749061,0.8356509398325627,0.6595544680207575,0.4563321459347381,0.9114602863730843,0.0012040054963918772,0.23070824146270752
a4104,/mnt/data_disk/HDRData/1000hdr/HDRtest/a4104-DSC_0260.exr,/mnt/data_disk/ZQL/TIP_TMO_result/tradition/Logarithmic/a4104.png,340,512,0.9056709229154541,0.8305729982360143,0.6627305116559339,0.32564059699706727,0.6511837894270845,9.740456705002386e-05,0.10148702561855316
a4105,/mnt/data_disk/HDRData/1000hdr/HDRtest/a4105-07-11-26-at-16h02m57s-_MG_7151.exr,/mnt/data_disk/ZQL/TIP_TMO_result/tradition/Logarithmic/a4105.png,341,512,0.8621447528086074,0.6961031447070923,0.638502264049265,0.39162557543256415,0.7705461764590025,0.012704974406125806,0.24886883795261383
a4107,/mnt/data_disk/HDRData/1000hdr/HDRtest/a4107-dvf_018.exr,/mnt/data_disk/ZQL/TIP_TMO_result/tradition/Logarithmic/a4107.png,341,512,0.7233075285718139,0.6608212216635743,0.03136949113563258,0.3934954364677808,0.7869908729355616,2.898581829781732e-23,0.15437772870063782
a4108,/mnt/data_disk/HDRData/1000hdr/HDRtest/a4108-MB_080329_057.exr,/mnt/data_disk/ZQL/TIP_TMO_result/tradition/Logarithmic/a4108.png,341,512,0.810873887987728,0.824672196719475,0.16470933976806226,0.33457951653171625,0.6691590318239093,1.2395231498511563e-09,0.34051504731178284
a4110,/mnt/data_disk/HDRData/1000hdr/HDRtest/a4110-dgw_069.exr,/mnt/data_disk/ZQL/TIP_TMO_result/tradition/Logarithmic/a4110.png,341,512,0.8498177150234351,0.7280971178836864,0.5046578280914567,0.4060089661233178,0.8120178823249634,4.992167224262672e-08,0.3332357108592987
a4113,/mnt/data_disk/HDRData/1000hdr/HDRtest/a4113-IMG_2800.exr,/mnt/data_disk/ZQL/TIP_TMO_result/tradition/Logarithmic/a4113.png,341,512,0.8408281453746187,0.8364164976098765,0.2869553096991046,0.37015046826200343,0.740296395430653,4.5410933539087405e-06,0.1538650393486023
a4116,/mnt/data_disk/HDRData/1000hdr/HDRtest/a4116-IMG_2042.exr,/mnt/data_disk/ZQL/TIP_TMO_result/tradition/Logarithmic/a4116.png,341,512,0.8586540665048809,0.802188650075916,0.4309933246333713,0.4379834211511869,0.8695918785374706,0.00637496376490321,0.096528559923172
a4117,/mnt/data_disk/HDRData/1000hdr/HDRtest/a4117-050918_141526__MG_5987.exr,/mnt/data_disk/ZQL/TIP_TMO_result/tradition/Logarithmic/a4117.png,341,512,0.8197999814942393,0.7279754793050288,0.3395495277962742,0.36989411469377836,0.7396912088441681,9.702054338862526e-05,0.2931024730205536
a4124,/mnt/data_disk/HDRData/1000hdr/HDRtest/a4124-20080709_at_10h04m23__MG_4561.exr,/mnt/data_disk/ZQL/TIP_TMO_result/tradition/Logarithmic/a4124.png,341,512,0.8552264583828855,0.7399111956825034,0.5153546391922081,0.41998465584377775,0.8398799025592563,8.940912829924803e-05,0.21790502965450287
a4127,/mnt/data_disk/HDRData/1000hdr/HDRtest/a4127-DSC_0152.exr,/mnt/data_disk/ZQL/TIP_TMO_result/tradition/Logarithmic/a4127.png,340,512,0.9171135429429582,0.9057860626435627,0.6079122847337898,0.4604482812995349,0.9207998933484509,9.666925061895473e-05,0.1337304562330246
a4131,/mnt/data_disk/HDRData/1000hdr/HDRtest/a4131-DSC_0001-2.exr,/mnt/data_disk/ZQL/TIP_TMO_result/tradition/Logarithmic/a4131.png,340,512,0.857021134376502,0.768909554933436,0.47593459429039103,0.417226828226873,0.8127426871788347,0.021710969274911313,0.13029415905475616
a4134,/mnt/data_disk/HDRData/1000hdr/HDRtest/a4134-IMG_0086.exr,/mnt/data_disk/ZQL/TIP_TMO_result/tradition/Logarithmic/a4134.png,341,512,0.9583466959644564,0.8566061481233109,0.9664058409586562,0.4561146967761085,0.9109370687064878,0.001292324845729151,0.1480475813150406
a4142,/mnt/data_disk/HDRData/1000hdr/HDRtest/a4142-_DGW6275.exr,/mnt/data_disk/ZQL/TIP_TMO_result/tradition/Logarithmic/a4142.png,341,512,0.7625959831953297,0.7926516751687303,0.02894987821914631,0.3173551283849064,0.6347102567698129,2.2458879359567505e-17,0.2614307105541229
a4143,/mnt/data_disk/HDRData/1000hdr/HDRtest/a4143-LSCRW_0029.exr,/mnt/data_disk/ZQL/TIP_TMO_result/tradition/Logarithmic/a4143.png,384,512,0.8089239759137956,0.8797183318822319,0.09828583728383807,0.39731504270678014,0.7946300854135602,5.779335559508283e-17,0.12112952768802643
a4144,/mnt/data_disk/HDRData/1000hdr/HDRtest/a4144-050623_122602__MG_3246.exr,/mnt/data_disk/ZQL/TIP_TMO_result/tradition/Logarithmic/a4144.png,341,512,0.884901298806247,0.8701629463439824,0.47296808130693424,0.40954010296700677,0.819080205886394,4.7619604170426087e-11,0.19066999852657318
a4150,/mnt/data_disk/HDRData/1000hdr/HDRtest/a4150-_DGW6309.exr,/mnt/data_disk/ZQL/TIP_TMO_result/tradition/Logarithmic/a4150.png,341,512,0.7982466233600901,0.6646027488778116,0.3310191560489931,0.3809052374635847,0.7618104277482218,4.717894748537917e-08,0.35368406772613525
a4151,/mnt/data_disk/HDRData/1000hdr/HDRtest/a4151-dvf_026.exr,/mnt/data_disk/ZQL/TIP_TMO_result/tradition/Logarithmic/a4151.png,341,512,0.9164427757374495,0.718801537314799,0.9513837920992995,0.4167887243762695,0.7973415544871031,0.03623589426543596,0.2629469633102417
a4154,/mnt/data_disk/HDRData/1000hdr/HDRtest/a4154-IMG_4620.exr,/mnt/data_disk/ZQL/TIP_TMO_result/tradition/Logarithmic/a4154.png,341,512,0.8488554896945989,0.8047068927621359,0.373770739819627,0.38455805571171825,0.7691149885028251,1.1229206113750406e-06,0.2145034670829773
a4155,/mnt/data_disk/HDRData/1000hdr/HDRtest/a4155-WP_CRW_0237.exr,/mnt/data_disk/ZQL/TIP_TMO_result/tradition/Logarithmic/a4155.png,341,512,0.9014225499224873,0.8252013369515261,0.6454623992687378,0.4087596643453824,0.8174507750263702,6.855366439457686e-05,0.18288147449493408
a4156,/mnt/data_disk/HDRData/1000hdr/HDRtest/a4156-IMG_0159.exr,/mnt/data_disk/ZQL/TIP_TMO_result/tradition/Logarithmic/a4156.png,341,512,0.861382148031511,0.6866073202782543,0.652452314647867,0.44225500822566566,0.8841669568117216,0.00034305963960965636,0.25201690196990967
a4158,/mnt/data_disk/HDRData/1000hdr/HDRtest/a4158-WP_CRW_4109.exr,/mnt/data_disk/ZQL/TIP_TMO_result/tradition/Logarithmic/a4158.png,341,512,0.9419038143481069,0.8001098271231875,0.9613326735692577,0.5029501036850561,0.6871501350347173,0.318750072335395,0.14372289180755615
a4160,/mnt/data_disk/HDRData/1000hdr/HDRtest/a4160-jn_20070824_0167.exr,/mnt/data_disk/ZQL/TIP_TMO_result/tradition/Logarithmic/a4160.png,341,512,0.8874542957921141,0.7932190130440794,0.6149123167219926,0.4148532253820945,0.829689937858365,1.6512905824039604e-05,0.32646501064300537
a4161,/mnt/data_disk/HDRData/1000hdr/HDRtest/a4161-tc_DSC2218.exr,/mnt/data_disk/ZQL/TIP_TMO_result/tradition/Logarithmic/a4161.png,340,512,0.7890783405319337,0.935887560009551,0.003882518919582737,0.4108041064380424,0.8216082128760848,2.747175230326027e-29,0.24776694178581238
a4167,/mnt/data_disk/HDRData/1000hdr/HDRtest/a4167-IMG_0031.exr,/mnt/data_disk/ZQL/TIP_TMO_result/tradition/Logarithmic/a4167.png,341,512,0.9463783099985446,0.8301386134912366,0.9335713058350731,0.4314126030366225,0.8624864475951707,0.00033875847807426294,0.24376802146434784
a4170,/mnt/data_disk/HDRData/1000hdr/HDRtest/a4170-jmac_DSC3333.exr,/mnt/data_disk/ZQL/TIP_TMO_result/tradition/Logarithmic/a4170.png,343,512,0.9167104031965669,0.7253508115630225,0.9392578174150371,0.3995070505403864,0.7977108638400392,0.0013032372407335473,0.19192562997341156
a4174,/mnt/data_disk/HDRData/1000hdr/HDRtest/a4174-dgw_083.exr,/mnt/data_disk/ZQL/TIP_TMO_result/tradition/Logarithmic/a4174.png,341,512,0.791865834375054,0.7999594558926192,0.11654211181421031,0.4209643898833097,0.8419287797665671,5.2236539580877764e-14,0.3696259558200836
a4177,/mnt/data_disk/HDRData/1000hdr/HDRtest/a4177-jmac_DSC1412.exr,/mnt/data_disk/ZQL/TIP_TMO_result/tradition/Logarithmic/a4177.png,340,512,0.8030866641504982,0.9212140846847902,0.04383921322512854,0.3883115719704103,0.7766231439408205,3.2036606863053715e-21,0.14179727435112
a4178,/mnt/data_disk/HDRData/1000hdr/HDRtest/a4178-IMG_0487.exr,/mnt/data_disk/ZQL/TIP_TMO_result/tradition/Logarithmic/a4178.png,341,512,0.8683381887889071,0.9062448164666017,0.3310515171689558,0.431773112938017,0.8635462158352163,1.0040817719258267e-08,0.1316920667886734
a4184,/mnt/data_disk/HDRData/1000hdr/HDRtest/a4184-jmac_MG_5507.exr,/mnt/data_disk/ZQL/TIP_TMO_result/tradition/Logarithmic/a4184.png,341,512,0.8808851188692266,0.7576655755546783,0.6383681794607193,0.3994358306215711,0.7983924828026774,0.00047917844046487955,0.29682648181915283
a4185,/mnt/data_disk/HDRData/1000hdr/HDRtest/a4185-DSC_0055-2.exr,/mnt/data_disk/ZQL/TIP_TMO_result/tradition/Logarithmic/a4185.png,340,512,0.8665453247746063,0.8017207415331167,0.4762236660669023,0.4211135486441686,0.8422006971579898,2.6400130347409862e-05,0.22305133938789368
a4188,/mnt/data_disk/HDRData/1000hdr/HDRtest/a4188-_MG_1604.exr,/mnt/data_disk/ZQL/TIP_TMO_result/tradition/Logarithmic/a4188.png,341,512,0.8562159565165923,0.7335448699731412,0.5324681642943067,0.3546576654668929,0.7092779105004559,3.7420433330020376e-05,0.2928968667984009
a4191,/mnt/data_disk/HDRData/1000hdr/HDRtest/a4191-IMG_4849.exr,/mnt/data_disk/ZQL/TIP_TMO_result/tradition/Logarithmic/a4191.png,341,512,0.9463396197238632,0.818665253790854,0.9556540860229098,0.4218502089535449,0.8424572540613692,0.001243163845720616,0.20531567931175232
a4194,/mnt/data_disk/HDRData/1000hdr/HDRtest/a4194-LS051026_day_1_arive50.exr,/mnt/data_disk/ZQL/TIP_TMO_result/tradition/Logarithmic/a4194.png,341,512,0.9183932910828482,0.7205868429694783,0.9612106827899113,0.42229217911864064,0.842866279164224,0.001718079073057372,0.1975637972354889
a4197,/mnt/data_disk/HDRData/1000hdr/HDRtest/a4197-_MG_6428.exr,/mnt/data_disk/ZQL/TIP_TMO_result/tradition/Logarithmic/a4197.png,341,512,0.7944729104620089,0.8573057119565927,0.06931976389711489,0.4277078925082515,0.855415785014589,1.9139160001225917e-12,0.1319292187690735
a4198,/mnt/data_disk/HDRData/1000hdr/HDRtest/a4198-_DSC6401.exr,/mnt/data_disk/ZQL/TIP_TMO_result/tradition/Logarithmic/a4198.png,341,512,0.8501152922693969,0.5859045992378438,0.7973113693971458,0.37722715890513725,0.7544530171752906,1.3006349838937682e-06,0.313351035118103
a4199,/mnt/data_disk/HDRData/1000hdr/HDRtest/a4199-jmac_MG_5003.exr,/mnt/data_disk/ZQL/TIP_TMO_result/tradition/Logarithmic/a4199.png,341,512,0.8104818904933662,0.6935214983903429,0.3465387008060675,0.36397444479066204,0.7279488890773754,5.039486649397221e-10,0.3540836274623871
a4201,/mnt/data_disk/HDRData/1000hdr/HDRtest/a4201-_DSC0120.exr,/mnt/data_disk/ZQL/TIP_TMO_result/tradition/Logarithmic/a4201.png,340,512,0.8900500857492971,0.7572188545911143,0.6970194510304739,0.37131708915317707,0.7319849864346678,0.010649191871686352,0.29375919699668884
a4202,/mnt/data_disk/HDRData/1000hdr/HDRtest/a4202-DSC_0439.exr,/mnt/data_disk/ZQL/TIP_TMO_result/tradition/Logarithmic/a4202.png,343,512,0.9196219438831505,0.8204780609203491,0.7706776295474556,0.4324972151448217,0.8464877621979237,0.018506668091719733,0.19494184851646423
a4204,/mnt/data_disk/HDRData/1000hdr/HDRtest/a4204-_DGW7870.exr,/mnt/data_disk/ZQL/TIP_TMO_result/tradition/Logarithmic/a4204.png,341,512,0.7505066697161269,0.7146786517753212,0.06053130955887417,0.38057871893314077,0.7611574378659528,3.286913120487792e-13,0.146072119474411
a4212,/mnt/data_disk/HDRData/1000hdr/HDRtest/a4212-Duggan_090321_5925.exr,/mnt/data_disk/ZQL/TIP_TMO_result/tradition/Logarithmic/a4212.png,341,512,0.8263323734655562,0.7112770245744089,0.4014696208116547,0.3872643168313309,0.7745102388988135,1.8394763848228664e-05,0.24259556829929352
a4214,/mnt/data_disk/HDRData/1000hdr/HDRtest/a4214-DSC_0267.exr,/mnt/data_disk/ZQL/TIP_TMO_result/tradition/Logarithmic/a4214.png,343,512,0.9282111915708804,0.8835609285938141,0.7145598434312324,0.7203276622793022,0.9439038650730489,0.49675145948555566,0.16800566017627716
a4216,/mnt/data_disk/HDRData/1000hdr/HDRtest/a4216-DSC_0118.exr,/mnt/data_disk/ZQL/TIP_TMO_result/tradition/Logarithmic/a4216.png,343,512,0.9347885370703748,0.8659770576831587,0.7882539738511951,0.45589107302829074,0.91177975162695,2.394429631462992e-06,0.18320855498313904
a4220,/mnt/data_disk/HDRData/1000hdr/HDRtest/a4220-Duggan_090305_5359.exr,/mnt/data_disk/ZQL/TIP_TMO_result/tradition/Logarithmic/a4220.png,341,512,0.8148023563289993,0.6991076525286878,0.35999366748237427,0.3314679406608775,0.662935881321755,1.6091270325892048e-23,0.26721078157424927
a4228,/mnt/data_disk/HDRData/1000hdr/HDRtest/a4228-DSC_0037-2.exr,/mnt/data_disk/ZQL/TIP_TMO_result/tradition/Logarithmic/a4228.png,340,512,0.7754044711787886,0.8432255136708913,0.02550225081853369,0.3476162199115177,0.6952324398230354,1.0294640946915698e-18,0.12733617424964905
a4230,/mnt/data_disk/HDRData/1000hdr/HDRtest/a4230-Duggan_090426_7798.exr,/mnt/data_disk/ZQL/TIP_TMO_result/tradition/Logarithmic/a4230.png,341,512,0.8770356489554851,0.6154541746447804,0.9100543611730796,0.3783757573319849,0.7567515029398038,1.1724166068576287e-08,0.2481924295425415
a4231,/mnt/data_disk/HDRData/1000hdr/HDRtest/a4231-Duggan_080326_5786.exr,/mnt/data_disk/ZQL/TIP_TMO_result/tradition/Logarithmic/a4231.png,341,512,0.8999009022045026,0.6601923659235343,0.965319251124404,0.4146941887125518,0.8158950043844874,0.013493373040616267,0.13727949559688568
a4232,/mnt/data_disk/HDRData/1000hdr/HDRtest/a4232-Duggan_090323_6181.exr,/mnt/data_disk/ZQL/TIP_TMO_result/tradition/Logarithmic/a4232.png,341,512,0.8452526586965153,0.7823782236553939,0.38876218559370285,0.40139703244240443,0.8027940627754097,2.109399161188766e-09,0.32014837861061096
a4235,/mnt/data_disk/HDRData/1000hdr/HDRtest/a4235-DSC_0433.exr,/mnt/data_disk/ZQL/TIP_TMO_result/tradition/Logarithmic/a4235.png,343,512,0.9366896184260842,0.791374413387656,0.9423384498382117,0.3659197211339393,0.7202851081175418,0.011554334150336848,0.20282793045043945
a4236,/mnt/data_disk/HDRData/1000hdr/HDRtest/a4236-DSC_0384.exr,/mnt/data_disk/ZQL/TIP_TMO_result/tradition/Logarithmic/a4236.png,343,512,0.894076096594657,0.8216446679240879,0.606132154987944,0.47182495378692674,0.9003611301654011,0.043288777408452384,0.1499173939228058
a4237,/mnt/data_disk/HDRData/1000hdr/HDRtest/a4237-20090417_at_18h06m01__MG_1955.exr,/mnt/data_disk/ZQL/TIP_TMO_result/tradition/Logarithmic/a4237.png,341,512,0.8417811651890739,0.7003279878393539,0.5077320849273828,0.3268301537591563,0.6536601800293894,1.2748892320146713e-07,0.18702714145183563
a4238,/mnt/data_disk/HDRData/1000hdr/HDRtest/a4238-Duggan_090320_5609.exr,/mnt/data_disk/ZQL/TIP_TMO_result/tradition/Logarithmic/a4238.png,341,512,0.8426114546816902,0.8338787491682558,0.2992929019429353,0.4261997265246748,0.8523994530466925,2.6570984751142628e-12,0.21323144435882568
a4239,/mnt/data_disk/HDRData/1000hdr/HDRtest/a4239-Duggan_080114_4429.exr,/mnt/data_disk/ZQL/TIP_TMO_result/tradition/Logarithmic/a4239.png,341,512,0.8424489689456305,0.7505583964040347,0.4244725284962774,0.3175715089728693,0.6351429023954358,1.1555030277582603e-07,0.1738997995853424
a4244,/mnt/data_disk/HDRData/1000hdr/HDRtest/a4244-Duggan_090504_8959.exr,/mnt/data_disk/ZQL/TIP_TMO_result/tradition/Logarithmic/a4244.png,341,512,0.7566671999922852,0.5897245380658799,0.2504657235877812,0.375406885660536,0.7430784484515061,0.007735322869565904,0.2020765095949173
a4246,/mnt/data_disk/HDRData/1000hdr/HDRtest/a4246-Duggan_090330_6226.exr,/mnt/data_disk/ZQL/TIP_TMO_result/tradition/Logarithmic/a4246.png,341,512,0.8933032819611382,0.7074282283319688,0.8170396869634966,0.3926602769467475,0.7272348448136344,0.05808570907986051,0.20015592873096466
a4249,/mnt/data_disk/HDRData/1000hdr/HDRtest/a4249-Duggan_090322_6001.exr,/mnt/data_disk/ZQL/TIP_TMO_result/tradition/Logarithmic/a4249.png,341,512,0.8754649937817416,0.763639012049817,0.5940962675160537,0.4195131842148705,0.8390263656516943,2.778046679884541e-09,0.2746638357639313
a4254,/mnt/data_disk/HDRData/1000hdr/HDRtest/a4254-DSC_0066.exr,/mnt/data_disk/ZQL/TIP_TMO_result/tradition/Logarithmic/a4254.png,340,512,0.8067864667126946,0.7941068572994405,0.1841427668873968,0.3976253411883398,0.79525017571396,5.066627196838735e-07,0.12612411379814148
a4258,/mnt/data_disk/HDRData/1000hdr/HDRtest/a4258-_DSC0012-4.exr,/mnt/data_disk/ZQL/TIP_TMO_result/tradition/Logarithmic/a4258.png,340,512,0.8456959423255141,0.8247365944579086,0.32777029365376165,0.43024957424954,0.8604991467190336,1.780046393277256e-09,0.08706485480070114
a4262,/mnt/data_disk/HDRData/1000hdr/HDRtest/a4262-DSC_0065.exr,/mnt/data_disk/ZQL/TIP_TMO_result/tradition/Logarithmic/a4262.png,340,512,0.8468560658575564,0.8255996618007392,0.33249523480943577,0.38440216184698317,0.7654489535299472,0.003355370164019093,0.12994636595249176
a4266,/mnt/data_disk/HDRData/1000hdr/HDRtest/a4266-DSC_0426.exr,/mnt/data_disk/ZQL/TIP_TMO_result/tradition/Logarithmic/a4266.png,343,512,0.8546925186071996,0.6577468826768746,0.6687760823388924,0.3727079419756553,0.7443027574887755,0.001113126462535097,0.24534212052822113
a4267,/mnt/data_disk/HDRData/1000hdr/HDRtest/a4267-20090414_at_23h13m08__MG_1367.exr,/mnt/data_disk/ZQL/TIP_TMO_result/tradition/Logarithmic/a4267.png,341,512,0.7716406391059267,0.584669697580344,0.3334659969118692,0.3313242329357386,0.6624792814068756,0.00016918446460160479,0.1520615518093109
a4271,/mnt/data_disk/HDRData/1000hdr/HDRtest/a4271-Duggan_090227_5232.exr,/mnt/data_disk/ZQL/TIP_TMO_result/tradition/Logarithmic/a4271.png,341,512,0.8882544156276597,0.8593299712172348,0.5091846445575958,0.43787881981571436,0.8757573484844182,2.9114701050666664e-07,0.25700342655181885
a4272,/mnt/data_disk/HDRData/1000hdr/HDRtest/a4272-DSC_0398.exr,/mnt/data_disk/ZQL/TIP_TMO_result/tradition/Logarithmic/a4272.png,343,512,0.6553743972102962,0.3935867151978782,0.15188707324513884,0.1952875083339807,0.3905750166679499,1.1475937691585771e-14,0.14243581891059875
a4275,/mnt/data_disk/HDRData/1000hdr/HDRtest/a4275-09-05-12-at-17h46m31s-_MG_8890.exr,/mnt/data_disk/ZQL/TIP_TMO_result/tradition/Logarithmic/a4275.png,341,512,0.9071418711200021,0.8002604707364762,0.7265262194411704,0.3786188108896936,0.7571084392901082,0.0001291824892791194,0.19935919344425201
a4287,/mnt/data_disk/HDRData/1000hdr/HDRtest/a4287-_DSC0083.exr,/mnt/data_disk/ZQL/TIP_TMO_result/tradition/Logarithmic/a4287.png,340,512,0.9247565419995308,0.8234729031251821,0.7990948002304024,0.4202738366573242,0.834614068427255,0.005933604887393389,0.16430380940437317
a4291,/mnt/data_disk/HDRData/1000hdr/HDRtest/a4291-20090417_at_18h46m58__MG_2026.exr,/mnt/data_disk/ZQL/TIP_TMO_result/tradition/Logarithmic/a4291.png,341,512,0.8633816478268301,0.8912952890848012,0.32578128122588346,0.3613409328646676,0.7226704153714342,1.1450357901047073e-05,0.17034918069839478
a4297,/mnt/data_disk/HDRData/1000hdr/HDRtest/a4297-_DSC0034.exr,/mnt/data_disk/ZQL/TIP_TMO_result/tradition/Logarithmic/a4297.png,340,512,0.9238012605946644,0.7423192126947841,0.9529120362027726,0.41017226255817474,0.8143508669102794,0.005993658206070169,0.17245003581047058
a4298,/mnt/data_disk/HDRData/1000hdr/HDRtest/a4298-Duggan_090504_9090.exr,/mnt/data_disk/ZQL/TIP_TMO_result/tradition/Logarithmic/a4298.png,341,512,0.7733350640733723,0.8109114746612374,0.043902044157081,0.3398482963588186,0.6796965927176372,7.297805391239143e-23,0.1871151179075241
a4302,/mnt/data_disk/HDRData/1000hdr/HDRtest/a4302-20090425_at_17h00m59__MG_0404.exr,/mnt/data_disk/ZQL/TIP_TMO_result/tradition/Logarithmic/a4302.png,341,512,0.8036099492582961,0.8103683110829614,0.1512425222835872,0.3725241898376127,0.7450483796723306,2.8947777179479026e-12,0.2943345606327057
a4304,/mnt/data_disk/HDRData/1000hdr/HDRtest/a4304-09-05-19-at-18h03m17s-_MG_9540.exr,/mnt/data_disk/ZQL/TIP_TMO_result/tradition/Logarithmic/a4304.png,341,512,0.8591104390235278,0.6690789998560965,0.6734455847334868,0.38802292260237337,0.706255284550579,0.06979056065416783,0.20703713595867157
a4307,/mnt/data_disk/HDRData/1000hdr/HDRtest/a4307-20050328_161219__MG_0628.exr,/mnt/data_disk/ZQL/TIP_TMO_result/tradition/Logarithmic/a4307.png,341,512,0.8763289282113284,0.8539390764746758,0.44927785234955475,0.4437901694159266,0.8870985144759241,0.00048182435592899336,0.1066812202334404
a4308,/mnt/data_disk/HDRData/1000hdr/HDRtest/a4308-Duggan_090209_4996.exr,/mnt/data_disk/ZQL/TIP_TMO_result/tradition/Logarithmic/a4308.png,341,512,0.8355850214778812,0.8109194250224051,0.2962657733672442,0.3872951555816092,0.7745740024436817,1.6308719536675756e-05,0.2994290292263031
a4310,/mnt/data_disk/HDRData/1000hdr/HDRtest/a4310-DSC_0007.exr,/mnt/data_disk/ZQL/TIP_TMO_result/tradition/Logarithmic/a4310.png,340,512,0.8730243159652065,0.7531436042760111,0.5981486575718485,0.43040962419555095,0.8608129601751391,6.288215962851223e-06,0.17000988125801086
a4312,/mnt/data_disk/HDRData/1000hdr/HDRtest/a4312-20090417_at_16h32m44__MG_1867.exr,/mnt/data_disk/ZQL/TIP_TMO_result/tradition/Logarithmic/a4312.png,341,512,0.8463650155314537,0.645846548842113,0.64106924734353,0.3781182132372987,0.7560847547883034,0.00015167168629408274,0.3232625722885132
a4317,/mnt/data_disk/HDRData/1000hdr/HDRtest/a4317-DSC_0224.exr,/mnt/data_disk/ZQL/TIP_TMO_result/tradition/Logarithmic/a4317.png,343,512,0.8582262995654303,0.7665467867985203,0.4868220214673554,0.3499189266732365,0.6992590535805661,0.0005787997659068867,0.1388717144727707
a4318,/mnt/data_disk/HDRData/1000hdr/HDRtest/a4318-Duggan_090321_5920.exr,/mnt/data_disk/ZQL/TIP_TMO_result/tradition/Logarithmic/a4318.png,341,512,0.8598089662220928,0.8931852319453503,0.30513096449908117,0.4310519840790834,0.8621038904700783,7.768808854293225e-08,0.18021202087402344
a4319,/mnt/data_disk/HDRData/1000hdr/HDRtest/a4319-DSC_0132.exr,/mnt/data_disk/ZQL/TIP_TMO_result/tradition/Logarithmic/a4319.png,340,512,0.9270526701661141,0.8170614985939774,0.826432567839939,0.43054009543476635,0.8608136380005549,0.000266552868977779,0.1937398910522461
a4323,/mnt/data_disk/HDRData/1000hdr/HDRtest/a4323-DSC_0010.exr,/mnt/data_disk/ZQL/TIP_TMO_result/tradition/Logarithmic/a4323.png,343,512,0.9350618821594503,0.7893037227733044,0.935144298909902,0.4026720136928159,0.7235140291031379,0.0818299982824939,0.23780161142349243
a4324,/mnt/data_disk/HDRData/1000hdr/HDRtest/a4324-DSC_0002.exr,/mnt/data_disk/ZQL/TIP_TMO_result/tradition/Logarithmic/a4324.png,343,512,0.9237602056704717,0.816079475370447,0.8062534588237512,0.5517427359597644,0.7230522913727021,0.38043318054682684,0.18745633959770203
a4326,/mnt/data_disk/HDRData/1000hdr/HDRtest/a4326-DSC_0461.exr,/mnt/data_disk/ZQL/TIP_TMO_result/tradition/Logarithmic/a4326.png,343,512,0.851241952514515,0.7029723932114498,0.5587527661266662,0.3158086200625959,0.6315807075428151,3.653258237671171e-05,0.17642615735530853
a4329,/mnt/data_disk/HDRData/1000hdr/HDRtest/a4329-DSC_0028.exr,/mnt/data_disk/ZQL/TIP_TMO_result/tradition/Logarithmic/a4329.png,340,512,0.825702263163681,0.8095591795641565,0.25009018611840617,0.3760901116242387,0.7521092828165187,7.094043195878955e-05,0.10899626463651657
a4331,/mnt/data_disk/HDRData/1000hdr/HDRtest/a4331-_DGW0241.exr,/mnt/data_disk/ZQL/TIP_TMO_result/tradition/Logarithmic/a4331.png,341,512,0.8200215969993354,0.8009644701437579,0.23486057606800287,0.3576915850925708,0.712207945398487,0.003175224786654672,0.1606852114200592
a4335,/mnt/data_disk/HDRData/1000hdr/HDRtest/a4335-Duggan_090123_4520.exr,/mnt/data_disk/ZQL/TIP_TMO_result/tradition/Logarithmic/a4335.png,341,512,0.9059026789011183,0.731580414430448,0.8519706552069658,0.37049841866642114,0.7409968373212952,1.154709839731125e-11,0.3147973120212555
a4338,/mnt/data_disk/HDRData/1000hdr/HDRtest/a4338-DSC_0206.exr,/mnt/data_disk/ZQL/TIP_TMO_result/tradition/Logarithmic/a4338.png,343,512,0.8239216514057738,0.7940172360436993,0.2627052466719705,0.3981827507131956,0.7963655013082827,1.1810850789053581e-10,0.1321757286787033
a4339,/mnt/data_disk/HDRData/1000hdr/HDRtest/a4339-Duggan_090111_4244.exr,/mnt/data_disk/ZQL/TIP_TMO_result/tradition/Logarithmic/a4339.png,341,512,0.8369381533242781,0.619271882613088,0.6379017732984301,0.34868100887901066,0.6973618941800861,1.235779352628059e-07,0.26910823583602905
a4340,/mnt/data_disk/HDRData/1000hdr/HDRtest/a4340-DSC_0441.exr,/mnt/data_disk/ZQL/TIP_TMO_result/tradition/Logarithmic/a4340.png,343,512,0.838413917037002,0.5764425053210926,0.7425113668025641,0.3154707351685748,0.6309414699951437,3.4200602705343587e-10,0.19976666569709778
a4342,/mnt/data_disk/HDRData/1000hdr/HDRtest/a4342-DSC_0043.exr,/mnt/data_disk/ZQL/TIP_TMO_result/tradition/Logarithmic/a4342.png,340,512,0.9242663045420279,0.7678236464136119,0.9035901858855888,0.4326140516371159,0.8489171279591117,0.016310975315120182,0.13650153577327728
a4345,/mnt/data_disk/HDRData/1000hdr/HDRtest/a4345-Duggan_080411_5976.exr,/mnt/data_disk/ZQL/TIP_TMO_result/tradition/Logarithmic/a4345.png,341,512,0.8699807453114068,0.7303938242096376,0.6214402394123574,0.4168821179365644,0.8322475799708484,0.00151665590228037,0.15767928957939148
a4354,/mnt/data_disk/HDRData/1000hdr/HDRtest/a4354-DSC_0347.exr,/mnt/data_disk/ZQL/TIP_TMO_result/tradition/Logarithmic/a4354.png,343,512,0.8689991977068094,0.8261067868205078,0.4511815912710823,0.43120296829177196,0.8623123432716537,9.359331189017068e-05,0.2603887617588043
a4356,/mnt/data_disk/HDRData/1000hdr/HDRtest/a4356-_DSC1335.exr,/mnt/data_disk/ZQL/TIP_TMO_result/tradition/Logarithmic/a4356.png,341,512,0.6806110301167799,0.45606263768631516,0.14196200372081752,0.2715806630035896,0.5431593995857771,1.9264214020148487e-06,0.10249056667089462
a4357,/mnt/data_disk/HDRData/1000hdr/HDRtest/a4357-Duggan_090124_4645.exr,/mnt/data_disk/ZQL/TIP_TMO_result/tradition/Logarithmic/a4357.png,341,512,0.9282607672864222,0.75139293507706,0.9651582055150878,0.39346722026763886,0.7704487288926276,0.01648571164265011,0.21300004422664642
a4366,/mnt/data_disk/HDRData/1000hdr/HDRtest/a4366-DSC_0447.exr,/mnt/data_disk/ZQL/TIP_TMO_result/tradition/Logarithmic/a4366.png,343,512,0.9404757280880254,0.9075020432460824,0.7531821261806001,0.43385410099438915,0.8620387923611745,0.005669409627603741,0.13200151920318604
a4368,/mnt/data_disk/HDRData/1000hdr/HDRtest/a4368-Duggan_090321_5857.exr,/mnt/data_disk/ZQL/TIP_TMO_result/tradition/Logarithmic/a4368.png,341,512,0.9337384193388589,0.7798101583701755,0.9450368236974404,0.35174140997414616,0.703458003078577,2.481686971532297e-05,0.23769664764404297
a4370,/mnt/data_disk/HDRData/1000hdr/HDRtest/a4370-DSC_0080.exr,/mnt/data_disk/ZQL/TIP_TMO_result/tradition/Logarithmic/a4370.png,340,512,0.9265958035360431,0.8323172842127531,0.7949619468905857,0.47672198647296504,0.8648925161964154,0.08855145674951474,0.13830532133579254
a4374,/mnt/data_disk/HDRData/1000hdr/HDRtest/a4374-09-05-19-at-17h54m57s-_MG_9531.exr,/mnt/data_disk/ZQL/TIP_TMO_result/tradition/Logarithmic/a4374.png,341,512,0.9000709792443041,0.7813900723561197,0.7158851477135817,0.35327655726400453,0.6927250191098091,0.013828095418199932,0.15466679632663727
a4377,/mnt/data_disk/HDRData/1000hdr/HDRtest/a4377-IMG_4929.exr,/mnt/data_disk/ZQL/TIP_TMO_result/tradition/Logarithmic/a4377.png,341,512,0.8603652199031023,0.8542654264903351,0.36175163894504186,0.4101856163276005,0.8203627524183845,8.480236816441101e-06,0.16361898183822632
a4382,/mnt/data_disk/HDRData/1000hdr/HDRtest/a4382-DSC_0261.exr,/mnt/data_disk/ZQL/TIP_TMO_result/tradition/Logarithmic/a4382.png,343,512,0.89055984017892,0.7673641245231938,0.6812247597788352,0.4365450719369659,0.8691756103356809,0.003914533538250852,0.21274417638778687
a4384,/mnt/data_disk/HDRData/1000hdr/HDRtest/a4384-DSC_0322.exr,/mnt/data_disk/ZQL/TIP_TMO_result/tradition/Logarithmic/a4384.png,343,512,0.9163442164473815,0.747742937169855,0.8899858896349688,0.5846348831775259,0.8827282192829657,0.286541547072086,0.15585410594940186
a4385,/mnt/data_disk/HDRData/1000hdr/HDRtest/a4385-_DGW9650.exr,/mnt/data_disk/ZQL/TIP_TMO_result/tradition/Logarithmic/a4385.png,341,512,0.8938175873979985,0.6767972307785889,0.885910001022965,0.34047827731955155,0.6625843255291632,0.018372229109939856,0.233097106218338
a4386,/mnt/data_disk/HDRData/1000hdr/HDRtest/a4386-Duggan_090124_4632.exr,/mnt/data_disk/ZQL/TIP_TMO_result/tradition/Logarithmic/a4386.png,341,512,0.950832753628583,0.8254020378040555,0.9739773367465566,0.43858944834671054,0.8360153216454376,0.04116357504798349,0.1522122323513031
a4392,/mnt/data_disk/HDRData/1000hdr/HDRtest/a4392-Duggan_090331_6554.exr,/mnt/data_disk/ZQL/TIP_TMO_result/tradition/Logarithmic/a4392.png,341,512,0.892933057712666,0.7916906674036843,0.6516729690180372,0.4287381561971897,0.8574763122718828,1.2249653702132847e-10,0.2887800633907318
a4394,/mnt/data_disk/HDRData/1000hdr/HDRtest/a4394-Duggan_090127_4837.exr,/mnt/data_disk/ZQL/TIP_TMO_result/tradition/Logarithmic/a4394.png,341,512,0.8951666671139558,0.7249707604666962,0.7934763293199171,0.4097367109648886,0.8194618675467396,1.1554383037714736e-05,0.23800334334373474
a4395,/mnt/data_disk/HDRData/1000hdr/HDRtest/a4395-Duggan_090503_8734.exr,/mnt/data_disk/ZQL/TIP_TMO_result/tradition/Logarithmic/a4395.png,341,512,0.6265425816241451,0.4378859577585538,0.003384254451877154,0.33094844923355476,0.6618968984671095,4.475008288438886e-26,0.11191306263208389
a4396,/mnt/data_disk/HDRData/1000hdr/HDRtest/a4396-DSC_0073-2.exr,/mnt/data_disk/ZQL/TIP_TMO_result/tradition/Logarithmic/a4396.png,340,512,0.9256322194511053,0.7959084787288118,0.8573112729606877,0.4241619149993826,0.8481064123027859,0.00021741769597929554,0.15358363091945648
a4398,/mnt/data_disk/HDRData/1000hdr/HDRtest/a4398-Duggan_050709_1062.exr,/mnt/data_disk/ZQL/TIP_TMO_result/tradition/Logarithmic/a4398.png,341,512,0.8832924852267158,0.7801698631751497,0.6124561732301708,0.46511743582423454,0.8245835279288775,0.10565134371959158,0.16246657073497772
a4399,/mnt/data_disk/HDRData/1000hdr/HDRtest/a4399-Duggan_080410_5879.exr,/mnt/data_disk/ZQL/TIP_TMO_result/tradition/Logarithmic/a4399.png,341,512,0.9159512380944355,0.8352860519039608,0.7199210881907546,0.5355872721773608,0.8099301265369049,0.2612444178178167,0.1295417696237564
a4409,/mnt/data_disk/HDRData/1000hdr/HDRtest/a4409-Duggan_090503_8738.exr,/mnt/data_disk/ZQL/TIP_TMO_result/tradition/Logarithmic/a4409.png,341,512,0.7869437943430835,0.9000855220433811,0.016903887107898002,0.37664937070384275,0.7532987414076855,3.130913795981135e-29,0.24072939157485962
a4419,/mnt/data_disk/HDRData/1000hdr/HDRtest/a4419-_DGW0269.exr,/mnt/data_disk/ZQL/TIP_TMO_result/tradition/Logarithmic/a4419.png,341,512,0.7932400279144505,0.8090429301917407,0.11199669782163581,0.3706666614336746,0.7413314855501916,1.8373171576030123e-06,0.20357759296894073
a4420,/mnt/data_disk/HDRData/1000hdr/HDRtest/a4420-DSC_0054.exr,/mnt/data_disk/ZQL/TIP_TMO_result/tradition/Logarithmic/a4420.png,343,512,0.7419240041961758,0.5745739810005642,0.20726919726961252,0.2624139364870226,0.5248278690912263,3.882818915698664e-09,0.20214520394802094
a4421,/mnt/data_disk/HDRData/1000hdr/HDRtest/a4421-Duggan_090214_5129.exr,/mnt/data_disk/ZQL/TIP_TMO_result/tradition/Logarithmic/a4421.png,341,512,0.7455283917696954,0.7677639683678421,0.007666714237698668,0.3262321833901126,0.6524643667802252,6.285204099416137e-23,0.16162750124931335
a4425,/mnt/data_disk/HDRData/1000hdr/HDRtest/a4425-DSC_0007.exr,/mnt/data_disk/ZQL/TIP_TMO_result/tradition/Logarithmic/a4425.png,343,512,0.7700698796257388,0.7255971012396226,0.11700674192282508,0.36637547269547743,0.7327509453760435,1.491135796000058e-11,0.22130045294761658
a4430,/mnt/data_disk/HDRData/1000hdr/HDRtest/a4430-09-05-19-at-19h04m03s-_MG_9559.exr,/mnt/data_disk/ZQL/TIP_TMO_result/tradition/Logarithmic/a4430.png,341,512,0.7969799008711722,0.5368295793858463,0.5736739790214878,0.3125882364845346,0.6250102621136086,0.00016621085546070065,0.13778091967105865
a4431,/mnt/data_disk/HDRData/1000hdr/HDRtest/a4431-Duggan_090330_6282.exr,/mnt/data_disk/ZQL/TIP_TMO_result/tradition/Logarithmic/a4431.png,341,512,0.7660551736261108,0.7174090886739612,0.11132108238688966,0.22282724637579673,0.445653634699868,8.580517254760578e-07,0.21575914323329926
a4432,/mnt/data_disk/HDRData/1000hdr/HDRtest/a4432-Duggan_081114_3124.exr,/mnt/data_disk/ZQL/TIP_TMO_result/tradition/Logarithmic/a4432.png,341,512,0.8334976917919944,0.5404260395799996,0.7968690078242352,0.2621948468965406,0.519386788501682,0.005002905291399213,0.2105233073234558
a4433,/mnt/data_disk/HDRData/1000hdr/HDRtest/a4433-Duggan_090504_8957.exr,/mnt/data_disk/ZQL/TIP_TMO_result/tradition/Logarithmic/a4433.png,341,512,0.7427318569149793,0.7547678109410219,0.009508044569513036,0.3467265103584388,0.6934530207168776,8.557141531383865e-24,0.22069554030895233
a4434,/mnt/data_disk/HDRData/1000hdr/HDRtest/a4434-20090414_at_23h05m38__MG_1365.exr,/mnt/data_disk/ZQL/TIP_TMO_result/tradition/Logarithmic/a4434.png,341,512,0.6746680180140177,0.43911606902376943,0.14717745690863884,0.35339111227108067,0.7053869346137861,0.0013952899283752082,0.06694171577692032
a4435,/mnt/data_disk/HDRData/1000hdr/HDRtest/a4435-WP_CRW_0591.exr,/mnt/data_disk/ZQL/TIP_TMO_result/tradition/Logarithmic/a4435.png,341,512,0.9052331326246182,0.8134903475712907,0.6902158811159209,0.45814514962727887,0.8675271359998252,0.048763163254732525,0.236760675907135
a4436,/mnt/data_disk/HDRData/1000hdr/HDRtest/a4436-DSC_0153.exr,/mnt/data_disk/ZQL/TIP_TMO_result/tradition/Logarithmic/a4436.png,343,512,0.8413385323894127,0.8723707649568718,0.24226034911052308,0.38754142725036794,0.7750828303088471,2.4191888774063024e-08,0.1771385669708252
a4442,/mnt/data_disk/HDRData/1000hdr/HDRtest/a4442-Duggan_080629_9284.exr,/mnt/data_disk/ZQL/TIP_TMO_result/tradition/Logarithmic/a4442.png,341,512,0.8870193320310086,0.8105537587332309,0.582110169941629,0.39631633376638975,0.7834748031644475,0.009157864368332018,0.17074067890644073
a4447,/mnt/data_disk/HDRData/1000hdr/HDRtest/a4447-Duggan_090321_5856.exr,/mnt/data_disk/ZQL/TIP_TMO_result/tradition/Logarithmic/a4447.png,341,512,0.8579687681244432,0.7206596679400453,0.5663097914585613,0.38639820167198424,0.7727961454041147,2.579398538416288e-07,0.26460298895835876
a4448,/mnt/data_disk/HDRData/1000hdr/HDRtest/a4448-Duggan_080119_4778.exr,/mnt/data_disk/ZQL/TIP_TMO_result/tradition/Logarithmic/a4448.png,341,512,0.8977337420228553,0.9196035508641086,0.4718039768122483,0.464958913149818,0.8936165374672891,0.036301288832346984,0.1353728175163269
a4449,/mnt/data_disk/HDRData/1000hdr/HDRtest/a4449-DSC_0030.exr,/mnt/data_disk/ZQL/TIP_TMO_result/tradition/Logarithmic/a4449.png,343,512,0.8764530802331704,0.7031240860329349,0.7152062954149333,0.4102217258926678,0.7950150689209126,0.025428382864423074,0.17151117324829102
a4452,/mnt/data_disk/HDRData/1000hdr/HDRtest/a4452-DSC_0084.exr,/mnt/data_disk/ZQL/TIP_TMO_result/tradition/Logarithmic/a4452.png,340,512,0.8952257604313605,0.8052131605184513,0.6418800808025488,0.7077442927231825,0.8677496944166913,0.5477388910296739,0.1989210993051529
a4455,/mnt/data_disk/HDRData/1000hdr/HDRtest/a4455-Duggan_080106_4325.exr,/mnt/data_disk/ZQL/TIP_TMO_result/tradition/Logarithmic/a4455.png,341,512,0.8255467380971769,0.7957275769660511,0.2681814566762754,0.3039900174073917,0.6079568779183694,2.3156896413945775e-05,0.28096434473991394
a4456,/mnt/data_disk/HDRData/1000hdr/HDRtest/a4456-DSC_0472.exr,/mnt/data_disk/ZQL/TIP_TMO_result/tradition/Logarithmic/a4456.png,343,512,0.8510382510488953,0.7645255239363365,0.44931072532061894,0.48289273138216937,0.8389095683132947,0.12687589445104414,0.1787375509738922
a4457,/mnt/data_disk/HDRData/1000hdr/HDRtest/a4457-_DSC0012-5.exr,/mnt/data_disk/ZQL/TIP_TMO_result/tradition/Logarithmic/a4457.png,340,512,0.9386626858352529,0.845599030611999,0.8513161427444114,0.4854827269508628,0.8977815594458207,0.07318389445590492,0.11705740541219711
a4465,/mnt/data_disk/HDRData/1000hdr/HDRtest/a4465-DSC_0051.exr,/mnt/data_disk/ZQL/TIP_TMO_result/tradition/Logarithmic/a4465.png,340,512,0.8699218996808511,0.8408237559025536,0.43353089434500564,0.3417308536046043,0.6729143558225357,0.010547351386673008,0.12121453136205673
a4466,/mnt/data_disk/HDRData/1000hdr/HDRtest/a4466-20090327_at_11h08m58__MG_0964.exr,/mnt/data_disk/ZQL/TIP_TMO_result/tradition/Logarithmic/a4466.png,341,512,0.8354973198854603,0.8282147637479439,0.2719905263650701,0.3890632594296485,0.7781263718634284,1.4699586861999164e-07,0.27198320627212524
a4467,/mnt/data_disk/HDRData/1000hdr/HDRtest/a4467-Duggan_090426_7873.exr,/mnt/data_disk/ZQL/TIP_TMO_result/tradition/Logarithmic/a4467.png,341,512,0.8135989094395006,0.774151297740806,0.24095029558837172,0.3733167110011574,0.7466334220023148,2.1074135841576566e-18,0.2707768678665161
a4470,/mnt/data_disk/HDRData/1000hdr/HDRtest/a4470-Duggan_090123_4566.exr,/mnt/data_disk/ZQL/TIP_TMO_result/tradition/Logarithmic/a4470.png,341,512,0.8753200025258878,0.7740181457311516,0.5747595814941928,0.37793378634681807,0.7558217376964234,4.5834997212739856e-05,0.2380841076374054
a4471,/mnt/data_disk/HDRData/1000hdr/HDRtest/a4471-Duggan_090321_5859.exr,/mnt/data_disk/ZQL/TIP_TMO_result/tradition/Logarithmic/a4471.png,341,512,0.8912594632674856,0.7463388016533956,0.7255999508713564,0.343146181993014,0.6862923639860189,9.050344650434162e-15,0.2689025402069092
a4472,/mnt/data_disk/HDRData/1000hdr/HDRtest/a4472-Duggan_090504_9026.exr,/mnt/data_disk/ZQL/TIP_TMO_result/tradition/Logarithmic/a4472.png,341,512,0.7699140413367914,0.8300373392575148,0.0211182038467787,0.31009703213519685,0.6201940642703937,2.000571509160853e-31,0.3468383848667145
a4474,/mnt/data_disk/HDRData/1000hdr/HDRtest/a4474-09-05-19-at-18h56m31s-_MG_9553.exr,/mnt/data_disk/ZQL/TIP_TMO_result/tradition/Logarithmic/a4474.png,341,512,0.7744834394624526,0.740746850949193,0.11634459531302704,0.41399689270557066,0.8279937854102816,8.597491064908955e-13,0.15378224849700928
a4476,/mnt/data_disk/HDRData/1000hdr/HDRtest/a4476-IMG_4029.exr,/mnt/data_disk/ZQL/TIP_TMO_result/tradition/Logarithmic/a4476.png,341,512,0.8730677623866406,0.7342251405916603,0.6333723275408246,0.3949089046741727,0.7897840808865623,3.3728461783140534e-05,0.16312956809997559
a4477,/mnt/data_disk/HDRData/1000hdr/HDRtest/a4477-20090327_at_06h09m52__MG_0855.exr,/mnt/data_disk/ZQL/TIP_TMO_result/tradition/Logarithmic/a4477.png,341,512,0.9219837427731166,0.7874785044770443,0.8489881472664862,0.5346207272213553,0.7543371332106793,0.3149043212320313,0.20948277413845062
a4479,/mnt/data_disk/HDRData/1000hdr/HDRtest/a4479-09-05-19-at-18h39m42s-_MG_9545.exr,/mnt/data_disk/ZQL/TIP_TMO_result/tradition/Logarithmic/a4479.png,341,512,0.8542316950482256,0.7755233961488857,0.4491675742166877,0.38935322693966273,0.756094112193462,0.022612341685863492,0.23209334909915924
a4480,/mnt/data_disk/HDRData/1000hdr/HDRtest/a4480-Duggan_090201_4896.exr,/mnt/data_disk/ZQL/TIP_TMO_result/tradition/Logarithmic/a4480.png,341,512,0.8774993606612365,0.6069179304781919,0.9336009441365808,0.3051280646938111,0.6102554130318301,7.163557921431153e-07,0.2634463608264923
a4487,/mnt/data_disk/HDRData/1000hdr/HDRtest/a4487-Duggan_090322_5971.exr,/mnt/data_disk/ZQL/TIP_TMO_result/tradition/Logarithmic/a4487.png,341,512,0.9268725260087831,0.7340384873114802,0.9921002134506725,0.40311229275445515,0.8061902379868905,3.434752201976501e-05,0.20391863584518433
