id,hdr_path,ldr_path,height,width,tmqi_q,tmqi_s,tmqi_n,tmqi2_q,tmqi2_s,tmqi2_n,nlpd
a2808,/mnt/data_disk/HDRData/1000hdr/HDRtest/a2808-20080516_072208__MG_0018.exr,/mnt/data_disk/ZQL/TIP_TMO_result/tradition/KimKautz/a2808.png,341,512,0.873957614400659,0.8365459016711422,0.46282869789185843,0.4138433139682198,0.8177827495634312,0.009903878373008289,0.21450483798980713
a2824,/mnt/data_disk/HDRData/1000hdr/HDRtest/a2824-dvf_035.exr,/mnt/data_disk/ZQL/TIP_TMO_result/tradition/KimKautz/a2824.png,341,512,0.8388739389090687,0.7856879750937856,0.3498197519042806,0.33710717803250945,0.6741981204984528,1.623556656599217e-05,0.12370864301919937
a2854,/mnt/data_disk/HDRData/1000hdr/HDRtest/a2854-NKIM_MG_7374.exr,/mnt/data_disk/ZQL/TIP_TMO_result/tradition/KimKautz/a2854.png,341,512,0.8493481042479498,0.9027060762363665,0.2420984331942517,0.4169988013810939,0.8322793368829482,0.0017182658792396655,0.3051418364048004
a2861,/mnt/data_disk/HDRData/1000hdr/HDRtest/a2861-IMG_4397.exr,/mnt/data_disk/ZQL/TIP_TMO_result/tradition/KimKautz/a2861.png,341,512,nan,nan,0.13761130288359338,0.3519098651432772,0.7038197302853425,1.2119636599688937e-12,0.18774953484535217
a2862,/mnt/data_disk/HDRData/1000hdr/HDRtest/a2862-_DSC0055.exr,/mnt/data_disk/ZQL/TIP_TMO_result/tradition/KimKautz/a2862.png,340,512,0.9556070281064637,0.8394690406706072,0.9801399232428656,0.9068325566169333,0.8940864557503797,0.919578657483487,0.196849524974823
a2876,/mnt/data_disk/HDRData/1000hdr/HDRtest/a2876-jn_20080130_Las_Vegas_0082.exr,/mnt/data_disk/ZQL/TIP_TMO_result/tradition/KimKautz/a2876.png,341,512,0.8349039004793242,0.48163712932586605,0.9629483134976261,0.34397469386531737,0.6681122781861956,0.019837109544439215,0.22704952955245972
a2883,/mnt/data_disk/HDRData/1000hdr/HDRtest/a2883-_DSC0008-2.exr,/mnt/data_disk/ZQL/TIP_TMO_result/tradition/KimKautz/a2883.png,340,512,0.8367032862873667,0.782455585113596,0.3433748401216597,0.4025284331920087,0.7455663184947109,0.059490547889306515,0.07989905774593353
a2913,/mnt/data_disk/HDRData/1000hdr/HDRtest/a2913-IMG_0138.exr,/mnt/data_disk/ZQL/TIP_TMO_result/tradition/KimKautz/a2913.png,341,512,0.8815453965197726,0.7320305695630822,0.6909060300442187,0.5025784326167992,0.8774998865206252,0.1276569787129733,0.24539081752300262
a2933,/mnt/data_disk/HDRData/1000hdr/HDRtest/a2933-_I2E7313.exr,/mnt/data_disk/ZQL/TIP_TMO_result/tradition/KimKautz/a2933.png,341,512,nan,nan,0.6649662282696943,0.2963387737383758,0.5926775474767285,2.3107179493001477e-14,0.23877745866775513
a2956,/mnt/data_disk/HDRData/1000hdr/HDRtest/a2956-KE_-0035.exr,/mnt/data_disk/ZQL/TIP_TMO_result/tradition/KimKautz/a2956.png,340,512,0.9358117311556962,0.8802743045523163,0.7697028527384542,0.9407740142405064,0.8929467395179049,0.988601288963108,0.17250369489192963
a2986,/mnt/data_disk/HDRData/1000hdr/HDRtest/a2986-_DGW6325.exr,/mnt/data_disk/ZQL/TIP_TMO_result/tradition/KimKautz/a2986.png,341,512,0.8621286890132183,0.7287701147185763,0.5764626076547738,0.4453370872188578,0.7987498467724881,0.09192432766522753,0.2922592759132385
a3267,/mnt/data_disk/HDRData/1000hdr/HDRtest/a3267-WP_CRW_0087.exr,/mnt/data_disk/ZQL/TIP_TMO_result/tradition/KimKautz/a3267.png,341,512,0.9286938370074911,0.8057322456812048,0.8591012351218399,0.5017179007283358,0.8685178965456957,0.13491790491097586,0.23022443056106567
a3285,/mnt/data_disk/HDRData/1000hdr/HDRtest/a3285-CRW_0291.exr,/mnt/data_disk/ZQL/TIP_TMO_result/tradition/KimKautz/a3285.png,341,512,0.9199270515593567,0.7802722504489964,0.8491672570747799,0.7530513958366796,0.8858169947091272,0.620285796964232,0.35065415501594543
a3288,/mnt/data_disk/HDRData/1000hdr/HDRtest/a3288-KE_-0049.exr,/mnt/data_disk/ZQL/TIP_TMO_result/tradition/KimKautz/a3288.png,340,512,0.8885168275743277,0.7325714360360985,0.7346788856153303,0.43764736064688964,0.8060270263352938,0.0692676949584855,0.1996162235736847
a3306,/mnt/data_disk/HDRData/1000hdr/HDRtest/a3306-IMG_4969.exr,/mnt/data_disk/ZQL/TIP_TMO_result/tradition/KimKautz/a3306.png,341,512,0.8984732322593338,0.719349386113921,0.8270301183871607,0.4343703097579436,0.8223607834397598,0.04637983607612734,0.22717177867889404
a3312,/mnt/data_disk/HDRData/1000hdr/HDRtest/a3312-IMG_1063.exr,/mnt/data_disk/ZQL/TIP_TMO_result/tradition/KimKautz/a3312.png,341,512,0.8837914217841711,0.6511306278905643,0.8742999894019214,0.34135370594435704,0.682707398747643,1.3141071142283734e-08,0.2390316128730774
a3315,/mnt/data_disk/HDRData/1000hdr/HDRtest/a3315-MB_20030906_022.exr,/mnt/data_disk/ZQL/TIP_TMO_result/tradition/KimKautz/a3315.png,341,512,0.8808700476480271,0.7706634242150302,0.6145889605164193,0.7241842282141426,0.8080164343523344,0.6403520220759509,0.32057809829711914
a3316,/mnt/data_disk/HDRData/1000hdr/HDRtest/a3316-20051225_163230__MG_1390.exr,/mnt/data_disk/ZQL/TIP_TMO_result/tradition/KimKautz/a3316.png,341,512,0.9079202906968152,0.9146898156287894,0.5384475353137894,0.4755107363186619,0.9024209545624992,0.048600518074824635,0.13947562873363495
a3318,/mnt/data_disk/HDRData/1000hdr/HDRtest/a3318-JI2E5722.exr,/mnt/data_disk/ZQL/TIP_TMO_result/tradition/KimKautz/a3318.png,341,512,0.8503532628025312,0.8758600401718735,0.2810527962002979,0.4525421089546224,0.8494740175347398,0.05561020037450492,0.13706330955028534
a3321,/mnt/data_disk/HDRData/1000hdr/HDRtest/a3321-DSC_0054.exr,/mnt/data_disk/ZQL/TIP_TMO_result/tradition/KimKautz/a3321.png,340,512,0.8604362885106975,0.8993883390491567,0.3000888213340195,0.45459581696650886,0.9091890328009484,2.6011320692621365e-06,0.11088144034147263
a3325,/mnt/data_disk/HDRData/1000hdr/HDRtest/a3325-050819_154342__MG_5227.exr,/mnt/data_disk/ZQL/TIP_TMO_result/tradition/KimKautz/a3325.png,341,512,0.8131836197361592,0.8336866619741071,0.1638860479292411,0.4616759349463059,0.9233515345455178,3.3534709400807084e-07,0.11904114484786987
a3337,/mnt/data_disk/HDRData/1000hdr/HDRtest/a3337-dgw_112.exr,/mnt/data_disk/ZQL/TIP_TMO_result/tradition/KimKautz/a3337.png,341,512,0.8315097835538776,0.6696860978611272,0.5045776687082666,0.3634983377105553,0.7208369494925945,0.006159725928516114,0.3911720812320709
a3339,/mnt/data_disk/HDRData/1000hdr/HDRtest/a3339-_MG_7202.exr,/mnt/data_disk/ZQL/TIP_TMO_result/tradition/KimKautz/a3339.png,341,512,0.889996469234696,0.6875723254914494,0.8366372674176056,0.32744914289453425,0.6548982856365889,1.524795618798361e-10,0.2274603545665741
a3341,/mnt/data_disk/HDRData/1000hdr/HDRtest/a3341-jmac_DSC2590.exr,/mnt/data_disk/ZQL/TIP_TMO_result/tradition/KimKautz/a3341.png,340,512,0.8797595360666018,0.6799172545890039,0.7845467275938717,0.388097619516832,0.7577811024482823,0.01841413658538176,0.12332803755998611
a3344,/mnt/data_disk/HDRData/1000hdr/HDRtest/a3344-NKIM_MG_6348.exr,/mnt/data_disk/ZQL/TIP_TMO_result/tradition/KimKautz/a3344.png,341,512,0.7993138176671924,0.8253470305633555,0.11764581956594244,0.3564666292708434,0.7129332572604326,1.281254177566892e-09,0.09386802464723587
a3345,/mnt/data_disk/HDRData/1000hdr/HDRtest/a3345-20080514_105211__MG_9917.exr,/mnt/data_disk/ZQL/TIP_TMO_result/tradition/KimKautz/a3345.png,341,512,0.9371757900166032,0.8577144813104008,0.8190405737326617,0.8358297888374682,0.8867740978670708,0.7848854798078655,0.17888064682483673
a3351,/mnt/data_disk/HDRData/1000hdr/HDRtest/a3351-KE_-1722.exr,/mnt/data_disk/ZQL/TIP_TMO_result/tradition/KimKautz/a3351.png,340,512,0.8759511661648869,0.7264551059312699,0.666188159587584,0.5026584545751469,0.7164146922826781,0.28890221686761564,0.1572786569595337
a3356,/mnt/data_disk/HDRData/1000hdr/HDRtest/a3356-_DSC9981.exr,/mnt/data_disk/ZQL/TIP_TMO_result/tradition/KimKautz/a3356.png,341,512,0.9275410369763861,0.7573145350343445,0.9478000599317046,0.34561867877865127,0.6886607071373388,0.002576650419963741,0.19906733930110931
a3360,/mnt/data_disk/HDRData/1000hdr/HDRtest/a3360-IMG_0017.exr,/mnt/data_disk/ZQL/TIP_TMO_result/tradition/KimKautz/a3360.png,341,512,0.8834731027009078,0.8046321234729454,0.5708088672909285,0.6547019274234296,0.8966123748648153,0.41279147998204385,0.1989412009716034
a3365,/mnt/data_disk/HDRData/1000hdr/HDRtest/a3365-jn_20071207_Xmas_House_0124.exr,/mnt/data_disk/ZQL/TIP_TMO_result/tradition/KimKautz/a3365.png,341,512,0.8584092577232225,0.6941787380126812,0.6190923042975778,0.34155824081479724,0.6751753705554651,0.007941111074129393,0.10295294225215912
a3366,/mnt/data_disk/HDRData/1000hdr/HDRtest/a3366-Ja_Pe-6.exr,/mnt/data_disk/ZQL/TIP_TMO_result/tradition/KimKautz/a3366.png,288,512,0.9124413090777077,0.7449456687001756,0.8690244291262604,0.5441414126491015,0.8689271344973483,0.2193556908008549,0.2507818639278412
a3369,/mnt/data_disk/HDRData/1000hdr/HDRtest/a3369-IMG_0004.exr,/mnt/data_disk/ZQL/TIP_TMO_result/tradition/KimKautz/a3369.png,341,512,0.8339351649176308,0.7569517725626722,0.3680527267425238,0.5201734550827964,0.8348744281897352,0.20547248197585768,0.2826591730117798
a3371,/mnt/data_disk/HDRData/1000hdr/HDRtest/a3371-07-12-01-at-11h32m58s-_MG_8498.exr,/mnt/data_disk/ZQL/TIP_TMO_result/tradition/KimKautz/a3371.png,341,512,0.9161062491876757,0.8453363756363751,0.7031258846620045,0.49299209997278837,0.8294750613149009,0.1565091386306758,0.2358122020959854
a3382,/mnt/data_disk/HDRData/1000hdr/HDRtest/a3382-IMG_4032.exr,/mnt/data_disk/ZQL/TIP_TMO_result/tradition/KimKautz/a3382.png,341,512,0.9357448692677368,0.8219488112518963,0.8760139632938799,0.6715705720034341,0.8416883563226767,0.5014527876841914,0.17164383828639984
a3388,/mnt/data_disk/HDRData/1000hdr/HDRtest/a3388-jmac_DSC2214.exr,/mnt/data_disk/ZQL/TIP_TMO_result/tradition/KimKautz/a3388.png,340,512,0.9351511235025027,0.8552683134761008,0.8099502084233099,0.709470932391294,0.8250633276625153,0.5938785371200725,0.15174522995948792
a3390,/mnt/data_disk/HDRData/1000hdr/HDRtest/a3390-dgw_070.exr,/mnt/data_disk/ZQL/TIP_TMO_result/tradition/KimKautz/a3390.png,341,512,0.8806543835039434,0.6886877312592524,0.7720667764465006,0.4527830013097029,0.7855313215330869,0.12003468108631886,0.25945353507995605
a3391,/mnt/data_disk/HDRData/1000hdr/HDRtest/a3391-050904_125814__I2E8654.exr,/mnt/data_disk/ZQL/TIP_TMO_result/tradition/KimKautz/a3391.png,341,512,0.898391899839245,0.6946911149294371,0.8783647727489519,0.3859373527439595,0.7685482097719832,0.003326495715935842,0.23435743153095245
a3393,/mnt/data_disk/HDRData/1000hdr/HDRtest/a3393-_DSC0057.exr,/mnt/data_disk/ZQL/TIP_TMO_result/tradition/KimKautz/a3393.png,340,512,0.7978505267682712,0.8123471085934985,0.12603535192165402,0.5797675852291161,0.8730632238830222,0.28647194657521,0.16139045357704163
a3394,/mnt/data_disk/HDRData/1000hdr/HDRtest/a3394-_DGW6419.exr,/mnt/data_disk/ZQL/TIP_TMO_result/tradition/KimKautz/a3394.png,341,512,0.915472449743898,0.7123380396978358,0.9585288931486871,0.3931213388197155,0.784359675713202,0.0018830019262290295,0.38030463457107544
a3400,/mnt/data_disk/HDRData/1000hdr/HDRtest/a3400-07-11-04-at-17h36m14s-_MG_4004.exr,/mnt/data_disk/ZQL/TIP_TMO_result/tradition/KimKautz/a3400.png,341,512,0.8031843489735868,0.4783183482558522,0.7568723097482669,0.2583562901454305,0.5167125802857011,5.159836265654453e-12,0.2411704659461975
a3401,/mnt/data_disk/HDRData/1000hdr/HDRtest/a3401-20061111_122429__E6B5415.exr,/mnt/data_disk/ZQL/TIP_TMO_result/tradition/KimKautz/a3401.png,341,512,0.8372212027645367,0.8286119986155915,0.27986007529846607,0.4285957579013136,0.8571141347818011,7.738102082610696e-05,0.1484127789735794
a3402,/mnt/data_disk/HDRData/1000hdr/HDRtest/a3402-jmac_DSC3153.exr,/mnt/data_disk/ZQL/TIP_TMO_result/tradition/KimKautz/a3402.png,340,512,0.8931731530451054,0.8101886942239319,0.620397581594619,0.5409458881511989,0.8748067384323336,0.2070850378700642,0.18155229091644287
a3413,/mnt/data_disk/HDRData/1000hdr/HDRtest/a3413-20041217_193556__E6B0485.exr,/mnt/data_disk/ZQL/TIP_TMO_result/tradition/KimKautz/a3413.png,341,512,0.8986720669310906,0.6651545520373225,0.9454236715240609,0.34257331053089457,0.6846153957616086,0.0005312253001806206,0.17327441275119781
a3414,/mnt/data_disk/HDRData/1000hdr/HDRtest/a3414-DSC_0002.exr,/mnt/data_disk/ZQL/TIP_TMO_result/tradition/KimKautz/a3414.png,340,512,0.9518786073907204,0.8323259943425506,0.9677891310530481,0.6679401205938039,0.8572131633024299,0.47866707788517787,0.18721535801887512
a3415,/mnt/data_disk/HDRData/1000hdr/HDRtest/a3415-jmac_DSC6092.exr,/mnt/data_disk/ZQL/TIP_TMO_result/tradition/KimKautz/a3415.png,340,512,0.8720740141977005,0.8865924147792366,0.3777911736065111,0.43963101812862254,0.877166910346621,0.002095125910624086,0.13520805537700653
a3416,/mnt/data_disk/HDRData/1000hdr/HDRtest/a3416-IMG_4746.exr,/mnt/data_disk/ZQL/TIP_TMO_result/tradition/KimKautz/a3416.png,341,512,0.8954706387751655,0.7245202698492174,0.7964069895296678,0.4271343637398882,0.8367692832772291,0.017499444202547322,0.2448538839817047
a3418,/mnt/data_disk/HDRData/1000hdr/HDRtest/a3418-2004-02-07 16-53-50 CRW_3754.exr,/mnt/data_disk/ZQL/TIP_TMO_result/tradition/KimKautz/a3418.png,341,512,0.92590229206758,0.8025759220809371,0.8462614914793377,0.5181840954461704,0.8606005029088045,0.1757676879835363,0.10361640155315399
a3422,/mnt/data_disk/HDRData/1000hdr/HDRtest/a3422-WP_CRW_0302.exr,/mnt/data_disk/ZQL/TIP_TMO_result/tradition/KimKautz/a3422.png,341,512,0.860717658053203,0.8153493593453055,0.42180731837777796,0.35957882293890725,0.7161341402017125,0.0030235056761019545,0.1845480501651764
a3424,/mnt/data_disk/HDRData/1000hdr/HDRtest/a3424-CRW_0163.exr,/mnt/data_disk/ZQL/TIP_TMO_result/tradition/KimKautz/a3424.png,341,512,0.9348887265423292,0.7731037225385253,0.966762450078866,0.5349749013472511,0.7932168951234044,0.2767329075710979,0.2739676833152771
a3431,/mnt/data_disk/HDRData/1000hdr/HDRtest/a3431-_DSC0103-3.exr,/mnt/data_disk/ZQL/TIP_TMO_result/tradition/KimKautz/a3431.png,340,512,0.884674389810523,0.7760083098875165,0.6284584320431147,0.63569926154326,0.8807987362012829,0.3905997868852371,0.1310986429452896
a3432,/mnt/data_disk/HDRData/1000hdr/HDRtest/a3432-jmac_DSC3184.exr,/mnt/data_disk/ZQL/TIP_TMO_result/tradition/KimKautz/a3432.png,340,512,0.8749488098945074,0.8209225858598689,0.49337345225695256,0.4363303129533422,0.8704854056105944,0.00217522029608994,0.13463573157787323
a3433,/mnt/data_disk/HDRData/1000hdr/HDRtest/a3433-NKIM_MG_8213.exr,/mnt/data_disk/ZQL/TIP_TMO_result/tradition/KimKautz/a3433.png,341,512,0.8887955200938392,0.7697055417548098,0.6657250272584351,0.42813777508093875,0.7987449411986467,0.057530608963230756,0.2643226683139801
a3439,/mnt/data_disk/HDRData/1000hdr/HDRtest/a3439-IMG_3798.exr,/mnt/data_disk/ZQL/TIP_TMO_result/tradition/KimKautz/a3439.png,341,512,0.7736492827705334,0.6609954223876489,0.2172820021526785,0.4718127986518237,0.9436247620839445,8.352197028938324e-07,0.1360737830400467
a3441,/mnt/data_disk/HDRData/1000hdr/HDRtest/a3441-dgw_064.exr,/mnt/data_disk/ZQL/TIP_TMO_result/tradition/KimKautz/a3441.png,341,512,0.8507281611836083,0.7841312292041487,0.41580751028844976,0.43405226818392084,0.861137958441161,0.0069665779266806374,0.27514147758483887
a3444,/mnt/data_disk/HDRData/1000hdr/HDRtest/a3444-WP_CRW_6313.exr,/mnt/data_disk/ZQL/TIP_TMO_result/tradition/KimKautz/a3444.png,341,512,0.8957242189814968,0.7115035589886508,0.8248004611601947,0.3268321415102231,0.6477309025312661,0.005933380489180115,0.17388488352298737
a3446,/mnt/data_disk/HDRData/1000hdr/HDRtest/a3446-050730_134124__MG_3716.exr,/mnt/data_disk/ZQL/TIP_TMO_result/tradition/KimKautz/a3446.png,341,512,0.9156654093739576,0.9170280304381387,0.5812298620877421,0.584617963476992,0.8635149627994192,0.3057209641545649,0.20548416674137115
a3448,/mnt/data_disk/HDRData/1000hdr/HDRtest/a3448-IMG_0113.exr,/mnt/data_disk/ZQL/TIP_TMO_result/tradition/KimKautz/a3448.png,341,512,0.9103773987290147,0.7161437090610333,0.9148819782017306,0.427195270480076,0.838285765840981,0.016104775119171022,0.23439349234104156
a3449,/mnt/data_disk/HDRData/1000hdr/HDRtest/a3449-jmac_DSC2669.exr,/mnt/data_disk/ZQL/TIP_TMO_result/tradition/KimKautz/a3449.png,340,512,0.9161970028193975,0.9052376061819106,0.6031712764626422,0.48665030842821405,0.9028646638179856,0.07043595303844256,0.13073623180389404
a3451,/mnt/data_disk/HDRData/1000hdr/HDRtest/a3451-IMG_1088.exr,/mnt/data_disk/ZQL/TIP_TMO_result/tradition/KimKautz/a3451.png,341,512,0.934364740485154,0.7887218999008931,0.9314598626063033,0.4328734927234985,0.8138690728751009,0.051877912571896154,0.27864840626716614
a3452,/mnt/data_disk/HDRData/1000hdr/HDRtest/a3452-IMG_1205.exr,/mnt/data_disk/ZQL/TIP_TMO_result/tradition/KimKautz/a3452.png,341,512,0.7995794035000093,0.948161677090408,0.017423954549893237,0.4493797974955792,0.8987595949911442,1.4236866737512873e-14,0.08158483356237411
a3456,/mnt/data_disk/HDRData/1000hdr/HDRtest/a3456-DSC_0006-1-2.exr,/mnt/data_disk/ZQL/TIP_TMO_result/tradition/KimKautz/a3456.png,340,512,0.9416446848749177,0.8081575007569658,0.9435287575279032,0.6685768658344731,0.8369976275470999,0.5001561041218462,0.14752718806266785
a3457,/mnt/data_disk/HDRData/1000hdr/HDRtest/a3457-NKIM_025.exr,/mnt/data_disk/ZQL/TIP_TMO_result/tradition/KimKautz/a3457.png,341,512,0.9184347806609123,0.8705565935687387,0.6743587951313786,0.49558569753578463,0.8912477996252598,0.09992359544630948,0.1928122192621231
a3460,/mnt/data_disk/HDRData/1000hdr/HDRtest/a3460-20080514_105637__MG_9928.exr,/mnt/data_disk/ZQL/TIP_TMO_result/tradition/KimKautz/a3460.png,341,512,0.9051510261678251,0.7825069277962067,0.7467007997070227,0.4414084143113289,0.870458630042145,0.012358198580512821,0.2016337662935257
a3462,/mnt/data_disk/HDRData/1000hdr/HDRtest/a3462-dgw_051.exr,/mnt/data_disk/ZQL/TIP_TMO_result/tradition/KimKautz/a3462.png,341,512,0.8897435238920154,0.7107748297577758,0.786449463834775,0.4446122037942839,0.7492335613108044,0.13999084627776337,0.3076184391975403
a3464,/mnt/data_disk/HDRData/1000hdr/HDRtest/a3464-tc_DSC2199.exr,/mnt/data_disk/ZQL/TIP_TMO_result/tradition/KimKautz/a3464.png,340,512,0.8243273702978214,0.6374965216019494,0.5243306060776992,0.3945039431788261,0.7751812257892499,0.01382666056840232,0.18485602736473083
a3465,/mnt/data_disk/HDRData/1000hdr/HDRtest/a3465-20060619_114622__MG_9153.exr,/mnt/data_disk/ZQL/TIP_TMO_result/tradition/KimKautz/a3465.png,341,512,0.8919071675389036,0.8834971913976213,0.49271760623493827,0.5551845407597152,0.8907555046355959,0.21961357688383462,0.17819789052009583
a3466,/mnt/data_disk/HDRData/1000hdr/HDRtest/a3466-IMG_3941.exr,/mnt/data_disk/ZQL/TIP_TMO_result/tradition/KimKautz/a3466.png,341,512,0.9104568362530145,0.8420154127442581,0.6729758229849846,0.4822119151060975,0.8973908074352837,0.06703302277691142,0.19409239292144775
a3468,/mnt/data_disk/HDRData/1000hdr/HDRtest/a3468-IMG_4793.exr,/mnt/data_disk/ZQL/TIP_TMO_result/tradition/KimKautz/a3468.png,341,512,0.840036565956264,0.836730366391688,0.28263157420297097,0.4419475749968868,0.8837866743443492,0.0001084756494243673,0.1609930843114853
a3470,/mnt/data_disk/HDRData/1000hdr/HDRtest/a3470-IMG_0835.exr,/mnt/data_disk/ZQL/TIP_TMO_result/tradition/KimKautz/a3470.png,341,512,0.9049979905448511,0.7262502889652671,0.8568244534286362,0.39105243511980925,0.776479817477004,0.005625052762614449,0.2656634747982025
a3474,/mnt/data_disk/HDRData/1000hdr/HDRtest/a3474-jmac_MG_1125.exr,/mnt/data_disk/ZQL/TIP_TMO_result/tradition/KimKautz/a3474.png,341,512,0.9278302073111884,0.8883645903149122,0.7039246907804175,0.6668597397805399,0.8976328867796483,0.4360865927814315,0.11616964638233185
a3477,/mnt/data_disk/HDRData/1000hdr/HDRtest/a3477-_DSC0048.exr,/mnt/data_disk/ZQL/TIP_TMO_result/tradition/KimKautz/a3477.png,340,512,0.8663660527620503,0.7238960555177155,0.611358308809065,0.8020512513331688,0.8241713434238113,0.7799311592425263,0.20008587837219238
a3483,/mnt/data_disk/HDRData/1000hdr/HDRtest/a3483-_DSC0023-1.exr,/mnt/data_disk/ZQL/TIP_TMO_result/tradition/KimKautz/a3483.png,340,512,0.8693784698289205,0.7888222257028835,0.5139518446791357,0.4597787776580231,0.9012996511486389,0.01825790416740737,0.11128482967615128
a3486,/mnt/data_disk/HDRData/1000hdr/HDRtest/a3486-jmac_DSC3897.exr,/mnt/data_disk/ZQL/TIP_TMO_result/tradition/KimKautz/a3486.png,343,512,0.8926243724480281,0.6955007796874735,0.8374947015929705,0.427449791245573,0.8470746655646981,0.00782491692644781,0.22145327925682068
a3491,/mnt/data_disk/HDRData/1000hdr/HDRtest/a3491-DSC_0091.exr,/mnt/data_disk/ZQL/TIP_TMO_result/tradition/KimKautz/a3491.png,340,512,0.9095707985981885,0.8283681651508429,0.6913164769175792,0.47766631714743574,0.8518807088532042,0.10345192544166723,0.18365640938282013
a3493,/mnt/data_disk/HDRData/1000hdr/HDRtest/a3493-IMG_0279.exr,/mnt/data_disk/ZQL/TIP_TMO_result/tradition/KimKautz/a3493.png,341,512,0.9001834483702731,0.6606026915913435,0.9663654250157205,0.37596539893872727,0.7519302674342766,5.304431779242128e-07,0.24886368215084076
a3499,/mnt/data_disk/HDRData/1000hdr/HDRtest/a3499-jn_2007_12_11__BU_CRUISE_019.exr,/mnt/data_disk/ZQL/TIP_TMO_result/tradition/KimKautz/a3499.png,341,512,0.8038950735310239,0.6662506172884697,0.3576261827041606,0.3526474580355788,0.7022015500079888,0.0030933660631687816,0.16319438815116882
a3503,/mnt/data_disk/HDRData/1000hdr/HDRtest/a3503-050731_155906__I2E5378.exr,/mnt/data_disk/ZQL/TIP_TMO_result/tradition/KimKautz/a3503.png,341,512,0.8721118343259838,0.837767815886342,0.45049691221955784,0.4077848014686757,0.7808651284520892,0.034704474485262114,0.1839505136013031
a3504,/mnt/data_disk/HDRData/1000hdr/HDRtest/a3504-IMG_0903.exr,/mnt/data_disk/ZQL/TIP_TMO_result/tradition/KimKautz/a3504.png,341,512,0.8923990889647836,0.8622509953033661,0.5288457198182384,0.6436221964047993,0.9132616920546838,0.37398270075491497,0.17234230041503906
a3505,/mnt/data_disk/HDRData/1000hdr/HDRtest/a3505-CRW_0288.exr,/mnt/data_disk/ZQL/TIP_TMO_result/tradition/KimKautz/a3505.png,341,512,0.8186955722106919,0.8218349020071849,0.2019887494408152,0.43730857066483275,0.8746020736184442,1.5067711221322462e-05,0.2379724383354187
a3508,/mnt/data_disk/HDRData/1000hdr/HDRtest/a3508-NKIM_095.exr,/mnt/data_disk/ZQL/TIP_TMO_result/tradition/KimKautz/a3508.png,341,512,0.9306514541018641,0.7730206581162099,0.9372890539559436,0.5101433232190967,0.8808256917384788,0.13946095469971465,0.31584009528160095
a3509,/mnt/data_disk/HDRData/1000hdr/HDRtest/a3509-_DGW6337.exr,/mnt/data_disk/ZQL/TIP_TMO_result/tradition/KimKautz/a3509.png,341,512,0.9068932432890667,0.8063117388521046,0.7138304695807424,0.4791668032211367,0.8270722033498231,0.13126140309245032,0.37556344270706177
a3510,/mnt/data_disk/HDRData/1000hdr/HDRtest/a3510-JI2E4365.exr,/mnt/data_disk/ZQL/TIP_TMO_result/tradition/KimKautz/a3510.png,341,512,0.9424556499602696,0.784873769270918,0.9960503971283522,0.8228744164716508,0.7422908761267538,0.9034579568165478,0.27161478996276855
a3511,/mnt/data_disk/HDRData/1000hdr/HDRtest/a3511-jmac_MG_0542.exr,/mnt/data_disk/ZQL/TIP_TMO_result/tradition/KimKautz/a3511.png,341,512,0.8844150756467429,0.7586917230244096,0.6585512566543551,0.38901170657033424,0.7742002847977286,0.0038231283429398244,0.14773419499397278
a3512,/mnt/data_disk/HDRData/1000hdr/HDRtest/a3512-LSstone_060805_9380.exr,/mnt/data_disk/ZQL/TIP_TMO_result/tradition/KimKautz/a3512.png,341,512,0.9033143263114685,0.7821603665337286,0.7354079513400485,0.40941949464170524,0.8086884200576925,0.01015056922571803,0.1721024215221405
a3521,/mnt/data_disk/HDRData/1000hdr/HDRtest/a3521-JI2E5091.exr,/mnt/data_disk/ZQL/TIP_TMO_result/tradition/KimKautz/a3521.png,341,512,0.8624288393796768,0.6527441635200568,0.7287028290359991,0.3574972008133637,0.7146916764221537,0.00030272520457378646,0.17563270032405853
a3522,/mnt/data_disk/HDRData/1000hdr/HDRtest/a3522-IMG_4772.exr,/mnt/data_disk/ZQL/TIP_TMO_result/tradition/KimKautz/a3522.png,341,512,0.931563104676759,0.8316787455084113,0.8293230420235936,0.6391370350985536,0.8249425210391516,0.45333154915795554,0.1419134885072708
a3525,/mnt/data_disk/HDRData/1000hdr/HDRtest/a3525-IMG_0713.exr,/mnt/data_disk/ZQL/TIP_TMO_result/tradition/KimKautz/a3525.png,341,512,0.8148852300361435,0.9268021136184368,0.07608120918383594,0.4611470790571865,0.9222941581142439,1.2909719906573946e-13,0.19975945353507996
a3529,/mnt/data_disk/HDRData/1000hdr/HDRtest/a3529-WP_CRW_0659.exr,/mnt/data_disk/ZQL/TIP_TMO_result/tradition/KimKautz/a3529.png,341,512,0.9527705541205522,0.8522937741313308,0.9356195021307909,0.5019485983420209,0.8524649234044344,0.15143227327960734,0.17790934443473816
a3531,/mnt/data_disk/HDRData/1000hdr/HDRtest/a3531-07-06-30-at-04h02m08s-_MG_1936.exr,/mnt/data_disk/ZQL/TIP_TMO_result/tradition/KimKautz/a3531.png,341,512,0.8690799051860894,0.6563478518797032,0.7643541658717844,0.36715716569120604,0.7343083662801418,5.965102270248395e-06,0.22500818967819214
a3540,/mnt/data_disk/HDRData/1000hdr/HDRtest/a3540-07-12-02-at-14h05m14s-_MG_8949.exr,/mnt/data_disk/ZQL/TIP_TMO_result/tradition/KimKautz/a3540.png,341,512,0.8905487078829971,0.6472614721258186,0.9296135650181749,0.6941922211764786,0.6329556385118362,0.755428803841121,0.25534293055534363
a3541,/mnt/data_disk/HDRData/1000hdr/HDRtest/a3541-IMG_4107.exr,/mnt/data_disk/ZQL/TIP_TMO_result/tradition/KimKautz/a3541.png,341,512,0.9044083153588354,0.7793716091351897,0.7477830459805475,0.47465552137094136,0.7053376758578882,0.24397336688399457,0.13912813365459442
a3545,/mnt/data_disk/HDRData/1000hdr/HDRtest/a3545-jmac_DSC0491.exr,/mnt/data_disk/ZQL/TIP_TMO_result/tradition/KimKautz/a3545.png,340,512,0.8370514991079356,0.8099072843809937,0.30502951352041346,0.44491187716430464,0.8898209995555022,2.7547731070390095e-06,0.11831444501876831
a3548,/mnt/data_disk/HDRData/1000hdr/HDRtest/a3548-CRW_0993.exr,/mnt/data_disk/ZQL/TIP_TMO_result/tradition/KimKautz/a3548.png,341,512,0.9491442874962388,0.833858888976716,0.9456571423951797,0.831315344984326,0.9214978165484442,0.7411328734202078,0.13777385652065277
a3549,/mnt/data_disk/HDRData/1000hdr/HDRtest/a3549-KE_-2455.exr,/mnt/data_disk/ZQL/TIP_TMO_result/tradition/KimKautz/a3549.png,340,512,0.9715459073435648,0.9231068273421303,0.9355871619971844,0.7588310634465034,0.9416730583643476,0.5759890685286593,0.1317777782678604
a3557,/mnt/data_disk/HDRData/1000hdr/HDRtest/a3557-IMG_1507.exr,/mnt/data_disk/ZQL/TIP_TMO_result/tradition/KimKautz/a3557.png,341,512,0.9210231245048918,0.9316277197897317,0.5909137588912501,0.5924791354259659,0.8681273544885607,0.31683091636337096,0.10095437616109848
a3563,/mnt/data_disk/HDRData/1000hdr/HDRtest/a3563-07-11-30-at-15h55m08s-_MG_8326.exr,/mnt/data_disk/ZQL/TIP_TMO_result/tradition/KimKautz/a3563.png,341,512,0.9182428108675169,0.8360193494687632,0.7334287476420005,0.4368508862096059,0.8302170618290038,0.04348471059020797,0.19045741856098175
a3571,/mnt/data_disk/HDRData/1000hdr/HDRtest/a3571-IMG_0290.exr,/mnt/data_disk/ZQL/TIP_TMO_result/tradition/KimKautz/a3571.png,341,512,0.7800794895631249,0.6308478673608306,0.29547788830927424,0.31002365889208455,0.6200432087258543,4.109058314827902e-06,0.08208043873310089
a3575,/mnt/data_disk/HDRData/1000hdr/HDRtest/a3575-IMG_0834.exr,/mnt/data_disk/ZQL/TIP_TMO_result/tradition/KimKautz/a3575.png,341,512,0.8762987749087955,0.6547070483927065,0.8157425563305352,0.3937765291552686,0.7521699874244591,0.03538307088607816,0.2619267404079437
a3576,/mnt/data_disk/HDRData/1000hdr/HDRtest/a3576-LS051026_day_15_LL003.exr,/mnt/data_disk/ZQL/TIP_TMO_result/tradition/KimKautz/a3576.png,341,512,0.8537298727852888,0.7759782446451217,0.44560627476313985,0.44447699981392946,0.8161163555887286,0.07283764403913025,0.19661551713943481
a3585,/mnt/data_disk/HDRData/1000hdr/HDRtest/a3585-IMG_4211.exr,/mnt/data_disk/ZQL/TIP_TMO_result/tradition/KimKautz/a3585.png,341,512,0.7128415897691223,0.43857713768488243,0.324481773028432,0.26632645759129714,0.42855460230075226,0.10409831288184197,0.16832108795642853
a3586,/mnt/data_disk/HDRData/1000hdr/HDRtest/a3586-IMG_4591.exr,/mnt/data_disk/ZQL/TIP_TMO_result/tradition/KimKautz/a3586.png,341,512,0.7802530936373233,0.752950197116774,0.12447095366566814,0.3830365852086683,0.7660702067838804,2.963633456186094e-06,0.2081514447927475
a3588,/mnt/data_disk/HDRData/1000hdr/HDRtest/a3588-CRW_0983.exr,/mnt/data_disk/ZQL/TIP_TMO_result/tradition/KimKautz/a3588.png,341,512,0.938391246662447,0.8447360653623616,0.8510811643361644,0.8520888125750895,0.9358531783905069,0.7683244467596722,0.16971933841705322
a3591,/mnt/data_disk/HDRData/1000hdr/HDRtest/a3591-07-11-30-at-16h19m33s-_MG_8384.exr,/mnt/data_disk/ZQL/TIP_TMO_result/tradition/KimKautz/a3591.png,341,512,0.9202985789019866,0.8434155760011841,0.7335428559251203,0.4342594651260049,0.7960802820299973,0.07243864822201257,0.2166416198015213
a3593,/mnt/data_disk/HDRData/1000hdr/HDRtest/a3593-_DSC5689.exr,/mnt/data_disk/ZQL/TIP_TMO_result/tradition/KimKautz/a3593.png,341,512,0.9028228677630292,0.7496300009795653,0.7949177274111271,0.6031828707860367,0.8325451769548571,0.37382056461721636,0.2804225981235504
a3600,/mnt/data_disk/HDRData/1000hdr/HDRtest/a3600-JI2E3496.exr,/mnt/data_disk/ZQL/TIP_TMO_result/tradition/KimKautz/a3600.png,341,512,0.9146642142388454,0.8150479390119978,0.7481873960648513,0.43270187394695514,0.7805519385044876,0.08485180938942276,0.23578494787216187
a3602,/mnt/data_disk/HDRData/1000hdr/HDRtest/a3602-_DSC9759.exr,/mnt/data_disk/ZQL/TIP_TMO_result/tradition/KimKautz/a3602.png,341,512,0.7765557624805928,0.6774635415791603,0.20640894626927583,0.2676794919145605,0.5353481179631194,1.0865866001510291e-05,0.16830654442310333
a3605,/mnt/data_disk/HDRData/1000hdr/HDRtest/a3605-IMG_2772.exr,/mnt/data_disk/ZQL/TIP_TMO_result/tradition/KimKautz/a3605.png,341,512,0.8347009803110758,0.7872483440157253,0.32590217713804853,0.44471719384536035,0.8894151903721518,1.9197318568896285e-05,0.1425938457250595
a3608,/mnt/data_disk/HDRData/1000hdr/HDRtest/a3608-NKIM_MG_7004.exr,/mnt/data_disk/ZQL/TIP_TMO_result/tradition/KimKautz/a3608.png,341,512,0.9467648060167606,0.852787462620365,0.8931652348385357,0.41972431437703084,0.8079781132740351,0.031470515480026585,0.12546923756599426
a3609,/mnt/data_disk/HDRData/1000hdr/HDRtest/a3609-IMG_1702.exr,/mnt/data_disk/ZQL/TIP_TMO_result/tradition/KimKautz/a3609.png,341,512,0.8948292644623164,0.9001069900344317,0.48426414137602813,0.5910188953422455,0.885175900403324,0.2968618902811671,0.1556820273399353
a3613,/mnt/data_disk/HDRData/1000hdr/HDRtest/a3613-_DSC3264.exr,/mnt/data_disk/ZQL/TIP_TMO_result/tradition/KimKautz/a3613.png,341,512,0.9196176943063715,0.7175555947627084,0.9763625370563964,0.3610859159090936,0.72162131064629,0.0005505211718972955,0.2504544258117676
a3623,/mnt/data_disk/HDRData/1000hdr/HDRtest/a3623-20051220_201437__MG_9239.exr,/mnt/data_disk/ZQL/TIP_TMO_result/tradition/KimKautz/a3623.png,341,512,0.8674192546280041,0.7214596444292615,0.6224467762705472,0.6205127492465983,0.8134657175440961,0.4275597809491005,0.30536192655563354
a3624,/mnt/data_disk/HDRData/1000hdr/HDRtest/a3624-DSC_0070.exr,/mnt/data_disk/ZQL/TIP_TMO_result/tradition/KimKautz/a3624.png,340,512,0.9191017209298197,0.9138271818527791,0.6072520877713989,0.4605817040550206,0.9075979430729284,0.013565465037112777,0.1341032236814499
a3628,/mnt/data_disk/HDRData/1000hdr/HDRtest/a3628-_DSC9996.exr,/mnt/data_disk/ZQL/TIP_TMO_result/tradition/KimKautz/a3628.png,341,512,0.8449206251911208,0.6082171749253458,0.7123933848026635,0.2531648604333515,0.5063297208666342,6.883588860895699e-14,0.22658319771289825
a3633,/mnt/data_disk/HDRData/1000hdr/HDRtest/a3633-JI2E3892.exr,/mnt/data_disk/ZQL/TIP_TMO_result/tradition/KimKautz/a3633.png,341,512,0.8358413252787029,0.7262891248015966,0.4283813378537125,0.39102400751572886,0.7429725073602254,0.039075507671232315,0.14390426874160767
a3634,/mnt/data_disk/HDRData/1000hdr/HDRtest/a3634-IMG_4959.exr,/mnt/data_disk/ZQL/TIP_TMO_result/tradition/KimKautz/a3634.png,341,512,0.8546669978217463,0.7375678451003475,0.5162118088824482,0.49956661808303804,0.6668920610363204,0.3322411751297557,0.27778077125549316
a3635,/mnt/data_disk/HDRData/1000hdr/HDRtest/a3635-IMG_4031.exr,/mnt/data_disk/ZQL/TIP_TMO_result/tradition/KimKautz/a3635.png,341,512,0.9219706460572126,0.7650208565533119,0.8934597634015055,0.41509112252080277,0.8254586403064854,0.004723604735120157,0.2814314663410187
a3636,/mnt/data_disk/HDRData/1000hdr/HDRtest/a3636-20041222_195608__E6B6989.exr,/mnt/data_disk/ZQL/TIP_TMO_result/tradition/KimKautz/a3636.png,341,512,0.780033332926946,0.596467591296515,0.35552641441248545,0.3314618444212656,0.6616679460712465,0.0012557427712846883,0.14743804931640625
a3641,/mnt/data_disk/HDRData/1000hdr/HDRtest/a3641-_DSC4628.exr,/mnt/data_disk/ZQL/TIP_TMO_result/tradition/KimKautz/a3641.png,341,512,0.9093510614292719,0.8142650054521448,0.7151888314077879,0.472489486757168,0.891196334162161,0.053782639352175,0.31100115180015564
a3644,/mnt/data_disk/HDRData/1000hdr/HDRtest/a3644-jmac_MG_5959.exr,/mnt/data_disk/ZQL/TIP_TMO_result/tradition/KimKautz/a3644.png,341,512,0.9054591287282798,0.7900918620718211,0.7344772818285109,0.44875364982473553,0.8724938349362027,0.025013464713268357,0.2417081892490387
a3649,/mnt/data_disk/HDRData/1000hdr/HDRtest/a3649-WP_CRW_0691.exr,/mnt/data_disk/ZQL/TIP_TMO_result/tradition/KimKautz/a3649.png,341,512,0.9327497004604144,0.9074067417116308,0.7033530915004192,0.4808542922946336,0.9459044924168515,0.015804092172415723,0.09991566091775894
a3654,/mnt/data_disk/HDRData/1000hdr/HDRtest/a3654-IMG_0777.exr,/mnt/data_disk/ZQL/TIP_TMO_result/tradition/KimKautz/a3654.png,341,512,0.9546548734480633,0.8605241615397887,0.9331641318823932,0.8246232447934767,0.8942472822052009,0.7549992073817525,0.17723681032657623
a3658,/mnt/data_disk/HDRData/1000hdr/HDRtest/a3658-jmac_MG_0418.exr,/mnt/data_disk/ZQL/TIP_TMO_result/tradition/KimKautz/a3658.png,341,512,0.8909939868659273,0.8578150644224414,0.5276502673473954,0.4567218364955121,0.8499686906059797,0.06347498238504455,0.14352017641067505
a3670,/mnt/data_disk/HDRData/1000hdr/HDRtest/a3670-jmac_MG_5917.exr,/mnt/data_disk/ZQL/TIP_TMO_result/tradition/KimKautz/a3670.png,341,512,0.8485058567562263,0.9012466141566924,0.23994329427992753,0.41189770522577707,0.8237950807553516,3.2969620251076275e-07,0.12749679386615753
a3673,/mnt/data_disk/HDRData/1000hdr/HDRtest/a3673-_DSC1109.exr,/mnt/data_disk/ZQL/TIP_TMO_result/tradition/KimKautz/a3673.png,341,512,0.873746529628217,0.8069416389748965,0.509246975758846,0.4478532752553789,0.861332994502012,0.034373556008745795,0.3575790226459503
a3677,/mnt/data_disk/HDRData/1000hdr/HDRtest/a3677-IMG_4696.exr,/mnt/data_disk/ZQL/TIP_TMO_result/tradition/KimKautz/a3677.png,341,512,0.8186861410719668,0.8141421892945097,0.2116284855289504,0.42369503851077106,0.8473894935397344,5.834818077636235e-07,0.1881798356771469
a3686,/mnt/data_disk/HDRData/1000hdr/HDRtest/a3686-jmac_MG_0353.exr,/mnt/data_disk/ZQL/TIP_TMO_result/tradition/KimKautz/a3686.png,341,512,0.940356114067841,0.8108073125422389,0.9293421370398791,0.48943053009356574,0.8470903931287785,0.1317706670583529,0.32298144698143005
a3688,/mnt/data_disk/HDRData/1000hdr/HDRtest/a3688-jmac_MG_1424.exr,/mnt/data_disk/ZQL/TIP_TMO_result/tradition/KimKautz/a3688.png,341,512,0.8570827161504733,0.9071309272557243,0.27354446814312783,0.46030037906773263,0.9204633974392995,0.00013736069616581117,0.19486680626869202
a3689,/mnt/data_disk/HDRData/1000hdr/HDRtest/a3689-JI2E3798.exr,/mnt/data_disk/ZQL/TIP_TMO_result/tradition/KimKautz/a3689.png,341,512,0.7476821135387531,0.6625977685044515,0.10739670735732203,0.35345514638378334,0.7069102917166639,1.0509027842080679e-09,0.13177484273910522
a3696,/mnt/data_disk/HDRData/1000hdr/HDRtest/a3696-jmac_DSC1242.exr,/mnt/data_disk/ZQL/TIP_TMO_result/tradition/KimKautz/a3696.png,343,512,0.8519768269613888,0.8544473094308224,0.3180288210388206,0.4848218268991016,0.8870142616024427,0.08262939219576045,0.17883023619651794
a3697,/mnt/data_disk/HDRData/1000hdr/HDRtest/a3697-07-11-24-at-16h05m35s-_MG_6729.exr,/mnt/data_disk/ZQL/TIP_TMO_result/tradition/KimKautz/a3697.png,341,512,0.8815924342467951,0.8092799415657892,0.5516311672470744,0.5036133213603261,0.8377850271428732,0.16944161557777912,0.18786224722862244
a3700,/mnt/data_disk/HDRData/1000hdr/HDRtest/a3700-tc_DSC1892.exr,/mnt/data_disk/ZQL/TIP_TMO_result/tradition/KimKautz/a3700.png,340,512,0.9189371112718692,0.8147481243297394,0.7767611715464174,0.6809367424535708,0.8668527458712599,0.4950207390358816,0.16307413578033447
a3706,/mnt/data_disk/HDRData/1000hdr/HDRtest/a3706-dgw_065.exr,/mnt/data_disk/ZQL/TIP_TMO_result/tradition/KimKautz/a3706.png,341,512,0.9156917322843235,0.7644531005601954,0.8517736366282765,0.42275346773126954,0.8338229321755225,0.011684003287016569,0.33626052737236023
a3707,/mnt/data_disk/HDRData/1000hdr/HDRtest/a3707-NKIM_121.exr,/mnt/data_disk/ZQL/TIP_TMO_result/tradition/KimKautz/a3707.png,341,512,0.7670555963667265,0.3715772391849161,0.8315403985330463,0.2189486704004796,0.4378965863822917,7.54418667530769e-07,0.2499772161245346
a3710,/mnt/data_disk/HDRData/1000hdr/HDRtest/a3710-07-11-20-at-16h52m05s-_MG_5742.exr,/mnt/data_disk/ZQL/TIP_TMO_result/tradition/KimKautz/a3710.png,341,512,0.8238331345455185,0.7937878983958924,0.26259559873931587,0.40749088258450394,0.8148023562262545,0.00017940894275334283,0.10577411204576492
a3712,/mnt/data_disk/HDRData/1000hdr/HDRtest/a3712-IMG_4852.exr,/mnt/data_disk/ZQL/TIP_TMO_result/tradition/KimKautz/a3712.png,341,512,0.9154959494723831,0.7869940433118225,0.8063527766268503,0.36212079886694204,0.6916105589751101,0.03263103875877396,0.1609882414340973
a3715,/mnt/data_disk/HDRData/1000hdr/HDRtest/a3715-_MG_7773.exr,/mnt/data_disk/ZQL/TIP_TMO_result/tradition/KimKautz/a3715.png,341,512,0.7565086879801476,0.45538107339911565,0.5255987470335013,0.16459559927180178,0.3291911985370134,6.590146087913458e-12,0.28583812713623047
a3716,/mnt/data_disk/HDRData/1000hdr/HDRtest/a3716-IMG_0301.exr,/mnt/data_disk/ZQL/TIP_TMO_result/tradition/KimKautz/a3716.png,341,512,0.8532914480460005,0.7478452896899542,0.4902969817739436,0.4772697611478352,0.6479103462112157,0.3066291760844547,0.12195931375026703
a3719,/mnt/data_disk/HDRData/1000hdr/HDRtest/a3719-07-11-29-at-15h43m28s-_MG_8075.exr,/mnt/data_disk/ZQL/TIP_TMO_result/tradition/KimKautz/a3719.png,341,512,0.9508899484489295,0.8463917329924655,0.93376137405917,0.43281530009508595,0.8656305963096538,3.880518096491066e-09,0.3556908071041107
a3720,/mnt/data_disk/HDRData/1000hdr/HDRtest/a3720-jmac_MG_0851.exr,/mnt/data_disk/ZQL/TIP_TMO_result/tradition/KimKautz/a3720.png,341,512,0.9472838664056087,0.8633563082336652,0.8770706590457754,0.7641246818226533,0.9021984295377014,0.6260509341076053,0.1953791230916977
a3721,/mnt/data_disk/HDRData/1000hdr/HDRtest/a3721-KE_-01.exr,/mnt/data_disk/ZQL/TIP_TMO_result/tradition/KimKautz/a3721.png,340,512,0.912232979630706,0.7780352512076332,0.8018900617452369,0.6437184934297662,0.7762885658941415,0.5111484209653909,0.24921825528144836
a3724,/mnt/data_disk/HDRData/1000hdr/HDRtest/a3724-20060101_092918__E6B0305.exr,/mnt/data_disk/ZQL/TIP_TMO_result/tradition/KimKautz/a3724.png,341,512,0.8885078245357712,0.8781114526836382,0.48141558381373967,0.4580480438919474,0.8875490627309189,0.028547025052975957,0.282685786485672
a3727,/mnt/data_disk/HDRData/1000hdr/HDRtest/a3727-2004-01-18 11-49-42 CRW_2889.exr,/mnt/data_disk/ZQL/TIP_TMO_result/tradition/KimKautz/a3727.png,341,512,0.8187804341099401,0.917146839021334,0.098340248667784,0.46826196318174695,0.9365237617290915,1.646344024142678e-07,0.16518071293830872
a3729,/mnt/data_disk/HDRData/1000hdr/HDRtest/a3729-07-11-24-at-21h39m19s-_MG_6853.exr,/mnt/data_disk/ZQL/TIP_TMO_result/tradition/KimKautz/a3729.png,341,512,0.7935237175647942,0.6533284384999793,0.3256540879737175,0.23972098814922022,0.479141020943605,0.00030095535483544704,0.18027342855930328
a3730,/mnt/data_disk/HDRData/1000hdr/HDRtest/a3730-IMG_0113.exr,/mnt/data_disk/ZQL/TIP_TMO_result/tradition/KimKautz/a3730.png,341,512,0.9216254768805916,0.7939442225798322,0.8340318286235678,0.4247648614462488,0.7451149916642682,0.10441473122822943,0.2688380479812622
a3732,/mnt/data_disk/HDRData/1000hdr/HDRtest/a3732-_DGW6272.exr,/mnt/data_disk/ZQL/TIP_TMO_result/tradition/KimKautz/a3732.png,341,512,0.9583538410313928,0.9037495885216075,0.8792899595895596,0.8017246286363966,0.950977090049328,0.6524721672234653,0.13688357174396515
a3733,/mnt/data_disk/HDRData/1000hdr/HDRtest/a3733-WP_CRW_4827.exr,/mnt/data_disk/ZQL/TIP_TMO_result/tradition/KimKautz/a3733.png,341,512,0.9131332867937318,0.7538324524792841,0.8557111085623208,0.6597396700131164,0.7349128541145643,0.5845664859116684,0.18809369206428528
a3735,/mnt/data_disk/HDRData/1000hdr/HDRtest/a3735-_MG_7825.exr,/mnt/data_disk/ZQL/TIP_TMO_result/tradition/KimKautz/a3735.png,341,512,0.7999790553576256,0.7701003543675901,0.18476541176853453,0.42442592077718605,0.8451091971775048,0.0037426443768673427,0.23992493748664856
a3737,/mnt/data_disk/HDRData/1000hdr/HDRtest/a3737-dgw_022.exr,/mnt/data_disk/ZQL/TIP_TMO_result/tradition/KimKautz/a3737.png,341,512,0.9291375889888226,0.7513470485633654,0.9714187163384345,0.37988582071314475,0.7420108904744801,0.017760750951809432,0.23332074284553528
a3739,/mnt/data_disk/HDRData/1000hdr/HDRtest/a3739-KE_-0068.exr,/mnt/data_disk/ZQL/TIP_TMO_result/tradition/KimKautz/a3739.png,340,512,0.7613162742119204,0.7931334554163407,0.02542875800865562,0.44948306495142754,0.8988897285936767,7.640130917839705e-05,0.1362391710281372
a3740,/mnt/data_disk/HDRData/1000hdr/HDRtest/a3740-_DSC1411.exr,/mnt/data_disk/ZQL/TIP_TMO_result/tradition/KimKautz/a3740.png,341,512,0.8600292506659899,0.7790870646707998,0.4761630782605934,0.325298621716837,0.6454795339299909,0.005117709503683019,0.16237322986125946
a3742,/mnt/data_disk/HDRData/1000hdr/HDRtest/a3742-IMG_0206.exr,/mnt/data_disk/ZQL/TIP_TMO_result/tradition/KimKautz/a3742.png,341,512,0.874170377068564,0.658679274282409,0.7929157928553338,0.38231520640526256,0.7623243037534764,0.0023061090570487253,0.2982175350189209
a3743,/mnt/data_disk/HDRData/1000hdr/HDRtest/a3743-DSC_0038.exr,/mnt/data_disk/ZQL/TIP_TMO_result/tradition/KimKautz/a3743.png,340,512,0.8594235011164629,0.872842857874297,0.3306851858463248,0.39640397414108575,0.7779946716614833,0.014813276620688166,0.1264655888080597
a3744,/mnt/data_disk/HDRData/1000hdr/HDRtest/a3744-NKIM_MG_6757.exr,/mnt/data_disk/ZQL/TIP_TMO_result/tradition/KimKautz/a3744.png,341,512,0.8832062758302979,0.6362114288025984,0.9042097440435571,0.35282283817025106,0.705645673321624,3.0188781432441773e-09,0.24144986271858215
a3749,/mnt/data_disk/HDRData/1000hdr/HDRtest/a3749-IMG_4592.exr,/mnt/data_disk/ZQL/TIP_TMO_result/tradition/KimKautz/a3749.png,341,512,0.8698327455916739,0.6328390956325872,0.8209877063894617,0.4028257604738743,0.8014612038145635,0.004190317133185023,0.2554166615009308
a3750,/mnt/data_disk/HDRData/1000hdr/HDRtest/a3750-IMG_4253.exr,/mnt/data_disk/ZQL/TIP_TMO_result/tradition/KimKautz/a3750.png,341,512,0.8295646186799931,0.6356280727489139,0.5591256921382717,0.3235437879817474,0.6470590358082356,2.854015525907652e-05,0.2413347214460373
a3753,/mnt/data_disk/HDRData/1000hdr/HDRtest/a3753-dgw_073.exr,/mnt/data_disk/ZQL/TIP_TMO_result/tradition/KimKautz/a3753.png,341,512,0.7707729861011531,0.751078231688999,0.09140409569311422,0.4904391774617692,0.84623648418118,0.13464187074235837,0.4360678195953369
a3754,/mnt/data_disk/HDRData/1000hdr/HDRtest/a3754-050731_151704__I2E5362.exr,/mnt/data_disk/ZQL/TIP_TMO_result/tradition/KimKautz/a3754.png,341,512,0.8283412022755693,0.8749087694149885,0.1806036074908558,0.39439331604248945,0.7886356971185918,0.00015093496638710687,0.14690521359443665
a3756,/mnt/data_disk/HDRData/1000hdr/HDRtest/a3756-jmac_MG_5949.exr,/mnt/data_disk/ZQL/TIP_TMO_result/tradition/KimKautz/a3756.png,341,512,0.9048856008313201,0.8436235881155381,0.6352649192236277,0.42847642756761173,0.8372013897804588,0.01975146535476469,0.15208356082439423
a3760,/mnt/data_disk/HDRData/1000hdr/HDRtest/a3760-IMG_2504.exr,/mnt/data_disk/ZQL/TIP_TMO_result/tradition/KimKautz/a3760.png,341,512,0.8639959923541594,0.8830274765749341,0.3402446916721445,0.427266276863483,0.8545247257486678,7.827978298276735e-06,0.11593685299158096
a3764,/mnt/data_disk/HDRData/1000hdr/HDRtest/a3764-20060618_093109__MG_8792.exr,/mnt/data_disk/ZQL/TIP_TMO_result/tradition/KimKautz/a3764.png,341,512,0.8562474415521202,0.8329313003492884,0.3709829237085101,0.6000150091907596,0.853966328617211,0.3460636897643082,0.1896267980337143
a3766,/mnt/data_disk/HDRData/1000hdr/HDRtest/a3766-20041219_194831__E6B5558.exr,/mnt/data_disk/ZQL/TIP_TMO_result/tradition/KimKautz/a3766.png,341,512,0.6282890086618333,0.23168481947457684,0.4624653335549552,0.13367318081938348,0.2673463616350187,3.748292604369071e-12,0.14855238795280457
a3769,/mnt/data_disk/HDRData/1000hdr/HDRtest/a3769-IMG_3943.exr,/mnt/data_disk/ZQL/TIP_TMO_result/tradition/KimKautz/a3769.png,341,512,0.8893626971632019,0.8529991965464311,0.525759201533932,0.4572790403874611,0.9125305818993716,0.00202749887555053,0.1373085379600525
a3771,/mnt/data_disk/HDRData/1000hdr/HDRtest/a3771-07-06-01-at-13h03m06-s_MG_1256.exr,/mnt/data_disk/ZQL/TIP_TMO_result/tradition/KimKautz/a3771.png,341,512,0.8339966511077033,0.7607286940504216,0.36246743639933415,0.43554517483585875,0.863571668234799,0.007518681436918461,0.2692565321922302
a3772,/mnt/data_disk/HDRData/1000hdr/HDRtest/a3772-dgw_123.exr,/mnt/data_disk/ZQL/TIP_TMO_result/tradition/KimKautz/a3772.png,341,512,0.9182352815079178,0.8476497990275148,0.7127207524314665,0.44308316362191963,0.8439396847548545,0.042226642488984785,0.24953342974185944
a3774,/mnt/data_disk/HDRData/1000hdr/HDRtest/a3774-_DSC0017.exr,/mnt/data_disk/ZQL/TIP_TMO_result/tradition/KimKautz/a3774.png,340,512,0.9352741293432641,0.824536109142364,0.8678745777657565,0.531454633483292,0.8450195102919212,0.2178897566746628,0.18187154829502106
a3778,/mnt/data_disk/HDRData/1000hdr/HDRtest/a3778-IMG_4838.exr,/mnt/data_disk/ZQL/TIP_TMO_result/tradition/KimKautz/a3778.png,341,512,0.9131684047319014,0.7692096033848287,0.8253485054107282,0.4942410914284323,0.771229750623119,0.2172524322337456,0.30162736773490906
a3780,/mnt/data_disk/HDRData/1000hdr/HDRtest/a3780-JI2E3902.exr,/mnt/data_disk/ZQL/TIP_TMO_result/tradition/KimKautz/a3780.png,341,512,0.8636198601118079,0.8123258272960842,0.4426728742921643,0.4426611443557497,0.8850142634489955,0.00030802526250393387,0.1613866239786148
a3781,/mnt/data_disk/HDRData/1000hdr/HDRtest/a3781-2004-06-24 06-45-08 CRW_2040.exr,/mnt/data_disk/ZQL/TIP_TMO_result/tradition/KimKautz/a3781.png,341,512,0.901812175496976,0.8454473760596528,0.6131539895718453,0.4845809191660928,0.8949956690871049,0.07416616924508068,0.12028884142637253
a3783,/mnt/data_disk/HDRData/1000hdr/HDRtest/a3783-KE_-0052.exr,/mnt/data_disk/ZQL/TIP_TMO_result/tradition/KimKautz/a3783.png,340,512,0.917739775727697,0.7214931630094765,0.9546844581745444,0.43128494564589576,0.8200983853412355,0.042471505950556,0.1765267252922058
a3786,/mnt/data_disk/HDRData/1000hdr/HDRtest/a3786-_I2E8191.exr,/mnt/data_disk/ZQL/TIP_TMO_result/tradition/KimKautz/a3786.png,341,512,0.8495653201849637,0.8550121101688868,0.3050662635377862,0.47570427302684415,0.8576908050632359,0.09371774099045233,0.20021124184131622
a3796,/mnt/data_disk/HDRData/1000hdr/HDRtest/a3796-NKIM_MG_7319.exr,/mnt/data_disk/ZQL/TIP_TMO_result/tradition/KimKautz/a3796.png,341,512,0.9298601839346903,0.812681673312441,0.8536837469119163,0.4249193031974381,0.7134129134746915,0.13642569292018475,0.2791643738746643
a3798,/mnt/data_disk/HDRData/1000hdr/HDRtest/a3798-IMG_2539.exr,/mnt/data_disk/ZQL/TIP_TMO_result/tradition/KimKautz/a3798.png,341,512,0.940261554469699,0.8419386172482943,0.8690041722002174,0.5878183590129835,0.8732049433142983,0.30243177471166877,0.22549369931221008
a3800,/mnt/data_disk/HDRData/1000hdr/HDRtest/a3800-dgw_090.exr,/mnt/data_disk/ZQL/TIP_TMO_result/tradition/KimKautz/a3800.png,341,512,0.8842188625287504,0.776954853334548,0.6239320151315609,0.39046542486973285,0.7446805635064928,0.03625028623297288,0.19948376715183258
a3804,/mnt/data_disk/HDRData/1000hdr/HDRtest/a3804-_DSC3608.exr,/mnt/data_disk/ZQL/TIP_TMO_result/tradition/KimKautz/a3804.png,343,512,0.8433698811929069,0.6487886303450868,0.6164768443819738,0.38187074018836065,0.7547311806630334,0.009010299713687941,0.12441850453615189
a3816,/mnt/data_disk/HDRData/1000hdr/HDRtest/a3816-jmac_DSC3118.exr,/mnt/data_disk/ZQL/TIP_TMO_result/tradition/KimKautz/a3816.png,340,512,0.7917382118121031,0.8682921897364989,0.051463559830722275,0.46137236973596835,0.9227447394704908,1.445880466897037e-12,0.17382973432540894
a3820,/mnt/data_disk/HDRData/1000hdr/HDRtest/a3820-dgw_025.exr,/mnt/data_disk/ZQL/TIP_TMO_result/tradition/KimKautz/a3820.png,341,512,0.7080846460226197,0.5263178068242195,0.13929931038254384,0.3852130590264041,0.770261643447857,0.00016447460495128924,0.12631751596927643
a3822,/mnt/data_disk/HDRData/1000hdr/HDRtest/a3822-07-11-21-at-09h53m21s-_MG_5852.exr,/mnt/data_disk/ZQL/TIP_TMO_result/tradition/KimKautz/a3822.png,341,512,0.9240416822132266,0.8733963622782064,0.7052146757981274,0.44366649665927876,0.8763618020423543,0.010971191276203284,0.16768138110637665
a3827,/mnt/data_disk/HDRData/1000hdr/HDRtest/a3827-JI2E3823.exr,/mnt/data_disk/ZQL/TIP_TMO_result/tradition/KimKautz/a3827.png,341,512,0.7961985741905235,0.743841097736937,0.2023491832041157,0.4026702416653452,0.8053142393796483,2.6243951042113103e-05,0.14262200891971588
a3830,/mnt/data_disk/HDRData/1000hdr/HDRtest/a3830-LS_060715_8670.exr,/mnt/data_disk/ZQL/TIP_TMO_result/tradition/KimKautz/a3830.png,341,512,0.9005339521240492,0.6493289173365566,0.9948959564561497,0.4106863235760743,0.8202427624074276,0.0011298847447211416,0.25143465399742126
a3832,/mnt/data_disk/HDRData/1000hdr/HDRtest/a3832-20060613_091536__MG_7749.exr,/mnt/data_disk/ZQL/TIP_TMO_result/tradition/KimKautz/a3832.png,341,512,0.8658887278152748,0.8383165941097678,0.4150529085254255,0.4210795739876218,0.841637855746053,0.0005212922291905675,0.22345860302448273
a3833,/mnt/data_disk/HDRData/1000hdr/HDRtest/a3833-_DSC0003-2.exr,/mnt/data_disk/ZQL/TIP_TMO_result/tradition/KimKautz/a3833.png,340,512,0.9532934484304474,0.8520604118577153,0.9397047826560573,0.784824257618413,0.9214620288855446,0.6481864863512814,0.13325126469135284
a3834,/mnt/data_disk/HDRData/1000hdr/HDRtest/a3834-IMG_0007.exr,/mnt/data_disk/ZQL/TIP_TMO_result/tradition/KimKautz/a3834.png,341,512,0.8438439774430785,0.6534277712754297,0.6100038241631571,0.5312002269883078,0.8177658033091617,0.2446346506674539,0.2600632905960083
a3846,/mnt/data_disk/HDRData/1000hdr/HDRtest/a3846-IMG_3087.exr,/mnt/data_disk/ZQL/TIP_TMO_result/tradition/KimKautz/a3846.png,341,512,0.9042214244589102,0.8614778079705361,0.6011335479419586,0.44922350858651094,0.874572588813058,0.02387442835996393,0.14357414841651917
a3847,/mnt/data_disk/HDRData/1000hdr/HDRtest/a3847-NKIM_MG_6113.exr,/mnt/data_disk/ZQL/TIP_TMO_result/tradition/KimKautz/a3847.png,341,512,0.7962565276784488,0.4384145366239056,0.8219905593225864,0.3448596355883654,0.6895313504872647,0.0001879206894661109,0.23801428079605103
a3848,/mnt/data_disk/HDRData/1000hdr/HDRtest/a3848-DSC_0024.exr,/mnt/data_disk/ZQL/TIP_TMO_result/tradition/KimKautz/a3848.png,340,512,0.8572025005656667,0.8804739940478443,0.3089849582077758,0.4488003470779736,0.897592272656371,8.421499576235658e-06,0.1029270738363266
a3851,/mnt/data_disk/HDRData/1000hdr/HDRtest/a3851-IMG_3430.exr,/mnt/data_disk/ZQL/TIP_TMO_result/tradition/KimKautz/a3851.png,341,512,0.8858828159253663,0.7373352596370476,0.7083870244719608,0.42863300580650904,0.5835887125385157,0.27367729907450233,0.1368793100118637
a3862,/mnt/data_disk/HDRData/1000hdr/HDRtest/a3862-JI2E0423.exr,/mnt/data_disk/ZQL/TIP_TMO_result/tradition/KimKautz/a3862.png,341,512,0.8192756859240538,0.8221592893601548,0.20417200557679713,0.3969660986326219,0.7939308643846943,1.3328805494485082e-06,0.12557882070541382
a3863,/mnt/data_disk/HDRData/1000hdr/HDRtest/a3863-IMG_1159.exr,/mnt/data_disk/ZQL/TIP_TMO_result/tradition/KimKautz/a3863.png,341,512,0.9233336807328859,0.7479978335942897,0.9377761843660815,0.4217322220215838,0.8405431355163759,0.002921308526791655,0.22703929245471954
a3864,/mnt/data_disk/HDRData/1000hdr/HDRtest/a3864-_DSC1992.exr,/mnt/data_disk/ZQL/TIP_TMO_result/tradition/KimKautz/a3864.png,341,512,0.7174859944214048,0.5619871275995615,0.1239981369220027,0.36901953922029457,0.7380385716939554,5.067466337692451e-07,0.13386155664920807
a3872,/mnt/data_disk/HDRData/1000hdr/HDRtest/a3872-IMG_4058.exr,/mnt/data_disk/ZQL/TIP_TMO_result/tradition/KimKautz/a3872.png,341,512,0.9278855993040884,0.8002129566221144,0.864271214770396,0.5252960909683306,0.8076611462897451,0.24293103564691623,0.23562096059322357
a3877,/mnt/data_disk/HDRData/1000hdr/HDRtest/a3877-KE_-0019.exr,/mnt/data_disk/ZQL/TIP_TMO_result/tradition/KimKautz/a3877.png,340,512,0.8216106817658657,0.6118568060050555,0.5597359670005845,0.3137898231201721,0.6272997708441378,0.000279875396206491,0.20737269520759583
a3879,/mnt/data_disk/HDRData/1000hdr/HDRtest/a3879-IMG_0091.exr,/mnt/data_disk/ZQL/TIP_TMO_result/tradition/KimKautz/a3879.png,341,512,0.8673338452437354,0.7871247005976002,0.5048803328361323,0.4511088817130379,0.8994789788710479,0.002738784555027916,0.21999521553516388
a3890,/mnt/data_disk/HDRData/1000hdr/HDRtest/a3890-IMG_4308.exr,/mnt/data_disk/ZQL/TIP_TMO_result/tradition/KimKautz/a3890.png,341,512,0.8373942746070139,0.7264602317262566,0.43672571001910704,0.37932167417999896,0.7559279134297024,0.00271543493029546,0.16650691628456116
a3893,/mnt/data_disk/HDRData/1000hdr/HDRtest/a3893-_DGW6301.exr,/mnt/data_disk/ZQL/TIP_TMO_result/tradition/KimKautz/a3893.png,341,512,0.8728890158419749,0.6012709418636631,0.9151945328882386,0.30830953050313004,0.6166140758525255,4.985153734635482e-06,0.3021484613418579
a3899,/mnt/data_disk/HDRData/1000hdr/HDRtest/a3899-jmac_DSC2259.exr,/mnt/data_disk/ZQL/TIP_TMO_result/tradition/KimKautz/a3899.png,340,512,0.9072920224548979,0.8813056973613738,0.5873835343411582,0.46074934006244533,0.8925222548428005,0.028976425282090164,0.15457139909267426
a3900,/mnt/data_disk/HDRData/1000hdr/HDRtest/a3900-jmac_DSC5843.exr,/mnt/data_disk/ZQL/TIP_TMO_result/tradition/KimKautz/a3900.png,340,512,0.8604415741678049,0.9416199325734385,0.24702117136504512,0.43559968936634624,0.8710240394271923,0.00017533930550012443,0.15913176536560059
a3902,/mnt/data_disk/HDRData/1000hdr/HDRtest/a3902-jmac_DSC3970.exr,/mnt/data_disk/ZQL/TIP_TMO_result/tradition/KimKautz/a3902.png,340,512,0.9115174782625862,0.7963569539336739,0.7622757541739208,0.5071713148093423,0.8373962442003452,0.17694638541833937,0.11521638184785843
a3903,/mnt/data_disk/HDRData/1000hdr/HDRtest/a3903-IMG_2386.exr,/mnt/data_disk/ZQL/TIP_TMO_result/tradition/KimKautz/a3903.png,341,512,0.9421296330328967,0.7843932000852886,0.9947237466309636,0.8350890061241119,0.9142116163967648,0.7559663958514589,0.1286384016275406
a3906,/mnt/data_disk/HDRData/1000hdr/HDRtest/a3906-LS051025_day_3_LL003.exr,/mnt/data_disk/ZQL/TIP_TMO_result/tradition/KimKautz/a3906.png,341,512,0.9341660497033941,0.7790172272652935,0.9496318114708944,0.6827291581086592,0.7998544109731884,0.5656039052441301,0.21163293719291687
a3911,/mnt/data_disk/HDRData/1000hdr/HDRtest/a3911-07-07-01-at-10h50m55s-_MG_2028.exr,/mnt/data_disk/ZQL/TIP_TMO_result/tradition/KimKautz/a3911.png,341,512,0.8830054903146001,0.635832212250116,0.903699708720787,0.3859717965969738,0.7717687951602588,0.00017479803368880656,0.22319471836090088
a3913,/mnt/data_disk/HDRData/1000hdr/HDRtest/a3913-IMG_0289.exr,/mnt/data_disk/ZQL/TIP_TMO_result/tradition/KimKautz/a3913.png,341,512,0.7106220799796866,0.4694240630305459,0.249284432466801,0.28650413763723703,0.5726041288622704,0.0004041464122036271,0.13226433098316193
a3914,/mnt/data_disk/HDRData/1000hdr/HDRtest/a3914-DSC_0002-1.exr,/mnt/data_disk/ZQL/TIP_TMO_result/tradition/KimKautz/a3914.png,340,512,0.9199517345378778,0.8194429103259192,0.7747580794912854,0.8480958416228166,0.8449646214867192,0.851227061758914,0.17132267355918884
a3919,/mnt/data_disk/HDRData/1000hdr/HDRtest/a3919-KE_-1608.exr,/mnt/data_disk/ZQL/TIP_TMO_result/tradition/KimKautz/a3919.png,340,512,0.90879589571026,0.6906550339259195,0.9591944733880305,0.4228552592584493,0.7978015316806913,0.04790898683620727,0.18760526180267334
a3923,/mnt/data_disk/HDRData/1000hdr/HDRtest/a3923-_DSC0095.exr,/mnt/data_disk/ZQL/TIP_TMO_result/tradition/KimKautz/a3923.png,340,512,0.9368530354267033,0.8089345393116318,0.9087501006618984,0.8087036356237461,0.8783675848745794,0.7390396863729128,0.1480845957994461
a3924,/mnt/data_disk/HDRData/1000hdr/HDRtest/a3924-_DSC6358.exr,/mnt/data_disk/ZQL/TIP_TMO_result/tradition/KimKautz/a3924.png,341,512,0.6795549300958463,0.29854199910490103,0.5205222950661352,0.21430017710525837,0.42860035421051673,9.821430667673006e-20,0.27877485752105713
a3926,/mnt/data_disk/HDRData/1000hdr/HDRtest/a3926-dgw_077.exr,/mnt/data_disk/ZQL/TIP_TMO_result/tradition/KimKautz/a3926.png,341,512,0.8777319252477822,0.5817000991588868,0.997314725265922,0.30581358246046964,0.6116270870785981,7.784234110200882e-08,0.21364934742450714
a3927,/mnt/data_disk/HDRData/1000hdr/HDRtest/a3927-IMG_6048.exr,/mnt/data_disk/ZQL/TIP_TMO_result/tradition/KimKautz/a3927.png,341,512,0.7892591555323214,0.7523234165887603,0.16145673814801628,0.42660872939667155,0.8440585260276938,0.009158932765649311,0.21540625393390656
a3930,/mnt/data_disk/HDRData/1000hdr/HDRtest/a3930-IMG_5083.exr,/mnt/data_disk/ZQL/TIP_TMO_result/tradition/KimKautz/a3930.png,341,512,0.9350198845184239,0.814572844530069,0.885208881718974,0.4151867270289838,0.8299110791906786,0.00046237486728895765,0.22687837481498718
a3931,/mnt/data_disk/HDRData/1000hdr/HDRtest/a3931-_DGW6259.exr,/mnt/data_disk/ZQL/TIP_TMO_result/tradition/KimKautz/a3931.png,341,512,0.6710867733483875,0.18908254015587378,0.9289736816044885,0.22872958798728635,0.4574591759710221,3.5505952503263627e-12,0.3587169647216797
a3940,/mnt/data_disk/HDRData/1000hdr/HDRtest/a3940-20050602_180025__MG_2820.exr,/mnt/data_disk/ZQL/TIP_TMO_result/tradition/KimKautz/a3940.png,341,512,0.8848640078923491,0.8617373886746895,0.4857742883375583,0.9599638275015792,0.9225271888124924,0.9974004661906659,0.15896618366241455
a3943,/mnt/data_disk/HDRData/1000hdr/HDRtest/a3943-_DSC0054.exr,/mnt/data_disk/ZQL/TIP_TMO_result/tradition/KimKautz/a3943.png,340,512,0.8638008582443705,0.7848654005641733,0.4882050328741313,0.45787122347121195,0.8021296678789196,0.11361277906350434,0.15341858565807343
a3947,/mnt/data_disk/HDRData/1000hdr/HDRtest/a3947-jmac_MG_1444.exr,/mnt/data_disk/ZQL/TIP_TMO_result/tradition/KimKautz/a3947.png,341,512,0.8949269968166653,0.846394831414941,0.5696436101814567,0.8715021830004388,0.8732146261071486,0.869789739893729,0.1480829119682312
a3948,/mnt/data_disk/HDRData/1000hdr/HDRtest/a3948-_DSC0045.exr,/mnt/data_disk/ZQL/TIP_TMO_result/tradition/KimKautz/a3948.png,340,512,0.8055369350261651,0.6490639598504058,0.3963771855155351,0.4087823883313459,0.8147811550977548,0.002783621564936963,0.20683351159095764
a3954,/mnt/data_disk/HDRData/1000hdr/HDRtest/a3954-_MG_0841.exr,/mnt/data_disk/ZQL/TIP_TMO_result/tradition/KimKautz/a3954.png,341,512,0.9168213698537581,0.9138301022755624,0.5932993898645149,0.4950394664696256,0.9242880125785764,0.06579092036067481,0.23953555524349213
a3958,/mnt/data_disk/HDRData/1000hdr/HDRtest/a3958-_DSC3890.exr,/mnt/data_disk/ZQL/TIP_TMO_result/tradition/KimKautz/a3958.png,341,512,0.9694354880899165,0.9155490187201988,0.9345094367830024,0.7086690886958616,0.9405792866806456,0.47675889071107774,0.10833970457315445
a3961,/mnt/data_disk/HDRData/1000hdr/HDRtest/a3961-_DSC0049.exr,/mnt/data_disk/ZQL/TIP_TMO_result/tradition/KimKautz/a3961.png,340,512,0.8184933137786689,0.7054711296145583,0.3690141447556287,0.7049659355833202,0.7358774304773926,0.6740544406892477,0.12105250358581543
a3963,/mnt/data_disk/HDRData/1000hdr/HDRtest/a3963-jmac_DSC3835.exr,/mnt/data_disk/ZQL/TIP_TMO_result/tradition/KimKautz/a3963.png,340,512,0.8107087877036026,0.7958172323311644,0.19919961634859643,0.46403813474698985,0.8802894345048295,0.04778683498915019,0.19842399656772614
a3964,/mnt/data_disk/HDRData/1000hdr/HDRtest/a3964-NKIM_MG_6716.exr,/mnt/data_disk/ZQL/TIP_TMO_result/tradition/KimKautz/a3964.png,341,512,0.8209464899042684,0.5278885518599006,0.7454279195357216,0.26809627361368193,0.5361925472270542,3.0960534514003675e-13,0.22221186757087708
a3970,/mnt/data_disk/HDRData/1000hdr/HDRtest/a3970-WP_Amanda_3rd_bday014.exr,/mnt/data_disk/ZQL/TIP_TMO_result/tradition/KimKautz/a3970.png,341,512,0.8873639447150762,0.746377525934007,0.700473433545907,0.3932096773701959,0.7857201363463119,0.0006992183940799355,0.10631980746984482
a3973,/mnt/data_disk/HDRData/1000hdr/HDRtest/a3973-DSC_0068-2.exr,/mnt/data_disk/ZQL/TIP_TMO_result/tradition/KimKautz/a3973.png,340,512,0.8781769341829272,0.8494774721801739,0.46660664059118845,0.46008277496088795,0.9199688303433037,0.0001967195784722148,0.11542396992444992
a3975,/mnt/data_disk/HDRData/1000hdr/HDRtest/a3975-jmac_MG_5721.exr,/mnt/data_disk/ZQL/TIP_TMO_result/tradition/KimKautz/a3975.png,341,512,0.9344690113264715,0.887784765841906,0.7478330527139917,0.4818644445876128,0.892506339731221,0.07122254944400462,0.14704537391662598
a3976,/mnt/data_disk/HDRData/1000hdr/HDRtest/a3976-Ja_Pe-10.exr,/mnt/data_disk/ZQL/TIP_TMO_result/tradition/KimKautz/a3976.png,288,512,0.9528869158558397,0.8695073215205079,0.9041350300884322,0.5744094585957426,0.8887744059406549,0.2600445112508301,0.1776253879070282
a3991,/mnt/data_disk/HDRData/1000hdr/HDRtest/a3991-DSC_0005-2.exr,/mnt/data_disk/ZQL/TIP_TMO_result/tradition/KimKautz/a3991.png,340,512,0.9333925785674227,0.8190395900473036,0.8655330532378005,0.5806662603145484,0.8406140468001108,0.32071847382898605,0.16279387474060059
a3992,/mnt/data_disk/HDRData/1000hdr/HDRtest/a3992-KE_-0044.exr,/mnt/data_disk/ZQL/TIP_TMO_result/tradition/KimKautz/a3992.png,340,512,0.8153606357837292,0.5705409173731228,0.6100273706653416,0.9487743666402657,0.9040792003981567,0.9934695328823748,0.1010257676243782
a3993,/mnt/data_disk/HDRData/1000hdr/HDRtest/a3993-IMG_2812.exr,/mnt/data_disk/ZQL/TIP_TMO_result/tradition/KimKautz/a3993.png,341,512,0.6990666239918396,0.5738502085155014,0.04641915369970302,0.4045068850569545,0.8090137701137619,1.4705982402068877e-13,0.1493436098098755
a3995,/mnt/data_disk/HDRData/1000hdr/HDRtest/a3995-IMG_0187.exr,/mnt/data_disk/ZQL/TIP_TMO_result/tradition/KimKautz/a3995.png,341,512,0.8481705451739268,0.6430223598465038,0.6582256767113419,0.39865126175744753,0.7888015630958257,0.008500960419069302,0.2140556275844574
a4001,/mnt/data_disk/HDRData/1000hdr/HDRtest/a4001-jn_20070824_0168.exr,/mnt/data_disk/ZQL/TIP_TMO_result/tradition/KimKautz/a4001.png,341,512,0.8305984956179383,0.7857721210719621,0.3072368469828913,0.40811850499296204,0.8149934748345085,0.0012435351514155765,0.14368659257888794
a4003,/mnt/data_disk/HDRData/1000hdr/HDRtest/a4003-NKIM_MG_6603.exr,/mnt/data_disk/ZQL/TIP_TMO_result/tradition/KimKautz/a4003.png,341,512,0.854429491060603,0.8361621924314699,0.3566450313041551,0.40688521435821884,0.8133156190776978,0.0004548096387398535,0.20155131816864014
a4004,/mnt/data_disk/HDRData/1000hdr/HDRtest/a4004-050812_113412__MG_3770.exr,/mnt/data_disk/ZQL/TIP_TMO_result/tradition/KimKautz/a4004.png,341,512,0.8638511431916482,0.9047505711811415,0.3101793537519952,0.44187704729596194,0.8837392588511539,1.4835740770019108e-05,0.10238278657197952
a4007,/mnt/data_disk/HDRData/1000hdr/HDRtest/a4007-_MG_7167.exr,/mnt/data_disk/ZQL/TIP_TMO_result/tradition/KimKautz/a4007.png,341,512,0.8768842492070608,0.8036739666672998,0.5331068307707832,0.4116402622098204,0.8152212956822646,0.00805922873737618,0.2568603456020355
a4008,/mnt/data_disk/HDRData/1000hdr/HDRtest/a4008-dgw_019.exr,/mnt/data_disk/ZQL/TIP_TMO_result/tradition/KimKautz/a4008.png,341,512,0.8602933776830992,0.7335363834006545,0.5567259224395362,0.3730440017377023,0.6160041139538494,0.13008388952155528,0.21913903951644897
a4009,/mnt/data_disk/HDRData/1000hdr/HDRtest/a4009-jmac_MG_7717.exr,/mnt/data_disk/ZQL/TIP_TMO_result/tradition/KimKautz/a4009.png,341,512,0.9600335542357559,0.8638151800384868,0.9645324459128667,0.5844676137005735,0.8734439195288137,0.29549130787233324,0.2633298337459564
a4013,/mnt/data_disk/HDRData/1000hdr/HDRtest/a4013-_I2E6911.exr,/mnt/data_disk/ZQL/TIP_TMO_result/tradition/KimKautz/a4013.png,341,512,0.8815458793296805,0.8110867401392624,0.5483098964412626,0.47407393238818113,0.805431940524573,0.14271592425178925,0.2846108078956604
a4014,/mnt/data_disk/HDRData/1000hdr/HDRtest/a4014-JI2E4114.exr,/mnt/data_disk/ZQL/TIP_TMO_result/tradition/KimKautz/a4014.png,341,512,0.9055513918368172,0.7850459810729727,0.7445267830973636,0.37878587111381534,0.7575625836846498,9.158542980942257e-06,0.24704338610172272
a4017,/mnt/data_disk/HDRData/1000hdr/HDRtest/a4017-DSC_0023.exr,/mnt/data_disk/ZQL/TIP_TMO_result/tradition/KimKautz/a4017.png,340,512,0.9248636152189242,0.8457375959144484,0.7591400471764665,0.5667859102376432,0.9295342419655024,0.20403757850978418,0.14679397642612457
a4020,/mnt/data_disk/HDRData/1000hdr/HDRtest/a4020-IMG_3763.exr,/mnt/data_disk/ZQL/TIP_TMO_result/tradition/KimKautz/a4020.png,341,512,0.8210451341745305,0.717460779137811,0.36289330694716,0.42245557089057834,0.8150537618738077,0.029857379907348942,0.14187593758106232
a4025,/mnt/data_disk/HDRData/1000hdr/HDRtest/a4025-IMG_5601.exr,/mnt/data_disk/ZQL/TIP_TMO_result/tradition/KimKautz/a4025.png,341,512,0.9016516961655191,0.7499146942264905,0.7865928541898627,0.3893569971219519,0.7785049363474131,0.00020905789649057458,0.22929760813713074
a4026,/mnt/data_disk/HDRData/1000hdr/HDRtest/a4026-NKIM_MG_6632.exr,/mnt/data_disk/ZQL/TIP_TMO_result/tradition/KimKautz/a4026.png,341,512,0.7800033606708554,0.9002953381403951,0.004086516495857352,0.4627497314398565,0.9254985236003558,9.392793572339055e-07,0.1731516569852829
a4027,/mnt/data_disk/HDRData/1000hdr/HDRtest/a4027-IMG_2393.exr,/mnt/data_disk/ZQL/TIP_TMO_result/tradition/KimKautz/a4027.png,341,512,0.8754919707622008,0.8010405069891784,0.52930988780848,0.47726186934697024,0.893655734728407,0.060868003965533435,0.16032159328460693
a4028,/mnt/data_disk/HDRData/1000hdr/HDRtest/a4028-060810_105728__MG_6096.exr,/mnt/data_disk/ZQL/TIP_TMO_result/tradition/KimKautz/a4028.png,341,512,0.9303889128405611,0.7701345167575738,0.9413377609757154,0.46059924334976904,0.854623730306368,0.06657475639317008,0.19978739321231842
a4038,/mnt/data_disk/HDRData/1000hdr/HDRtest/a4038-Ja_Pe-20.exr,/mnt/data_disk/ZQL/TIP_TMO_result/tradition/KimKautz/a4038.png,288,512,0.9240788391980637,0.7950344031667173,0.8484810495431866,0.5008310636207485,0.8667363987291253,0.13492572851237172,0.19733163714408875
a4040,/mnt/data_disk/HDRData/1000hdr/HDRtest/a4040-IMG_0233.exr,/mnt/data_disk/ZQL/TIP_TMO_result/tradition/KimKautz/a4040.png,341,512,0.8936585524723649,0.7189785634855893,0.7956404559694428,0.4741130027923972,0.851836715537476,0.09638929004731839,0.31982141733169556
a4047,/mnt/data_disk/HDRData/1000hdr/HDRtest/a4047-IMG_1285.exr,/mnt/data_disk/ZQL/TIP_TMO_result/tradition/KimKautz/a4047.png,341,512,0.9504218832451483,0.9159881042053948,0.8042340945583084,0.5531001942212584,0.9533777083155491,0.1528226801269678,0.10856702923774719
a4049,/mnt/data_disk/HDRData/1000hdr/HDRtest/a4049-_DSC3858.exr,/mnt/data_disk/ZQL/TIP_TMO_result/tradition/KimKautz/a4049.png,341,512,0.845277714149343,0.6318467913906458,0.6634935869509625,0.4528751050878997,0.7765040844443927,0.1292461257314067,0.31907424330711365
a4051,/mnt/data_disk/HDRData/1000hdr/HDRtest/a4051-_DSC0018-3.exr,/mnt/data_disk/ZQL/TIP_TMO_result/tradition/KimKautz/a4051.png,340,512,0.9101437211210157,0.8266210142095911,0.698077547997304,0.8273753072302241,0.9020813004089632,0.7526693140514851,0.15248027443885803
a4052,/mnt/data_disk/HDRData/1000hdr/HDRtest/a4052-20060620_165511__MG_9535.exr,/mnt/data_disk/ZQL/TIP_TMO_result/tradition/KimKautz/a4052.png,341,512,0.9410313767391263,0.861049386145057,0.838871410306348,0.4588446520305875,0.8713985118045574,0.04629079225661758,0.21934403479099274
a4060,/mnt/data_disk/HDRData/1000hdr/HDRtest/a4060-_DSC5597.exr,/mnt/data_disk/ZQL/TIP_TMO_result/tradition/KimKautz/a4060.png,341,512,0.9136429663169007,0.7323507475883275,0.903254144933799,0.44570989230197405,0.797417558776698,0.09400222582725012,0.260731041431427
a4064,/mnt/data_disk/HDRData/1000hdr/HDRtest/a4064-07-12-02-at-16h23m18s-_MG_9020.exr,/mnt/data_disk/ZQL/TIP_TMO_result/tradition/KimKautz/a4064.png,341,512,0.913714274281154,0.8674068005992015,0.6499829421555218,0.4847564696218542,0.8056742346830661,0.16383870456064234,0.21903401613235474
a4068,/mnt/data_disk/HDRData/1000hdr/HDRtest/a4068-tc_DSC2612.exr,/mnt/data_disk/ZQL/TIP_TMO_result/tradition/KimKautz/a4068.png,340,512,0.8297028553722499,0.5719358853471301,0.696772876274107,0.3533300001694768,0.4213774156521867,0.28528258468676687,0.2295311838388443
a4075,/mnt/data_disk/HDRData/1000hdr/HDRtest/a4075-JI2E0444.exr,/mnt/data_disk/ZQL/TIP_TMO_result/tradition/KimKautz/a4075.png,341,512,0.8813799590157981,0.6690661170932534,0.8184999025520603,0.41388717312389517,0.8273324094223482,0.00044193682544218496,0.3133314549922943
a4076,/mnt/data_disk/HDRData/1000hdr/HDRtest/a4076-_DGW6244.exr,/mnt/data_disk/ZQL/TIP_TMO_result/tradition/KimKautz/a4076.png,341,512,0.8343830290491333,0.5166814250837378,0.8635108677266347,0.38488215503585793,0.7674909926137666,0.002273317457949251,0.36598077416419983
a4080,/mnt/data_disk/HDRData/1000hdr/HDRtest/a4080-IMG_3765.exr,/mnt/data_disk/ZQL/TIP_TMO_result/tradition/KimKautz/a4080.png,341,512,0.9153599739336615,0.7980382951283257,0.7844149765550671,0.6009942142978915,0.8239351555601714,0.3780532730356114,0.20875339210033417
a4085,/mnt/data_disk/HDRData/1000hdr/HDRtest/a4085-_MG_2385.exr,/mnt/data_disk/ZQL/TIP_TMO_result/tradition/KimKautz/a4085.png,341,512,0.88713474585176,0.8091383727046151,0.5852370491009204,0.3791020132501212,0.7433673525885873,0.014836673911655086,0.16702720522880554
a4087,/mnt/data_disk/HDRData/1000hdr/HDRtest/a4087-NKIM_MG_6395.exr,/mnt/data_disk/ZQL/TIP_TMO_result/tradition/KimKautz/a4087.png,341,512,0.8645907690566783,0.8150152997130056,0.44386762527066387,0.44471062221283925,0.8881552135582417,0.0012660308674368632,0.2778647840023041
a4088,/mnt/data_disk/HDRData/1000hdr/HDRtest/a4088-dvf_041.exr,/mnt/data_disk/ZQL/TIP_TMO_result/tradition/KimKautz/a4088.png,341,512,0.8797341137785003,0.7605042799947478,0.6260101290899758,0.4154201112397036,0.829940238411924,0.0008999840674832081,0.11524154245853424
a4091,/mnt/data_disk/HDRData/1000hdr/HDRtest/a4091-_DSC0041.exr,/mnt/data_disk/ZQL/TIP_TMO_result/tradition/KimKautz/a4091.png,340,512,0.8488117486058404,0.7674591656497829,0.43204707266554265,0.6788362538361244,0.8368157606621865,0.5208567470100623,0.18548354506492615
a4092,/mnt/data_disk/HDRData/1000hdr/HDRtest/a4092-07-12-03-at-09h35m54s-_MG_9192.exr,/mnt/data_disk/ZQL/TIP_TMO_result/tradition/KimKautz/a4092.png,341,512,0.9055621462378279,0.8319879809873569,0.6595758126388657,0.6832403934720842,0.886608027846053,0.4798727590981155,0.300446480512619
a4093,/mnt/data_disk/HDRData/1000hdr/HDRtest/a4093-jn_20071117-031.exr,/mnt/data_disk/ZQL/TIP_TMO_result/tradition/KimKautz/a4093.png,341,512,0.9214044537777277,0.7391257586826622,0.9428746282201356,0.5392701238452162,0.8226663457055814,0.25587390198485094,0.3040223717689514
a4096,/mnt/data_disk/HDRData/1000hdr/HDRtest/a4096-jmac_MG_0095.exr,/mnt/data_disk/ZQL/TIP_TMO_result/tradition/KimKautz/a4096.png,341,512,0.8278298785378204,0.7653174676634931,0.3234058151368748,0.5291450964677726,0.6618154945164311,0.39647469841911415,0.1897401213645935
a4097,/mnt/data_disk/HDRData/1000hdr/HDRtest/a4097-20080623_at_14h52m36__MG_9904.exr,/mnt/data_disk/ZQL/TIP_TMO_result/tradition/KimKautz/a4097.png,341,512,0.9373422856262661,0.8997219822576806,0.7460296234158849,0.731529255128111,0.8979385100872177,0.5651200001690042,0.14737071096897125
a4099,/mnt/data_disk/HDRData/1000hdr/HDRtest/a4099-_DSC0014-2.exr,/mnt/data_disk/ZQL/TIP_TMO_result/tradition/KimKautz/a4099.png,340,512,0.8881562705913366,0.8505861094366246,0.5225368993468906,0.4936388366541632,0.9306344736543387,0.0566431996539877,0.13645513355731964
a4101,/mnt/data_disk/HDRData/1000hdr/HDRtest/a4101-IMG_5823.exr,/mnt/data_disk/ZQL/TIP_TMO_result/tradition/KimKautz/a4101.png,341,512,0.6958911198008219,0.48966497623330574,0.14791401550739255,0.30767209356888686,0.5218586127285213,0.0934855744092524,0.2018067091703415
a4102,/mnt/data_disk/HDRData/1000hdr/HDRtest/a4102-07-06-30-at-11h38m56s-_MG_1997.exr,/mnt/data_disk/ZQL/TIP_TMO_result/tradition/KimKautz/a4102.png,341,512,0.9032373782153824,0.8379201872712132,0.6347804593604545,0.4955197300035513,0.9168821722912179,0.07415728771588474,0.2198665589094162
a4104,/mnt/data_disk/HDRData/1000hdr/HDRtest/a4104-DSC_0260.exr,/mnt/data_disk/ZQL/TIP_TMO_result/tradition/KimKautz/a4104.png,340,512,0.9029280485748152,0.8043063853095835,0.6920793926674089,0.3324571718145608,0.6642305352784951,0.0006838083506265154,0.10698622465133667
a4105,/mnt/data_disk/HDRData/1000hdr/HDRtest/a4105-07-11-26-at-16h02m57s-_MG_7151.exr,/mnt/data_disk/ZQL/TIP_TMO_result/tradition/KimKautz/a4105.png,341,512,0.8686286148937375,0.6852085196263749,0.7011593224569145,0.4542264710473484,0.7162566300778503,0.19219631201684648,0.24732914566993713
a4107,/mnt/data_disk/HDRData/1000hdr/HDRtest/a4107-dvf_018.exr,/mnt/data_disk/ZQL/TIP_TMO_result/tradition/KimKautz/a4107.png,341,512,0.8357076197674288,0.515717745471655,0.8750731957499323,0.3074121893535865,0.6148243787068794,2.9354651568606263e-13,0.18943054974079132
a4108,/mnt/data_disk/HDRData/1000hdr/HDRtest/a4108-MB_080329_057.exr,/mnt/data_disk/ZQL/TIP_TMO_result/tradition/KimKautz/a4108.png,341,512,0.9214297327062745,0.8568053853067521,0.7172084598172431,0.4778500579702237,0.7539001503700193,0.201799965570428,0.31913766264915466
a4110,/mnt/data_disk/HDRData/1000hdr/HDRtest/a4110-dgw_069.exr,/mnt/data_disk/ZQL/TIP_TMO_result/tradition/KimKautz/a4110.png,341,512,0.897232014704527,0.7443295587871447,0.7684537479474058,0.5804513029193272,0.8483995662794797,0.31250303955917486,0.31053295731544495
a4113,/mnt/data_disk/HDRData/1000hdr/HDRtest/a4113-IMG_2800.exr,/mnt/data_disk/ZQL/TIP_TMO_result/tradition/KimKautz/a4113.png,341,512,0.8399459717322181,0.8271580788496066,0.29530882336299474,0.7492888844022865,0.9201403135554292,0.5784374552491437,0.1515527218580246
a4116,/mnt/data_disk/HDRData/1000hdr/HDRtest/a4116-IMG_2042.exr,/mnt/data_disk/ZQL/TIP_TMO_result/tradition/KimKautz/a4116.png,341,512,0.7878413706166412,0.7409024611213186,0.16985449431895058,0.4023310649553168,0.804662126698772,3.211861573104928e-09,0.11745155602693558
a4117,/mnt/data_disk/HDRData/1000hdr/HDRtest/a4117-050918_141526__MG_5987.exr,/mnt/data_disk/ZQL/TIP_TMO_result/tradition/KimKautz/a4117.png,341,512,0.8489223592412549,0.7512674426797824,0.45950642834415784,0.47148865975983323,0.8227320813008755,0.12024523821879093,0.2776715159416199
a4124,/mnt/data_disk/HDRData/1000hdr/HDRtest/a4124-20080709_at_10h04m23__MG_4561.exr,/mnt/data_disk/ZQL/TIP_TMO_result/tradition/KimKautz/a4124.png,341,512,0.8868608189189501,0.7533048340343559,0.6840971837115941,0.4660200296076896,0.8814819604276763,0.05055809878770293,0.20544563233852386
a4127,/mnt/data_disk/HDRData/1000hdr/HDRtest/a4127-DSC_0152.exr,/mnt/data_disk/ZQL/TIP_TMO_result/tradition/KimKautz/a4127.png,340,512,0.8536948866222754,0.8972824547498252,0.2696309748403894,0.4552975401471421,0.9087276362336499,0.001867444060634206,0.12123768031597137
a4131,/mnt/data_disk/HDRData/1000hdr/HDRtest/a4131-DSC_0001-2.exr,/mnt/data_disk/ZQL/TIP_TMO_result/tradition/KimKautz/a4131.png,340,512,0.8526207834466916,0.7547342065574204,0.47467506678199317,0.4261772142769133,0.8272860949461059,0.025068333607720684,0.13503339886665344
a4134,/mnt/data_disk/HDRData/1000hdr/HDRtest/a4134-IMG_0086.exr,/mnt/data_disk/ZQL/TIP_TMO_result/tradition/KimKautz/a4134.png,341,512,0.8666270516967882,0.8474870730899727,0.40529641388626814,0.4627282210113998,0.9002564946175743,0.0251999474052253,0.14940589666366577
a4142,/mnt/data_disk/HDRData/1000hdr/HDRtest/a4142-_DGW6275.exr,/mnt/data_disk/ZQL/TIP_TMO_result/tradition/KimKautz/a4142.png,341,512,0.880350526683944,0.8574537219163717,0.4666081607256779,0.4537364098077164,0.82580026165058,0.08167255796485286,0.23910614848136902
a4143,/mnt/data_disk/HDRData/1000hdr/HDRtest/a4143-LSCRW_0029.exr,/mnt/data_disk/ZQL/TIP_TMO_result/tradition/KimKautz/a4143.png,384,512,0.93569448406357,0.9164148773740274,0.7072045299177915,0.8751029585772092,0.8740068923517863,0.8761990248026321,0.10666956752538681
a4144,/mnt/data_disk/HDRData/1000hdr/HDRtest/a4144-050623_122602__MG_3246.exr,/mnt/data_disk/ZQL/TIP_TMO_result/tradition/KimKautz/a4144.png,341,512,0.8919239851432839,0.8833189028384295,0.493088658157777,0.46477861589218994,0.9163193463402429,0.01323788544413698,0.15820275247097015
a4150,/mnt/data_disk/HDRData/1000hdr/HDRtest/a4150-_DGW6309.exr,/mnt/data_disk/ZQL/TIP_TMO_result/tradition/KimKautz/a4150.png,341,512,0.8948460085644039,0.6970281471971328,0.8492601664942153,0.459819694849777,0.7783854320357497,0.14125395766380436,0.33625730872154236
a4151,/mnt/data_disk/HDRData/1000hdr/HDRtest/a4151-dvf_026.exr,/mnt/data_disk/ZQL/TIP_TMO_result/tradition/KimKautz/a4151.png,341,512,0.9065961608401079,0.6939898735442613,0.9364822138181107,0.36111464622343303,0.7221968059643404,3.248648252566589e-05,0.2753991186618805
a4154,/mnt/data_disk/HDRData/1000hdr/HDRtest/a4154-IMG_4620.exr,/mnt/data_disk/ZQL/TIP_TMO_result/tradition/KimKautz/a4154.png,341,512,0.8847217074487715,0.8252279906089348,0.5435960914863237,0.41794587236656955,0.8270265153788368,0.00886522935430235,0.20367777347564697
a4155,/mnt/data_disk/HDRData/1000hdr/HDRtest/a4155-WP_CRW_0237.exr,/mnt/data_disk/ZQL/TIP_TMO_result/tradition/KimKautz/a4155.png,341,512,0.9467286882913954,0.834346741858039,0.9278968030952762,0.45598923139583064,0.8302584985880752,0.0817199642035861,0.17761695384979248
a4156,/mnt/data_disk/HDRData/1000hdr/HDRtest/a4156-IMG_0159.exr,/mnt/data_disk/ZQL/TIP_TMO_result/tradition/KimKautz/a4156.png,341,512,0.896308291673708,0.6992003830174606,0.8545544059260526,0.8122582949165558,0.8944720847650849,0.7300445050680265,0.2373347282409668
a4158,/mnt/data_disk/HDRData/1000hdr/HDRtest/a4158-WP_CRW_4109.exr,/mnt/data_disk/ZQL/TIP_TMO_result/tradition/KimKautz/a4158.png,341,512,0.8791377218616776,0.7035973288666636,0.7315914259244136,0.48658875840328586,0.5935197943223857,0.37965772248418606,0.16130757331848145
a4160,/mnt/data_disk/HDRData/1000hdr/HDRtest/a4160-jn_20070824_0167.exr,/mnt/data_disk/ZQL/TIP_TMO_result/tradition/KimKautz/a4160.png,341,512,0.8481938471338715,0.7935368029912412,0.3872921824603442,0.42016793183933254,0.835164079141189,0.005171784537476177,0.31234249472618103
a4161,/mnt/data_disk/HDRData/1000hdr/HDRtest/a4161-tc_DSC2218.exr,/mnt/data_disk/ZQL/TIP_TMO_result/tradition/KimKautz/a4161.png,340,512,0.7958861276652222,0.9508446206146667,0.00871338433880453,0.4628616028297505,0.925723205659501,1.0863918847208061e-21,0.20911163091659546
a4167,/mnt/data_disk/HDRData/1000hdr/HDRtest/a4167-IMG_0031.exr,/mnt/data_disk/ZQL/TIP_TMO_result/tradition/KimKautz/a4167.png,341,512,0.9507445328819478,0.820863281423648,0.9822976820556617,0.4271968228808515,0.8521844601652814,0.0022091855964216367,0.24092046916484833
a4170,/mnt/data_disk/HDRData/1000hdr/HDRtest/a4170-jmac_DSC3333.exr,/mnt/data_disk/ZQL/TIP_TMO_result/tradition/KimKautz/a4170.png,343,512,0.8797620757920844,0.6909397779221803,0.7615316721350025,0.37680755619487266,0.7534394449245719,0.00017566746517338406,0.20538447797298431
a4174,/mnt/data_disk/HDRData/1000hdr/HDRtest/a4174-dgw_083.exr,/mnt/data_disk/ZQL/TIP_TMO_result/tradition/KimKautz/a4174.png,341,512,0.9130552106486624,0.8231283254820179,0.7230428933497407,0.5011526302431164,0.8932058620954032,0.10909939839082966,0.3461533188819885
a4177,/mnt/data_disk/HDRData/1000hdr/HDRtest/a4177-jmac_DSC1412.exr,/mnt/data_disk/ZQL/TIP_TMO_result/tradition/KimKautz/a4177.png,340,512,0.9429365615700669,0.9387037305448458,0.7169141978129665,0.5116752841854515,0.9415892822534605,0.08176128611744252,0.11315491050481796
a4178,/mnt/data_disk/HDRData/1000hdr/HDRtest/a4178-IMG_0487.exr,/mnt/data_disk/ZQL/TIP_TMO_result/tradition/KimKautz/a4178.png,341,512,0.8962081660181304,0.8857433491416871,0.5142425295102114,0.47606393184045975,0.9501521342575927,0.0019757294233267992,0.11000943183898926
a4184,/mnt/data_disk/HDRData/1000hdr/HDRtest/a4184-jmac_MG_5507.exr,/mnt/data_disk/ZQL/TIP_TMO_result/tradition/KimKautz/a4184.png,341,512,0.931066307777996,0.7754949134455809,0.9351548237219014,0.43855558827810953,0.8110336536305394,0.06607752292567973,0.2887704372406006
a4185,/mnt/data_disk/HDRData/1000hdr/HDRtest/a4185-DSC_0055-2.exr,/mnt/data_disk/ZQL/TIP_TMO_result/tradition/KimKautz/a4185.png,340,512,0.8911670100934201,0.8081409874314694,0.6116023489293793,0.44580222194327435,0.8471695630627356,0.04443488082381309,0.21368460357189178
a4188,/mnt/data_disk/HDRData/1000hdr/HDRtest/a4188-_MG_1604.exr,/mnt/data_disk/ZQL/TIP_TMO_result/tradition/KimKautz/a4188.png,341,512,0.9130974343461868,0.752212911787062,0.8587345191968347,0.562746374890362,0.7499117114052666,0.3755810383754576,0.28033944964408875
a4191,/mnt/data_disk/HDRData/1000hdr/HDRtest/a4191-IMG_4849.exr,/mnt/data_disk/ZQL/TIP_TMO_result/tradition/KimKautz/a4191.png,341,512,0.9257307190889563,0.8025501288977374,0.8451514484474283,0.4863415623937594,0.857521655353155,0.1151614694343638,0.2059914767742157
a4194,/mnt/data_disk/HDRData/1000hdr/HDRtest/a4194-LS051026_day_1_arive50.exr,/mnt/data_disk/ZQL/TIP_TMO_result/tradition/KimKautz/a4194.png,341,512,0.8621543696693512,0.7022266249288042,0.626658002935627,0.5459182120101866,0.8591251188573754,0.23271130516299793,0.19652122259140015
a4197,/mnt/data_disk/HDRData/1000hdr/HDRtest/a4197-_MG_6428.exr,/mnt/data_disk/ZQL/TIP_TMO_result/tradition/KimKautz/a4197.png,341,512,0.8115082266920413,0.9269731075160941,0.06487160388686668,0.47792716166708527,0.9558543233341698,7.54216455289306e-16,0.10250785946846008
a4198,/mnt/data_disk/HDRData/1000hdr/HDRtest/a4198-_DSC6401.exr,/mnt/data_disk/ZQL/TIP_TMO_result/tradition/KimKautz/a4198.png,341,512,0.8171593055206499,0.5789398542401655,0.6025796119504572,0.40149536180682815,0.7525940574619432,0.05039666615171315,0.30062225461006165
a4199,/mnt/data_disk/HDRData/1000hdr/HDRtest/a4199-jmac_MG_5003.exr,/mnt/data_disk/ZQL/TIP_TMO_result/tradition/KimKautz/a4199.png,341,512,0.8432137794722601,0.726773139626424,0.4689772786577018,0.6976852774886928,0.7918973629262955,0.6034731920510902,0.3211745023727417
a4201,/mnt/data_disk/HDRData/1000hdr/HDRtest/a4201-_DSC0120.exr,/mnt/data_disk/ZQL/TIP_TMO_result/tradition/KimKautz/a4201.png,340,512,0.8890755032070524,0.7580911749098764,0.6891565217473369,0.7868316314008668,0.7566512548462981,0.8170120079554355,0.2793283462524414
a4202,/mnt/data_disk/HDRData/1000hdr/HDRtest/a4202-DSC_0439.exr,/mnt/data_disk/ZQL/TIP_TMO_result/tradition/KimKautz/a4202.png,343,512,0.9491934328956602,0.8284379590200935,0.9565233419130863,0.5339943528013202,0.8636686051520207,0.20432010045061988,0.1894756257534027
a4204,/mnt/data_disk/HDRData/1000hdr/HDRtest/a4204-_DGW7870.exr,/mnt/data_disk/ZQL/TIP_TMO_result/tradition/KimKautz/a4204.png,341,512,0.7949727716595778,0.7997753338668252,0.1287094412983032,0.4459052043152644,0.8918104057787308,2.8517980550935137e-09,0.12624241411685944
a4212,/mnt/data_disk/HDRData/1000hdr/HDRtest/a4212-Duggan_090321_5925.exr,/mnt/data_disk/ZQL/TIP_TMO_result/tradition/KimKautz/a4212.png,341,512,0.8397340129885991,0.7257044640218014,0.45112396953077394,0.4201057211588614,0.8361029685480754,0.0041084737696474045,0.2305479496717453
a4214,/mnt/data_disk/HDRData/1000hdr/HDRtest/a4214-DSC_0267.exr,/mnt/data_disk/ZQL/TIP_TMO_result/tradition/KimKautz/a4214.png,343,512,0.965280708763602,0.8732150116063451,0.9836665903425406,0.4729297534354738,0.9250191837029826,0.02084032316796495,0.17751693725585938
a4216,/mnt/data_disk/HDRData/1000hdr/HDRtest/a4216-DSC_0118.exr,/mnt/data_disk/ZQL/TIP_TMO_result/tradition/KimKautz/a4216.png,343,512,0.9619978659748717,0.8609577675340251,0.9838106139282504,0.5044160782509451,0.9105986821708272,0.0982334743310632,0.17442470788955688
a4220,/mnt/data_disk/HDRData/1000hdr/HDRtest/a4220-Duggan_090305_5359.exr,/mnt/data_disk/ZQL/TIP_TMO_result/tradition/KimKautz/a4220.png,341,512,0.9392836987356681,0.7741117168964979,0.9957050461536596,0.4043614000321541,0.8078943409190802,0.0008284591452280523,0.23314893245697021
a4228,/mnt/data_disk/HDRData/1000hdr/HDRtest/a4228-DSC_0037-2.exr,/mnt/data_disk/ZQL/TIP_TMO_result/tradition/KimKautz/a4228.png,340,512,0.8567043254819837,0.9047518624850026,0.274729921017123,0.4564721769046043,0.9129439600282779,3.9378093060564175e-07,0.09761612862348557
a4230,/mnt/data_disk/HDRData/1000hdr/HDRtest/a4230-Duggan_090426_7798.exr,/mnt/data_disk/ZQL/TIP_TMO_result/tradition/KimKautz/a4230.png,341,512,0.8397582500966605,0.5570161954010829,0.7976297972456128,0.3492495467164524,0.6984815090868155,1.758434608933953e-05,0.2534779906272888
a4231,/mnt/data_disk/HDRData/1000hdr/HDRtest/a4231-Duggan_080326_5786.exr,/mnt/data_disk/ZQL/TIP_TMO_result/tradition/KimKautz/a4231.png,341,512,0.8717028517897634,0.7036987943640037,0.6836832110486128,0.4532887311133142,0.8241086624147889,0.08246879981183956,0.13085579872131348
a4232,/mnt/data_disk/HDRData/1000hdr/HDRtest/a4232-Duggan_090323_6181.exr,/mnt/data_disk/ZQL/TIP_TMO_result/tradition/KimKautz/a4232.png,341,512,0.823997550672558,0.7868906424662786,0.2729764498647734,0.48338356851915587,0.8050617323657265,0.16170540467258515,0.29245883226394653
a4235,/mnt/data_disk/HDRData/1000hdr/HDRtest/a4235-DSC_0433.exr,/mnt/data_disk/ZQL/TIP_TMO_result/tradition/KimKautz/a4235.png,343,512,0.9186972274503296,0.7249264776541994,0.9540388539863187,0.3237283867133479,0.6467241249681662,0.0007326484585295751,0.21114838123321533
a4236,/mnt/data_disk/HDRData/1000hdr/HDRtest/a4236-DSC_0384.exr,/mnt/data_disk/ZQL/TIP_TMO_result/tradition/KimKautz/a4236.png,343,512,0.8076479112825453,0.8154874275790858,0.16197542632690973,0.45116991145609076,0.9018961765014839,0.00044364641069762756,0.14916487038135529
a4237,/mnt/data_disk/HDRData/1000hdr/HDRtest/a4237-20090417_at_18h06m01__MG_1955.exr,/mnt/data_disk/ZQL/TIP_TMO_result/tradition/KimKautz/a4237.png,341,512,0.8324409458153854,0.605918780638537,0.6384302403583375,0.2980363208176959,0.5960726385806661,3.054725658479426e-09,0.20252858102321625
a4238,/mnt/data_disk/HDRData/1000hdr/HDRtest/a4238-Duggan_090320_5609.exr,/mnt/data_disk/ZQL/TIP_TMO_result/tradition/KimKautz/a4238.png,341,512,0.8560964880976457,0.8316936239933193,0.37200532955489274,0.4449740286201771,0.8893505569268457,0.0005975003135084673,0.181771382689476
a4239,/mnt/data_disk/HDRData/1000hdr/HDRtest/a4239-Duggan_080114_4429.exr,/mnt/data_disk/ZQL/TIP_TMO_result/tradition/KimKautz/a4239.png,341,512,0.8612994263986175,0.6943034713518321,0.6367605225961591,0.2975976703486272,0.5936643646756359,0.0015309760216185087,0.17910292744636536
a4244,/mnt/data_disk/HDRData/1000hdr/HDRtest/a4244-Duggan_090504_8959.exr,/mnt/data_disk/ZQL/TIP_TMO_result/tradition/KimKautz/a4244.png,341,512,0.77450050154578,0.6967508049872079,0.17077561086393458,0.4155754170036671,0.83085403508034,0.00029679892699424935,0.19435779750347137
a4246,/mnt/data_disk/HDRData/1000hdr/HDRtest/a4246-Duggan_090330_6226.exr,/mnt/data_disk/ZQL/TIP_TMO_result/tradition/KimKautz/a4246.png,341,512,0.8398165141362819,0.7076541276339533,0.48316846708497047,0.3655844349983052,0.7281611331598314,0.0030077368367789096,0.2217542678117752
a4249,/mnt/data_disk/HDRData/1000hdr/HDRtest/a4249-Duggan_090322_6001.exr,/mnt/data_disk/ZQL/TIP_TMO_result/tradition/KimKautz/a4249.png,341,512,0.8870814519801212,0.7652739944298015,0.6631163872890163,0.4658415209621904,0.8386432394003253,0.09303980252405551,0.2552288770675659
a4254,/mnt/data_disk/HDRData/1000hdr/HDRtest/a4254-DSC_0066.exr,/mnt/data_disk/ZQL/TIP_TMO_result/tradition/KimKautz/a4254.png,340,512,0.8317809182235303,0.8587927091990344,0.21504796642228236,0.42205718062446523,0.8441130064561596,1.3547927708327704e-06,0.11963246762752533
a4258,/mnt/data_disk/HDRData/1000hdr/HDRtest/a4258-_DSC0012-4.exr,/mnt/data_disk/ZQL/TIP_TMO_result/tradition/KimKautz/a4258.png,340,512,0.8503053508545492,0.7997977405333565,0.38902623992914653,0.4074809119601972,0.8149154013642014,4.642255619303157e-05,0.08013299107551575
a4262,/mnt/data_disk/HDRData/1000hdr/HDRtest/a4262-DSC_0065.exr,/mnt/data_disk/ZQL/TIP_TMO_result/tradition/KimKautz/a4262.png,340,512,0.8140343286265268,0.8135923067319862,0.19161184048336188,0.426274904343057,0.8525488391533148,9.695327991104868e-07,0.13148726522922516
a4266,/mnt/data_disk/HDRData/1000hdr/HDRtest/a4266-DSC_0426.exr,/mnt/data_disk/ZQL/TIP_TMO_result/tradition/KimKautz/a4266.png,343,512,0.8767797627470927,0.6716138100718971,0.7824415443407778,0.4271605859843263,0.7707406377559042,0.08358053421274851,0.23814548552036285
a4267,/mnt/data_disk/HDRData/1000hdr/HDRtest/a4267-20090414_at_23h13m08__MG_1367.exr,/mnt/data_disk/ZQL/TIP_TMO_result/tradition/KimKautz/a4267.png,341,512,0.7396480950346632,0.5238961928053544,0.2849616953249558,0.24000342064113458,0.48000684092983403,3.524351326983151e-10,0.17872898280620575
a4271,/mnt/data_disk/HDRData/1000hdr/HDRtest/a4271-Duggan_090227_5232.exr,/mnt/data_disk/ZQL/TIP_TMO_result/tradition/KimKautz/a4271.png,341,512,0.906175823082263,0.8711198362928645,0.5971862263967637,0.6386605368479538,0.9042230391461704,0.3730980345497371,0.22804775834083557
a4272,/mnt/data_disk/HDRData/1000hdr/HDRtest/a4272-DSC_0398.exr,/mnt/data_disk/ZQL/TIP_TMO_result/tradition/KimKautz/a4272.png,343,512,0.7389986380934884,0.4870990800692737,0.3551212491410001,0.2348027992072474,0.44368137658430273,0.025924221830192037,0.13007904589176178
a4275,/mnt/data_disk/HDRData/1000hdr/HDRtest/a4275-09-05-12-at-17h46m31s-_MG_8890.exr,/mnt/data_disk/ZQL/TIP_TMO_result/tradition/KimKautz/a4275.png,341,512,0.944121710504609,0.8137118156586852,0.949876615034113,0.4807120820598706,0.782236982791306,0.17918718132843514,0.1902846097946167
a4287,/mnt/data_disk/HDRData/1000hdr/HDRtest/a4287-_DSC0083.exr,/mnt/data_disk/ZQL/TIP_TMO_result/tradition/KimKautz/a4287.png,340,512,0.865754019348182,0.8081145202147013,0.46139172523278155,0.5243643696381388,0.8459543307405171,0.20277440853576054,0.1639869064092636
a4291,/mnt/data_disk/HDRData/1000hdr/HDRtest/a4291-20090417_at_18h46m58__MG_2026.exr,/mnt/data_disk/ZQL/TIP_TMO_result/tradition/KimKautz/a4291.png,341,512,0.848447007044892,0.864009262662935,0.2873510114203895,0.3785301780092737,0.7569914004141248,6.895560442258417e-05,0.17045961320400238
a4297,/mnt/data_disk/HDRData/1000hdr/HDRtest/a4297-_DSC0034.exr,/mnt/data_disk/ZQL/TIP_TMO_result/tradition/KimKautz/a4297.png,340,512,0.9003898925293446,0.7187736443213593,0.8411217950444864,0.5206072846367091,0.8133483101506588,0.22786625912275957,0.17728395760059357
a4298,/mnt/data_disk/HDRData/1000hdr/HDRtest/a4298-Duggan_090504_9090.exr,/mnt/data_disk/ZQL/TIP_TMO_result/tradition/KimKautz/a4298.png,341,512,0.8710555325344416,0.9273423185028641,0.3169845102166196,0.9567616104480481,0.9240498205922905,0.9894734003038056,0.1634061336517334
a4302,/mnt/data_disk/HDRData/1000hdr/HDRtest/a4302-20090425_at_17h00m59__MG_0404.exr,/mnt/data_disk/ZQL/TIP_TMO_result/tradition/KimKautz/a4302.png,341,512,0.9376085708465519,0.8433470623623393,0.8483652976361064,0.5615892992773641,0.8402252428862386,0.2829533556684898,0.2734537124633789
a4304,/mnt/data_disk/HDRData/1000hdr/HDRtest/a4304-09-05-19-at-18h03m17s-_MG_9540.exr,/mnt/data_disk/ZQL/TIP_TMO_result/tradition/KimKautz/a4304.png,341,512,0.8008466962384257,0.5948016599392423,0.47284749785598984,0.3168945166606422,0.6303573084040351,0.0034317249172492736,0.22002853453159332
a4307,/mnt/data_disk/HDRData/1000hdr/HDRtest/a4307-20050328_161219__MG_0628.exr,/mnt/data_disk/ZQL/TIP_TMO_result/tradition/KimKautz/a4307.png,341,512,0.852944302247755,0.8049929220998825,0.3953015418622245,0.4191579582154982,0.837743192324405,0.0005727241065915143,0.1242992952466011
a4308,/mnt/data_disk/HDRData/1000hdr/HDRtest/a4308-Duggan_090209_4996.exr,/mnt/data_disk/ZQL/TIP_TMO_result/tradition/KimKautz/a4308.png,341,512,0.9331223787511618,0.8337877282417487,0.8358810366065335,0.7786090684379987,0.8392565139402517,0.7179616229357456,0.27970656752586365
a4310,/mnt/data_disk/HDRData/1000hdr/HDRtest/a4310-DSC_0007.exr,/mnt/data_disk/ZQL/TIP_TMO_result/tradition/KimKautz/a4310.png,340,512,0.9146113778753218,0.7340479001728849,0.9063868029395276,0.7309646908538218,0.9102430191338511,0.5516863625737924,0.1587272584438324
a4312,/mnt/data_disk/HDRData/1000hdr/HDRtest/a4312-20090417_at_16h32m44__MG_1867.exr,/mnt/data_disk/ZQL/TIP_TMO_result/tradition/KimKautz/a4312.png,341,512,0.8586236598981949,0.5803298297569082,0.8678675048255414,0.353134738611415,0.7062676373550355,1.8398677944648026e-06,0.3387225270271301
a4317,/mnt/data_disk/HDRData/1000hdr/HDRtest/a4317-DSC_0224.exr,/mnt/data_disk/ZQL/TIP_TMO_result/tradition/KimKautz/a4317.png,343,512,0.8642308770256023,0.688443616771866,0.6667057376177806,0.31878421178091937,0.6375684235617205,1.1826260998341543e-13,0.15658563375473022
a4318,/mnt/data_disk/HDRData/1000hdr/HDRtest/a4318-Duggan_090321_5920.exr,/mnt/data_disk/ZQL/TIP_TMO_result/tradition/KimKautz/a4318.png,341,512,0.9172983114510997,0.89287582758251,0.6299857233040594,0.47785269268433184,0.9137005506564813,0.04200483471218236,0.15354377031326294
a4319,/mnt/data_disk/HDRData/1000hdr/HDRtest/a4319-DSC_0132.exr,/mnt/data_disk/ZQL/TIP_TMO_result/tradition/KimKautz/a4319.png,340,512,0.9406064454478597,0.8103156766275663,0.9320468932288648,0.6184794777958967,0.8675634778704105,0.36939547772138287,0.18822406232357025
a4323,/mnt/data_disk/HDRData/1000hdr/HDRtest/a4323-DSC_0010.exr,/mnt/data_disk/ZQL/TIP_TMO_result/tradition/KimKautz/a4323.png,343,512,0.9041598152227415,0.7802067819529551,0.7445845669668671,0.33657897092162153,0.672851869186291,0.0003060726569520406,0.2502073645591736
a4324,/mnt/data_disk/HDRData/1000hdr/HDRtest/a4324-DSC_0002.exr,/mnt/data_disk/ZQL/TIP_TMO_result/tradition/KimKautz/a4324.png,343,512,0.8668562885344838,0.8086682570648598,0.4667579867815446,0.3270750707154187,0.6490479930511621,0.0051021483796752495,0.1952873170375824
a4326,/mnt/data_disk/HDRData/1000hdr/HDRtest/a4326-DSC_0461.exr,/mnt/data_disk/ZQL/TIP_TMO_result/tradition/KimKautz/a4326.png,343,512,0.8998052930107214,0.685666365260828,0.9076420336336783,0.3176619068777027,0.6304525263162202,0.0048712874391851815,0.19535121321678162
a4329,/mnt/data_disk/HDRData/1000hdr/HDRtest/a4329-DSC_0028.exr,/mnt/data_disk/ZQL/TIP_TMO_result/tradition/KimKautz/a4329.png,340,512,0.804592098836563,0.8189501376393645,0.1454083281296882,0.42327988208153317,0.8465597629845439,1.1785223817618914e-09,0.11268612742424011
a4331,/mnt/data_disk/HDRData/1000hdr/HDRtest/a4331-_DGW0241.exr,/mnt/data_disk/ZQL/TIP_TMO_result/tradition/KimKautz/a4331.png,341,512,0.8460847748959572,0.772079209400349,0.40954739087926556,0.35985005130159425,0.7181894100621443,0.0015106925410441415,0.1715947538614273
a4335,/mnt/data_disk/HDRData/1000hdr/HDRtest/a4335-Duggan_090123_4520.exr,/mnt/data_disk/ZQL/TIP_TMO_result/tradition/KimKautz/a4335.png,341,512,0.9200166914140451,0.7400735432616007,0.931224128725432,0.3895950964791913,0.7791900469341204,1.4602426219685756e-07,0.3032338619232178
a4338,/mnt/data_disk/HDRData/1000hdr/HDRtest/a4338-DSC_0206.exr,/mnt/data_disk/ZQL/TIP_TMO_result/tradition/KimKautz/a4338.png,343,512,0.900470295278256,0.8432061501242831,0.6086867050407101,0.4311447587361255,0.856055785921864,0.006233731550386997,0.12660178542137146
a4339,/mnt/data_disk/HDRData/1000hdr/HDRtest/a4339-Duggan_090111_4244.exr,/mnt/data_disk/ZQL/TIP_TMO_result/tradition/KimKautz/a4339.png,341,512,0.8571030830911022,0.647484840878979,0.7055502894372293,0.35756682967873143,0.7126143355333688,0.002519323824094031,0.25967147946357727
a4340,/mnt/data_disk/HDRData/1000hdr/HDRtest/a4340-DSC_0441.exr,/mnt/data_disk/ZQL/TIP_TMO_result/tradition/KimKautz/a4340.png,343,512,0.8767262199656749,0.5976946869311335,0.9505436777920707,0.31778180953807056,0.6355246609856576,3.895809048352489e-05,0.19208182394504547
a4342,/mnt/data_disk/HDRData/1000hdr/HDRtest/a4342-DSC_0043.exr,/mnt/data_disk/ZQL/TIP_TMO_result/tradition/KimKautz/a4342.png,340,512,0.8620859015529793,0.7254962659682418,0.5822401683471624,0.3878707946740551,0.775733566967993,8.022380117212175e-06,0.15380118787288666
a4345,/mnt/data_disk/HDRData/1000hdr/HDRtest/a4345-Duggan_080411_5976.exr,/mnt/data_disk/ZQL/TIP_TMO_result/tradition/KimKautz/a4345.png,341,512,0.8931410752192162,0.6806594046597748,0.8728492032355298,0.4088502327213237,0.8139036049239758,0.0037968605186715428,0.17607171833515167
a4354,/mnt/data_disk/HDRData/1000hdr/HDRtest/a4354-DSC_0347.exr,/mnt/data_disk/ZQL/TIP_TMO_result/tradition/KimKautz/a4354.png,343,512,0.9239796207162013,0.8291537039323622,0.7834503813588485,0.636525897531139,0.8623383097873843,0.4107134852748936,0.24778033792972565
a4356,/mnt/data_disk/HDRData/1000hdr/HDRtest/a4356-_DSC1335.exr,/mnt/data_disk/ZQL/TIP_TMO_result/tradition/KimKautz/a4356.png,341,512,0.7043209454846031,0.5240235197656926,0.1278978576564368,0.3350561445697458,0.6701122744142626,1.4725229032801412e-08,0.08957689255475998
a4357,/mnt/data_disk/HDRData/1000hdr/HDRtest/a4357-Duggan_090124_4645.exr,/mnt/data_disk/ZQL/TIP_TMO_result/tradition/KimKautz/a4357.png,341,512,0.9058274380840768,0.6945181601716941,0.9299796968738201,0.3687805476189815,0.721957928258788,0.015603166979174988,0.22089500725269318
a4366,/mnt/data_disk/HDRData/1000hdr/HDRtest/a4366-DSC_0447.exr,/mnt/data_disk/ZQL/TIP_TMO_result/tradition/KimKautz/a4366.png,343,512,0.9072148111966511,0.9069092267120671,0.5462913399871863,0.46722064848636846,0.927260301584085,0.007180995388651929,0.12036153674125671
a4368,/mnt/data_disk/HDRData/1000hdr/HDRtest/a4368-Duggan_090321_5857.exr,/mnt/data_disk/ZQL/TIP_TMO_result/tradition/KimKautz/a4368.png,341,512,0.9233037471789655,0.7621129941170115,0.9085311929392055,0.3339280240937668,0.6678543878522785,1.6603352551779854e-06,0.23940207064151764
a4370,/mnt/data_disk/HDRData/1000hdr/HDRtest/a4370-DSC_0080.exr,/mnt/data_disk/ZQL/TIP_TMO_result/tradition/KimKautz/a4370.png,340,512,0.8859936649598857,0.7884163427041103,0.6144147907919382,0.4580543862295225,0.878435812570259,0.03767295988878594,0.16042868793010712
a4374,/mnt/data_disk/HDRData/1000hdr/HDRtest/a4374-09-05-19-at-17h54m57s-_MG_9531.exr,/mnt/data_disk/ZQL/TIP_TMO_result/tradition/KimKautz/a4374.png,341,512,0.8447502152253265,0.7502948928544955,0.4376906925730345,0.3113338207280063,0.6111850094114376,0.011482632044575024,0.1583598107099533
a4377,/mnt/data_disk/HDRData/1000hdr/HDRtest/a4377-IMG_4929.exr,/mnt/data_disk/ZQL/TIP_TMO_result/tradition/KimKautz/a4377.png,341,512,0.8455895901634479,0.8637142065513375,0.2737369882859608,0.4523065548349656,0.9046084196635918,4.690006339438989e-06,0.15100055932998657
a4382,/mnt/data_disk/HDRData/1000hdr/HDRtest/a4382-DSC_0261.exr,/mnt/data_disk/ZQL/TIP_TMO_result/tradition/KimKautz/a4382.png,343,512,0.8466491052717289,0.7586836943109232,0.4343946982102334,0.4359261585301244,0.8699725947019237,0.0018797223583251488,0.21221475303173065
a4384,/mnt/data_disk/HDRData/1000hdr/HDRtest/a4384-DSC_0322.exr,/mnt/data_disk/ZQL/TIP_TMO_result/tradition/KimKautz/a4384.png,343,512,0.8440489178893376,0.6687690850569519,0.5807895114743569,0.3712846496990698,0.7412723083009061,0.0012969910972336072,0.18168221414089203
a4385,/mnt/data_disk/HDRData/1000hdr/HDRtest/a4385-_DGW9650.exr,/mnt/data_disk/ZQL/TIP_TMO_result/tradition/KimKautz/a4385.png,341,512,0.8867091223868472,0.6378576837198665,0.9246281534799758,0.4720318569757582,0.5726124025717664,0.37145131137975007,0.23440787196159363
a4386,/mnt/data_disk/HDRData/1000hdr/HDRtest/a4386-Duggan_090124_4632.exr,/mnt/data_disk/ZQL/TIP_TMO_result/tradition/KimKautz/a4386.png,341,512,0.8713969591921893,0.7603937572891375,0.5752114675095704,0.4009844686262661,0.7817133822402914,0.020255555012240713,0.17454323172569275
a4392,/mnt/data_disk/HDRData/1000hdr/HDRtest/a4392-Duggan_090331_6554.exr,/mnt/data_disk/ZQL/TIP_TMO_result/tradition/KimKautz/a4392.png,341,512,0.8664205817483257,0.7888638673134191,0.49667490878075476,0.5587443238496913,0.8528977542280815,0.2645908934713011,0.2626919150352478
a4394,/mnt/data_disk/HDRData/1000hdr/HDRtest/a4394-Duggan_090127_4837.exr,/mnt/data_disk/ZQL/TIP_TMO_result/tradition/KimKautz/a4394.png,341,512,0.9053902221244967,0.7394797148621814,0.8323988271131324,0.9067042324308421,0.8761971896209617,0.9372112752407225,0.22274114191532135
a4395,/mnt/data_disk/HDRData/1000hdr/HDRtest/a4395-Duggan_090503_8734.exr,/mnt/data_disk/ZQL/TIP_TMO_result/tradition/KimKautz/a4395.png,341,512,0.8409591355501806,0.890751688061033,0.21785543638751648,0.3141684224632158,0.6282767422972507,6.01026291808421e-05,0.08383701741695404
a4396,/mnt/data_disk/HDRData/1000hdr/HDRtest/a4396-DSC_0073-2.exr,/mnt/data_disk/ZQL/TIP_TMO_result/tradition/KimKautz/a4396.png,340,512,0.8946651341082136,0.7943847889580667,0.657692328644632,0.6437478095154876,0.8575053613514343,0.4299902576795409,0.14729684591293335
a4398,/mnt/data_disk/HDRData/1000hdr/HDRtest/a4398-Duggan_050709_1062.exr,/mnt/data_disk/ZQL/TIP_TMO_result/tradition/KimKautz/a4398.png,341,512,0.8961415383661844,0.6910507267325948,0.8708317190225082,0.531551337042302,0.732846846242389,0.3302558278422148,0.1732252836227417
a4399,/mnt/data_disk/HDRData/1000hdr/HDRtest/a4399-Duggan_080410_5879.exr,/mnt/data_disk/ZQL/TIP_TMO_result/tradition/KimKautz/a4399.png,341,512,0.872488532111656,0.832885429315903,0.4602440211276579,0.40562124030662855,0.7882317055440349,0.02301077506922226,0.13577117025852203
a4409,/mnt/data_disk/HDRData/1000hdr/HDRtest/a4409-Duggan_090503_8738.exr,/mnt/data_disk/ZQL/TIP_TMO_result/tradition/KimKautz/a4409.png,341,512,0.9720362040436752,0.9387582137432836,0.9111501792887221,0.9505567605366734,0.9356763162087597,0.965437204864587,0.1928526610136032
a4419,/mnt/data_disk/HDRData/1000hdr/HDRtest/a4419-_DGW0269.exr,/mnt/data_disk/ZQL/TIP_TMO_result/tradition/KimKautz/a4419.png,341,512,0.7907715330809093,0.8156495401766083,0.09609812917732763,0.3978926624254497,0.7957593516081307,2.5973242768683578e-05,0.19784504175186157
a4420,/mnt/data_disk/HDRData/1000hdr/HDRtest/a4420-DSC_0054.exr,/mnt/data_disk/ZQL/TIP_TMO_result/tradition/KimKautz/a4420.png,343,512,0.8162708056139012,0.5966184030836267,0.5593726279185085,0.2462563595040274,0.49250825383737457,4.465170680276094e-06,0.2328459471464157
a4421,/mnt/data_disk/HDRData/1000hdr/HDRtest/a4421-Duggan_090214_5129.exr,/mnt/data_disk/ZQL/TIP_TMO_result/tradition/KimKautz/a4421.png,341,512,0.7922951890699894,0.8975312877820069,0.03126252828052633,0.4493315219363523,0.898663043872704,6.051676651844617e-16,0.14086060225963593
a4425,/mnt/data_disk/HDRData/1000hdr/HDRtest/a4425-DSC_0007.exr,/mnt/data_disk/ZQL/TIP_TMO_result/tradition/KimKautz/a4425.png,343,512,0.8074244425972521,0.7718427335298693,0.21556632471160328,0.36613168615259417,0.7322626371308821,7.351743062434422e-07,0.2000606209039688
a4430,/mnt/data_disk/HDRData/1000hdr/HDRtest/a4430-09-05-19-at-19h04m03s-_MG_9559.exr,/mnt/data_disk/ZQL/TIP_TMO_result/tradition/KimKautz/a4430.png,341,512,0.7987501645453369,0.598746408673765,0.4531406837139242,0.30857911082074063,0.6123584539958803,0.004799767645600981,0.14433535933494568
a4431,/mnt/data_disk/HDRData/1000hdr/HDRtest/a4431-Duggan_090330_6282.exr,/mnt/data_disk/ZQL/TIP_TMO_result/tradition/KimKautz/a4431.png,341,512,0.8896378292990091,0.8380725455621512,0.5516517948587198,0.39679383483358033,0.6819353055733439,0.11165236409381676,0.19350813329219818
a4432,/mnt/data_disk/HDRData/1000hdr/HDRtest/a4432-Duggan_081114_3124.exr,/mnt/data_disk/ZQL/TIP_TMO_result/tradition/KimKautz/a4432.png,341,512,0.8747834676363218,0.5924912357136647,0.9496985010785793,0.7369780776863457,0.5890191041494154,0.8849370512232759,0.19695693254470825
a4433,/mnt/data_disk/HDRData/1000hdr/HDRtest/a4433-Duggan_090504_8957.exr,/mnt/data_disk/ZQL/TIP_TMO_result/tradition/KimKautz/a4433.png,341,512,0.7862868138226962,0.9015062168460791,0.014719968025271205,0.4601426450352965,0.920285290070593,2.907860945870653e-23,0.17761892080307007
a4434,/mnt/data_disk/HDRData/1000hdr/HDRtest/a4434-20090414_at_23h05m38__MG_1365.exr,/mnt/data_disk/ZQL/TIP_TMO_result/tradition/KimKautz/a4434.png,341,512,0.7061107281300603,0.6002287706329074,0.03993963331913868,0.2635954773774273,0.5271909547548409,1.3694178677517264e-14,0.07101906090974808
a4435,/mnt/data_disk/HDRData/1000hdr/HDRtest/a4435-WP_CRW_0591.exr,/mnt/data_disk/ZQL/TIP_TMO_result/tradition/KimKautz/a4435.png,341,512,0.8661649469753085,0.8155806543183833,0.45181582824585376,0.4314663142406625,0.8597649290347744,0.0031676994465506423,0.23908843100070953
a4436,/mnt/data_disk/HDRData/1000hdr/HDRtest/a4436-DSC_0153.exr,/mnt/data_disk/ZQL/TIP_TMO_result/tradition/KimKautz/a4436.png,343,512,0.9310182545152874,0.8757461233925264,0.7462418423443459,0.6150439796308149,0.9318772494351917,0.2982107098264382,0.15790486335754395
a4442,/mnt/data_disk/HDRData/1000hdr/HDRtest/a4442-Duggan_080629_9284.exr,/mnt/data_disk/ZQL/TIP_TMO_result/tradition/KimKautz/a4442.png,341,512,0.9328060143121245,0.7740958100489946,0.9501347644554251,0.41197352712913854,0.7745516857917022,0.049395368466574927,0.18725153803825378
a4447,/mnt/data_disk/HDRData/1000hdr/HDRtest/a4447-Duggan_090321_5856.exr,/mnt/data_disk/ZQL/TIP_TMO_result/tradition/KimKautz/a4447.png,341,512,0.9178992464443452,0.7344808777315747,0.9282341820341669,0.47025042863230326,0.8274667992609579,0.11303405800364859,0.25035786628723145
a4448,/mnt/data_disk/HDRData/1000hdr/HDRtest/a4448-Duggan_080119_4778.exr,/mnt/data_disk/ZQL/TIP_TMO_result/tradition/KimKautz/a4448.png,341,512,0.8450975075900411,0.9171206757120578,0.20537049213458294,0.47525249239788864,0.9505020256752323,2.9591205449010535e-06,0.12888363003730774
a4449,/mnt/data_disk/HDRData/1000hdr/HDRtest/a4449-DSC_0030.exr,/mnt/data_disk/ZQL/TIP_TMO_result/tradition/KimKautz/a4449.png,343,512,0.8570541537295177,0.5919218586812933,0.8294983557355486,0.4257327696521687,0.7469854525161127,0.10448008678822474,0.18945036828517914
a4452,/mnt/data_disk/HDRData/1000hdr/HDRtest/a4452-DSC_0084.exr,/mnt/data_disk/ZQL/TIP_TMO_result/tradition/KimKautz/a4452.png,340,512,0.9051812433629622,0.7730084113885181,0.7649572821748364,0.48159440532530406,0.8547036408250771,0.10848516982553108,0.2158966064453125
a4455,/mnt/data_disk/HDRData/1000hdr/HDRtest/a4455-Duggan_080106_4325.exr,/mnt/data_disk/ZQL/TIP_TMO_result/tradition/KimKautz/a4455.png,341,512,0.8867764211193051,0.8348654440500495,0.5399001952240319,0.555905072214389,0.7179340756137897,0.39387606881498827,0.26280856132507324
a4456,/mnt/data_disk/HDRData/1000hdr/HDRtest/a4456-DSC_0472.exr,/mnt/data_disk/ZQL/TIP_TMO_result/tradition/KimKautz/a4456.png,343,512,0.8476629300825603,0.7247534689432815,0.4980661191808277,0.38438009105031823,0.7686082400398525,0.00015194206078392747,0.2079351544380188
a4457,/mnt/data_disk/HDRData/1000hdr/HDRtest/a4457-_DSC0012-5.exr,/mnt/data_disk/ZQL/TIP_TMO_result/tradition/KimKautz/a4457.png,340,512,0.8460075029749617,0.8270344479805987,0.32608421638580326,0.44498025511193035,0.8876175918145423,0.0023429184093184613,0.11678091436624527
a4465,/mnt/data_disk/HDRData/1000hdr/HDRtest/a4465-DSC_0051.exr,/mnt/data_disk/ZQL/TIP_TMO_result/tradition/KimKautz/a4465.png,340,512,0.8956017394551012,0.848576264386627,0.5701102110810233,0.4880954799622163,0.750551964294294,0.22563899563013856,0.12775589525699615
a4466,/mnt/data_disk/HDRData/1000hdr/HDRtest/a4466-20090327_at_11h08m58__MG_0964.exr,/mnt/data_disk/ZQL/TIP_TMO_result/tradition/KimKautz/a4466.png,341,512,0.9123286807636739,0.8432469468441435,0.6826922334991241,0.44949949851100285,0.8407642524375295,0.058234744584476195,0.26312947273254395
a4467,/mnt/data_disk/HDRData/1000hdr/HDRtest/a4467-Duggan_090426_7873.exr,/mnt/data_disk/ZQL/TIP_TMO_result/tradition/KimKautz/a4467.png,341,512,0.9279160189808269,0.8111215472700993,0.8435081440426108,0.4020788969479558,0.8041140352318827,4.3758664028822546e-05,0.2524677515029907
a4470,/mnt/data_disk/HDRData/1000hdr/HDRtest/a4470-Duggan_090123_4566.exr,/mnt/data_disk/ZQL/TIP_TMO_result/tradition/KimKautz/a4470.png,341,512,0.9320619303781547,0.7845564440265783,0.9238110916666482,0.39119227553270797,0.7583962169133989,0.02398833415201707,0.23027801513671875
a4471,/mnt/data_disk/HDRData/1000hdr/HDRtest/a4471-Duggan_090321_5859.exr,/mnt/data_disk/ZQL/TIP_TMO_result/tradition/KimKautz/a4471.png,341,512,0.9108057292714541,0.7424052975546469,0.8630773624960414,0.35070927677511726,0.7014185535220424,2.8192121537753326e-11,0.2647961378097534
a4472,/mnt/data_disk/HDRData/1000hdr/HDRtest/a4472-Duggan_090504_9026.exr,/mnt/data_disk/ZQL/TIP_TMO_result/tradition/KimKautz/a4472.png,341,512,0.9291231668376625,0.8707121659658029,0.7426917447807241,0.5043911659975706,0.8800591105019169,0.1287232214932244,0.3075578510761261
a4474,/mnt/data_disk/HDRData/1000hdr/HDRtest/a4474-09-05-19-at-18h56m31s-_MG_9553.exr,/mnt/data_disk/ZQL/TIP_TMO_result/tradition/KimKautz/a4474.png,341,512,0.8311884536678616,0.7815552957448848,0.31638121825968046,0.4269413561892341,0.8536757959568195,0.0002069164216487584,0.1349695771932602
a4476,/mnt/data_disk/HDRData/1000hdr/HDRtest/a4476-IMG_4029.exr,/mnt/data_disk/ZQL/TIP_TMO_result/tradition/KimKautz/a4476.png,341,512,0.9247433700930723,0.76944044511053,0.903612662632615,0.7302176913367704,0.7951617670887142,0.6652736155848267,0.15276999771595
a4477,/mnt/data_disk/HDRData/1000hdr/HDRtest/a4477-20090327_at_06h09m52__MG_0855.exr,/mnt/data_disk/ZQL/TIP_TMO_result/tradition/KimKautz/a4477.png,341,512,0.9134957829878918,0.7589476566688053,0.8478995924842244,0.44301538233561,0.7469179184844887,0.13911284618673123,0.21492792665958405
a4479,/mnt/data_disk/HDRData/1000hdr/HDRtest/a4479-09-05-19-at-18h39m42s-_MG_9545.exr,/mnt/data_disk/ZQL/TIP_TMO_result/tradition/KimKautz/a4479.png,341,512,0.8391753345564215,0.7630501872266634,0.38642564634136783,0.40370577804719116,0.7690889784349677,0.03832257765941458,0.24093244969844818
a4480,/mnt/data_disk/HDRData/1000hdr/HDRtest/a4480-Duggan_090201_4896.exr,/mnt/data_disk/ZQL/TIP_TMO_result/tradition/KimKautz/a4480.png,341,512,0.8289192541693158,0.5974391721392536,0.6348501108973783,0.2922339275684628,0.584467659444854,1.956920715330752e-07,0.26158908009529114
a4487,/mnt/data_disk/HDRData/1000hdr/HDRtest/a4487-Duggan_090322_5971.exr,/mnt/data_disk/ZQL/TIP_TMO_result/tradition/KimKautz/a4487.png,341,512,0.9088309298043682,0.7133613882316409,0.9101220616671053,0.538367053047145,0.8345098585792795,0.24222424751501062,0.20372168719768524
