id,hdr_path,ldr_path,height,width,tmqi_q,tmqi_s,tmqi_n,tmqi2_q,tmqi2_s,tmqi2_n,nlpd
a2808,/mnt/data_disk/HDRData/1000hdr/HDRtest/a2808-20080516_072208__MG_0018.exr,/mnt/data_disk/ZQL/TIP_TMO_result/dnn/lei21_CAN/a2808.png,341,512,0.8700841091125139,0.7891829398484682,0.5174738652350065,0.3766732328126006,0.7525255074788357,0.0008209581463654714,0.1593756526708603
a2824,/mnt/data_disk/HDRData/1000hdr/HDRtest/a2824-dvf_035.exr,/mnt/data_disk/ZQL/TIP_TMO_result/dnn/lei21_CAN/a2824.png,341,512,0.7454503653334524,0.6507552566990831,0.11352489126442153,0.2401001062105959,0.4802002124211918,2.112533345852075e-25,0.08750792592763901
a2854,/mnt/data_disk/HDRData/1000hdr/HDRtest/a2854-NKIM_MG_7374.exr,/mnt/data_disk/ZQL/TIP_TMO_result/dnn/lei21_CAN/a2854.png,341,512,0.8415851561205855,0.8180612107048602,0.3163269305432932,0.3868846050746459,0.7390265613906777,0.03474264875861407,0.22857627272605896
a2861,/mnt/data_disk/HDRData/1000hdr/HDRtest/a2861-IMG_4397.exr,/mnt/data_disk/ZQL/TIP_TMO_result/dnn/lei21_CAN/a2861.png,341,512,0.8747713224954679,0.805593163024415,0.5174701656601003,0.3540321344563302,0.7080639884524088,2.804602515861643e-07,0.11551032215356827
a2862,/mnt/data_disk/HDRData/1000hdr/HDRtest/a2862-_DSC0055.exr,/mnt/data_disk/ZQL/TIP_TMO_result/dnn/lei21_CAN/a2862.png,340,512,0.8543752517465443,0.8817328620672028,0.2931617767997576,0.4494940640267016,0.8989881053549253,2.2698477926741996e-08,0.15459676086902618
a2876,/mnt/data_disk/HDRData/1000hdr/HDRtest/a2876-jn_20080130_Las_Vegas_0082.exr,/mnt/data_disk/ZQL/TIP_TMO_result/dnn/lei21_CAN/a2876.png,341,512,0.7032551910639993,0.5429693974446896,0.09704774384440798,0.19974442097297312,0.39948884194594625,3.885044297098718e-29,0.16994282603263855
a2883,/mnt/data_disk/HDRData/1000hdr/HDRtest/a2883-_DSC0008-2.exr,/mnt/data_disk/ZQL/TIP_TMO_result/dnn/lei21_CAN/a2883.png,340,512,0.7790676157845937,0.4988093281773946,0.5541858066344478,0.23508305086842377,0.4701519903354995,1.4111401348044696e-05,0.08096051216125488
a2913,/mnt/data_disk/HDRData/1000hdr/HDRtest/a2913-IMG_0138.exr,/mnt/data_disk/ZQL/TIP_TMO_result/dnn/lei21_CAN/a2913.png,341,512,0.8362205686566748,0.8183481825890209,0.2890449417166632,0.422978313271588,0.845550249072901,0.0004063774702751061,0.19822874665260315
a2933,/mnt/data_disk/HDRData/1000hdr/HDRtest/a2933-_I2E7313.exr,/mnt/data_disk/ZQL/TIP_TMO_result/dnn/lei21_CAN/a2933.png,341,512,0.7539802090707473,0.6596145648759161,0.1352856133232775,0.33133235664547755,0.6626647132909551,2.2426131227778593e-29,0.16176031529903412
a2956,/mnt/data_disk/HDRData/1000hdr/HDRtest/a2956-KE_-0035.exr,/mnt/data_disk/ZQL/TIP_TMO_result/dnn/lei21_CAN/a2956.png,340,512,0.8563426404032167,0.8668601526386631,0.323141048978294,0.42741171878433626,0.8540556810192673,0.0007677565494051995,0.13933371007442474
a2986,/mnt/data_disk/HDRData/1000hdr/HDRtest/a2986-_DGW6325.exr,/mnt/data_disk/ZQL/TIP_TMO_result/dnn/lei21_CAN/a2986.png,341,512,0.7798916798576896,0.8089930534457118,0.06546092021507544,0.4508319787805655,0.8752596625827743,0.026404294978356717,0.2346898317337036
a3267,/mnt/data_disk/HDRData/1000hdr/HDRtest/a3267-WP_CRW_0087.exr,/mnt/data_disk/ZQL/TIP_TMO_result/dnn/lei21_CAN/a3267.png,341,512,0.8616779731907255,0.8301890539048548,0.4043216987403748,0.45047691145841073,0.8403844881699282,0.060569334746893314,0.17958098649978638
a3285,/mnt/data_disk/HDRData/1000hdr/HDRtest/a3285-CRW_0291.exr,/mnt/data_disk/ZQL/TIP_TMO_result/dnn/lei21_CAN/a3285.png,341,512,0.8218581837272414,0.7956052362092464,0.2506786714892307,0.4658059064641085,0.8921974703789946,0.03941434254922246,0.2981332242488861
a3288,/mnt/data_disk/HDRData/1000hdr/HDRtest/a3288-KE_-0049.exr,/mnt/data_disk/ZQL/TIP_TMO_result/dnn/lei21_CAN/a3288.png,340,512,0.8288519403255185,0.8043641185831111,0.27227221680427044,0.45694271919521134,0.8042239973198042,0.10966144107061847,0.1557157337665558
a3306,/mnt/data_disk/HDRData/1000hdr/HDRtest/a3306-IMG_4969.exr,/mnt/data_disk/ZQL/TIP_TMO_result/dnn/lei21_CAN/a3306.png,341,512,0.8421974817361597,0.8237512516809751,0.31136123322341014,0.4996706562969547,0.8304223943912924,0.16891891820261698,0.17685988545417786
a3312,/mnt/data_disk/HDRData/1000hdr/HDRtest/a3312-IMG_1063.exr,/mnt/data_disk/ZQL/TIP_TMO_result/dnn/lei21_CAN/a3312.png,341,512,0.81596198818178,0.8136974396517397,0.19998965000115956,0.37757397121956626,0.7551479424391325,8.6045387188900795e-19,0.17285186052322388
a3315,/mnt/data_disk/HDRData/1000hdr/HDRtest/a3315-MB_20030906_022.exr,/mnt/data_disk/ZQL/TIP_TMO_result/dnn/lei21_CAN/a3315.png,341,512,0.819250752538916,0.8206317307340355,0.20597284347331105,0.4047611381184007,0.7991786514989652,0.010343624737836227,0.28103768825531006
a3316,/mnt/data_disk/HDRData/1000hdr/HDRtest/a3316-20051225_163230__MG_1390.exr,/mnt/data_disk/ZQL/TIP_TMO_result/dnn/lei21_CAN/a3316.png,341,512,0.8738130541549562,0.8456426403077794,0.4478814095691729,0.8473803673880056,0.8236546946699136,0.8711060401060977,0.11145812273025513
a3318,/mnt/data_disk/HDRData/1000hdr/HDRtest/a3318-JI2E5722.exr,/mnt/data_disk/ZQL/TIP_TMO_result/dnn/lei21_CAN/a3318.png,341,512,0.9007355505258301,0.8474067884170868,0.6032464154863615,0.3263688564673457,0.6527349663438015,2.7465908898917995e-06,0.10757620632648468
a3321,/mnt/data_disk/HDRData/1000hdr/HDRtest/a3321-DSC_0054.exr,/mnt/data_disk/ZQL/TIP_TMO_result/dnn/lei21_CAN/a3321.png,340,512,0.871603706059676,0.8507902189880034,0.4276956414174928,0.7635150491325798,0.6161241357299961,0.9109059625351635,0.08552895486354828
a3325,/mnt/data_disk/HDRData/1000hdr/HDRtest/a3325-050819_154342__MG_5227.exr,/mnt/data_disk/ZQL/TIP_TMO_result/dnn/lei21_CAN/a3325.png,341,512,0.8864118009699015,0.8699211185701587,0.48198361769591397,0.5802585350494742,0.8632398533601736,0.2972772167387748,0.0750030055642128
a3337,/mnt/data_disk/HDRData/1000hdr/HDRtest/a3337-dgw_112.exr,/mnt/data_disk/ZQL/TIP_TMO_result/dnn/lei21_CAN/a3337.png,341,512,0.8119986975626706,0.8206303730698824,0.17425118189392114,0.4146960772210166,0.8134329782528619,0.01595917618917132,0.3271833062171936
a3339,/mnt/data_disk/HDRData/1000hdr/HDRtest/a3339-_MG_7202.exr,/mnt/data_disk/ZQL/TIP_TMO_result/dnn/lei21_CAN/a3339.png,341,512,0.8018120784357512,0.809665550877613,0.14473600996798944,0.36941376197528125,0.7388275239505625,8.360900754167329e-30,0.1767120063304901
a3341,/mnt/data_disk/HDRData/1000hdr/HDRtest/a3341-jmac_DSC2590.exr,/mnt/data_disk/ZQL/TIP_TMO_result/dnn/lei21_CAN/a3341.png,340,512,0.8192817750854788,0.835728574249167,0.18754499603258076,0.4071763828994141,0.8143527657988281,7.57244730682548e-17,0.07725585997104645
a3344,/mnt/data_disk/HDRData/1000hdr/HDRtest/a3344-NKIM_MG_6348.exr,/mnt/data_disk/ZQL/TIP_TMO_result/dnn/lei21_CAN/a3344.png,341,512,0.8857848085352558,0.825425340911003,0.5495961290419636,0.7173502466388325,0.6659035922665539,0.7687969010111111,0.07765800505876541
a3345,/mnt/data_disk/HDRData/1000hdr/HDRtest/a3345-20080514_105211__MG_9917.exr,/mnt/data_disk/ZQL/TIP_TMO_result/dnn/lei21_CAN/a3345.png,341,512,0.8451648893114225,0.8329973287512538,0.31336010170915746,0.33559342496581107,0.6711868490490518,8.825703043941752e-10,0.13129185140132904
a3351,/mnt/data_disk/HDRData/1000hdr/HDRtest/a3351-KE_-1722.exr,/mnt/data_disk/ZQL/TIP_TMO_result/dnn/lei21_CAN/a3351.png,340,512,0.7682240011272617,0.7155510584911952,0.12171994760849791,0.2359937748649692,0.47198754972192425,8.014147197236166e-12,0.11352892220020294
a3356,/mnt/data_disk/HDRData/1000hdr/HDRtest/a3356-_DSC9981.exr,/mnt/data_disk/ZQL/TIP_TMO_result/dnn/lei21_CAN/a3356.png,341,512,0.8068014805402819,0.7959967653690445,0.18186640704285725,0.3108267642168137,0.6216535284336244,3.0472028759249617e-15,0.14594297111034393
a3360,/mnt/data_disk/HDRData/1000hdr/HDRtest/a3360-IMG_0017.exr,/mnt/data_disk/ZQL/TIP_TMO_result/dnn/lei21_CAN/a3360.png,341,512,0.8280105041242024,0.8488644927995087,0.210228140618865,0.7339903506019408,0.8984648024444679,0.5695158987594138,0.16012737154960632
a3365,/mnt/data_disk/HDRData/1000hdr/HDRtest/a3365-jn_20071207_Xmas_House_0124.exr,/mnt/data_disk/ZQL/TIP_TMO_result/dnn/lei21_CAN/a3365.png,341,512,0.786875536457167,0.7441476210651514,0.16169692849035727,0.3134088242574938,0.6268176485149874,8.650399202965883e-17,0.06817324459552765
a3366,/mnt/data_disk/HDRData/1000hdr/HDRtest/a3366-Ja_Pe-6.exr,/mnt/data_disk/ZQL/TIP_TMO_result/dnn/lei21_CAN/a3366.png,288,512,0.8177957097759591,0.7938420860500144,0.23397061514877543,0.4191238913272719,0.8382261616155825,2.1621038961256505e-05,0.21597206592559814
a3369,/mnt/data_disk/HDRData/1000hdr/HDRtest/a3369-IMG_0004.exr,/mnt/data_disk/ZQL/TIP_TMO_result/dnn/lei21_CAN/a3369.png,341,512,0.8103895598295555,0.8099801297851003,0.18019641675750003,0.42945961227832036,0.8572913999042476,0.0016278246523931067,0.2582700252532959
a3371,/mnt/data_disk/HDRData/1000hdr/HDRtest/a3371-07-12-01-at-11h32m58s-_MG_8498.exr,/mnt/data_disk/ZQL/TIP_TMO_result/dnn/lei21_CAN/a3371.png,341,512,0.8557839131136163,0.8031700108356394,0.41360611979948325,0.3024892502977627,0.6049784932478341,7.347691264562238e-09,0.1858731210231781
a3382,/mnt/data_disk/HDRData/1000hdr/HDRtest/a3382-IMG_4032.exr,/mnt/data_disk/ZQL/TIP_TMO_result/dnn/lei21_CAN/a3382.png,341,512,0.7997003754130025,0.744591334603174,0.2171049642703184,0.2533346881903253,0.49813688776382314,0.008532488616827386,0.14486704766750336
a3388,/mnt/data_disk/HDRData/1000hdr/HDRtest/a3388-jmac_DSC2214.exr,/mnt/data_disk/ZQL/TIP_TMO_result/dnn/lei21_CAN/a3388.png,340,512,0.8433011273285359,0.8327216223453784,0.30435101215032917,0.3242273683491622,0.6306826357305013,0.017772100967823105,0.10795087367296219
a3390,/mnt/data_disk/HDRData/1000hdr/HDRtest/a3390-dgw_070.exr,/mnt/data_disk/ZQL/TIP_TMO_result/dnn/lei21_CAN/a3390.png,341,512,0.8191658503439434,0.7440497543541094,0.31145889724963804,0.3835921331118052,0.7671392660699783,4.500015363204557e-05,0.2098514437675476
a3391,/mnt/data_disk/HDRData/1000hdr/HDRtest/a3391-050904_125814__I2E8654.exr,/mnt/data_disk/ZQL/TIP_TMO_result/dnn/lei21_CAN/a3391.png,341,512,0.7742484012532108,0.7131167535840335,0.1485475839604307,0.3382164406307651,0.6764328812615302,1.5634768947423016e-17,0.20659688115119934
a3393,/mnt/data_disk/HDRData/1000hdr/HDRtest/a3393-_DSC0057.exr,/mnt/data_disk/ZQL/TIP_TMO_result/dnn/lei21_CAN/a3393.png,340,512,0.7835510248866701,0.8693967069540884,0.02805345497077552,0.926951199788641,0.9028076062455971,0.951094793331685,0.11989347636699677
a3394,/mnt/data_disk/HDRData/1000hdr/HDRtest/a3394-_DGW6419.exr,/mnt/data_disk/ZQL/TIP_TMO_result/dnn/lei21_CAN/a3394.png,341,512,0.8294170175003798,0.8040794496235141,0.2754158733603912,0.35932788117990666,0.7186557618037381,5.56075180302838e-10,0.32403093576431274
a3400,/mnt/data_disk/HDRData/1000hdr/HDRtest/a3400-07-11-04-at-17h36m14s-_MG_4004.exr,/mnt/data_disk/ZQL/TIP_TMO_result/dnn/lei21_CAN/a3400.png,341,512,0.8371091559247504,0.8505267501345577,0.2502079501147154,0.3531499664556728,0.7062999328539329,5.7412736060715317e-11,0.16613663733005524
a3401,/mnt/data_disk/HDRData/1000hdr/HDRtest/a3401-20061111_122429__E6B5415.exr,/mnt/data_disk/ZQL/TIP_TMO_result/dnn/lei21_CAN/a3401.png,341,512,0.8298553841385428,0.9192753896453415,0.13838669170852333,0.7672459278609294,0.9151431010607858,0.6193487546610729,0.09640134125947952
a3402,/mnt/data_disk/HDRData/1000hdr/HDRtest/a3402-jmac_DSC3153.exr,/mnt/data_disk/ZQL/TIP_TMO_result/dnn/lei21_CAN/a3402.png,340,512,0.8378879415070305,0.8737323340044375,0.2245350696586655,0.7713638408286415,0.8912865896007515,0.6514410920565316,0.13263708353042603
a3413,/mnt/data_disk/HDRData/1000hdr/HDRtest/a3413-20041217_193556__E6B0485.exr,/mnt/data_disk/ZQL/TIP_TMO_result/dnn/lei21_CAN/a3413.png,341,512,0.835241250825549,0.8608842849900789,0.22828861126257868,0.41645334597636025,0.8329066919527205,2.8018385110587884e-18,0.11317078024148941
a3414,/mnt/data_disk/HDRData/1000hdr/HDRtest/a3414-DSC_0002.exr,/mnt/data_disk/ZQL/TIP_TMO_result/dnn/lei21_CAN/a3414.png,340,512,0.8328313356377716,0.836841602796324,0.2477514016520812,0.41239831892192874,0.8244274014776616,0.0003692363661959009,0.14692053198814392
a3415,/mnt/data_disk/HDRData/1000hdr/HDRtest/a3415-jmac_DSC6092.exr,/mnt/data_disk/ZQL/TIP_TMO_result/dnn/lei21_CAN/a3415.png,340,512,0.8668957622937649,0.8324024814623889,0.4296441654594622,0.36668759383836164,0.7027119723609623,0.030663215315760946,0.11389073729515076
a3416,/mnt/data_disk/HDRData/1000hdr/HDRtest/a3416-IMG_4746.exr,/mnt/data_disk/ZQL/TIP_TMO_result/dnn/lei21_CAN/a3416.png,341,512,0.8179119941116234,0.7890089690802304,0.24099367260824306,0.7733671000393771,0.823531089237599,0.7232031108411552,0.19491927325725555
a3418,/mnt/data_disk/HDRData/1000hdr/HDRtest/a3418-2004-02-07 16-53-50 CRW_3754.exr,/mnt/data_disk/ZQL/TIP_TMO_result/dnn/lei21_CAN/a3418.png,341,512,0.8528986449134504,0.8798931476357378,0.2882776111963167,0.44820051420383583,0.8619313713175035,0.034469657090168096,0.06378237158060074
a3422,/mnt/data_disk/HDRData/1000hdr/HDRtest/a3422-WP_CRW_0302.exr,/mnt/data_disk/ZQL/TIP_TMO_result/dnn/lei21_CAN/a3422.png,341,512,0.8794421014316823,0.81227710545467,0.5338320203031064,0.6625614531601178,0.6549101855718621,0.6702127207483736,0.13946190476417542
a3424,/mnt/data_disk/HDRData/1000hdr/HDRtest/a3424-CRW_0163.exr,/mnt/data_disk/ZQL/TIP_TMO_result/dnn/lei21_CAN/a3424.png,341,512,0.8428701431632328,0.8311127469306498,0.30442759011994575,0.4058435719047983,0.8116817729733057,5.370836290884867e-06,0.23218360543251038
a3431,/mnt/data_disk/HDRData/1000hdr/HDRtest/a3431-_DSC0103-3.exr,/mnt/data_disk/ZQL/TIP_TMO_result/dnn/lei21_CAN/a3431.png,340,512,0.839754623269005,0.8517941934636263,0.261177866281966,0.6948962743381356,0.8949951435863388,0.4947974050899324,0.09963957965373993
a3432,/mnt/data_disk/HDRData/1000hdr/HDRtest/a3432-jmac_DSC3184.exr,/mnt/data_disk/ZQL/TIP_TMO_result/dnn/lei21_CAN/a3432.png,340,512,0.8531657253476344,0.8367961427856041,0.34910515283179344,0.5110989195752678,0.8572964573493805,0.1649013818011549,0.10049090534448624
a3433,/mnt/data_disk/HDRData/1000hdr/HDRtest/a3433-NKIM_MG_8213.exr,/mnt/data_disk/ZQL/TIP_TMO_result/dnn/lei21_CAN/a3433.png,341,512,0.8139971686255633,0.7736134437525646,0.24355738454881135,0.3404871330486524,0.6798573257597103,0.0011169403375945338,0.21291309595108032
a3439,/mnt/data_disk/HDRData/1000hdr/HDRtest/a3439-IMG_3798.exr,/mnt/data_disk/ZQL/TIP_TMO_result/dnn/lei21_CAN/a3439.png,341,512,0.8467119577435502,0.7425073849035576,0.4618197113290628,0.9597869979012901,0.9363530201847392,0.9832209756178409,0.09206751734018326
a3441,/mnt/data_disk/HDRData/1000hdr/HDRtest/a3441-dgw_064.exr,/mnt/data_disk/ZQL/TIP_TMO_result/dnn/lei21_CAN/a3441.png,341,512,0.8783194119539338,0.7435480891705399,0.6486067281038109,0.3115955862490748,0.623190034835145,1.1376630046181166e-06,0.23397892713546753
a3444,/mnt/data_disk/HDRData/1000hdr/HDRtest/a3444-WP_CRW_6313.exr,/mnt/data_disk/ZQL/TIP_TMO_result/dnn/lei21_CAN/a3444.png,341,512,0.8267362065965408,0.8406497185824671,0.21465804449116352,0.3780977113042652,0.7561954225802152,2.83152197873635e-11,0.11692894995212555
a3446,/mnt/data_disk/HDRData/1000hdr/HDRtest/a3446-050730_134124__MG_3716.exr,/mnt/data_disk/ZQL/TIP_TMO_result/dnn/lei21_CAN/a3446.png,341,512,0.8791714458940783,0.8344683738694708,0.495987783320479,0.4020375813483508,0.8010221291571418,0.0030530335395598986,0.1451539546251297
a3448,/mnt/data_disk/HDRData/1000hdr/HDRtest/a3448-IMG_0113.exr,/mnt/data_disk/ZQL/TIP_TMO_result/dnn/lei21_CAN/a3448.png,341,512,0.848226075628614,0.7757297496856512,0.4154509846761328,0.419561679262114,0.839099401828034,2.395669619409182e-05,0.19774949550628662
a3449,/mnt/data_disk/HDRData/1000hdr/HDRtest/a3449-jmac_DSC2669.exr,/mnt/data_disk/ZQL/TIP_TMO_result/dnn/lei21_CAN/a3449.png,340,512,0.854734371414036,0.8818603928503628,0.29477730533319435,0.5090351366017684,0.8249203582350392,0.19314991496849745,0.09893292933702469
a3451,/mnt/data_disk/HDRData/1000hdr/HDRtest/a3451-IMG_1088.exr,/mnt/data_disk/ZQL/TIP_TMO_result/dnn/lei21_CAN/a3451.png,341,512,0.8216676824318729,0.7648038642093785,0.2931275805919864,0.3356330112080995,0.6712334881539646,3.2534262234458565e-05,0.22265248000621796
a3452,/mnt/data_disk/HDRData/1000hdr/HDRtest/a3452-IMG_1205.exr,/mnt/data_disk/ZQL/TIP_TMO_result/dnn/lei21_CAN/a3452.png,341,512,0.9021390336222123,0.8151213431556303,0.6676885055075366,0.6568603007728242,0.47558667989824954,0.838133921647399,0.08745832741260529
a3456,/mnt/data_disk/HDRData/1000hdr/HDRtest/a3456-DSC_0006-1-2.exr,/mnt/data_disk/ZQL/TIP_TMO_result/dnn/lei21_CAN/a3456.png,340,512,0.8834695627147993,0.850944940316968,0.494650720810767,0.893839761582386,0.790294390058592,0.9973851331061799,0.12343013286590576
a3457,/mnt/data_disk/HDRData/1000hdr/HDRtest/a3457-NKIM_025.exr,/mnt/data_disk/ZQL/TIP_TMO_result/dnn/lei21_CAN/a3457.png,341,512,0.8779759089725301,0.9030151974095787,0.3862199402656703,0.7946242255835947,0.8112474875271483,0.7780009636400411,0.1505643129348755
a3460,/mnt/data_disk/HDRData/1000hdr/HDRtest/a3460-20080514_105637__MG_9928.exr,/mnt/data_disk/ZQL/TIP_TMO_result/dnn/lei21_CAN/a3460.png,341,512,0.856184510029688,0.8451819013738284,0.35282150207067875,0.42671560633160915,0.8371251966429987,0.01630601602021959,0.1538539081811905
a3462,/mnt/data_disk/HDRData/1000hdr/HDRtest/a3462-dgw_051.exr,/mnt/data_disk/ZQL/TIP_TMO_result/dnn/lei21_CAN/a3462.png,341,512,0.8160433466834222,0.8046943625177927,0.21175552203275866,0.2809209062544686,0.5618418123944657,1.1447140568355659e-10,0.2759501338005066
a3464,/mnt/data_disk/HDRData/1000hdr/HDRtest/a3464-tc_DSC2199.exr,/mnt/data_disk/ZQL/TIP_TMO_result/dnn/lei21_CAN/a3464.png,340,512,0.8192374692577897,0.7752109683470056,0.266313235531986,0.29551359613842715,0.5910254537461477,1.7385307066044346e-06,0.1309744268655777
a3465,/mnt/data_disk/HDRData/1000hdr/HDRtest/a3465-20060619_114622__MG_9153.exr,/mnt/data_disk/ZQL/TIP_TMO_result/dnn/lei21_CAN/a3465.png,341,512,0.8225470270235348,0.7726000708454313,0.2861758413461033,0.3240213519802152,0.6106226891291607,0.03742001483126963,0.12832438945770264
a3466,/mnt/data_disk/HDRData/1000hdr/HDRtest/a3466-IMG_3941.exr,/mnt/data_disk/ZQL/TIP_TMO_result/dnn/lei21_CAN/a3466.png,341,512,0.8455630967458295,0.8746368266511357,0.25941893905737795,0.4479825597317322,0.895681212069417,0.0002839073940474311,0.13169130682945251
a3468,/mnt/data_disk/HDRData/1000hdr/HDRtest/a3468-IMG_4793.exr,/mnt/data_disk/ZQL/TIP_TMO_result/dnn/lei21_CAN/a3468.png,341,512,0.8415819503209359,0.8953289780439514,0.21519337881588077,0.7124079379576651,0.8698509540621638,0.5549649218531665,0.10774482786655426
a3470,/mnt/data_disk/HDRData/1000hdr/HDRtest/a3470-IMG_0835.exr,/mnt/data_disk/ZQL/TIP_TMO_result/dnn/lei21_CAN/a3470.png,341,512,0.8315909084015843,0.7744111459207104,0.329034654917239,0.4068220716714706,0.8065152441052786,0.007128899237662593,0.22524520754814148
a3474,/mnt/data_disk/HDRData/1000hdr/HDRtest/a3474-jmac_MG_1125.exr,/mnt/data_disk/ZQL/TIP_TMO_result/dnn/lei21_CAN/a3474.png,341,512,0.8366006480685464,0.7357814028271715,0.4166682326440487,0.33443709506086294,0.6688002658706516,7.392425107430805e-05,0.10323567688465118
a3477,/mnt/data_disk/HDRData/1000hdr/HDRtest/a3477-_DSC0048.exr,/mnt/data_disk/ZQL/TIP_TMO_result/dnn/lei21_CAN/a3477.png,340,512,0.8174084836024966,0.849489582475606,0.16336970126233244,0.4748557225235251,0.9173988239470243,0.03231262110002591,0.14983703196048737
a3483,/mnt/data_disk/HDRData/1000hdr/HDRtest/a3483-_DSC0023-1.exr,/mnt/data_disk/ZQL/TIP_TMO_result/dnn/lei21_CAN/a3483.png,340,512,0.8571892862545991,0.7140963179091298,0.573771948391153,0.6324454350530555,0.454102451476796,0.8107884186293149,0.07231876999139786
a3486,/mnt/data_disk/HDRData/1000hdr/HDRtest/a3486-jmac_DSC3897.exr,/mnt/data_disk/ZQL/TIP_TMO_result/dnn/lei21_CAN/a3486.png,343,512,0.8262616111646681,0.772734581705806,0.30446004604801435,0.42415809557129797,0.8482161332935134,0.00010005784908256296,0.18354035913944244
a3491,/mnt/data_disk/HDRData/1000hdr/HDRtest/a3491-DSC_0091.exr,/mnt/data_disk/ZQL/TIP_TMO_result/dnn/lei21_CAN/a3491.png,340,512,0.8550814638867389,0.8547421589371652,0.3335112640576761,0.5616510978918021,0.82572398729581,0.2975782084877942,0.13215424120426178
a3493,/mnt/data_disk/HDRData/1000hdr/HDRtest/a3493-IMG_0279.exr,/mnt/data_disk/ZQL/TIP_TMO_result/dnn/lei21_CAN/a3493.png,341,512,0.8172330686138238,0.7851829133632104,0.24298403153894071,0.39549020831975307,0.7909804166395061,4.054965374357189e-19,0.19692741334438324
a3499,/mnt/data_disk/HDRData/1000hdr/HDRtest/a3499-jn_2007_12_11__BU_CRUISE_019.exr,/mnt/data_disk/ZQL/TIP_TMO_result/dnn/lei21_CAN/a3499.png,341,512,0.8259554722285194,0.7636791435408424,0.3163150440480007,0.3524522969469218,0.704869224759666,3.536913417769084e-05,0.09542205929756165
a3503,/mnt/data_disk/HDRData/1000hdr/HDRtest/a3503-050731_155906__I2E5378.exr,/mnt/data_disk/ZQL/TIP_TMO_result/dnn/lei21_CAN/a3503.png,341,512,0.879410976957578,0.8216297109771834,0.5181866217344777,0.3456681241399933,0.6913277206947668,8.5275852198986e-06,0.1297556757926941
a3504,/mnt/data_disk/HDRData/1000hdr/HDRtest/a3504-IMG_0903.exr,/mnt/data_disk/ZQL/TIP_TMO_result/dnn/lei21_CAN/a3504.png,341,512,0.8236713196439416,0.9078607048534794,0.1257249277424405,0.7850025696397278,0.9353756036829591,0.6346295355964964,0.12391059845685959
a3505,/mnt/data_disk/HDRData/1000hdr/HDRtest/a3505-CRW_0288.exr,/mnt/data_disk/ZQL/TIP_TMO_result/dnn/lei21_CAN/a3505.png,341,512,0.8739240141884863,0.7654870969099387,0.5814237441525006,0.7333196058729807,0.5442212343801388,0.9224179773658228,0.17572352290153503
a3508,/mnt/data_disk/HDRData/1000hdr/HDRtest/a3508-NKIM_095.exr,/mnt/data_disk/ZQL/TIP_TMO_result/dnn/lei21_CAN/a3508.png,341,512,0.7992653252387052,0.7964018227772413,0.14970685927006852,0.4525309489672357,0.8956016975194123,0.009460200415059144,0.2591945230960846
a3509,/mnt/data_disk/HDRData/1000hdr/HDRtest/a3509-_DGW6337.exr,/mnt/data_disk/ZQL/TIP_TMO_result/dnn/lei21_CAN/a3509.png,341,512,0.8321912715764683,0.8385089791283868,0.2425660021115385,0.5636508634473048,0.8179798874672825,0.30932183942732694,0.3175937235355377
a3510,/mnt/data_disk/HDRData/1000hdr/HDRtest/a3510-JI2E4365.exr,/mnt/data_disk/ZQL/TIP_TMO_result/dnn/lei21_CAN/a3510.png,341,512,0.8547698133052393,0.7917102034124758,0.4260594648268182,0.3875443412615016,0.7057196519422275,0.06936903058077572,0.21881958842277527
a3511,/mnt/data_disk/HDRData/1000hdr/HDRtest/a3511-jmac_MG_0542.exr,/mnt/data_disk/ZQL/TIP_TMO_result/dnn/lei21_CAN/a3511.png,341,512,0.8274663587165739,0.8314642545533448,0.2296271124657801,0.39538423354602636,0.790634137017686,0.0001343300743667178,0.10645057260990143
a3512,/mnt/data_disk/HDRData/1000hdr/HDRtest/a3512-LSstone_060805_9380.exr,/mnt/data_disk/ZQL/TIP_TMO_result/dnn/lei21_CAN/a3512.png,341,512,0.8416825619185414,0.8230964697814983,0.3096851122012665,0.373056548153805,0.7461130963064894,1.1206665578543854e-12,0.11280342191457748
a3521,/mnt/data_disk/HDRData/1000hdr/HDRtest/a3521-JI2E5091.exr,/mnt/data_disk/ZQL/TIP_TMO_result/dnn/lei21_CAN/a3521.png,341,512,0.815084373720562,0.8123821252084173,0.19774191795030907,0.32217601893850073,0.6443438695690796,8.168307921870182e-06,0.12159249186515808
a3522,/mnt/data_disk/HDRData/1000hdr/HDRtest/a3522-IMG_4772.exr,/mnt/data_disk/ZQL/TIP_TMO_result/dnn/lei21_CAN/a3522.png,341,512,0.8439026177179171,0.8863429745963186,0.23680845830785885,0.36484809735433066,0.7296308182780863,6.537643057505577e-05,0.09384877979755402
a3525,/mnt/data_disk/HDRData/1000hdr/HDRtest/a3525-IMG_0713.exr,/mnt/data_disk/ZQL/TIP_TMO_result/dnn/lei21_CAN/a3525.png,341,512,0.8233143600228751,0.9372442816116054,0.09605231442538509,0.6160330707773157,0.8689918152400182,0.36307432631461317,0.11695947498083115
a3529,/mnt/data_disk/HDRData/1000hdr/HDRtest/a3529-WP_CRW_0659.exr,/mnt/data_disk/ZQL/TIP_TMO_result/dnn/lei21_CAN/a3529.png,341,512,0.8760992960739239,0.8770886797270652,0.41330412115749626,0.47653046745408556,0.8826127065990156,0.07044822830915558,0.13402678072452545
a3531,/mnt/data_disk/HDRData/1000hdr/HDRtest/a3531-07-06-30-at-04h02m08s-_MG_1936.exr,/mnt/data_disk/ZQL/TIP_TMO_result/dnn/lei21_CAN/a3531.png,341,512,0.7700195650794386,0.6511322978675493,0.21545148966803293,0.2695622034197658,0.5391244068395316,1.7627660092450758e-22,0.17067046463489532
a3540,/mnt/data_disk/HDRData/1000hdr/HDRtest/a3540-07-12-02-at-14h05m14s-_MG_8949.exr,/mnt/data_disk/ZQL/TIP_TMO_result/dnn/lei21_CAN/a3540.png,341,512,0.8699547856842602,0.8699988974926379,0.3902123100661575,0.4345679463710529,0.7563204078528043,0.11281548488930151,0.19070744514465332
a3541,/mnt/data_disk/HDRData/1000hdr/HDRtest/a3541-IMG_4107.exr,/mnt/data_disk/ZQL/TIP_TMO_result/dnn/lei21_CAN/a3541.png,341,512,0.8425909189086631,0.8280335559201655,0.3073252882169499,0.37210813027453515,0.687413337468738,0.05680292308033226,0.09948916733264923
a3545,/mnt/data_disk/HDRData/1000hdr/HDRtest/a3545-jmac_DSC0491.exr,/mnt/data_disk/ZQL/TIP_TMO_result/dnn/lei21_CAN/a3545.png,340,512,0.8669144372881841,0.881861066825708,0.35710479839152437,0.5305932352282559,0.7083602827972982,0.3528261876592134,0.09122413396835327
a3548,/mnt/data_disk/HDRData/1000hdr/HDRtest/a3548-CRW_0993.exr,/mnt/data_disk/ZQL/TIP_TMO_result/dnn/lei21_CAN/a3548.png,341,512,0.8613865462578478,0.8711395928287125,0.34319746682520214,0.4675750183463251,0.9243450367380182,0.01080499995463202,0.10999230295419693
a3549,/mnt/data_disk/HDRData/1000hdr/HDRtest/a3549-KE_-2455.exr,/mnt/data_disk/ZQL/TIP_TMO_result/dnn/lei21_CAN/a3549.png,340,512,0.8727279612879739,0.8879958995505736,0.37929793946486917,0.9075484489178554,0.8209912914057582,0.9941056064299525,0.10020067542791367
a3557,/mnt/data_disk/HDRData/1000hdr/HDRtest/a3557-IMG_1507.exr,/mnt/data_disk/ZQL/TIP_TMO_result/dnn/lei21_CAN/a3557.png,341,512,0.7422833322275249,0.6658885932176986,0.08423846435601019,0.20939453503650823,0.41878883122775645,2.388452599881588e-07,0.08515369892120361
a3563,/mnt/data_disk/HDRData/1000hdr/HDRtest/a3563-07-11-30-at-15h55m08s-_MG_8326.exr,/mnt/data_disk/ZQL/TIP_TMO_result/dnn/lei21_CAN/a3563.png,341,512,0.8506302363234087,0.8376684307464818,0.33469083151161977,0.34368786485383507,0.6873757296937821,1.3887974577427544e-11,0.15115253627300262
a3571,/mnt/data_disk/HDRData/1000hdr/HDRtest/a3571-IMG_0290.exr,/mnt/data_disk/ZQL/TIP_TMO_result/dnn/lei21_CAN/a3571.png,341,512,0.9098948642997896,0.7247295579593039,0.8934182229066014,0.7742104943581671,0.5502252408745958,0.9981957478417385,0.0634344071149826
a3575,/mnt/data_disk/HDRData/1000hdr/HDRtest/a3575-IMG_0834.exr,/mnt/data_disk/ZQL/TIP_TMO_result/dnn/lei21_CAN/a3575.png,341,512,0.8295174808895833,0.750414531406942,0.3549892571324133,0.4156124384618555,0.8312107070394068,1.4169884304199046e-05,0.21128758788108826
a3576,/mnt/data_disk/HDRData/1000hdr/HDRtest/a3576-LS051026_day_15_LL003.exr,/mnt/data_disk/ZQL/TIP_TMO_result/dnn/lei21_CAN/a3576.png,341,512,0.8297062632243914,0.891627064703375,0.16745603674343804,0.8230332841594673,0.919380180350564,0.7266863879683706,0.14519017934799194
a3585,/mnt/data_disk/HDRData/1000hdr/HDRtest/a3585-IMG_4211.exr,/mnt/data_disk/ZQL/TIP_TMO_result/dnn/lei21_CAN/a3585.png,341,512,0.7959658716961286,0.7012480578896595,0.2616481035515567,0.2879358041103526,0.5758716081960225,2.468268880130472e-11,0.11352168023586273
a3586,/mnt/data_disk/HDRData/1000hdr/HDRtest/a3586-IMG_4591.exr,/mnt/data_disk/ZQL/TIP_TMO_result/dnn/lei21_CAN/a3586.png,341,512,0.8425502371573048,0.8271440167601728,0.3083673795578387,0.23074375400520541,0.46148731270208104,1.9530832979101532e-07,0.18104128539562225
a3588,/mnt/data_disk/HDRData/1000hdr/HDRtest/a3588-CRW_0983.exr,/mnt/data_disk/ZQL/TIP_TMO_result/dnn/lei21_CAN/a3588.png,341,512,0.8617477651760423,0.8581955664766444,0.36341051795795787,0.4495954776739692,0.8991907732592842,1.82088654192841e-07,0.12876304984092712
a3591,/mnt/data_disk/HDRData/1000hdr/HDRtest/a3591-07-11-30-at-16h19m33s-_MG_8384.exr,/mnt/data_disk/ZQL/TIP_TMO_result/dnn/lei21_CAN/a3591.png,341,512,0.8763820863231254,0.8738961736779701,0.41955839836148356,0.41929632641591863,0.8385926528311076,7.296938689608906e-13,0.16865834593772888
a3593,/mnt/data_disk/HDRData/1000hdr/HDRtest/a3593-_DSC5689.exr,/mnt/data_disk/ZQL/TIP_TMO_result/dnn/lei21_CAN/a3593.png,341,512,0.8387372560002522,0.7480039198731497,0.4082535978011784,0.3999431494678844,0.7914182939114037,0.008468005024365052,0.24451233446598053
a3600,/mnt/data_disk/HDRData/1000hdr/HDRtest/a3600-JI2E3496.exr,/mnt/data_disk/ZQL/TIP_TMO_result/dnn/lei21_CAN/a3600.png,341,512,0.847936535453151,0.7782544639887174,0.4098358996976424,0.28416569487017795,0.5674024775340646,0.0009289122062913249,0.20990999042987823
a3602,/mnt/data_disk/HDRData/1000hdr/HDRtest/a3602-_DSC9759.exr,/mnt/data_disk/ZQL/TIP_TMO_result/dnn/lei21_CAN/a3602.png,341,512,0.8323180312608871,0.8253236517779322,0.2605310317583043,0.32337121191746726,0.6417809088706804,0.004961514964254172,0.10751495510339737
a3605,/mnt/data_disk/HDRData/1000hdr/HDRtest/a3605-IMG_2772.exr,/mnt/data_disk/ZQL/TIP_TMO_result/dnn/lei21_CAN/a3605.png,341,512,0.8536514321407875,0.8638797099795248,0.3135460202431972,0.6273193692153743,0.9344009779373916,0.3202377604933571,0.09327434003353119
a3608,/mnt/data_disk/HDRData/1000hdr/HDRtest/a3608-NKIM_MG_7004.exr,/mnt/data_disk/ZQL/TIP_TMO_result/dnn/lei21_CAN/a3608.png,341,512,0.8505233542879611,0.84099632156753,0.3294181195519787,0.3814056486924336,0.7628112973848672,4.371332401320052e-19,0.11227656155824661
a3609,/mnt/data_disk/HDRData/1000hdr/HDRtest/a3609-IMG_1702.exr,/mnt/data_disk/ZQL/TIP_TMO_result/dnn/lei21_CAN/a3609.png,341,512,0.8874856119782701,0.8669685634414175,0.4927403933740899,0.33759002664678356,0.6277208346423161,0.04745921865125105,0.11812468618154526
a3613,/mnt/data_disk/HDRData/1000hdr/HDRtest/a3613-_DSC3264.exr,/mnt/data_disk/ZQL/TIP_TMO_result/dnn/lei21_CAN/a3613.png,341,512,0.8277818807575619,0.7955365098921803,0.2793245652681569,0.3498785531492636,0.6997571062891301,9.397071141442332e-12,0.18841634690761566
a3623,/mnt/data_disk/HDRData/1000hdr/HDRtest/a3623-20051220_201437__MG_9239.exr,/mnt/data_disk/ZQL/TIP_TMO_result/dnn/lei21_CAN/a3623.png,341,512,0.8241257615191051,0.8321254196895284,0.21350323215871658,0.4355245422770819,0.8352816662099292,0.03576741834423466,0.25898903608322144
a3624,/mnt/data_disk/HDRData/1000hdr/HDRtest/a3624-DSC_0070.exr,/mnt/data_disk/ZQL/TIP_TMO_result/dnn/lei21_CAN/a3624.png,340,512,0.8709024010372475,0.9252562611464119,0.3189354987061365,0.8263128923861961,0.888729653741343,0.7638961310310491,0.08710873126983643
a3628,/mnt/data_disk/HDRData/1000hdr/HDRtest/a3628-_DSC9996.exr,/mnt/data_disk/ZQL/TIP_TMO_result/dnn/lei21_CAN/a3628.png,341,512,0.7878666228807559,0.7886596890209083,0.1136585253108814,0.33146257433322635,0.6629251486664527,7.31472992974966e-25,0.16538700461387634
a3633,/mnt/data_disk/HDRData/1000hdr/HDRtest/a3633-JI2E3892.exr,/mnt/data_disk/ZQL/TIP_TMO_result/dnn/lei21_CAN/a3633.png,341,512,0.7923245457447821,0.6694066353760468,0.2932302408658279,0.2420573616958016,0.4841147233916032,2.019017152750791e-26,0.12094801664352417
a3634,/mnt/data_disk/HDRData/1000hdr/HDRtest/a3634-IMG_4959.exr,/mnt/data_disk/ZQL/TIP_TMO_result/dnn/lei21_CAN/a3634.png,341,512,0.8696421684827885,0.7522637993880908,0.5791699443081715,0.37345104750414376,0.4712689562678354,0.27563313874045214,0.21673817932605743
a3635,/mnt/data_disk/HDRData/1000hdr/HDRtest/a3635-IMG_4031.exr,/mnt/data_disk/ZQL/TIP_TMO_result/dnn/lei21_CAN/a3635.png,341,512,0.8227681301756984,0.8195943510774486,0.22323453699320928,0.31078636577503993,0.6215727312632832,2.8679666053580835e-10,0.24359597265720367
a3636,/mnt/data_disk/HDRData/1000hdr/HDRtest/a3636-20041222_195608__E6B6989.exr,/mnt/data_disk/ZQL/TIP_TMO_result/dnn/lei21_CAN/a3636.png,341,512,0.8856761828866647,0.8475539989379558,0.5128645912161337,0.6550939949708505,0.8127132428314234,0.4974747471102776,0.08682244271039963
a3641,/mnt/data_disk/HDRData/1000hdr/HDRtest/a3641-_DSC4628.exr,/mnt/data_disk/ZQL/TIP_TMO_result/dnn/lei21_CAN/a3641.png,341,512,0.8294079439855426,0.8386558190273449,0.2294058252740275,0.4672846212822959,0.9043964707356885,0.03017277182890334,0.26368847489356995
a3644,/mnt/data_disk/HDRData/1000hdr/HDRtest/a3644-jmac_MG_5959.exr,/mnt/data_disk/ZQL/TIP_TMO_result/dnn/lei21_CAN/a3644.png,341,512,0.8341743428912661,0.8384408986214804,0.2520237130641205,0.44738708050421794,0.8790393358726633,0.015734825135772578,0.1901599019765854
a3649,/mnt/data_disk/HDRData/1000hdr/HDRtest/a3649-WP_CRW_0691.exr,/mnt/data_disk/ZQL/TIP_TMO_result/dnn/lei21_CAN/a3649.png,341,512,0.887347189436512,0.9125917850026322,0.4236941609302677,0.9300329875631744,0.8896008645367549,0.970465110589594,0.08259009569883347
a3654,/mnt/data_disk/HDRData/1000hdr/HDRtest/a3654-IMG_0777.exr,/mnt/data_disk/ZQL/TIP_TMO_result/dnn/lei21_CAN/a3654.png,341,512,0.89840123068778,0.840723550593365,0.600190649385952,0.7526950448604393,0.678572809318527,0.8268172804023516,0.14852334558963776
a3658,/mnt/data_disk/HDRData/1000hdr/HDRtest/a3658-jmac_MG_0418.exr,/mnt/data_disk/ZQL/TIP_TMO_result/dnn/lei21_CAN/a3658.png,341,512,0.8671425304902866,0.8669742563889271,0.3794749453459351,0.33411479927937726,0.6677046819124852,0.0005249166462692636,0.11237604171037674
a3670,/mnt/data_disk/HDRData/1000hdr/HDRtest/a3670-jmac_MG_5917.exr,/mnt/data_disk/ZQL/TIP_TMO_result/dnn/lei21_CAN/a3670.png,341,512,0.8359986215680775,0.8732489872381657,0.21649415743138187,0.29878486444638347,0.584974377103844,0.012595351788922867,0.08922011405229568
a3673,/mnt/data_disk/HDRData/1000hdr/HDRtest/a3673-_DSC1109.exr,/mnt/data_disk/ZQL/TIP_TMO_result/dnn/lei21_CAN/a3673.png,341,512,0.8288246920081775,0.8454713375992797,0.21812757377970327,0.49169075684625074,0.8349028136230019,0.14847870006949965,0.29752883315086365
a3677,/mnt/data_disk/HDRData/1000hdr/HDRtest/a3677-IMG_4696.exr,/mnt/data_disk/ZQL/TIP_TMO_result/dnn/lei21_CAN/a3677.png,341,512,0.8028531682713219,0.888660575787981,0.06922074810148253,0.899490361567286,0.8332485050118873,0.9657322181226848,0.1282833367586136
a3686,/mnt/data_disk/HDRData/1000hdr/HDRtest/a3686-jmac_MG_0353.exr,/mnt/data_disk/ZQL/TIP_TMO_result/dnn/lei21_CAN/a3686.png,341,512,0.847239041294238,0.8303843808254693,0.32762097683281405,0.4353315528684438,0.8706630834381169,2.2298770730738526e-08,0.26285046339035034
a3688,/mnt/data_disk/HDRData/1000hdr/HDRtest/a3688-jmac_MG_1424.exr,/mnt/data_disk/ZQL/TIP_TMO_result/dnn/lei21_CAN/a3688.png,341,512,0.848859012417606,0.8999840335501431,0.243155433480416,0.9228791766390017,0.8504514722685826,0.9953068810094208,0.1235547736287117
a3689,/mnt/data_disk/HDRData/1000hdr/HDRtest/a3689-JI2E3798.exr,/mnt/data_disk/ZQL/TIP_TMO_result/dnn/lei21_CAN/a3689.png,341,512,0.7499050751011206,0.6455977702013266,0.13738167436129323,0.23545978123874334,0.4709195623991899,7.82967588945913e-11,0.10195324569940567
a3696,/mnt/data_disk/HDRData/1000hdr/HDRtest/a3696-jmac_DSC1242.exr,/mnt/data_disk/ZQL/TIP_TMO_result/dnn/lei21_CAN/a3696.png,343,512,0.8128545371261789,0.8830672774136993,0.10943383438175486,0.9393222085250271,0.9027904555964631,0.9758539614535912,0.13713403046131134
a3697,/mnt/data_disk/HDRData/1000hdr/HDRtest/a3697-07-11-24-at-16h05m35s-_MG_6729.exr,/mnt/data_disk/ZQL/TIP_TMO_result/dnn/lei21_CAN/a3697.png,341,512,0.8642781926137706,0.796323786506219,0.47206844844430534,0.34901254823790656,0.6980250943638397,2.1119733881919433e-09,0.13773950934410095
a3700,/mnt/data_disk/HDRData/1000hdr/HDRtest/a3700-tc_DSC1892.exr,/mnt/data_disk/ZQL/TIP_TMO_result/dnn/lei21_CAN/a3700.png,340,512,0.8434491418524834,0.8346672088800143,0.3023913354324812,0.3735357562545245,0.747058422128492,1.309038055694817e-05,0.09586582332849503
a3706,/mnt/data_disk/HDRData/1000hdr/HDRtest/a3706-dgw_065.exr,/mnt/data_disk/ZQL/TIP_TMO_result/dnn/lei21_CAN/a3706.png,341,512,0.8168670922612379,0.8101546858569423,0.20849992125898317,0.44583830191399054,0.7617946103026936,0.12988199352528745,0.28578901290893555
a3707,/mnt/data_disk/HDRData/1000hdr/HDRtest/a3707-NKIM_121.exr,/mnt/data_disk/ZQL/TIP_TMO_result/dnn/lei21_CAN/a3707.png,341,512,0.7890126531600797,0.7752799270209034,0.13302093768030473,0.33789935804685095,0.6757987160937019,2.8803285553204865e-23,0.19720377027988434
a3710,/mnt/data_disk/HDRData/1000hdr/HDRtest/a3710-07-11-20-at-16h52m05s-_MG_5742.exr,/mnt/data_disk/ZQL/TIP_TMO_result/dnn/lei21_CAN/a3710.png,341,512,0.8565500509890622,0.746955473939786,0.5107433777225108,0.41676655673957314,0.6476416126778286,0.18589150080131764,0.07446116209030151
a3712,/mnt/data_disk/HDRData/1000hdr/HDRtest/a3712-IMG_4852.exr,/mnt/data_disk/ZQL/TIP_TMO_result/dnn/lei21_CAN/a3712.png,341,512,0.8233632035728304,0.8967351500323049,0.13596184835296685,0.40308100876234393,0.8061614660692227,5.514554651839388e-07,0.09651119261980057
a3715,/mnt/data_disk/HDRData/1000hdr/HDRtest/a3715-_MG_7773.exr,/mnt/data_disk/ZQL/TIP_TMO_result/dnn/lei21_CAN/a3715.png,341,512,0.7852640305166803,0.81446594438658,0.07807016152307207,0.3722183913804723,0.7444367827609446,5.9014799395497355e-18,0.2138834446668625
a3716,/mnt/data_disk/HDRData/1000hdr/HDRtest/a3716-IMG_0301.exr,/mnt/data_disk/ZQL/TIP_TMO_result/dnn/lei21_CAN/a3716.png,341,512,0.737044205148145,0.6243272231130456,0.11509034188851544,0.15755002812144184,0.3151000562428837,1.7076638810853614e-32,0.08965270966291428
a3719,/mnt/data_disk/HDRData/1000hdr/HDRtest/a3719-07-11-29-at-15h43m28s-_MG_8075.exr,/mnt/data_disk/ZQL/TIP_TMO_result/dnn/lei21_CAN/a3719.png,341,512,0.8108207692865208,0.8640599968711306,0.12101475279252502,0.4553945170013004,0.9107890340025651,3.575550111871366e-14,0.29217103123664856
a3720,/mnt/data_disk/HDRData/1000hdr/HDRtest/a3720-jmac_MG_0851.exr,/mnt/data_disk/ZQL/TIP_TMO_result/dnn/lei21_CAN/a3720.png,341,512,0.8341639897899545,0.8256015020651027,0.2690542172143584,0.427573744909171,0.855084464474744,6.302534359803415e-05,0.16155676543712616
a3721,/mnt/data_disk/HDRData/1000hdr/HDRtest/a3721-KE_-01.exr,/mnt/data_disk/ZQL/TIP_TMO_result/dnn/lei21_CAN/a3721.png,340,512,0.8382445544116142,0.8469975141097333,0.2602243171919611,0.39665699895543455,0.793313997901213,9.65602728941707e-12,0.1814642995595932
a3724,/mnt/data_disk/HDRData/1000hdr/HDRtest/a3724-20060101_092918__E6B0305.exr,/mnt/data_disk/ZQL/TIP_TMO_result/dnn/lei21_CAN/a3724.png,341,512,0.8306840109915261,0.8924893480855847,0.17062750987739794,0.785743818739437,0.9146238311682986,0.6568638063105755,0.20746710896492004
a3727,/mnt/data_disk/HDRData/1000hdr/HDRtest/a3727-2004-01-18 11-49-42 CRW_2889.exr,/mnt/data_disk/ZQL/TIP_TMO_result/dnn/lei21_CAN/a3727.png,341,512,0.9070017490727205,0.84975294332456,0.6379826476782577,0.6601052742532605,0.5744275941470862,0.7457829543594349,0.1311326026916504
a3729,/mnt/data_disk/HDRData/1000hdr/HDRtest/a3729-07-11-24-at-21h39m19s-_MG_6853.exr,/mnt/data_disk/ZQL/TIP_TMO_result/dnn/lei21_CAN/a3729.png,341,512,0.8113411161552856,0.8080574499160499,0.18667233657088225,0.26030533766656966,0.5206106753331373,2.018135005077835e-15,0.1207401379942894
a3730,/mnt/data_disk/HDRData/1000hdr/HDRtest/a3730-IMG_0113.exr,/mnt/data_disk/ZQL/TIP_TMO_result/dnn/lei21_CAN/a3730.png,341,512,0.8779714905871489,0.7998499983862501,0.546006376665502,0.39191185661462974,0.7838159174806805,7.79574857904051e-06,0.23959220945835114
a3732,/mnt/data_disk/HDRData/1000hdr/HDRtest/a3732-_DGW6272.exr,/mnt/data_disk/ZQL/TIP_TMO_result/dnn/lei21_CAN/a3732.png,341,512,0.855257211025423,0.8926070897933219,0.2832707192421934,0.4763965894974324,0.9521797127672487,0.0006134662276161997,0.08177730441093445
a3733,/mnt/data_disk/HDRData/1000hdr/HDRtest/a3733-WP_CRW_4827.exr,/mnt/data_disk/ZQL/TIP_TMO_result/dnn/lei21_CAN/a3733.png,341,512,0.8493523372128247,0.800922256598471,0.38217907037178944,0.39314051002058853,0.7645748755645579,0.02170614447661914,0.1486811339855194
a3735,/mnt/data_disk/HDRData/1000hdr/HDRtest/a3735-_MG_7825.exr,/mnt/data_disk/ZQL/TIP_TMO_result/dnn/lei21_CAN/a3735.png,341,512,0.7913241663973499,0.854694403610594,0.0614992541376173,0.8841463949161034,0.872637056258853,0.8956557335733537,0.17203114926815033
a3737,/mnt/data_disk/HDRData/1000hdr/HDRtest/a3737-dgw_022.exr,/mnt/data_disk/ZQL/TIP_TMO_result/dnn/lei21_CAN/a3737.png,341,512,0.8185869579442085,0.8438919179522109,0.17484025609425533,0.4204602800820502,0.8408942203313898,2.6339832710657914e-05,0.17520643770694733
a3739,/mnt/data_disk/HDRData/1000hdr/HDRtest/a3739-KE_-0068.exr,/mnt/data_disk/ZQL/TIP_TMO_result/dnn/lei21_CAN/a3739.png,340,512,0.792170390826187,0.9018068706988297,0.028083504437582053,0.9220134490343854,0.9355245738757242,0.9085023241930467,0.09042836725711823
a3740,/mnt/data_disk/HDRData/1000hdr/HDRtest/a3740-_DSC1411.exr,/mnt/data_disk/ZQL/TIP_TMO_result/dnn/lei21_CAN/a3740.png,341,512,0.7689993610545309,0.6405252997004851,0.22683038894648375,0.18532383693383767,0.3706476738676753,6.343368466187571e-17,0.11751925945281982
a3742,/mnt/data_disk/HDRData/1000hdr/HDRtest/a3742-IMG_0206.exr,/mnt/data_disk/ZQL/TIP_TMO_result/dnn/lei21_CAN/a3742.png,341,512,0.8219905010639832,0.7463058380028474,0.3223728925481426,0.3974395601152767,0.794836886754347,4.223347620637592e-05,0.25659140944480896
a3743,/mnt/data_disk/HDRData/1000hdr/HDRtest/a3743-DSC_0038.exr,/mnt/data_disk/ZQL/TIP_TMO_result/dnn/lei21_CAN/a3743.png,340,512,0.8595880982167258,0.824334371699395,0.4018180239843178,0.32302732779692833,0.5186730660826621,0.12738158951119455,0.09274406731128693
a3744,/mnt/data_disk/HDRData/1000hdr/HDRtest/a3744-NKIM_MG_6757.exr,/mnt/data_disk/ZQL/TIP_TMO_result/dnn/lei21_CAN/a3744.png,341,512,0.764414167093036,0.7293098761267164,0.09207710533059085,0.3913323738504708,0.7826647477009416,1.2431233778231986e-19,0.1896597146987915
a3749,/mnt/data_disk/HDRData/1000hdr/HDRtest/a3749-IMG_4592.exr,/mnt/data_disk/ZQL/TIP_TMO_result/dnn/lei21_CAN/a3749.png,341,512,0.8021436092423786,0.7688008082778937,0.19590678658559357,0.3810938980291885,0.762184090230287,3.70582809007592e-06,0.21339653432369232
a3750,/mnt/data_disk/HDRData/1000hdr/HDRtest/a3750-IMG_4253.exr,/mnt/data_disk/ZQL/TIP_TMO_result/dnn/lei21_CAN/a3750.png,341,512,0.7938152575299393,0.7521255461846269,0.18104395160090006,0.34624659799409857,0.6924931959830561,5.1409575265869764e-12,0.18577803671360016
a3753,/mnt/data_disk/HDRData/1000hdr/HDRtest/a3753-dgw_073.exr,/mnt/data_disk/ZQL/TIP_TMO_result/dnn/lei21_CAN/a3753.png,341,512,0.7767704944155437,0.8312006059657668,0.03763282215523513,0.8489721085423589,0.8681205502849749,0.829823666799743,0.38641536235809326
a3754,/mnt/data_disk/HDRData/1000hdr/HDRtest/a3754-050731_151704__I2E5362.exr,/mnt/data_disk/ZQL/TIP_TMO_result/dnn/lei21_CAN/a3754.png,341,512,0.9122999933628657,0.8903905637672282,0.6032229615472174,0.589624939206262,0.6939417263222047,0.4853081520903192,0.0835229903459549
a3756,/mnt/data_disk/HDRData/1000hdr/HDRtest/a3756-jmac_MG_5949.exr,/mnt/data_disk/ZQL/TIP_TMO_result/dnn/lei21_CAN/a3756.png,341,512,0.8354712380631438,0.8122882547945531,0.2937787749156439,0.3495547121855091,0.5965607266664563,0.10254869770456186,0.11416047066450119
a3760,/mnt/data_disk/HDRData/1000hdr/HDRtest/a3760-IMG_2504.exr,/mnt/data_disk/ZQL/TIP_TMO_result/dnn/lei21_CAN/a3760.png,341,512,0.8539804965808449,0.9377046923769006,0.221615880087928,0.4698082442801949,0.8974796631785408,0.042136825381849,0.06791359186172485
a3764,/mnt/data_disk/HDRData/1000hdr/HDRtest/a3764-20060618_093109__MG_8792.exr,/mnt/data_disk/ZQL/TIP_TMO_result/dnn/lei21_CAN/a3764.png,341,512,0.8042969848325083,0.8852861205020924,0.07696842584269407,0.9027991898994461,0.8582671885823934,0.9473311912164987,0.14726708829402924
a3766,/mnt/data_disk/HDRData/1000hdr/HDRtest/a3766-20041219_194831__E6B5558.exr,/mnt/data_disk/ZQL/TIP_TMO_result/dnn/lei21_CAN/a3766.png,341,512,0.7067694855997343,0.5714580041258106,0.07308707454539663,0.1812201716937829,0.3624403433875658,4.978761745092765e-49,0.08834186941385269
a3769,/mnt/data_disk/HDRData/1000hdr/HDRtest/a3769-IMG_3943.exr,/mnt/data_disk/ZQL/TIP_TMO_result/dnn/lei21_CAN/a3769.png,341,512,0.8709680835447324,0.8785081791520256,0.38339459626121813,0.6099872180426242,0.8910526578955824,0.3289217781896661,0.09550012648105621
a3771,/mnt/data_disk/HDRData/1000hdr/HDRtest/a3771-07-06-01-at-13h03m06-s_MG_1256.exr,/mnt/data_disk/ZQL/TIP_TMO_result/dnn/lei21_CAN/a3771.png,341,512,0.8577697888829,0.8353316966042872,0.37555186914217437,0.7477748226403593,0.7268977250091143,0.7686519202716044,0.22263425588607788
a3772,/mnt/data_disk/HDRData/1000hdr/HDRtest/a3772-dgw_123.exr,/mnt/data_disk/ZQL/TIP_TMO_result/dnn/lei21_CAN/a3772.png,341,512,0.8542999370373073,0.8824161497781212,0.29188534153850443,0.6754798076392258,0.8581487768229545,0.49281083845549706,0.1963791847229004
a3774,/mnt/data_disk/HDRData/1000hdr/HDRtest/a3774-_DSC0017.exr,/mnt/data_disk/ZQL/TIP_TMO_result/dnn/lei21_CAN/a3774.png,340,512,0.8670476946224889,0.8411746147835875,0.41709469834480334,0.40710621523962875,0.812154405238276,0.0020580252409815804,0.13446348905563354
a3778,/mnt/data_disk/HDRData/1000hdr/HDRtest/a3778-IMG_4838.exr,/mnt/data_disk/ZQL/TIP_TMO_result/dnn/lei21_CAN/a3778.png,341,512,0.8355778135723595,0.7707519155356809,0.35528563635822147,0.37500551714570324,0.744556981284279,0.005454053007127428,0.2517224848270416
a3780,/mnt/data_disk/HDRData/1000hdr/HDRtest/a3780-JI2E3902.exr,/mnt/data_disk/ZQL/TIP_TMO_result/dnn/lei21_CAN/a3780.png,341,512,0.8730497287524089,0.8745896776722475,0.40030157811759226,0.7731958603828283,0.886074193548172,0.6603175272174846,0.11890953034162521
a3781,/mnt/data_disk/HDRData/1000hdr/HDRtest/a3781-2004-06-24 06-45-08 CRW_2040.exr,/mnt/data_disk/ZQL/TIP_TMO_result/dnn/lei21_CAN/a3781.png,341,512,0.8546531857607939,0.8984943338727067,0.27273477923228095,0.6314013241940277,0.9102293627131088,0.3525732856749465,0.09218371659517288
a3783,/mnt/data_disk/HDRData/1000hdr/HDRtest/a3783-KE_-0052.exr,/mnt/data_disk/ZQL/TIP_TMO_result/dnn/lei21_CAN/a3783.png,340,512,0.817266989863934,0.7816809437018575,0.24791825055432395,0.4103976435385653,0.8207329872520789,6.229982505172654e-05,0.1322920024394989
a3786,/mnt/data_disk/HDRData/1000hdr/HDRtest/a3786-_I2E8191.exr,/mnt/data_disk/ZQL/TIP_TMO_result/dnn/lei21_CAN/a3786.png,341,512,0.7964956313416218,0.8813314642361118,0.055287676471390115,0.48677961151722,0.8669259993556995,0.10663322367874047,0.15303421020507812
a3796,/mnt/data_disk/HDRData/1000hdr/HDRtest/a3796-NKIM_MG_7319.exr,/mnt/data_disk/ZQL/TIP_TMO_result/dnn/lei21_CAN/a3796.png,341,512,0.8808381475533127,0.7965234787917256,0.5688505608862239,0.32137545168627346,0.6427447849834871,6.118389059855373e-06,0.24207013845443726
a3798,/mnt/data_disk/HDRData/1000hdr/HDRtest/a3798-IMG_2539.exr,/mnt/data_disk/ZQL/TIP_TMO_result/dnn/lei21_CAN/a3798.png,341,512,0.8745648689473661,0.8086431378990661,0.5112109716143957,0.38879543173790104,0.7604772878065138,0.017113575669288325,0.1781490296125412
a3800,/mnt/data_disk/HDRData/1000hdr/HDRtest/a3800-dgw_090.exr,/mnt/data_disk/ZQL/TIP_TMO_result/dnn/lei21_CAN/a3800.png,341,512,0.8278306823561874,0.8579780432247025,0.1983276497867127,0.33912043202333786,0.6782402351720352,6.28874640428422e-07,0.13962328433990479
a3804,/mnt/data_disk/HDRData/1000hdr/HDRtest/a3804-_DSC3608.exr,/mnt/data_disk/ZQL/TIP_TMO_result/dnn/lei21_CAN/a3804.png,343,512,0.8210008376095373,0.8011187753797294,0.23922532170798158,0.3319662807501452,0.6639325615002903,1.6222145362153409e-16,0.06655115634202957
a3816,/mnt/data_disk/HDRData/1000hdr/HDRtest/a3816-jmac_DSC3118.exr,/mnt/data_disk/ZQL/TIP_TMO_result/dnn/lei21_CAN/a3816.png,340,512,0.8353705131211474,0.9237048107163555,0.1561400842627634,0.9506025654402264,0.9148224636203309,0.9863826672601217,0.10866611450910568
a3820,/mnt/data_disk/HDRData/1000hdr/HDRtest/a3820-dgw_025.exr,/mnt/data_disk/ZQL/TIP_TMO_result/dnn/lei21_CAN/a3820.png,341,512,0.7198776602872723,0.5909444359750128,0.09433748625985569,0.23078527719965025,0.4615705543970796,2.2208737579027747e-12,0.09247447550296783
a3822,/mnt/data_disk/HDRData/1000hdr/HDRtest/a3822-07-11-21-at-09h53m21s-_MG_5852.exr,/mnt/data_disk/ZQL/TIP_TMO_result/dnn/lei21_CAN/a3822.png,341,512,0.8443219207502394,0.8932163953736157,0.23030312331336503,0.44037066064276326,0.8796716077880339,0.0010697134974926043,0.12854088842868805
a3827,/mnt/data_disk/HDRData/1000hdr/HDRtest/a3827-JI2E3823.exr,/mnt/data_disk/ZQL/TIP_TMO_result/dnn/lei21_CAN/a3827.png,341,512,0.7499000305168211,0.6386910019571312,0.14658034290101515,0.2190738603843673,0.43814771972652766,1.0422069093580056e-09,0.12109497934579849
a3830,/mnt/data_disk/HDRData/1000hdr/HDRtest/a3830-LS_060715_8670.exr,/mnt/data_disk/ZQL/TIP_TMO_result/dnn/lei21_CAN/a3830.png,341,512,0.838188285170782,0.7666202861206768,0.37551188762688664,0.6882232978629252,0.8887245467755595,0.487722048950291,0.18758241832256317
a3832,/mnt/data_disk/HDRData/1000hdr/HDRtest/a3832-20060613_091536__MG_7749.exr,/mnt/data_disk/ZQL/TIP_TMO_result/dnn/lei21_CAN/a3832.png,341,512,0.8373764865897173,0.8117504051830007,0.3040484497402736,0.3210092070755842,0.6189172582794016,0.023101155871766914,0.1833735555410385
a3833,/mnt/data_disk/HDRData/1000hdr/HDRtest/a3833-_DSC0003-2.exr,/mnt/data_disk/ZQL/TIP_TMO_result/dnn/lei21_CAN/a3833.png,340,512,0.8493989167123291,0.8832006065051621,0.2668737712604677,0.6127264655351988,0.9316979039171209,0.2937550271532768,0.10861857235431671
a3834,/mnt/data_disk/HDRData/1000hdr/HDRtest/a3834-IMG_0007.exr,/mnt/data_disk/ZQL/TIP_TMO_result/dnn/lei21_CAN/a3834.png,341,512,0.8020645835668643,0.7650946999726711,0.20037466636091822,0.7537943968408753,0.8482751789812717,0.659313614700479,0.2158089280128479
a3846,/mnt/data_disk/HDRData/1000hdr/HDRtest/a3846-IMG_3087.exr,/mnt/data_disk/ZQL/TIP_TMO_result/dnn/lei21_CAN/a3846.png,341,512,0.8517319906260511,0.8971712733563276,0.26030999386731773,0.534756074303621,0.8365048124585063,0.2330073361487358,0.0873618870973587
a3847,/mnt/data_disk/HDRData/1000hdr/HDRtest/a3847-NKIM_MG_6113.exr,/mnt/data_disk/ZQL/TIP_TMO_result/dnn/lei21_CAN/a3847.png,341,512,0.7914368766674377,0.7654937284809882,0.15434152896177145,0.3134694656547307,0.6269389313094614,1.1026708648585485e-21,0.1761561781167984
a3848,/mnt/data_disk/HDRData/1000hdr/HDRtest/a3848-DSC_0024.exr,/mnt/data_disk/ZQL/TIP_TMO_result/dnn/lei21_CAN/a3848.png,340,512,0.8717992879225973,0.8562331287342675,0.420578495812461,0.8256711284073037,0.6533416701089454,0.9980005867056619,0.08909466862678528
a3851,/mnt/data_disk/HDRData/1000hdr/HDRtest/a3851-IMG_3430.exr,/mnt/data_disk/ZQL/TIP_TMO_result/dnn/lei21_CAN/a3851.png,341,512,0.7924778327278889,0.8133165104590118,0.10468364294281739,0.3212682405014352,0.6425358449962533,6.360066171911652e-07,0.09003907442092896
a3862,/mnt/data_disk/HDRData/1000hdr/HDRtest/a3862-JI2E0423.exr,/mnt/data_disk/ZQL/TIP_TMO_result/dnn/lei21_CAN/a3862.png,341,512,0.8976294799351463,0.8519725957835401,0.5767489856867284,0.5533911491207893,0.7276317947698612,0.3791505034717176,0.07999361306428909
a3863,/mnt/data_disk/HDRData/1000hdr/HDRtest/a3863-IMG_1159.exr,/mnt/data_disk/ZQL/TIP_TMO_result/dnn/lei21_CAN/a3863.png,341,512,0.8266348629200844,0.8214113401051918,0.23878655940573681,0.420924523965957,0.8418490478841536,4.77603035452682e-11,0.1749590039253235
a3864,/mnt/data_disk/HDRData/1000hdr/HDRtest/a3864-_DSC1992.exr,/mnt/data_disk/ZQL/TIP_TMO_result/dnn/lei21_CAN/a3864.png,341,512,0.7046352623763105,0.5731431850544024,0.06417520855671639,0.1702278056994327,0.340451258334873,4.353063992352115e-06,0.09305182844400406
a3872,/mnt/data_disk/HDRData/1000hdr/HDRtest/a3872-IMG_4058.exr,/mnt/data_disk/ZQL/TIP_TMO_result/dnn/lei21_CAN/a3872.png,341,512,0.891718345264405,0.8352853949943824,0.5687398181763894,0.5317054712436524,0.8086340871208024,0.2547768553665023,0.18579231202602386
a3877,/mnt/data_disk/HDRData/1000hdr/HDRtest/a3877-KE_-0019.exr,/mnt/data_disk/ZQL/TIP_TMO_result/dnn/lei21_CAN/a3877.png,340,512,0.8191994049427902,0.8269142155307433,0.19792988661493016,0.4230309650104736,0.8460619300208951,5.206003322745076e-14,0.1482752412557602
a3879,/mnt/data_disk/HDRData/1000hdr/HDRtest/a3879-IMG_0091.exr,/mnt/data_disk/ZQL/TIP_TMO_result/dnn/lei21_CAN/a3879.png,341,512,0.833345338538486,0.8485966741628929,0.2350039561209059,0.9083378811112084,0.9039551707520229,0.9127205914703937,0.16880348324775696
a3890,/mnt/data_disk/HDRData/1000hdr/HDRtest/a3890-IMG_4308.exr,/mnt/data_disk/ZQL/TIP_TMO_result/dnn/lei21_CAN/a3890.png,341,512,0.860683104324735,0.8065910744648932,0.4353266645333724,0.37983035161262707,0.7596607031992837,2.5970445679955682e-11,0.10556852072477341
a3893,/mnt/data_disk/HDRData/1000hdr/HDRtest/a3893-_DGW6301.exr,/mnt/data_disk/ZQL/TIP_TMO_result/dnn/lei21_CAN/a3893.png,341,512,0.8369887419120817,0.8882105141816216,0.2029923006008558,0.44364503382115367,0.8867655320930091,0.0005245355492981768,0.20717445015907288
a3899,/mnt/data_disk/HDRData/1000hdr/HDRtest/a3899-jmac_DSC2259.exr,/mnt/data_disk/ZQL/TIP_TMO_result/dnn/lei21_CAN/a3899.png,340,512,0.8379825265589824,0.9076844633222024,0.18482392206460063,0.42534073421438123,0.8493261740415043,0.0013552943872581478,0.1032901182770729
a3900,/mnt/data_disk/HDRData/1000hdr/HDRtest/a3900-jmac_DSC5843.exr,/mnt/data_disk/ZQL/TIP_TMO_result/dnn/lei21_CAN/a3900.png,340,512,0.8619931450704653,0.8803987225108406,0.33351067602586293,0.6752286416740764,0.7046695080601542,0.6457877752879986,0.11126169562339783
a3902,/mnt/data_disk/HDRData/1000hdr/HDRtest/a3902-jmac_DSC3970.exr,/mnt/data_disk/ZQL/TIP_TMO_result/dnn/lei21_CAN/a3902.png,340,512,0.8205795582206776,0.7588052371445512,0.29651261945185153,0.33957143521011446,0.6691824463493231,0.009960424070905754,0.08020377159118652
a3903,/mnt/data_disk/HDRData/1000hdr/HDRtest/a3903-IMG_2386.exr,/mnt/data_disk/ZQL/TIP_TMO_result/dnn/lei21_CAN/a3903.png,341,512,0.8148346436923506,0.8196099381567417,0.18771761430668213,0.37008812860550316,0.7287654371789872,0.011410820032019094,0.10515939444303513
a3906,/mnt/data_disk/HDRData/1000hdr/HDRtest/a3906-LS051025_day_3_LL003.exr,/mnt/data_disk/ZQL/TIP_TMO_result/dnn/lei21_CAN/a3906.png,341,512,0.864105071678288,0.8190703728801964,0.43479380316084676,0.40876786533290954,0.814422456729017,0.00311327393680202,0.17604020237922668
a3911,/mnt/data_disk/HDRData/1000hdr/HDRtest/a3911-07-07-01-at-10h50m55s-_MG_2028.exr,/mnt/data_disk/ZQL/TIP_TMO_result/dnn/lei21_CAN/a3911.png,341,512,0.7898496229128031,0.7615857431846099,0.15254596708229523,0.4016838561641594,0.8033677122983347,2.9984129462623823e-11,0.1651419699192047
a3913,/mnt/data_disk/HDRData/1000hdr/HDRtest/a3913-IMG_0289.exr,/mnt/data_disk/ZQL/TIP_TMO_result/dnn/lei21_CAN/a3913.png,341,512,0.7973499972175518,0.679491797576777,0.3021500475572858,0.2747824771156835,0.5495649290776226,2.5153744472538763e-08,0.0866539403796196
a3914,/mnt/data_disk/HDRData/1000hdr/HDRtest/a3914-DSC_0002-1.exr,/mnt/data_disk/ZQL/TIP_TMO_result/dnn/lei21_CAN/a3914.png,340,512,0.8557184776722265,0.825553585798015,0.3791004450634033,0.44851178037378875,0.7428573242260812,0.15416623652149627,0.13576263189315796
a3919,/mnt/data_disk/HDRData/1000hdr/HDRtest/a3919-KE_-1608.exr,/mnt/data_disk/ZQL/TIP_TMO_result/dnn/lei21_CAN/a3919.png,340,512,0.8151986369411117,0.7233016128456594,0.3232112727593502,0.3243969055204397,0.6487938036929387,7.347940755313781e-09,0.15508803725242615
a3923,/mnt/data_disk/HDRData/1000hdr/HDRtest/a3923-_DSC0095.exr,/mnt/data_disk/ZQL/TIP_TMO_result/dnn/lei21_CAN/a3923.png,340,512,0.8363068621022095,0.8642392717190367,0.22901908708120158,0.3730845283532188,0.746169053504581,3.201856669630788e-09,0.12869349122047424
a3924,/mnt/data_disk/HDRData/1000hdr/HDRtest/a3924-_DSC6358.exr,/mnt/data_disk/ZQL/TIP_TMO_result/dnn/lei21_CAN/a3924.png,341,512,0.7046173112814761,0.5812880340002962,0.05502887114286547,0.2899120870429352,0.5798241740858704,7.776433852700026e-28,0.21174976229667664
a3926,/mnt/data_disk/HDRData/1000hdr/HDRtest/a3926-dgw_077.exr,/mnt/data_disk/ZQL/TIP_TMO_result/dnn/lei21_CAN/a3926.png,341,512,0.7621398822636611,0.6673999717817707,0.15813449728033507,0.2932589683958043,0.5865179367916086,1.1480786436911394e-20,0.18625648319721222
a3927,/mnt/data_disk/HDRData/1000hdr/HDRtest/a3927-IMG_6048.exr,/mnt/data_disk/ZQL/TIP_TMO_result/dnn/lei21_CAN/a3927.png,341,512,0.8235260763334192,0.8145244821081605,0.23330515328850573,0.34058199484968177,0.6806057006144709,0.0005582890848926034,0.17327247560024261
a3930,/mnt/data_disk/HDRData/1000hdr/HDRtest/a3930-IMG_5083.exr,/mnt/data_disk/ZQL/TIP_TMO_result/dnn/lei21_CAN/a3930.png,341,512,0.8677445523076044,0.8482548754943001,0.41025527262078815,0.3809932796756211,0.7619865593512414,7.376436332975569e-16,0.19933229684829712
a3931,/mnt/data_disk/HDRData/1000hdr/HDRtest/a3931-_DGW6259.exr,/mnt/data_disk/ZQL/TIP_TMO_result/dnn/lei21_CAN/a3931.png,341,512,0.7903391744642638,0.781087928689355,0.1315994871456893,0.3762590592277235,0.752518118455447,6.217551523389435e-20,0.2535243630409241
a3940,/mnt/data_disk/HDRData/1000hdr/HDRtest/a3940-20050602_180025__MG_2820.exr,/mnt/data_disk/ZQL/TIP_TMO_result/dnn/lei21_CAN/a3940.png,341,512,0.834359571220513,0.8692196907551708,0.2139678022964362,0.8742623243175972,0.9043625405873407,0.8441621080478537,0.14552946388721466
a3943,/mnt/data_disk/HDRData/1000hdr/HDRtest/a3943-_DSC0054.exr,/mnt/data_disk/ZQL/TIP_TMO_result/dnn/lei21_CAN/a3943.png,340,512,0.8458968921696545,0.8605390365751149,0.27943028592629504,0.419882753956184,0.8258963613953582,0.013869146517009925,0.10473122447729111
a3947,/mnt/data_disk/HDRData/1000hdr/HDRtest/a3947-jmac_MG_1444.exr,/mnt/data_disk/ZQL/TIP_TMO_result/dnn/lei21_CAN/a3947.png,341,512,0.8574800601593147,0.8080211358627409,0.4153644725568961,0.4521773231646396,0.5430994897232205,0.36125515660605867,0.11866945773363113
a3948,/mnt/data_disk/HDRData/1000hdr/HDRtest/a3948-_DSC0045.exr,/mnt/data_disk/ZQL/TIP_TMO_result/dnn/lei21_CAN/a3948.png,340,512,0.7987201578402945,0.774659096348159,0.17362357569439305,0.5658679254814136,0.8443187976160369,0.2874170533467904,0.15642620623111725
a3954,/mnt/data_disk/HDRData/1000hdr/HDRtest/a3954-_MG_0841.exr,/mnt/data_disk/ZQL/TIP_TMO_result/dnn/lei21_CAN/a3954.png,341,512,0.8504945535853812,0.8549065266955911,0.30988862839175785,0.7350413177886347,0.6803517628230085,0.7897308727542609,0.18921484053134918
a3958,/mnt/data_disk/HDRData/1000hdr/HDRtest/a3958-_DSC3890.exr,/mnt/data_disk/ZQL/TIP_TMO_result/dnn/lei21_CAN/a3958.png,341,512,0.8471957690849622,0.9188410235095937,0.21280613657023031,0.5760465782425751,0.9388022079056634,0.21329094857948674,0.08228188008069992
a3961,/mnt/data_disk/HDRData/1000hdr/HDRtest/a3961-_DSC0049.exr,/mnt/data_disk/ZQL/TIP_TMO_result/dnn/lei21_CAN/a3961.png,340,512,0.6941790180738274,0.48739199518200005,0.1446733200472574,0.1500435145758405,0.30008702638004964,2.771631361466716e-09,0.08815345913171768
a3963,/mnt/data_disk/HDRData/1000hdr/HDRtest/a3963-jmac_DSC3835.exr,/mnt/data_disk/ZQL/TIP_TMO_result/dnn/lei21_CAN/a3963.png,340,512,0.808554618263659,0.8844292202017623,0.09247285120400892,0.9176174087438512,0.9010217805324288,0.9342130369552737,0.15068623423576355
a3964,/mnt/data_disk/HDRData/1000hdr/HDRtest/a3964-NKIM_MG_6716.exr,/mnt/data_disk/ZQL/TIP_TMO_result/dnn/lei21_CAN/a3964.png,341,512,0.7723711579414446,0.7731008275467115,0.07458895031730363,0.3720427583560204,0.7440855167120408,3.7434951850013906e-23,0.15039318799972534
a3970,/mnt/data_disk/HDRData/1000hdr/HDRtest/a3970-WP_Amanda_3rd_bday014.exr,/mnt/data_disk/ZQL/TIP_TMO_result/dnn/lei21_CAN/a3970.png,341,512,0.7582412310016184,0.7512967976447005,0.05027421737013537,0.30072624250057806,0.6014524850011561,2.8841823967891e-20,0.07041969150304794
a3973,/mnt/data_disk/HDRData/1000hdr/HDRtest/a3973-DSC_0068-2.exr,/mnt/data_disk/ZQL/TIP_TMO_result/dnn/lei21_CAN/a3973.png,340,512,0.8846728671679692,0.8757476445098815,0.46314626216551014,0.7276917801676527,0.5699415659504672,0.8854419943848382,0.08277903497219086
a3975,/mnt/data_disk/HDRData/1000hdr/HDRtest/a3975-jmac_MG_5721.exr,/mnt/data_disk/ZQL/TIP_TMO_result/dnn/lei21_CAN/a3975.png,341,512,0.8634190567721114,0.8861642692972775,0.33295422073634684,0.8028495584451187,0.8390196041111226,0.7666795127791147,0.11650611460208893
a3976,/mnt/data_disk/HDRData/1000hdr/HDRtest/a3976-Ja_Pe-10.exr,/mnt/data_disk/ZQL/TIP_TMO_result/dnn/lei21_CAN/a3976.png,288,512,0.86066392233384,0.8655126519755408,0.3473226553555404,0.6698307692970458,0.8619002540521147,0.47776128454197686,0.14008751511573792
a3991,/mnt/data_disk/HDRData/1000hdr/HDRtest/a3991-DSC_0005-2.exr,/mnt/data_disk/ZQL/TIP_TMO_result/dnn/lei21_CAN/a3991.png,340,512,0.8486002477461861,0.832728568231063,0.33127186426927197,0.4739279275092761,0.7064732928676026,0.24138256215094958,0.11697012931108475
a3992,/mnt/data_disk/HDRData/1000hdr/HDRtest/a3992-KE_-0044.exr,/mnt/data_disk/ZQL/TIP_TMO_result/dnn/lei21_CAN/a3992.png,340,512,0.8116648119070434,0.620881369900268,0.4832640867973123,0.3108915939090981,0.46575933814719095,0.15602384967100527,0.0968877449631691
a3993,/mnt/data_disk/HDRData/1000hdr/HDRtest/a3993-IMG_2812.exr,/mnt/data_disk/ZQL/TIP_TMO_result/dnn/lei21_CAN/a3993.png,341,512,0.7850147419127557,0.6099233851743142,0.35717734502126414,0.17075107668646594,0.30739355112342337,0.03410860224950851,0.14407329261302948
a3995,/mnt/data_disk/HDRData/1000hdr/HDRtest/a3995-IMG_0187.exr,/mnt/data_disk/ZQL/TIP_TMO_result/dnn/lei21_CAN/a3995.png,341,512,0.8512029657328826,0.7986962393576938,0.3955746628948984,0.44238548260967797,0.8839005950533069,0.0008703701660490201,0.15350227057933807
a4001,/mnt/data_disk/HDRData/1000hdr/HDRtest/a4001-jn_20070824_0168.exr,/mnt/data_disk/ZQL/TIP_TMO_result/dnn/lei21_CAN/a4001.png,341,512,0.8523261656559051,0.7948218114091928,0.4077116120419754,0.27588164526797887,0.5517632904200078,1.1594994689025671e-10,0.12886032462120056
a4003,/mnt/data_disk/HDRData/1000hdr/HDRtest/a4003-NKIM_MG_6603.exr,/mnt/data_disk/ZQL/TIP_TMO_result/dnn/lei21_CAN/a4003.png,341,512,0.8630660605682042,0.8294213650830539,0.41307951099495194,0.38021788554811364,0.7395577098786592,0.02087806121756807,0.1637217253446579
a4004,/mnt/data_disk/HDRData/1000hdr/HDRtest/a4004-050812_113412__MG_3770.exr,/mnt/data_disk/ZQL/TIP_TMO_result/dnn/lei21_CAN/a4004.png,341,512,0.780836885271814,0.7159896629518407,0.1722923032830843,0.2753834461300567,0.5403569628005882,0.010409929459525187,0.08819638192653656
a4007,/mnt/data_disk/HDRData/1000hdr/HDRtest/a4007-_MG_7167.exr,/mnt/data_disk/ZQL/TIP_TMO_result/dnn/lei21_CAN/a4007.png,341,512,0.8539648736712423,0.8215228106133974,0.3757461735051446,0.8863439561166089,0.805838396373196,0.9668495158600217,0.21625614166259766
a4008,/mnt/data_disk/HDRData/1000hdr/HDRtest/a4008-dgw_019.exr,/mnt/data_disk/ZQL/TIP_TMO_result/dnn/lei21_CAN/a4008.png,341,512,0.8255086564189588,0.7464232580218756,0.3402912638812445,0.3068555453165335,0.6137106798206382,4.108124287281081e-07,0.16059435904026031
a4009,/mnt/data_disk/HDRData/1000hdr/HDRtest/a4009-jmac_MG_7717.exr,/mnt/data_disk/ZQL/TIP_TMO_result/dnn/lei21_CAN/a4009.png,341,512,0.8605935170162947,0.8666039807618376,0.3454217086597299,0.4214859219838971,0.8419172800633119,0.0010545639044823043,0.22755351662635803
a4013,/mnt/data_disk/HDRData/1000hdr/HDRtest/a4013-_I2E6911.exr,/mnt/data_disk/ZQL/TIP_TMO_result/dnn/lei21_CAN/a4013.png,341,512,0.8347742792604079,0.8324621942280428,0.26279445237150095,0.35646845751565953,0.7129354778446717,1.4371866473534725e-06,0.2591240406036377
a4014,/mnt/data_disk/HDRData/1000hdr/HDRtest/a4014-JI2E4114.exr,/mnt/data_disk/ZQL/TIP_TMO_result/dnn/lei21_CAN/a4014.png,341,512,0.8448391957596725,0.855666587966348,0.2807281550454174,0.4014709470672726,0.802941566416349,3.2771819629173206e-07,0.18885546922683716
a4017,/mnt/data_disk/HDRData/1000hdr/HDRtest/a4017-DSC_0023.exr,/mnt/data_disk/ZQL/TIP_TMO_result/dnn/lei21_CAN/a4017.png,340,512,0.8568148663603152,0.8623779792121932,0.33176742027269135,0.8719032562331902,0.8558229707253314,0.887983541741049,0.1162998303771019
a4020,/mnt/data_disk/HDRData/1000hdr/HDRtest/a4020-IMG_3763.exr,/mnt/data_disk/ZQL/TIP_TMO_result/dnn/lei21_CAN/a4020.png,341,512,0.7763824783611639,0.7352001608538706,0.1301167765277942,0.32688083170288273,0.6347333666092705,0.019028296796494953,0.11194644868373871
a4025,/mnt/data_disk/HDRData/1000hdr/HDRtest/a4025-IMG_5601.exr,/mnt/data_disk/ZQL/TIP_TMO_result/dnn/lei21_CAN/a4025.png,341,512,0.8402795960434811,0.8235698772500916,0.3019690227065901,0.3609313684619536,0.7218627369238863,2.0968506572240403e-14,0.19661365449428558
a4026,/mnt/data_disk/HDRData/1000hdr/HDRtest/a4026-NKIM_MG_6632.exr,/mnt/data_disk/ZQL/TIP_TMO_result/dnn/lei21_CAN/a4026.png,341,512,0.797499315676731,0.9032798207020653,0.041230818175658754,0.9231011275864263,0.8611419179682409,0.9850603372046117,0.14496779441833496
a4027,/mnt/data_disk/HDRData/1000hdr/HDRtest/a4027-IMG_2393.exr,/mnt/data_disk/ZQL/TIP_TMO_result/dnn/lei21_CAN/a4027.png,341,512,0.8181411445356835,0.843023133986454,0.17395622533023528,0.6236442265273925,0.8276226235927363,0.4196658294620486,0.12006562948226929
a4028,/mnt/data_disk/HDRData/1000hdr/HDRtest/a4028-060810_105728__MG_6096.exr,/mnt/data_disk/ZQL/TIP_TMO_result/dnn/lei21_CAN/a4028.png,341,512,0.8459596921633986,0.8302657096888247,0.3212478650918807,0.4082215639616742,0.8163318554600698,0.00011127246327863063,0.1499376893043518
a4038,/mnt/data_disk/HDRData/1000hdr/HDRtest/a4038-Ja_Pe-20.exr,/mnt/data_disk/ZQL/TIP_TMO_result/dnn/lei21_CAN/a4038.png,288,512,0.8342945635861946,0.8532673905733509,0.233487600891017,0.4581817784267861,0.8769958889782512,0.039367667875321,0.1597229391336441
a4040,/mnt/data_disk/HDRData/1000hdr/HDRtest/a4040-IMG_0233.exr,/mnt/data_disk/ZQL/TIP_TMO_result/dnn/lei21_CAN/a4040.png,341,512,0.8026087842664065,0.7738239005418045,0.19149216266069255,0.5771128001900176,0.837865893684398,0.31635970669563734,0.2700987756252289
a4047,/mnt/data_disk/HDRData/1000hdr/HDRtest/a4047-IMG_1285.exr,/mnt/data_disk/ZQL/TIP_TMO_result/dnn/lei21_CAN/a4047.png,341,512,0.8745958087479943,0.9115778944565058,0.35635596565909167,0.9449534038357855,0.9562224569018493,0.9336843507697218,0.08676622807979584
a4049,/mnt/data_disk/HDRData/1000hdr/HDRtest/a4049-_DSC3858.exr,/mnt/data_disk/ZQL/TIP_TMO_result/dnn/lei21_CAN/a4049.png,341,512,0.8403810807219837,0.8072631392958478,0.3257067808919342,0.4009345407589695,0.8018685866867666,4.948311723848251e-07,0.25372475385665894
a4051,/mnt/data_disk/HDRData/1000hdr/HDRtest/a4051-_DSC0018-3.exr,/mnt/data_disk/ZQL/TIP_TMO_result/dnn/lei21_CAN/a4051.png,340,512,0.8302818583683353,0.8769351790639911,0.18666182547995663,0.5879108345633179,0.9200229520629368,0.2557987170636991,0.11856336146593094
a4052,/mnt/data_disk/HDRData/1000hdr/HDRtest/a4052-20060620_165511__MG_9535.exr,/mnt/data_disk/ZQL/TIP_TMO_result/dnn/lei21_CAN/a4052.png,341,512,0.8376830854943492,0.8363137776502256,0.2716993575162567,0.39821661273281156,0.7964332254478836,1.773945227408904e-11,0.15719252824783325
a4060,/mnt/data_disk/HDRData/1000hdr/HDRtest/a4060-_DSC5597.exr,/mnt/data_disk/ZQL/TIP_TMO_result/dnn/lei21_CAN/a4060.png,341,512,0.8350166869723811,0.8186444642697589,0.2827022898800629,0.3482506716511714,0.6965012051981265,1.381042162376915e-07,0.21442487835884094
a4064,/mnt/data_disk/HDRData/1000hdr/HDRtest/a4064-07-12-02-at-16h23m18s-_MG_9020.exr,/mnt/data_disk/ZQL/TIP_TMO_result/dnn/lei21_CAN/a4064.png,341,512,0.8752308890977989,0.8485233265921441,0.4514173105068957,0.34748062943166974,0.6949606435671822,6.152961572413949e-07,0.1819939911365509
a4068,/mnt/data_disk/HDRData/1000hdr/HDRtest/a4068-tc_DSC2612.exr,/mnt/data_disk/ZQL/TIP_TMO_result/dnn/lei21_CAN/a4068.png,340,512,0.8067479885807515,0.812233148142424,0.16204464710261515,0.33674446216307563,0.6734889243254217,7.294830976989979e-13,0.1608341634273529
a4075,/mnt/data_disk/HDRData/1000hdr/HDRtest/a4075-JI2E0444.exr,/mnt/data_disk/ZQL/TIP_TMO_result/dnn/lei21_CAN/a4075.png,341,512,0.8108826478623632,0.7257047545217828,0.2977217291266663,0.4049556341218218,0.8099112682303286,1.331497983585453e-11,0.2745668888092041
a4076,/mnt/data_disk/HDRData/1000hdr/HDRtest/a4076-_DGW6244.exr,/mnt/data_disk/ZQL/TIP_TMO_result/dnn/lei21_CAN/a4076.png,341,512,0.8116293093081502,0.820193152438872,0.1731984971283684,0.4466831265342629,0.8931318814308896,0.00023437163763612287,0.2916688024997711
a4080,/mnt/data_disk/HDRData/1000hdr/HDRtest/a4080-IMG_3765.exr,/mnt/data_disk/ZQL/TIP_TMO_result/dnn/lei21_CAN/a4080.png,341,512,0.8245678911810009,0.8258880078997922,0.2234208283978559,0.37751697185326466,0.7549833132870415,5.063041948783101e-05,0.18441049754619598
a4085,/mnt/data_disk/HDRData/1000hdr/HDRtest/a4085-_MG_2385.exr,/mnt/data_disk/ZQL/TIP_TMO_result/dnn/lei21_CAN/a4085.png,341,512,0.8471005143295653,0.8986537204331074,0.236557611299742,0.40516550206721347,0.8100726382489697,0.0002583658854572411,0.09810346364974976
a4087,/mnt/data_disk/HDRData/1000hdr/HDRtest/a4087-NKIM_MG_6395.exr,/mnt/data_disk/ZQL/TIP_TMO_result/dnn/lei21_CAN/a4087.png,341,512,0.8160537086441532,0.8371057644947116,0.17200937842592218,0.9203469283301255,0.8538010556218603,0.9868928010383908,0.22976775467395782
a4088,/mnt/data_disk/HDRData/1000hdr/HDRtest/a4088-dvf_041.exr,/mnt/data_disk/ZQL/TIP_TMO_result/dnn/lei21_CAN/a4088.png,341,512,0.815292502245882,0.8496707182857923,0.15437595736013293,0.3523170020584721,0.7046340041169434,7.87698321275688e-16,0.06497404724359512
a4091,/mnt/data_disk/HDRData/1000hdr/HDRtest/a4091-_DSC0041.exr,/mnt/data_disk/ZQL/TIP_TMO_result/dnn/lei21_CAN/a4091.png,340,512,0.8114778243011909,0.8239603701681434,0.16808822714095992,0.7525048806329253,0.7952718487254786,0.709737912540372,0.13799019157886505
a4092,/mnt/data_disk/HDRData/1000hdr/HDRtest/a4092-07-12-03-at-09h35m54s-_MG_9192.exr,/mnt/data_disk/ZQL/TIP_TMO_result/dnn/lei21_CAN/a4092.png,341,512,0.8158215853643741,0.8376637038545939,0.1703701937189283,0.9014673788353758,0.8050444100097729,0.9978903476609787,0.25618940591812134
a4093,/mnt/data_disk/HDRData/1000hdr/HDRtest/a4093-jn_20071117-031.exr,/mnt/data_disk/ZQL/TIP_TMO_result/dnn/lei21_CAN/a4093.png,341,512,0.8483877668892187,0.8164819041729332,0.35371911178412746,0.44491505608066556,0.8398196150414937,0.05001049711983745,0.2583552300930023
a4096,/mnt/data_disk/HDRData/1000hdr/HDRtest/a4096-jmac_MG_0095.exr,/mnt/data_disk/ZQL/TIP_TMO_result/dnn/lei21_CAN/a4096.png,341,512,0.8025552753177326,0.664459967025067,0.3536365726886657,0.29530271674103287,0.5906054334606547,2.1410991497775373e-11,0.14462313055992126
a4097,/mnt/data_disk/HDRData/1000hdr/HDRtest/a4097-20080623_at_14h52m36__MG_9904.exr,/mnt/data_disk/ZQL/TIP_TMO_result/dnn/lei21_CAN/a4097.png,341,512,0.8962661717476202,0.8594253683392468,0.5563581804689726,0.7335557158321897,0.8189624982006202,0.6481489334637591,0.11227089166641235
a4099,/mnt/data_disk/HDRData/1000hdr/HDRtest/a4099-_DSC0014-2.exr,/mnt/data_disk/ZQL/TIP_TMO_result/dnn/lei21_CAN/a4099.png,340,512,0.8449396152667688,0.8936574876670187,0.232626245965278,0.9430378030743933,0.9315971637030288,0.9544784424457579,0.10690076649188995
a4101,/mnt/data_disk/HDRData/1000hdr/HDRtest/a4101-IMG_5823.exr,/mnt/data_disk/ZQL/TIP_TMO_result/dnn/lei21_CAN/a4101.png,341,512,0.754409995062062,0.6149369808627474,0.19988113375701397,0.22298340028397567,0.44596680056795135,1.0442620575352422e-29,0.14963965117931366
a4102,/mnt/data_disk/HDRData/1000hdr/HDRtest/a4102-07-06-30-at-11h38m56s-_MG_1997.exr,/mnt/data_disk/ZQL/TIP_TMO_result/dnn/lei21_CAN/a4102.png,341,512,0.8478906528888839,0.8916529983474003,0.24894136083111104,0.5273179622257634,0.9235400607235847,0.1310958637279421,0.15983249247074127
a4104,/mnt/data_disk/HDRData/1000hdr/HDRtest/a4104-DSC_0260.exr,/mnt/data_disk/ZQL/TIP_TMO_result/dnn/lei21_CAN/a4104.png,340,512,0.8293044543333444,0.8202826960312036,0.2528669673157482,0.3230311319863259,0.6451419411306517,0.0009203228420000382,0.08392434567213058
a4105,/mnt/data_disk/HDRData/1000hdr/HDRtest/a4105-07-11-26-at-16h02m57s-_MG_7151.exr,/mnt/data_disk/ZQL/TIP_TMO_result/dnn/lei21_CAN/a4105.png,341,512,0.8762189283522067,0.8012586947817286,0.5332343926539714,0.31270045352571885,0.6254009070514377,9.596853283715045e-18,0.20747876167297363
a4107,/mnt/data_disk/HDRData/1000hdr/HDRtest/a4107-dvf_018.exr,/mnt/data_disk/ZQL/TIP_TMO_result/dnn/lei21_CAN/a4107.png,341,512,0.7150939703648211,0.6468983469597704,0.02235634988312802,0.3034440310093498,0.6068880620186996,5.634438324596272e-36,0.1375325471162796
a4108,/mnt/data_disk/HDRData/1000hdr/HDRtest/a4108-MB_080329_057.exr,/mnt/data_disk/ZQL/TIP_TMO_result/dnn/lei21_CAN/a4108.png,341,512,0.8618432027211376,0.8556823046701065,0.36753064504120425,0.3658363156652518,0.7147708434839631,0.01690178784654048,0.255112886428833
a4110,/mnt/data_disk/HDRData/1000hdr/HDRtest/a4110-dgw_069.exr,/mnt/data_disk/ZQL/TIP_TMO_result/dnn/lei21_CAN/a4110.png,341,512,0.8293601237384992,0.7886305744425184,0.29690917744828044,0.4522161397646109,0.7946754072213483,0.10975687230787341,0.26694703102111816
a4113,/mnt/data_disk/HDRData/1000hdr/HDRtest/a4113-IMG_2800.exr,/mnt/data_disk/ZQL/TIP_TMO_result/dnn/lei21_CAN/a4113.png,341,512,0.8022010692372072,0.7935698315499736,0.16522472973973462,0.38672027606276504,0.7734405516308783,4.946517495067918e-10,0.13344690203666687
a4116,/mnt/data_disk/HDRData/1000hdr/HDRtest/a4116-IMG_2042.exr,/mnt/data_disk/ZQL/TIP_TMO_result/dnn/lei21_CAN/a4116.png,341,512,0.8301002442241486,0.8268861888305372,0.24789467264221263,0.417803434327387,0.8176300648160623,0.01797680383871169,0.09006261080503464
a4117,/mnt/data_disk/HDRData/1000hdr/HDRtest/a4117-050918_141526__MG_5987.exr,/mnt/data_disk/ZQL/TIP_TMO_result/dnn/lei21_CAN/a4117.png,341,512,0.8267247191319915,0.834729952785205,0.22205097407935595,0.7271544138801807,0.8709988368388871,0.5833099909214741,0.22829611599445343
a4124,/mnt/data_disk/HDRData/1000hdr/HDRtest/a4124-20080709_at_10h04m23__MG_4561.exr,/mnt/data_disk/ZQL/TIP_TMO_result/dnn/lei21_CAN/a4124.png,341,512,0.8351216193533513,0.7964255571696847,0.3146256334308117,0.8703630943686684,0.8735716058877507,0.867154582849586,0.16001036763191223
a4127,/mnt/data_disk/HDRData/1000hdr/HDRtest/a4127-DSC_0152.exr,/mnt/data_disk/ZQL/TIP_TMO_result/dnn/lei21_CAN/a4127.png,340,512,0.8209043147435833,0.9214625478139867,0.10199766836689433,0.788765130387596,0.9077992232605812,0.6697310375146109,0.09030808508396149
a4131,/mnt/data_disk/HDRData/1000hdr/HDRtest/a4131-DSC_0001-2.exr,/mnt/data_disk/ZQL/TIP_TMO_result/dnn/lei21_CAN/a4131.png,340,512,0.8448121926347542,0.7681516539337055,0.40887364108425767,0.32020761991679747,0.6403900089514468,2.523088214814159e-05,0.09964749962091446
a4134,/mnt/data_disk/HDRData/1000hdr/HDRtest/a4134-IMG_0086.exr,/mnt/data_disk/ZQL/TIP_TMO_result/dnn/lei21_CAN/a4134.png,341,512,0.8384639984969621,0.9109661043585419,0.18320211541791664,0.8064882404204526,0.9314256275602897,0.6815508532806156,0.09576575458049774
a4142,/mnt/data_disk/HDRData/1000hdr/HDRtest/a4142-_DGW6275.exr,/mnt/data_disk/ZQL/TIP_TMO_result/dnn/lei21_CAN/a4142.png,341,512,0.8809584695606121,0.8223806820204465,0.5260417254269384,0.6522082126455603,0.6649232516072517,0.6394931736838688,0.18837599456310272
a4143,/mnt/data_disk/HDRData/1000hdr/HDRtest/a4143-LSCRW_0029.exr,/mnt/data_disk/ZQL/TIP_TMO_result/dnn/lei21_CAN/a4143.png,384,512,0.8267033583278097,0.814633403972934,0.24805387837133672,0.3443584783557987,0.6887169567114894,1.0797444767345835e-13,0.0914212316274643
a4144,/mnt/data_disk/HDRData/1000hdr/HDRtest/a4144-050623_122602__MG_3246.exr,/mnt/data_disk/ZQL/TIP_TMO_result/dnn/lei21_CAN/a4144.png,341,512,0.8671382434422329,0.9093940512774477,0.32069943345817686,0.7067869987414939,0.7858130387946249,0.6277609586883627,0.11535444855690002
a4150,/mnt/data_disk/HDRData/1000hdr/HDRtest/a4150-_DGW6309.exr,/mnt/data_disk/ZQL/TIP_TMO_result/dnn/lei21_CAN/a4150.png,341,512,0.8660793754710466,0.7594104267763709,0.5450769388553781,0.35498329036405196,0.6975427390369814,0.012423841691122586,0.28842422366142273
a4151,/mnt/data_disk/HDRData/1000hdr/HDRtest/a4151-dvf_026.exr,/mnt/data_disk/ZQL/TIP_TMO_result/dnn/lei21_CAN/a4151.png,341,512,0.8257197615294806,0.7538666869486993,0.32992952539101794,0.38126868686746757,0.7625373728597256,8.752095542540792e-10,0.22381092607975006
a4154,/mnt/data_disk/HDRData/1000hdr/HDRtest/a4154-IMG_4620.exr,/mnt/data_disk/ZQL/TIP_TMO_result/dnn/lei21_CAN/a4154.png,341,512,0.8298746794764034,0.8404736585815821,0.22924744889966697,0.34196090461804013,0.6829711974617434,0.0009506117743369044,0.1618792563676834
a4155,/mnt/data_disk/HDRData/1000hdr/HDRtest/a4155-WP_CRW_0237.exr,/mnt/data_disk/ZQL/TIP_TMO_result/dnn/lei21_CAN/a4155.png,341,512,0.8560829133680936,0.8603334540471425,0.33084948130309055,0.40995732970688614,0.7939625714838375,0.02595208792993479,0.13550841808319092
a4156,/mnt/data_disk/HDRData/1000hdr/HDRtest/a4156-IMG_0159.exr,/mnt/data_disk/ZQL/TIP_TMO_result/dnn/lei21_CAN/a4156.png,341,512,0.8311316745168871,0.8356759856187338,0.24126464637624329,0.45263830101541236,0.9052629976651513,1.36043656734797e-05,0.1826220452785492
a4158,/mnt/data_disk/HDRData/1000hdr/HDRtest/a4158-WP_CRW_4109.exr,/mnt/data_disk/ZQL/TIP_TMO_result/dnn/lei21_CAN/a4158.png,341,512,0.8666556011692929,0.8878862489353473,0.34736482309206307,0.33059590614069373,0.6611245239071796,6.728837420790853e-05,0.0842568576335907
a4160,/mnt/data_disk/HDRData/1000hdr/HDRtest/a4160-jn_20070824_0167.exr,/mnt/data_disk/ZQL/TIP_TMO_result/dnn/lei21_CAN/a4160.png,341,512,0.8231313756158722,0.8459785841533349,0.1920401104409951,0.42285143349798726,0.8456606652875222,4.220170845233407e-05,0.2907885015010834
a4161,/mnt/data_disk/HDRData/1000hdr/HDRtest/a4161-tc_DSC2218.exr,/mnt/data_disk/ZQL/TIP_TMO_result/dnn/lei21_CAN/a4161.png,340,512,0.7813546616695594,0.8790585456162169,0.016855420070838532,0.7852283143410078,0.8653426559843883,0.7051139726976273,0.13932134211063385
a4167,/mnt/data_disk/HDRData/1000hdr/HDRtest/a4167-IMG_0031.exr,/mnt/data_disk/ZQL/TIP_TMO_result/dnn/lei21_CAN/a4167.png,341,512,0.8660027564464374,0.8627892922189758,0.37942159007094495,0.4368062429248043,0.8736124857949674,5.4641160428476044e-11,0.19892951846122742
a4170,/mnt/data_disk/HDRData/1000hdr/HDRtest/a4170-jmac_DSC3333.exr,/mnt/data_disk/ZQL/TIP_TMO_result/dnn/lei21_CAN/a4170.png,343,512,0.8108834773898744,0.8083099969443815,0.1843732145821146,0.40915834179966765,0.8183166425096327,4.1089702607601407e-08,0.15285781025886536
a4174,/mnt/data_disk/HDRData/1000hdr/HDRtest/a4174-dgw_083.exr,/mnt/data_disk/ZQL/TIP_TMO_result/dnn/lei21_CAN/a4174.png,341,512,0.8273187936177723,0.848010656405051,0.20816670300440202,0.6689560053268916,0.8750028374033044,0.4629091732504788,0.2784453332424164
a4177,/mnt/data_disk/HDRData/1000hdr/HDRtest/a4177-jmac_DSC1412.exr,/mnt/data_disk/ZQL/TIP_TMO_result/dnn/lei21_CAN/a4177.png,340,512,0.8494833120913714,0.8552968788971799,0.3042655225261601,0.6737538955069389,0.8266362297012843,0.5208715613125934,0.09161247313022614
a4178,/mnt/data_disk/HDRData/1000hdr/HDRtest/a4178-IMG_0487.exr,/mnt/data_disk/ZQL/TIP_TMO_result/dnn/lei21_CAN/a4178.png,341,512,0.8590188735359586,0.9174602033126645,0.26989847685418844,0.8255268401293512,0.9334398209190892,0.7176138593396133,0.08764085173606873
a4184,/mnt/data_disk/HDRData/1000hdr/HDRtest/a4184-jmac_MG_5507.exr,/mnt/data_disk/ZQL/TIP_TMO_result/dnn/lei21_CAN/a4184.png,341,512,0.8619848026368884,0.8115505534329839,0.43476543081549024,0.4008726552876353,0.8015531182356663,0.00019219233960437147,0.23836186528205872
a4185,/mnt/data_disk/HDRData/1000hdr/HDRtest/a4185-DSC_0055-2.exr,/mnt/data_disk/ZQL/TIP_TMO_result/dnn/lei21_CAN/a4185.png,340,512,0.8281985668991194,0.8566844062494462,0.20152180906649303,0.444219130634459,0.8878871745092186,0.0005510867596994271,0.16097480058670044
a4188,/mnt/data_disk/HDRData/1000hdr/HDRtest/a4188-_MG_1604.exr,/mnt/data_disk/ZQL/TIP_TMO_result/dnn/lei21_CAN/a4188.png,341,512,0.8246160134599265,0.7250238873858432,0.36953667448956073,0.3146176900371701,0.6231170837002061,0.00611829637413407,0.23232002556324005
a4191,/mnt/data_disk/HDRData/1000hdr/HDRtest/a4191-IMG_4849.exr,/mnt/data_disk/ZQL/TIP_TMO_result/dnn/lei21_CAN/a4191.png,341,512,0.845278989779214,0.8516027651372179,0.28834138362974887,0.4338768934763179,0.8676954849416757,5.830201096013718e-05,0.16119518876075745
a4194,/mnt/data_disk/HDRData/1000hdr/HDRtest/a4194-LS051026_day_1_arive50.exr,/mnt/data_disk/ZQL/TIP_TMO_result/dnn/lei21_CAN/a4194.png,341,512,0.8395644136988831,0.8104603585420667,0.316931825798805,0.42684003651467783,0.852173480437783,0.0015065925915726634,0.14015263319015503
a4197,/mnt/data_disk/HDRData/1000hdr/HDRtest/a4197-_MG_6428.exr,/mnt/data_disk/ZQL/TIP_TMO_result/dnn/lei21_CAN/a4197.png,341,512,0.8434454909044986,0.9365110453734126,0.17628587478103488,0.8075067186108918,0.8973513983278468,0.7176620388939369,0.07741150259971619
a4198,/mnt/data_disk/HDRData/1000hdr/HDRtest/a4198-_DSC6401.exr,/mnt/data_disk/ZQL/TIP_TMO_result/dnn/lei21_CAN/a4198.png,341,512,0.7808222762395433,0.7098934998122207,0.18028842361237013,0.48560556181919456,0.8137126715823083,0.15749845205608082,0.2572585940361023
a4199,/mnt/data_disk/HDRData/1000hdr/HDRtest/a4199-jmac_MG_5003.exr,/mnt/data_disk/ZQL/TIP_TMO_result/dnn/lei21_CAN/a4199.png,341,512,0.8220395383535718,0.8537889339806544,0.17803338613879593,0.48039431810608024,0.8644519239627619,0.09633671224939856,0.2801987826824188
a4201,/mnt/data_disk/HDRData/1000hdr/HDRtest/a4201-_DSC0120.exr,/mnt/data_disk/ZQL/TIP_TMO_result/dnn/lei21_CAN/a4201.png,340,512,0.8267992590168189,0.8468633501201509,0.20724443442968948,0.38668277768643866,0.7731762770592153,0.0001892783136620196,0.22046774625778198
a4202,/mnt/data_disk/HDRData/1000hdr/HDRtest/a4202-DSC_0439.exr,/mnt/data_disk/ZQL/TIP_TMO_result/dnn/lei21_CAN/a4202.png,343,512,0.8474398962818754,0.8224289631631521,0.3400861286817288,0.496169990307053,0.7572028127421251,0.23513716787198094,0.1467384546995163
a4204,/mnt/data_disk/HDRData/1000hdr/HDRtest/a4204-_DGW7870.exr,/mnt/data_disk/ZQL/TIP_TMO_result/dnn/lei21_CAN/a4204.png,341,512,0.8846664513750244,0.7587781291918408,0.6599707771809692,0.7181368869815399,0.4918667130206579,0.9444070609424219,0.10371021181344986
a4212,/mnt/data_disk/HDRData/1000hdr/HDRtest/a4212-Duggan_090321_5925.exr,/mnt/data_disk/ZQL/TIP_TMO_result/dnn/lei21_CAN/a4212.png,341,512,0.8396238671155363,0.8211903599486801,0.30201695810311036,0.7053353640742048,0.8128295786176948,0.5978411495307149,0.17835576832294464
a4214,/mnt/data_disk/HDRData/1000hdr/HDRtest/a4214-DSC_0267.exr,/mnt/data_disk/ZQL/TIP_TMO_result/dnn/lei21_CAN/a4214.png,343,512,0.8856766913742021,0.8674490014353604,0.4815834311332985,0.6737636081888598,0.9068511045150291,0.44067611186269057,0.14968883991241455
a4216,/mnt/data_disk/HDRData/1000hdr/HDRtest/a4216-DSC_0118.exr,/mnt/data_disk/ZQL/TIP_TMO_result/dnn/lei21_CAN/a4216.png,343,512,0.8426577802882742,0.8785096685315619,0.24073948945676518,0.45910397262804714,0.9179156190669485,0.000292326189145728,0.13759145140647888
a4220,/mnt/data_disk/HDRData/1000hdr/HDRtest/a4220-Duggan_090305_5359.exr,/mnt/data_disk/ZQL/TIP_TMO_result/dnn/lei21_CAN/a4220.png,341,512,0.8242382271895533,0.828404744797919,0.21870853084730393,0.34402432184507303,0.6880485252525341,1.1843761188547621e-07,0.1955094039440155
a4228,/mnt/data_disk/HDRData/1000hdr/HDRtest/a4228-DSC_0037-2.exr,/mnt/data_disk/ZQL/TIP_TMO_result/dnn/lei21_CAN/a4228.png,340,512,0.8817332870339406,0.8496314412716872,0.4867057040882989,0.787729152888822,0.671391584145888,0.904066721631756,0.09372773766517639
a4230,/mnt/data_disk/HDRData/1000hdr/HDRtest/a4230-Duggan_090426_7798.exr,/mnt/data_disk/ZQL/TIP_TMO_result/dnn/lei21_CAN/a4230.png,341,512,0.7717078606388909,0.734426516695201,0.11305998683040429,0.4279780695748125,0.8559561365839689,2.565656138075061e-09,0.1961219310760498
a4231,/mnt/data_disk/HDRData/1000hdr/HDRtest/a4231-Duggan_080326_5786.exr,/mnt/data_disk/ZQL/TIP_TMO_result/dnn/lei21_CAN/a4231.png,341,512,0.7867154547683024,0.7547053411548078,0.14805658686429246,0.2849933908293609,0.5693154156283785,0.0006713660303434004,0.07810530811548233
a4232,/mnt/data_disk/HDRData/1000hdr/HDRtest/a4232-Duggan_090323_6181.exr,/mnt/data_disk/ZQL/TIP_TMO_result/dnn/lei21_CAN/a4232.png,341,512,0.7867848254405866,0.8444991359844768,0.05605082776953918,0.7662698231538517,0.8270801045034638,0.7054595418042396,0.23959209024906158
a4235,/mnt/data_disk/HDRData/1000hdr/HDRtest/a4235-DSC_0433.exr,/mnt/data_disk/ZQL/TIP_TMO_result/dnn/lei21_CAN/a4235.png,343,512,0.8358556173919927,0.8210757827065486,0.2834772399114935,0.3481048215925671,0.6961368705931874,7.277259194687655e-05,0.15203140676021576
a4236,/mnt/data_disk/HDRData/1000hdr/HDRtest/a4236-DSC_0384.exr,/mnt/data_disk/ZQL/TIP_TMO_result/dnn/lei21_CAN/a4236.png,343,512,0.8068919702241999,0.878157074925806,0.09250350600143083,0.9421807836035023,0.9256270531491895,0.9587345140578151,0.10654614865779877
a4237,/mnt/data_disk/HDRData/1000hdr/HDRtest/a4237-20090417_at_18h06m01__MG_1955.exr,/mnt/data_disk/ZQL/TIP_TMO_result/dnn/lei21_CAN/a4237.png,341,512,0.7843269543254872,0.7192998281151242,0.18290008221755338,0.26291956987052173,0.5258391397410435,4.293442660407194e-19,0.15011054277420044
a4238,/mnt/data_disk/HDRData/1000hdr/HDRtest/a4238-Duggan_090320_5609.exr,/mnt/data_disk/ZQL/TIP_TMO_result/dnn/lei21_CAN/a4238.png,341,512,0.8217197371056721,0.897064878749691,0.1291448442890808,0.8779381717024181,0.8972900049760986,0.8585863384287375,0.12912589311599731
a4239,/mnt/data_disk/HDRData/1000hdr/HDRtest/a4239-Duggan_080114_4429.exr,/mnt/data_disk/ZQL/TIP_TMO_result/dnn/lei21_CAN/a4239.png,341,512,0.7872193760271556,0.8145724276735143,0.08465041390209357,0.36040005786021256,0.7208001034556539,1.2264771220651771e-08,0.13097727298736572
a4244,/mnt/data_disk/HDRData/1000hdr/HDRtest/a4244-Duggan_090504_8959.exr,/mnt/data_disk/ZQL/TIP_TMO_result/dnn/lei21_CAN/a4244.png,341,512,0.8519864770718678,0.6603614721844128,0.6464229164930411,0.22831407662561007,0.45662735719065395,7.960605661879276e-07,0.16344501078128815
a4246,/mnt/data_disk/HDRData/1000hdr/HDRtest/a4246-Duggan_090330_6226.exr,/mnt/data_disk/ZQL/TIP_TMO_result/dnn/lei21_CAN/a4246.png,341,512,0.8040337530412371,0.7353852151782911,0.25010353231748716,0.3107063639469197,0.6214127278938381,1.3271791558676146e-15,0.17128609120845795
a4249,/mnt/data_disk/HDRData/1000hdr/HDRtest/a4249-Duggan_090322_6001.exr,/mnt/data_disk/ZQL/TIP_TMO_result/dnn/lei21_CAN/a4249.png,341,512,0.8107663005806215,0.8357343042027181,0.15152035026131624,0.6205347080644099,0.8630417607189094,0.37802765540991046,0.2064652442932129
a4254,/mnt/data_disk/HDRData/1000hdr/HDRtest/a4254-DSC_0066.exr,/mnt/data_disk/ZQL/TIP_TMO_result/dnn/lei21_CAN/a4254.png,340,512,0.8176784274666589,0.803135093674237,0.22119964028278855,0.2599406388396658,0.5192110816460335,0.0006701960332981363,0.08567073196172714
a4258,/mnt/data_disk/HDRData/1000hdr/HDRtest/a4258-_DSC0012-4.exr,/mnt/data_disk/ZQL/TIP_TMO_result/dnn/lei21_CAN/a4258.png,340,512,0.8441269784242617,0.8034884515300236,0.3506331623426812,0.6640559415215295,0.7022722677069715,0.6258396153360876,0.08550050854682922
a4262,/mnt/data_disk/HDRData/1000hdr/HDRtest/a4262-DSC_0065.exr,/mnt/data_disk/ZQL/TIP_TMO_result/dnn/lei21_CAN/a4262.png,340,512,0.8938319017309122,0.8599669378226925,0.5409785974662701,0.5469604560855423,0.5857755870352707,0.5081453251358141,0.0904122143983841
a4266,/mnt/data_disk/HDRData/1000hdr/HDRtest/a4266-DSC_0426.exr,/mnt/data_disk/ZQL/TIP_TMO_result/dnn/lei21_CAN/a4266.png,343,512,0.8328994349054409,0.7831438304677817,0.3227505700581193,0.41020471372817835,0.8023363494796389,0.01807307797671773,0.19640225172042847
a4267,/mnt/data_disk/HDRData/1000hdr/HDRtest/a4267-20090414_at_23h13m08__MG_1367.exr,/mnt/data_disk/ZQL/TIP_TMO_result/dnn/lei21_CAN/a4267.png,341,512,0.6953915113548033,0.5508692512103182,0.060606856616276066,0.18398594388616193,0.36797188777232387,2.6327854471177094e-32,0.13588300347328186
a4271,/mnt/data_disk/HDRData/1000hdr/HDRtest/a4271-Duggan_090227_5232.exr,/mnt/data_disk/ZQL/TIP_TMO_result/dnn/lei21_CAN/a4271.png,341,512,0.8323192323628968,0.908917626920416,0.15938824425542508,0.7917560021718488,0.8856062337392244,0.6979057706044731,0.17428205907344818
a4272,/mnt/data_disk/HDRData/1000hdr/HDRtest/a4272-DSC_0398.exr,/mnt/data_disk/ZQL/TIP_TMO_result/dnn/lei21_CAN/a4272.png,343,512,0.7426837526844877,0.6126086438136937,0.15313013222675467,0.1650070645190803,0.3300141290381606,1.6380432621432436e-18,0.1325133889913559
a4275,/mnt/data_disk/HDRData/1000hdr/HDRtest/a4275-09-05-12-at-17h46m31s-_MG_8890.exr,/mnt/data_disk/ZQL/TIP_TMO_result/dnn/lei21_CAN/a4275.png,341,512,0.8694539579236344,0.8321251441901778,0.4443386514802941,0.37027121417952186,0.6579853829954125,0.0825570453636312,0.142615407705307
a4287,/mnt/data_disk/HDRData/1000hdr/HDRtest/a4287-_DSC0083.exr,/mnt/data_disk/ZQL/TIP_TMO_result/dnn/lei21_CAN/a4287.png,340,512,0.8408419282685798,0.866810297160281,0.24696468455061568,0.45166803201152644,0.8628793082924131,0.04045675573063976,0.11538849771022797
a4291,/mnt/data_disk/HDRData/1000hdr/HDRtest/a4291-20090417_at_18h46m58__MG_2026.exr,/mnt/data_disk/ZQL/TIP_TMO_result/dnn/lei21_CAN/a4291.png,341,512,0.8480640147303312,0.8489798993189281,0.3057911854110458,0.3882250443649369,0.7763604376225987,8.965110727510316e-05,0.11118778586387634
a4297,/mnt/data_disk/HDRData/1000hdr/HDRtest/a4297-_DSC0034.exr,/mnt/data_disk/ZQL/TIP_TMO_result/dnn/lei21_CAN/a4297.png,340,512,0.8354954228434055,0.8201922120639948,0.2829229087040295,0.4221658701599567,0.8343059111483814,0.010025829171532085,0.13530907034873962
a4298,/mnt/data_disk/HDRData/1000hdr/HDRtest/a4298-Duggan_090504_9090.exr,/mnt/data_disk/ZQL/TIP_TMO_result/dnn/lei21_CAN/a4298.png,341,512,0.8975156047114321,0.8304995576716063,0.6120993066916677,0.3786425007295579,0.7572849902025337,1.1256582150608834e-08,0.13954930007457733
a4302,/mnt/data_disk/HDRData/1000hdr/HDRtest/a4302-20090425_at_17h00m59__MG_0404.exr,/mnt/data_disk/ZQL/TIP_TMO_result/dnn/lei21_CAN/a4302.png,341,512,0.8485930128622796,0.7965943946722375,0.38473170066262585,0.4661611588076431,0.7224278033843725,0.20989451423091363,0.22237911820411682
a4304,/mnt/data_disk/HDRData/1000hdr/HDRtest/a4304-09-05-19-at-18h03m17s-_MG_9540.exr,/mnt/data_disk/ZQL/TIP_TMO_result/dnn/lei21_CAN/a4304.png,341,512,0.8148190665503066,0.7000551636071846,0.35852016325768293,0.23814030321378424,0.47628060642756687,1.635550918563804e-15,0.16768300533294678
a4307,/mnt/data_disk/HDRData/1000hdr/HDRtest/a4307-20050328_161219__MG_0628.exr,/mnt/data_disk/ZQL/TIP_TMO_result/dnn/lei21_CAN/a4307.png,341,512,0.8561437625196866,0.9000935368884945,0.2779526763533294,0.44799938395192507,0.894366451197009,0.0016323167068411871,0.08608375489711761
a4308,/mnt/data_disk/HDRData/1000hdr/HDRtest/a4308-Duggan_090209_4996.exr,/mnt/data_disk/ZQL/TIP_TMO_result/dnn/lei21_CAN/a4308.png,341,512,0.8496228927570938,0.814050226294209,0.3638237820549856,0.8273974485216735,0.7435515998564222,0.9112432971869249,0.2169138342142105
a4310,/mnt/data_disk/HDRData/1000hdr/HDRtest/a4310-DSC_0007.exr,/mnt/data_disk/ZQL/TIP_TMO_result/dnn/lei21_CAN/a4310.png,340,512,0.8492083395102531,0.8045792497071906,0.37584563243619945,0.492353499240228,0.9070615088433862,0.07764548963706973,0.13243907690048218
a4312,/mnt/data_disk/HDRData/1000hdr/HDRtest/a4312-20090417_at_16h32m44__MG_1867.exr,/mnt/data_disk/ZQL/TIP_TMO_result/dnn/lei21_CAN/a4312.png,341,512,0.7969381108062038,0.7582913422384189,0.18665045256725807,0.3812028297921946,0.7624056595840782,3.110055494138618e-13,0.270539253950119
a4317,/mnt/data_disk/HDRData/1000hdr/HDRtest/a4317-DSC_0224.exr,/mnt/data_disk/ZQL/TIP_TMO_result/dnn/lei21_CAN/a4317.png,343,512,0.8178582268087405,0.7318576807109417,0.3234904852615305,0.27314075480532707,0.5462815096106541,2.7466382314765056e-29,0.13440272212028503
a4318,/mnt/data_disk/HDRData/1000hdr/HDRtest/a4318-Duggan_090321_5920.exr,/mnt/data_disk/ZQL/TIP_TMO_result/dnn/lei21_CAN/a4318.png,341,512,0.8638619193093549,0.9322371449609522,0.27493011349439284,0.5242640106548702,0.8784550247922599,0.1700729965174805,0.10319902747869492
a4319,/mnt/data_disk/HDRData/1000hdr/HDRtest/a4319-DSC_0132.exr,/mnt/data_disk/ZQL/TIP_TMO_result/dnn/lei21_CAN/a4319.png,340,512,0.8396391224345741,0.8388605516062142,0.27780346707421855,0.6774777017423959,0.8422883512491166,0.512667052235675,0.14072482287883759
a4323,/mnt/data_disk/HDRData/1000hdr/HDRtest/a4323-DSC_0010.exr,/mnt/data_disk/ZQL/TIP_TMO_result/dnn/lei21_CAN/a4323.png,343,512,0.8202335184529969,0.8260568321960357,0.2035899870386739,0.31152083230441796,0.623041664549596,5.923997211017054e-11,0.19392964243888855
a4324,/mnt/data_disk/HDRData/1000hdr/HDRtest/a4324-DSC_0002.exr,/mnt/data_disk/ZQL/TIP_TMO_result/dnn/lei21_CAN/a4324.png,343,512,0.8290238605050883,0.8356274515337818,0.23149895123866954,0.2883965798164727,0.5767931485442627,1.1088682787570188e-08,0.14200851321220398
a4326,/mnt/data_disk/HDRData/1000hdr/HDRtest/a4326-DSC_0461.exr,/mnt/data_disk/ZQL/TIP_TMO_result/dnn/lei21_CAN/a4326.png,343,512,0.7497022968743893,0.6962432375910922,0.07654858134807893,0.3187831359955714,0.6375662719911428,1.5568884497464798e-24,0.13465319573879242
a4329,/mnt/data_disk/HDRData/1000hdr/HDRtest/a4329-DSC_0028.exr,/mnt/data_disk/ZQL/TIP_TMO_result/dnn/lei21_CAN/a4329.png,340,512,0.8428154094347173,0.8065579887798018,0.3392718971253481,0.39917077800682366,0.51992581950679,0.2784157365068574,0.08392632752656937
a4331,/mnt/data_disk/HDRData/1000hdr/HDRtest/a4331-_DGW0241.exr,/mnt/data_disk/ZQL/TIP_TMO_result/dnn/lei21_CAN/a4331.png,341,512,0.7496437967427737,0.6661360872130367,0.11042608889582503,0.26177923502727224,0.523558470054392,1.5239831901508246e-13,0.13572458922863007
a4335,/mnt/data_disk/HDRData/1000hdr/HDRtest/a4335-Duggan_090123_4520.exr,/mnt/data_disk/ZQL/TIP_TMO_result/dnn/lei21_CAN/a4335.png,341,512,0.8100936777286959,0.8469032127550841,0.1364029663325209,0.42401597568155547,0.8480319513630941,1.6838146151996183e-14,0.24325110018253326
a4338,/mnt/data_disk/HDRData/1000hdr/HDRtest/a4338-DSC_0206.exr,/mnt/data_disk/ZQL/TIP_TMO_result/dnn/lei21_CAN/a4338.png,343,512,0.8774929859783975,0.8208509673369163,0.5082518298829111,0.2629155822700889,0.5079239114191935,0.017907253120984252,0.10475529730319977
a4339,/mnt/data_disk/HDRData/1000hdr/HDRtest/a4339-Duggan_090111_4244.exr,/mnt/data_disk/ZQL/TIP_TMO_result/dnn/lei21_CAN/a4339.png,341,512,0.8221669564791345,0.8192117872462709,0.2209727535790275,0.3396016091091559,0.6792032182133432,4.968559827024734e-12,0.22427420318126678
a4340,/mnt/data_disk/HDRData/1000hdr/HDRtest/a4340-DSC_0441.exr,/mnt/data_disk/ZQL/TIP_TMO_result/dnn/lei21_CAN/a4340.png,343,512,0.7377145826759604,0.6022511088570588,0.14743315468935278,0.2130380133731353,0.4260747487421245,1.278004146139361e-06,0.14583046734333038
a4342,/mnt/data_disk/HDRData/1000hdr/HDRtest/a4342-DSC_0043.exr,/mnt/data_disk/ZQL/TIP_TMO_result/dnn/lei21_CAN/a4342.png,340,512,0.8322505845425462,0.7979681718803185,0.29797364573755053,0.30006474991058035,0.6001294998211599,8.069844844180248e-16,0.12311193346977234
a4345,/mnt/data_disk/HDRData/1000hdr/HDRtest/a4345-Duggan_080411_5976.exr,/mnt/data_disk/ZQL/TIP_TMO_result/dnn/lei21_CAN/a4345.png,341,512,0.7968130734264053,0.7616352709547952,0.18182513143666768,0.3506716738414426,0.7013433476828852,2.3384295297866985e-17,0.13826905190944672
a4354,/mnt/data_disk/HDRData/1000hdr/HDRtest/a4354-DSC_0347.exr,/mnt/data_disk/ZQL/TIP_TMO_result/dnn/lei21_CAN/a4354.png,343,512,0.847380049759335,0.8695849946102008,0.2747487018160091,0.4081917851850598,0.8163835703683426,1.7769560086101006e-12,0.19166584312915802
a4356,/mnt/data_disk/HDRData/1000hdr/HDRtest/a4356-_DSC1335.exr,/mnt/data_disk/ZQL/TIP_TMO_result/dnn/lei21_CAN/a4356.png,341,512,0.6740850630317387,0.5154131823431883,0.037385884570083405,0.13619051532195703,0.27238092811735637,1.0252655767484967e-07,0.07238776236772537
a4357,/mnt/data_disk/HDRData/1000hdr/HDRtest/a4357-Duggan_090124_4645.exr,/mnt/data_disk/ZQL/TIP_TMO_result/dnn/lei21_CAN/a4357.png,341,512,0.8520348024746583,0.8939970744425964,0.2657899105822508,0.43545686396099065,0.8707952878769444,0.00011844004503695173,0.14291377365589142
a4366,/mnt/data_disk/HDRData/1000hdr/HDRtest/a4366-DSC_0447.exr,/mnt/data_disk/ZQL/TIP_TMO_result/dnn/lei21_CAN/a4366.png,343,512,0.859888786238468,0.911343019985434,0.2818903177086772,0.7694747208049044,0.8041658809015315,0.7347835607082773,0.08358266949653625
a4368,/mnt/data_disk/HDRData/1000hdr/HDRtest/a4368-Duggan_090321_5857.exr,/mnt/data_disk/ZQL/TIP_TMO_result/dnn/lei21_CAN/a4368.png,341,512,0.8222762273340772,0.8459904250546741,0.1882832525771605,0.42600794773092854,0.8520158937596151,1.7022419805366616e-09,0.17458654940128326
a4370,/mnt/data_disk/HDRData/1000hdr/HDRtest/a4370-DSC_0080.exr,/mnt/data_disk/ZQL/TIP_TMO_result/dnn/lei21_CAN/a4370.png,340,512,0.8448706343969931,0.8479020809997008,0.2913253014294067,0.4262013416526631,0.8523955761583628,7.107146963371301e-06,0.10538752377033234
a4374,/mnt/data_disk/HDRData/1000hdr/HDRtest/a4374-09-05-19-at-17h54m57s-_MG_9531.exr,/mnt/data_disk/ZQL/TIP_TMO_result/dnn/lei21_CAN/a4374.png,341,512,0.8548222886068023,0.8501624122965656,0.3386241344548134,0.30385374842200336,0.6076550022522162,5.249459179050346e-05,0.1004960760474205
a4377,/mnt/data_disk/HDRData/1000hdr/HDRtest/a4377-IMG_4929.exr,/mnt/data_disk/ZQL/TIP_TMO_result/dnn/lei21_CAN/a4377.png,341,512,0.8668221294078979,0.8944607917956254,0.3391945552377868,0.9193244220974561,0.8530804324199609,0.9855684117749512,0.09516048431396484
a4382,/mnt/data_disk/HDRData/1000hdr/HDRtest/a4382-DSC_0261.exr,/mnt/data_disk/ZQL/TIP_TMO_result/dnn/lei21_CAN/a4382.png,343,512,0.8260943660407988,0.826419992169991,0.22976855065446586,0.6704820748301402,0.871850387685978,0.4691137619743025,0.15405023097991943
a4384,/mnt/data_disk/HDRData/1000hdr/HDRtest/a4384-DSC_0322.exr,/mnt/data_disk/ZQL/TIP_TMO_result/dnn/lei21_CAN/a4384.png,343,512,0.8111135031489876,0.7941761488916492,0.20309000458256518,0.4043309668525267,0.8086596640321186,2.269672934729876e-06,0.12712903320789337
a4385,/mnt/data_disk/HDRData/1000hdr/HDRtest/a4385-_DGW9650.exr,/mnt/data_disk/ZQL/TIP_TMO_result/dnn/lei21_CAN/a4385.png,341,512,0.8323157780433444,0.8552670689517261,0.2218501998159902,0.377952005440614,0.7558986487803795,5.362100848614609e-06,0.16604672372341156
a4386,/mnt/data_disk/HDRData/1000hdr/HDRtest/a4386-Duggan_090124_4632.exr,/mnt/data_disk/ZQL/TIP_TMO_result/dnn/lei21_CAN/a4386.png,341,512,0.8621334971918639,0.8953829413403082,0.31393145605009226,0.3864380676128475,0.7722011318947729,0.0006750033309220403,0.10053641349077225
a4392,/mnt/data_disk/HDRData/1000hdr/HDRtest/a4392-Duggan_090331_6554.exr,/mnt/data_disk/ZQL/TIP_TMO_result/dnn/lei21_CAN/a4392.png,341,512,0.8096126579329663,0.8349548092479837,0.14769183699755178,0.4612588793494297,0.8795377021222396,0.042980056576619886,0.2255328893661499
a4394,/mnt/data_disk/HDRData/1000hdr/HDRtest/a4394-Duggan_090127_4837.exr,/mnt/data_disk/ZQL/TIP_TMO_result/dnn/lei21_CAN/a4394.png,341,512,0.7632878960724099,0.6848708993700453,0.13999777546104775,0.2877386168700405,0.575466134317708,1.1099422373032084e-05,0.18496069312095642
a4395,/mnt/data_disk/HDRData/1000hdr/HDRtest/a4395-Duggan_090503_8734.exr,/mnt/data_disk/ZQL/TIP_TMO_result/dnn/lei21_CAN/a4395.png,341,512,0.8541753123190842,0.6964539056202738,0.5887695919171041,0.6443146247002179,0.31789013765899277,0.9707391117414431,0.07240543514490128
a4396,/mnt/data_disk/HDRData/1000hdr/HDRtest/a4396-DSC_0073-2.exr,/mnt/data_disk/ZQL/TIP_TMO_result/dnn/lei21_CAN/a4396.png,340,512,0.8393234244672801,0.8674077514068917,0.23907004026722845,0.5579613105191658,0.7783782850260152,0.3375443360123163,0.11319222301244736
a4398,/mnt/data_disk/HDRData/1000hdr/HDRtest/a4398-Duggan_050709_1062.exr,/mnt/data_disk/ZQL/TIP_TMO_result/dnn/lei21_CAN/a4398.png,341,512,0.8263715158452156,0.8498709857030187,0.2016540885531151,0.44379326748430964,0.8875860382538042,4.967148150563591e-07,0.13373658061027527
a4399,/mnt/data_disk/HDRData/1000hdr/HDRtest/a4399-Duggan_080410_5879.exr,/mnt/data_disk/ZQL/TIP_TMO_result/dnn/lei21_CAN/a4399.png,341,512,0.8027485241164943,0.7738549413813935,0.19206553965217188,0.28473525753791684,0.5693945875430709,7.592753276269954e-05,0.08650427311658859
a4409,/mnt/data_disk/HDRData/1000hdr/HDRtest/a4409-Duggan_090503_8738.exr,/mnt/data_disk/ZQL/TIP_TMO_result/dnn/lei21_CAN/a4409.png,341,512,0.8733380898153933,0.8492542339691502,0.43968130695486674,0.8412718000291685,0.6853575119670448,0.9971860880912922,0.14604324102401733
a4419,/mnt/data_disk/HDRData/1000hdr/HDRtest/a4419-_DGW0269.exr,/mnt/data_disk/ZQL/TIP_TMO_result/dnn/lei21_CAN/a4419.png,341,512,0.8805551901443966,0.8388189161140219,0.49704007639888914,0.3431191832630626,0.6838986723558287,0.002339694170296536,0.12216169387102127
a4420,/mnt/data_disk/HDRData/1000hdr/HDRtest/a4420-DSC_0054.exr,/mnt/data_disk/ZQL/TIP_TMO_result/dnn/lei21_CAN/a4420.png,343,512,0.6682351978086442,0.4827081613214802,0.0580854241966347,0.21835317185743167,0.43670634371486333,2.140419803190769e-36,0.16931967437267303
a4421,/mnt/data_disk/HDRData/1000hdr/HDRtest/a4421-Duggan_090214_5129.exr,/mnt/data_disk/ZQL/TIP_TMO_result/dnn/lei21_CAN/a4421.png,341,512,0.813403550758168,0.7672488897938193,0.24954518609453968,0.795395673960924,0.632925730625045,0.9578656172968031,0.11077120155096054
a4425,/mnt/data_disk/HDRData/1000hdr/HDRtest/a4425-DSC_0007.exr,/mnt/data_disk/ZQL/TIP_TMO_result/dnn/lei21_CAN/a4425.png,343,512,0.8284649191793714,0.824301416089746,0.24358155681959265,0.5161159200453922,0.663235252697201,0.36899658739358354,0.15871521830558777
a4430,/mnt/data_disk/HDRData/1000hdr/HDRtest/a4430-09-05-19-at-19h04m03s-_MG_9559.exr,/mnt/data_disk/ZQL/TIP_TMO_result/dnn/lei21_CAN/a4430.png,341,512,0.7695225516182806,0.7547279660755069,0.08325622818635872,0.19956153839035554,0.3991230767807111,1.5753575878114062e-34,0.13323409855365753
a4431,/mnt/data_disk/HDRData/1000hdr/HDRtest/a4431-Duggan_090330_6282.exr,/mnt/data_disk/ZQL/TIP_TMO_result/dnn/lei21_CAN/a4431.png,341,512,0.8555800734984766,0.8248448710964287,0.37941764924114424,0.4023004774992565,0.5713283754680453,0.23327257953046776,0.15269681811332703
a4432,/mnt/data_disk/HDRData/1000hdr/HDRtest/a4432-Duggan_081114_3124.exr,/mnt/data_disk/ZQL/TIP_TMO_result/dnn/lei21_CAN/a4432.png,341,512,0.8159689863251506,0.7612458955545864,0.2703073430852771,0.4605949358620506,0.7148318270391417,0.20635804468495939,0.14231494069099426
a4433,/mnt/data_disk/HDRData/1000hdr/HDRtest/a4433-Duggan_090504_8957.exr,/mnt/data_disk/ZQL/TIP_TMO_result/dnn/lei21_CAN/a4433.png,341,512,0.9153089197864529,0.8580342711842144,0.6759816480804146,0.5601064938085647,0.40700745673914535,0.7132055308779841,0.13557098805904388
a4434,/mnt/data_disk/HDRData/1000hdr/HDRtest/a4434-20090414_at_23h05m38__MG_1365.exr,/mnt/data_disk/ZQL/TIP_TMO_result/dnn/lei21_CAN/a4434.png,341,512,0.5064296837927129,0.1830562001080959,0.06538925073384359,0.14707755392622326,0.294155103763856,4.08859050633627e-09,0.058832548558712006
a4435,/mnt/data_disk/HDRData/1000hdr/HDRtest/a4435-WP_CRW_0591.exr,/mnt/data_disk/ZQL/TIP_TMO_result/dnn/lei21_CAN/a4435.png,341,512,0.825998993964896,0.8700037969353102,0.17619581110715746,0.612593465430056,0.8675091212645396,0.3576778095955724,0.1667690873146057
a4436,/mnt/data_disk/HDRData/1000hdr/HDRtest/a4436-DSC_0153.exr,/mnt/data_disk/ZQL/TIP_TMO_result/dnn/lei21_CAN/a4436.png,343,512,0.8494988618496625,0.8492575857281538,0.3126431306101869,0.46100434959780584,0.849171523792536,0.07283717540307569,0.12913507223129272
a4442,/mnt/data_disk/HDRData/1000hdr/HDRtest/a4442-Duggan_080629_9284.exr,/mnt/data_disk/ZQL/TIP_TMO_result/dnn/lei21_CAN/a4442.png,341,512,0.8270085847650138,0.7921091450872931,0.2803473281245873,0.3492088219291089,0.6984001881440708,1.745571414697658e-05,0.14355334639549255
a4447,/mnt/data_disk/HDRData/1000hdr/HDRtest/a4447-Duggan_090321_5856.exr,/mnt/data_disk/ZQL/TIP_TMO_result/dnn/lei21_CAN/a4447.png,341,512,0.8383689370222878,0.7955612524219441,0.3324790798831822,0.5868318435236815,0.8571509017177861,0.31651278532957683,0.205552875995636
a4448,/mnt/data_disk/HDRData/1000hdr/HDRtest/a4448-Duggan_080119_4778.exr,/mnt/data_disk/ZQL/TIP_TMO_result/dnn/lei21_CAN/a4448.png,341,512,0.8620540110396603,0.911125609133385,0.29285660719017775,0.6296616431945421,0.9031412941497785,0.3561819922393057,0.06915418803691864
a4449,/mnt/data_disk/HDRData/1000hdr/HDRtest/a4449-DSC_0030.exr,/mnt/data_disk/ZQL/TIP_TMO_result/dnn/lei21_CAN/a4449.png,343,512,0.7740777238633505,0.7285556434641445,0.12898146656763215,0.37211890313562085,0.7442378062702227,1.0189577370311367e-12,0.14009788632392883
a4452,/mnt/data_disk/HDRData/1000hdr/HDRtest/a4452-DSC_0084.exr,/mnt/data_disk/ZQL/TIP_TMO_result/dnn/lei21_CAN/a4452.png,340,512,0.8570619299465867,0.8453853459266115,0.3571341637968029,0.4409194077900949,0.8688985075913291,0.01294030798886065,0.16921205818653107
a4455,/mnt/data_disk/HDRData/1000hdr/HDRtest/a4455-Duggan_080106_4325.exr,/mnt/data_disk/ZQL/TIP_TMO_result/dnn/lei21_CAN/a4455.png,341,512,0.8667971259963226,0.862898909023009,0.3835206830574867,0.42966933667157564,0.8591971361192651,0.00014153722388615848,0.2040802240371704
a4456,/mnt/data_disk/HDRData/1000hdr/HDRtest/a4456-DSC_0472.exr,/mnt/data_disk/ZQL/TIP_TMO_result/dnn/lei21_CAN/a4456.png,343,512,0.8085254077837187,0.7788245670350125,0.21134430715556135,0.36980315182528695,0.7334806421914173,0.006125661459156603,0.15945668518543243
a4457,/mnt/data_disk/HDRData/1000hdr/HDRtest/a4457-_DSC0012-5.exr,/mnt/data_disk/ZQL/TIP_TMO_result/dnn/lei21_CAN/a4457.png,340,512,0.8367919914608813,0.8718557898907139,0.22181797416238433,0.9089259473789677,0.873597435728267,0.9442544590296683,0.09083902090787888
a4465,/mnt/data_disk/HDRData/1000hdr/HDRtest/a4465-DSC_0051.exr,/mnt/data_disk/ZQL/TIP_TMO_result/dnn/lei21_CAN/a4465.png,340,512,0.8012299802256055,0.8171970555565568,0.13392747740710068,0.2993092676899809,0.5977370021392786,0.0008815332406831511,0.10895256698131561
a4466,/mnt/data_disk/HDRData/1000hdr/HDRtest/a4466-20090327_at_11h08m58__MG_0964.exr,/mnt/data_disk/ZQL/TIP_TMO_result/dnn/lei21_CAN/a4466.png,341,512,0.8698736157624516,0.8619951365564577,0.40146940447821217,0.3837913663426154,0.7675827215918899,1.1093340961463147e-08,0.2039111703634262
a4467,/mnt/data_disk/HDRData/1000hdr/HDRtest/a4467-Duggan_090426_7873.exr,/mnt/data_disk/ZQL/TIP_TMO_result/dnn/lei21_CAN/a4467.png,341,512,0.8606202614751577,0.8374533268830798,0.3876896644046519,0.34250385945080386,0.6850077189016077,3.408849622969627e-18,0.2269631177186966
a4470,/mnt/data_disk/HDRData/1000hdr/HDRtest/a4470-Duggan_090123_4566.exr,/mnt/data_disk/ZQL/TIP_TMO_result/dnn/lei21_CAN/a4470.png,341,512,0.8357803858253157,0.889606379834334,0.19598874911623052,0.4364159648779732,0.8727846247593866,4.730499655983548e-05,0.16372913122177124
a4471,/mnt/data_disk/HDRData/1000hdr/HDRtest/a4471-Duggan_090321_5859.exr,/mnt/data_disk/ZQL/TIP_TMO_result/dnn/lei21_CAN/a4471.png,341,512,0.8161628732827878,0.8835981840876395,0.12141751919709186,0.43422666120183995,0.868453322359473,4.4206851707314917e-11,0.18578758835792542
a4472,/mnt/data_disk/HDRData/1000hdr/HDRtest/a4472-Duggan_090504_9026.exr,/mnt/data_disk/ZQL/TIP_TMO_result/dnn/lei21_CAN/a4472.png,341,512,0.8485600625385932,0.8462633393000627,0.31204067438052185,0.4122223697191642,0.7674510585163585,0.0569936809219699,0.25945115089416504
a4474,/mnt/data_disk/HDRData/1000hdr/HDRtest/a4474-09-05-19-at-18h56m31s-_MG_9553.exr,/mnt/data_disk/ZQL/TIP_TMO_result/dnn/lei21_CAN/a4474.png,341,512,0.8059971277700675,0.7372250398686849,0.25680283686883304,0.24649741131406036,0.4929942894593324,5.33168788314848e-07,0.12663117051124573
a4476,/mnt/data_disk/HDRData/1000hdr/HDRtest/a4476-IMG_4029.exr,/mnt/data_disk/ZQL/TIP_TMO_result/dnn/lei21_CAN/a4476.png,341,512,0.7768419437135411,0.6858037666513043,0.19586203228663765,0.2951464163581627,0.581599413663392,0.00869341905293347,0.12473198026418686
a4477,/mnt/data_disk/HDRData/1000hdr/HDRtest/a4477-20090327_at_06h09m52__MG_0855.exr,/mnt/data_disk/ZQL/TIP_TMO_result/dnn/lei21_CAN/a4477.png,341,512,0.86336923797721,0.8104787674636335,0.4441886406395636,0.3092838116965283,0.6169377757331055,0.0016298476599510823,0.16865885257720947
a4479,/mnt/data_disk/HDRData/1000hdr/HDRtest/a4479-09-05-19-at-18h39m42s-_MG_9545.exr,/mnt/data_disk/ZQL/TIP_TMO_result/dnn/lei21_CAN/a4479.png,341,512,0.8193620803088486,0.8549732352211606,0.16529051068371683,0.3914925025252174,0.7829850050077332,4.270160959061279e-11,0.19728334248065948
a4480,/mnt/data_disk/HDRData/1000hdr/HDRtest/a4480-Duggan_090201_4896.exr,/mnt/data_disk/ZQL/TIP_TMO_result/dnn/lei21_CAN/a4480.png,341,512,0.787806696277051,0.7695704208284525,0.13484475778731747,0.3867019414485366,0.7734038719210006,1.0976072661345369e-08,0.21361355483531952
a4487,/mnt/data_disk/HDRData/1000hdr/HDRtest/a4487-Duggan_090322_5971.exr,/mnt/data_disk/ZQL/TIP_TMO_result/dnn/lei21_CAN/a4487.png,341,512,0.8276272578969655,0.7861525120621796,0.29184547749678214,0.4071751869945674,0.81412008053424,0.0002302934548947478,0.16896800696849823
