id,hdr_path,ldr_path,height,width,tmqi_q,tmqi_s,tmqi_n,tmqi2_q,tmqi2_s,tmqi2_n,nlpd
a2808,/mnt/data_disk/HDRData/1000hdr/HDRtest/a2808-20080516_072208__MG_0018.exr,/mnt/data_disk/ZQL/TIP_TMO_result/tradition/Exponential/a2808.png,341,512,0.9347209375360104,0.8231267157091416,0.8667878171221873,0.8934213293148596,0.7920450607095256,0.9947975979201935,0.18598589301109314
a2824,/mnt/data_disk/HDRData/1000hdr/HDRtest/a2824-dvf_035.exr,/mnt/data_disk/ZQL/TIP_TMO_result/tradition/Exponential/a2824.png,341,512,0.8893587532782943,0.7822223825497914,0.6463874331409248,0.882170859530836,0.7647138667733808,0.9996278522882911,0.1271779090166092
a2854,/mnt/data_disk/HDRData/1000hdr/HDRtest/a2854-NKIM_MG_7374.exr,/mnt/data_disk/ZQL/TIP_TMO_result/tradition/Exponential/a2854.png,341,512,0.9128215247424342,0.9600811355323855,0.4992480988979777,0.9450761873000755,0.8918792557864254,0.9982731188137257,0.28943532705307007
a2861,/mnt/data_disk/HDRData/1000hdr/HDRtest/a2861-IMG_4397.exr,/mnt/data_disk/ZQL/TIP_TMO_result/tradition/Exponential/a2861.png,341,512,0.7245148310166359,0.6509957300528803,0.043402716424261495,0.3111271510570325,0.622254302114065,3.218834983560736e-24,0.16450026631355286
a2862,/mnt/data_disk/HDRData/1000hdr/HDRtest/a2862-_DSC0055.exr,/mnt/data_disk/ZQL/TIP_TMO_result/tradition/Exponential/a2862.png,340,512,0.9578612018550402,0.8771631727061197,0.9243328638676739,0.9527177263695055,0.9070147916651848,0.9984206610738262,0.1786704957485199
a2876,/mnt/data_disk/HDRData/1000hdr/HDRtest/a2876-jn_20080130_Las_Vegas_0082.exr,/mnt/data_disk/ZQL/TIP_TMO_result/tradition/Exponential/a2876.png,341,512,0.7503018625883892,0.4195577375627336,0.581347246034806,0.8168845728034536,0.6406255309424714,0.9931436146644358,0.24821580946445465
a2883,/mnt/data_disk/HDRData/1000hdr/HDRtest/a2883-_DSC0008-2.exr,/mnt/data_disk/ZQL/TIP_TMO_result/tradition/Exponential/a2883.png,340,512,0.8327474299076356,0.8880424036338926,0.18452672346063004,0.8284047952253546,0.6905070447673898,0.9663025456833193,0.06381093710660934
a2913,/mnt/data_disk/HDRData/1000hdr/HDRtest/a2913-IMG_0138.exr,/mnt/data_disk/ZQL/TIP_TMO_result/tradition/Exponential/a2913.png,341,512,0.920270797314127,0.8174550949328856,0.7805404689257239,0.9539325906482113,0.9091847087920587,0.998680472504364,0.20817066729068756
a2933,/mnt/data_disk/HDRData/1000hdr/HDRtest/a2933-_I2E7313.exr,/mnt/data_disk/ZQL/TIP_TMO_result/tradition/Exponential/a2933.png,341,512,0.7711515546902811,0.493221972757467,0.5204554614239024,0.32452736703150764,0.6466861931163341,0.0023685409466811646,0.21890945732593536
a2956,/mnt/data_disk/HDRData/1000hdr/HDRtest/a2956-KE_-0035.exr,/mnt/data_disk/ZQL/TIP_TMO_result/tradition/Exponential/a2956.png,340,512,0.9311184725655774,0.8678447635854787,0.7607603415939279,0.815291449373492,0.631393696650158,0.9991892020968259,0.1528182178735733
a2986,/mnt/data_disk/HDRData/1000hdr/HDRtest/a2986-_DGW6325.exr,/mnt/data_disk/ZQL/TIP_TMO_result/tradition/Exponential/a2986.png,341,512,0.8024527897053398,0.8241384193005082,0.13108787296288327,0.9403849486989855,0.8967947100816077,0.9839751873163634,0.24426501989364624
a3267,/mnt/data_disk/HDRData/1000hdr/HDRtest/a3267-WP_CRW_0087.exr,/mnt/data_disk/ZQL/TIP_TMO_result/tradition/Exponential/a3267.png,341,512,0.9243339789130616,0.8466541001058773,0.7540308782557208,0.9268702769079564,0.8545991792472138,0.999141374568699,0.19572605192661285
a3285,/mnt/data_disk/HDRData/1000hdr/HDRtest/a3285-CRW_0291.exr,/mnt/data_disk/ZQL/TIP_TMO_result/tradition/Exponential/a3285.png,341,512,0.9162749500856858,0.8879305237424707,0.6317542860313548,0.9318338709324541,0.8660494448743574,0.9976182969905508,0.32096993923187256
a3288,/mnt/data_disk/HDRData/1000hdr/HDRtest/a3288-KE_-0049.exr,/mnt/data_disk/ZQL/TIP_TMO_result/tradition/Exponential/a3288.png,340,512,0.8421886242126163,0.7662053943758873,0.397692552688009,0.910471463921336,0.8216924268365922,0.99925050100608,0.16484130918979645
a3306,/mnt/data_disk/HDRData/1000hdr/HDRtest/a3306-IMG_4969.exr,/mnt/data_disk/ZQL/TIP_TMO_result/tradition/Exponential/a3306.png,341,512,0.846311247703997,0.7931160165873361,0.37783986407739567,0.8891921148317867,0.8137797792338493,0.9646044504297243,0.18837760388851166
a3312,/mnt/data_disk/HDRData/1000hdr/HDRtest/a3312-IMG_1063.exr,/mnt/data_disk/ZQL/TIP_TMO_result/tradition/Exponential/a3312.png,341,512,0.871894099987019,0.7121104381145904,0.6683660636114505,0.8259006260268348,0.7701946219631015,0.881606630090568,0.19759538769721985
a3315,/mnt/data_disk/HDRData/1000hdr/HDRtest/a3315-MB_20030906_022.exr,/mnt/data_disk/ZQL/TIP_TMO_result/tradition/Exponential/a3315.png,341,512,0.8278900418388301,0.7926427255437329,0.2839231906105091,0.8855920807166728,0.7719596119029588,0.999224549530387,0.2858831286430359
a3316,/mnt/data_disk/HDRData/1000hdr/HDRtest/a3316-20051225_163230__MG_1390.exr,/mnt/data_disk/ZQL/TIP_TMO_result/tradition/Exponential/a3316.png,341,512,0.9251839291437497,0.9545663107813308,0.5807698560169384,0.9385681807073114,0.8823727581765837,0.9947636032380393,0.11131556332111359
a3318,/mnt/data_disk/HDRData/1000hdr/HDRtest/a3318-JI2E5722.exr,/mnt/data_disk/ZQL/TIP_TMO_result/tradition/Exponential/a3318.png,341,512,0.9111664030233828,0.9413878288952363,0.5171376931412713,0.9085726602298638,0.8218947163841258,0.9952506040756017,0.10669852793216705
a3321,/mnt/data_disk/HDRData/1000hdr/HDRtest/a3321-DSC_0054.exr,/mnt/data_disk/ZQL/TIP_TMO_result/tradition/Exponential/a3321.png,340,512,0.9528061437972708,0.9484547972505653,0.76498300585246,0.974136213342474,0.9501241690157813,0.9981482576691667,0.0884806290268898
a3325,/mnt/data_disk/HDRData/1000hdr/HDRtest/a3325-050819_154342__MG_5227.exr,/mnt/data_disk/ZQL/TIP_TMO_result/tradition/Exponential/a3325.png,341,512,0.9550521722463241,0.877780934631634,0.9037714844669621,0.9464855148786011,0.8945231896356748,0.9984478401215273,0.0830882266163826
a3337,/mnt/data_disk/HDRData/1000hdr/HDRtest/a3337-dgw_112.exr,/mnt/data_disk/ZQL/TIP_TMO_result/tradition/Exponential/a3337.png,341,512,0.7687406482230139,0.7396450749471919,0.0963592380258159,0.901098937184897,0.8064450296905837,0.9957528446792103,0.3347463607788086
a3339,/mnt/data_disk/HDRData/1000hdr/HDRtest/a3339-_MG_7202.exr,/mnt/data_disk/ZQL/TIP_TMO_result/tradition/Exponential/a3339.png,341,512,0.9158659959414513,0.7757213445016848,0.8306948354429955,0.8200358194758033,0.7798362167899813,0.8602354221616253,0.19238898158073425
a3341,/mnt/data_disk/HDRData/1000hdr/HDRtest/a3341-jmac_DSC2590.exr,/mnt/data_disk/ZQL/TIP_TMO_result/tradition/Exponential/a3341.png,340,512,0.9298547687248278,0.8127194110682133,0.8535749487679195,0.9179376708508449,0.842319158125434,0.9935561835762557,0.11040795594453812
a3344,/mnt/data_disk/HDRData/1000hdr/HDRtest/a3344-NKIM_MG_6348.exr,/mnt/data_disk/ZQL/TIP_TMO_result/tradition/Exponential/a3344.png,341,512,0.9701715283410257,0.9605075454020143,0.8606838741449124,0.9214233188616456,0.8436816553560028,0.9991649823672883,0.049987856298685074
a3345,/mnt/data_disk/HDRData/1000hdr/HDRtest/a3345-20080514_105211__MG_9917.exr,/mnt/data_disk/ZQL/TIP_TMO_result/tradition/Exponential/a3345.png,341,512,0.9230823772272351,0.8782861790553855,0.6907201676477805,0.8474469458432723,0.7051266003006632,0.9897672913858815,0.14892081916332245
a3351,/mnt/data_disk/HDRData/1000hdr/HDRtest/a3351-KE_-1722.exr,/mnt/data_disk/ZQL/TIP_TMO_result/tradition/Exponential/a3351.png,340,512,0.8825404747844154,0.8531442644536628,0.48583365239079584,0.8564525917064945,0.7832610315022637,0.9296441519107251,0.11559708416461945
a3356,/mnt/data_disk/HDRData/1000hdr/HDRtest/a3356-_DSC9981.exr,/mnt/data_disk/ZQL/TIP_TMO_result/tradition/Exponential/a3356.png,341,512,0.9145939161156849,0.7733692287820917,0.8267544792459042,0.779225716821734,0.613446454584315,0.945004979059153,0.17357893288135529
a3360,/mnt/data_disk/HDRData/1000hdr/HDRtest/a3360-IMG_0017.exr,/mnt/data_disk/ZQL/TIP_TMO_result/tradition/Exponential/a3360.png,341,512,0.8686564133275252,0.8635077169029126,0.392650170502254,0.9647404783285484,0.9305461455171098,0.998934811139987,0.16006982326507568
a3365,/mnt/data_disk/HDRData/1000hdr/HDRtest/a3365-jn_20071207_Xmas_House_0124.exr,/mnt/data_disk/ZQL/TIP_TMO_result/tradition/Exponential/a3365.png,341,512,0.9142314359574175,0.7496396816980152,0.871664371927749,0.9005551650563175,0.8060222159969662,0.9950881141156689,0.12326142191886902
a3366,/mnt/data_disk/HDRData/1000hdr/HDRtest/a3366-Ja_Pe-6.exr,/mnt/data_disk/ZQL/TIP_TMO_result/tradition/Exponential/a3366.png,288,512,0.8596956938778068,0.7912549614990239,0.45431592398007764,0.9270230946320994,0.8559120873180321,0.9981341019461667,0.2186826914548874
a3369,/mnt/data_disk/HDRData/1000hdr/HDRtest/a3369-IMG_0004.exr,/mnt/data_disk/ZQL/TIP_TMO_result/tradition/Exponential/a3369.png,341,512,0.8024813581579116,0.8283629689025187,0.1265991208429374,0.9320143816112626,0.8678490970216999,0.9961796662008253,0.24350833892822266
a3371,/mnt/data_disk/HDRData/1000hdr/HDRtest/a3371-07-12-01-at-11h32m58s-_MG_8498.exr,/mnt/data_disk/ZQL/TIP_TMO_result/tradition/Exponential/a3371.png,341,512,0.9479946171837609,0.8590018962005548,0.8900072043724693,0.8586746240812214,0.7198518909665509,0.9974973571958919,0.21188944578170776
a3382,/mnt/data_disk/HDRData/1000hdr/HDRtest/a3382-IMG_4032.exr,/mnt/data_disk/ZQL/TIP_TMO_result/tradition/Exponential/a3382.png,341,512,0.9219704222714648,0.8569748020813825,0.7203971193023173,0.9442565725749128,0.8929712584953797,0.9955418866544459,0.14118431508541107
a3388,/mnt/data_disk/HDRData/1000hdr/HDRtest/a3388-jmac_DSC2214.exr,/mnt/data_disk/ZQL/TIP_TMO_result/tradition/Exponential/a3388.png,340,512,0.9517119887214116,0.8968869098688255,0.8463856326766942,0.8929017543646565,0.7887262034918832,0.9970773052374299,0.11939375847578049
a3390,/mnt/data_disk/HDRData/1000hdr/HDRtest/a3390-dgw_070.exr,/mnt/data_disk/ZQL/TIP_TMO_result/tradition/Exponential/a3390.png,341,512,0.8380808837912828,0.6948754786977247,0.49617225082669125,0.8426135267899969,0.6867756818971524,0.9984513716828414,0.22972506284713745
a3391,/mnt/data_disk/HDRData/1000hdr/HDRtest/a3391-050904_125814__I2E8654.exr,/mnt/data_disk/ZQL/TIP_TMO_result/tradition/Exponential/a3391.png,341,512,0.8818560827676549,0.7338377342453254,0.6893981081284006,0.8865390205354015,0.7790487921704666,0.9940292489003363,0.21282163262367249
a3393,/mnt/data_disk/HDRData/1000hdr/HDRtest/a3393-_DSC0057.exr,/mnt/data_disk/ZQL/TIP_TMO_result/tradition/Exponential/a3393.png,340,512,0.7798000777108466,0.8568514241012115,0.02715700023239055,0.945463485419493,0.8943292096318536,0.9965977612071323,0.11824941635131836
a3394,/mnt/data_disk/HDRData/1000hdr/HDRtest/a3394-_DGW6419.exr,/mnt/data_disk/ZQL/TIP_TMO_result/tradition/Exponential/a3394.png,341,512,0.8678406109664017,0.7316945614961973,0.6058358695255324,0.8199625615389807,0.685390310656877,0.9545348124210844,0.3510918915271759
a3400,/mnt/data_disk/HDRData/1000hdr/HDRtest/a3400-07-11-04-at-17h36m14s-_MG_4004.exr,/mnt/data_disk/ZQL/TIP_TMO_result/tradition/Exponential/a3400.png,341,512,0.8821706533706657,0.779165383697064,0.607353465668882,0.4758457503618282,0.7708113737958654,0.18088012692779104,0.18810224533081055
a3401,/mnt/data_disk/HDRData/1000hdr/HDRtest/a3401-20061111_122429__E6B5415.exr,/mnt/data_disk/ZQL/TIP_TMO_result/tradition/Exponential/a3401.png,341,512,0.893449366849215,0.9346546521879706,0.42597187959903904,0.9794564839888332,0.9606748933953307,0.9982380745823357,0.09048823267221451
a3402,/mnt/data_disk/HDRData/1000hdr/HDRtest/a3402-jmac_DSC3153.exr,/mnt/data_disk/ZQL/TIP_TMO_result/tradition/Exponential/a3402.png,340,512,0.8985374640219588,0.8667705486588434,0.5580669108819697,0.9500759889233699,0.9009088013866035,0.9992431764601363,0.1395101100206375
a3413,/mnt/data_disk/HDRData/1000hdr/HDRtest/a3413-20041217_193556__E6B0485.exr,/mnt/data_disk/ZQL/TIP_TMO_result/tradition/Exponential/a3413.png,341,512,0.9003380937262828,0.8276368371670595,0.6344752043530988,0.8991797476572917,0.8269769907753771,0.9713825045392063,0.13637150824069977
a3414,/mnt/data_disk/HDRData/1000hdr/HDRtest/a3414-DSC_0002.exr,/mnt/data_disk/ZQL/TIP_TMO_result/tradition/Exponential/a3414.png,340,512,0.9302529311871843,0.8726832184494778,0.7466029867612058,0.9163414163914568,0.8385490119649062,0.9941338208180075,0.16253969073295593
a3415,/mnt/data_disk/HDRData/1000hdr/HDRtest/a3415-jmac_DSC6092.exr,/mnt/data_disk/ZQL/TIP_TMO_result/tradition/Exponential/a3415.png,340,512,0.9520698527050397,0.9497605914268489,0.7579900153346933,0.9626650273591919,0.9457737448718799,0.9795563098465039,0.11008352041244507
a3416,/mnt/data_disk/HDRData/1000hdr/HDRtest/a3416-IMG_4746.exr,/mnt/data_disk/ZQL/TIP_TMO_result/tradition/Exponential/a3416.png,341,512,0.8915960881808922,0.7761344819641912,0.6715561081230533,0.9284823882761182,0.8649288421262042,0.9920359344260321,0.20904332399368286
a3418,/mnt/data_disk/HDRData/1000hdr/HDRtest/a3418-2004-02-07 16-53-50 CRW_3754.exr,/mnt/data_disk/ZQL/TIP_TMO_result/tradition/Exponential/a3418.png,341,512,0.917799096812352,0.9071527304101971,0.6099297111484064,0.9406660888857823,0.8836973300403977,0.997634847731167,0.06749269366264343
a3422,/mnt/data_disk/HDRData/1000hdr/HDRtest/a3422-WP_CRW_0302.exr,/mnt/data_disk/ZQL/TIP_TMO_result/tradition/Exponential/a3422.png,341,512,0.96665628251725,0.9106855335345522,0.9239862113585003,0.917189158754997,0.8497212356305606,0.9846570818794335,0.14385323226451874
a3424,/mnt/data_disk/HDRData/1000hdr/HDRtest/a3424-CRW_0163.exr,/mnt/data_disk/ZQL/TIP_TMO_result/tradition/Exponential/a3424.png,341,512,0.9316797716101037,0.8509356738883174,0.7947051324012444,0.9204199053696817,0.8438544866585217,0.9969853240808416,0.24052387475967407
a3431,/mnt/data_disk/HDRData/1000hdr/HDRtest/a3431-_DSC0103-3.exr,/mnt/data_disk/ZQL/TIP_TMO_result/tradition/Exponential/a3431.png,340,512,0.8984768951001031,0.8471385072341338,0.5899044922418735,0.9596863946917475,0.920921755545359,0.998451033838136,0.09708026051521301
a3432,/mnt/data_disk/HDRData/1000hdr/HDRtest/a3432-jmac_DSC3184.exr,/mnt/data_disk/ZQL/TIP_TMO_result/tradition/Exponential/a3432.png,340,512,0.940741736894458,0.8609736620119567,0.8370572735338685,0.9561302591659826,0.9134377334776178,0.9988227848543475,0.10126582533121109
a3433,/mnt/data_disk/HDRData/1000hdr/HDRtest/a3433-NKIM_MG_8213.exr,/mnt/data_disk/ZQL/TIP_TMO_result/tradition/Exponential/a3433.png,341,512,0.8630658046747071,0.7953438618528323,0.46676118443678494,0.9179317665804831,0.8378646862553397,0.9979988469056267,0.21317245066165924
a3439,/mnt/data_disk/HDRData/1000hdr/HDRtest/a3439-IMG_3798.exr,/mnt/data_disk/ZQL/TIP_TMO_result/tradition/Exponential/a3439.png,341,512,0.8888978444625382,0.8150490905558384,0.5858197608154943,0.9765388223867122,0.9792826713647597,0.9737949734086648,0.10599429160356522
a3441,/mnt/data_disk/HDRData/1000hdr/HDRtest/a3441-dgw_064.exr,/mnt/data_disk/ZQL/TIP_TMO_result/tradition/Exponential/a3441.png,341,512,0.9086762952782166,0.8285732388860116,0.6852596031549629,0.8898536461933908,0.7826796683661321,0.9970276240206496,0.24447403848171234
a3444,/mnt/data_disk/HDRData/1000hdr/HDRtest/a3444-WP_CRW_6313.exr,/mnt/data_disk/ZQL/TIP_TMO_result/tradition/Exponential/a3444.png,341,512,0.9263031027018586,0.8260486783958704,0.8046038160192448,0.8450919185838899,0.7245621238787597,0.96562171328902,0.14592455327510834
a3446,/mnt/data_disk/HDRData/1000hdr/HDRtest/a3446-050730_134124__MG_3716.exr,/mnt/data_disk/ZQL/TIP_TMO_result/tradition/Exponential/a3446.png,341,512,0.9065540569649793,0.940294037098157,0.4919377693178633,0.9382757571180008,0.8813908932041463,0.9951606210318553,0.19038639962673187
a3448,/mnt/data_disk/HDRData/1000hdr/HDRtest/a3448-IMG_0113.exr,/mnt/data_disk/ZQL/TIP_TMO_result/tradition/Exponential/a3448.png,341,512,0.8731552101059972,0.7388495629279488,0.6252575521386917,0.9431771887661163,0.8878372167737115,0.9985171607585211,0.21158236265182495
a3449,/mnt/data_disk/HDRData/1000hdr/HDRtest/a3449-jmac_DSC2669.exr,/mnt/data_disk/ZQL/TIP_TMO_result/tradition/Exponential/a3449.png,340,512,0.9737664340411576,0.9560109478785546,0.8929581302913105,0.9427809388395156,0.8879269172693478,0.9976349604096834,0.09808672219514847
a3451,/mnt/data_disk/HDRData/1000hdr/HDRtest/a3451-IMG_1088.exr,/mnt/data_disk/ZQL/TIP_TMO_result/tradition/Exponential/a3451.png,341,512,0.9247118815071584,0.8250260748369633,0.7959173000286781,0.9277026764855361,0.8570261768811082,0.9983791760899641,0.26994165778160095
a3452,/mnt/data_disk/HDRData/1000hdr/HDRtest/a3452-IMG_1205.exr,/mnt/data_disk/ZQL/TIP_TMO_result/tradition/Exponential/a3452.png,341,512,0.8475150883192795,0.9688380865650406,0.15903018071103733,0.9446773882347257,0.8907693630694643,0.9985854133999872,0.06350602209568024
a3456,/mnt/data_disk/HDRData/1000hdr/HDRtest/a3456-DSC_0006-1-2.exr,/mnt/data_disk/ZQL/TIP_TMO_result/tradition/Exponential/a3456.png,340,512,0.9433210918871695,0.8907411253707636,0.8009861790243029,0.97065956129574,0.9420400839132766,0.9992790386782036,0.12487088888883591
a3457,/mnt/data_disk/HDRData/1000hdr/HDRtest/a3457-NKIM_025.exr,/mnt/data_disk/ZQL/TIP_TMO_result/tradition/Exponential/a3457.png,341,512,0.9568545152034245,0.9346641071877475,0.8150585333457078,0.9614436818334484,0.923806784840686,0.9990805788262107,0.15494485199451447
a3460,/mnt/data_disk/HDRData/1000hdr/HDRtest/a3460-20080514_105637__MG_9928.exr,/mnt/data_disk/ZQL/TIP_TMO_result/tradition/Exponential/a3460.png,341,512,0.8869723310923816,0.8141863398936049,0.5756260720780988,0.9343579133173336,0.8691430214505789,0.9995728051840885,0.1672302931547165
a3462,/mnt/data_disk/HDRData/1000hdr/HDRtest/a3462-dgw_051.exr,/mnt/data_disk/ZQL/TIP_TMO_result/tradition/Exponential/a3462.png,341,512,0.9252352012204055,0.7846849082451952,0.8765710127768926,0.9111232037713675,0.8254928391059766,0.9967535684367582,0.26190075278282166
a3464,/mnt/data_disk/HDRData/1000hdr/HDRtest/a3464-tc_DSC2199.exr,/mnt/data_disk/ZQL/TIP_TMO_result/tradition/Exponential/a3464.png,340,512,0.919130166385915,0.732470362130594,0.9410348605111032,0.9163788873900538,0.8336033934353799,0.9991543813447278,0.1345973014831543
a3465,/mnt/data_disk/HDRData/1000hdr/HDRtest/a3465-20060619_114622__MG_9153.exr,/mnt/data_disk/ZQL/TIP_TMO_result/tradition/Exponential/a3465.png,341,512,0.9098724885994726,0.9055822242281171,0.5642561070788807,0.9070989523016874,0.8161870482186606,0.9980108563847141,0.15719172358512878
a3466,/mnt/data_disk/HDRData/1000hdr/HDRtest/a3466-IMG_3941.exr,/mnt/data_disk/ZQL/TIP_TMO_result/tradition/Exponential/a3466.png,341,512,0.9502627872564884,0.9048461222298974,0.8225671927468012,0.9515989569653035,0.9049581010017517,0.9982398129288553,0.14552859961986542
a3468,/mnt/data_disk/HDRData/1000hdr/HDRtest/a3468-IMG_4793.exr,/mnt/data_disk/ZQL/TIP_TMO_result/tradition/Exponential/a3468.png,341,512,0.9140122090323541,0.8986728824647847,0.6003341135557482,0.9650095043441287,0.9315791102518759,0.9984398984363814,0.11525736004114151
a3470,/mnt/data_disk/HDRData/1000hdr/HDRtest/a3470-IMG_0835.exr,/mnt/data_disk/ZQL/TIP_TMO_result/tradition/Exponential/a3470.png,341,512,0.8627526878504955,0.7701624117642606,0.5068893663936358,0.9211812084050555,0.846625291225335,0.995737125584776,0.23159922659397125
a3474,/mnt/data_disk/HDRData/1000hdr/HDRtest/a3474-jmac_MG_1125.exr,/mnt/data_disk/ZQL/TIP_TMO_result/tradition/Exponential/a3474.png,341,512,0.9001049566850883,0.9123150115588183,0.4962882307800826,0.9392464083158155,0.8877497269047971,0.9907430897268339,0.09454160928726196
a3477,/mnt/data_disk/HDRData/1000hdr/HDRtest/a3477-_DSC0048.exr,/mnt/data_disk/ZQL/TIP_TMO_result/tradition/Exponential/a3477.png,340,512,0.8557232217349867,0.8259943722689111,0.3784684646017507,0.9460989583859916,0.9002759422542982,0.9919219745176848,0.158609077334404
a3483,/mnt/data_disk/HDRData/1000hdr/HDRtest/a3483-_DSC0023-1.exr,/mnt/data_disk/ZQL/TIP_TMO_result/tradition/Exponential/a3483.png,340,512,0.866294620613263,0.7954694528246247,0.4850136434642824,0.9317908888796449,0.865423931163806,0.9981578465954837,0.07901843637228012
a3486,/mnt/data_disk/HDRData/1000hdr/HDRtest/a3486-jmac_DSC3897.exr,/mnt/data_disk/ZQL/TIP_TMO_result/tradition/Exponential/a3486.png,343,512,0.8290948056191946,0.7310345002436299,0.38368598566676887,0.9300374103097707,0.8676787704455202,0.9923960501740212,0.1946091651916504
a3491,/mnt/data_disk/HDRData/1000hdr/HDRtest/a3491-DSC_0091.exr,/mnt/data_disk/ZQL/TIP_TMO_result/tradition/Exponential/a3491.png,340,512,0.9441860906349935,0.9155494127222059,0.7637617903874853,0.9185784009503789,0.84144875855258,0.9957080433481779,0.14461515843868256
a3493,/mnt/data_disk/HDRData/1000hdr/HDRtest/a3493-IMG_0279.exr,/mnt/data_disk/ZQL/TIP_TMO_result/tradition/Exponential/a3493.png,341,512,0.8650263486510188,0.7160427923862172,0.6179410050757906,0.8718472026186214,0.7840017661771429,0.9596926390600998,0.2037772387266159
a3499,/mnt/data_disk/HDRData/1000hdr/HDRtest/a3499-jn_2007_12_11__BU_CRUISE_019.exr,/mnt/data_disk/ZQL/TIP_TMO_result/tradition/Exponential/a3499.png,341,512,0.8893566576553501,0.7199283189269564,0.7653133250689181,0.8834318068107323,0.7701638371843426,0.9966997764371219,0.12681664526462555
a3503,/mnt/data_disk/HDRData/1000hdr/HDRtest/a3503-050731_155906__I2E5378.exr,/mnt/data_disk/ZQL/TIP_TMO_result/tradition/Exponential/a3503.png,341,512,0.9287119926095307,0.7932694973522896,0.8834518974415158,0.8217265047601376,0.6476289310129437,0.9958240785073316,0.15273331105709076
a3504,/mnt/data_disk/HDRData/1000hdr/HDRtest/a3504-IMG_0903.exr,/mnt/data_disk/ZQL/TIP_TMO_result/tradition/Exponential/a3504.png,341,512,0.9050584937699696,0.9164906217147191,0.5188249250367609,0.9759543698094695,0.9535188491343103,0.9983898904846286,0.13779519498348236
a3505,/mnt/data_disk/HDRData/1000hdr/HDRtest/a3505-CRW_0288.exr,/mnt/data_disk/ZQL/TIP_TMO_result/tradition/Exponential/a3505.png,341,512,0.8862343576730141,0.8868192471742569,0.4552894051585774,0.9528371880312863,0.9068186251170613,0.9988557509455112,0.21892724931240082
a3508,/mnt/data_disk/HDRData/1000hdr/HDRtest/a3508-NKIM_095.exr,/mnt/data_disk/ZQL/TIP_TMO_result/tradition/Exponential/a3508.png,341,512,0.882393734163215,0.8183987742259203,0.5411159181175238,0.9364182991754143,0.8805014917292343,0.9923351066215943,0.2900581657886505
a3509,/mnt/data_disk/HDRData/1000hdr/HDRtest/a3509-_DGW6337.exr,/mnt/data_disk/ZQL/TIP_TMO_result/tradition/Exponential/a3509.png,341,512,0.9317112180886646,0.8837511269900908,0.7368573391969853,0.925956834774758,0.8532688148977039,0.9986448546518122,0.3349672257900238
a3510,/mnt/data_disk/HDRData/1000hdr/HDRtest/a3510-JI2E4365.exr,/mnt/data_disk/ZQL/TIP_TMO_result/tradition/Exponential/a3510.png,341,512,0.9195424488732502,0.7617301215832144,0.8834545476115817,0.8316504550420292,0.6647765948206004,0.9985243152634581,0.23796787858009338
a3511,/mnt/data_disk/HDRData/1000hdr/HDRtest/a3511-jmac_MG_0542.exr,/mnt/data_disk/ZQL/TIP_TMO_result/tradition/Exponential/a3511.png,341,512,0.8926548222691093,0.8681256673678797,0.5210230462299864,0.9440675523708271,0.8980584576211291,0.9900766471205249,0.10326676070690155
a3512,/mnt/data_disk/HDRData/1000hdr/HDRtest/a3512-LSstone_060805_9380.exr,/mnt/data_disk/ZQL/TIP_TMO_result/tradition/Exponential/a3512.png,341,512,0.9301691284506587,0.7496527724416339,0.9822476959505333,0.8774334486827148,0.7589684570964537,0.9958984402689759,0.1744167059659958
a3521,/mnt/data_disk/HDRData/1000hdr/HDRtest/a3521-JI2E5091.exr,/mnt/data_disk/ZQL/TIP_TMO_result/tradition/Exponential/a3521.png,341,512,0.8813767460047813,0.7933156214894587,0.5776433644126185,0.884892896676191,0.8762011875386753,0.8935846058137067,0.12570306658744812
a3522,/mnt/data_disk/HDRData/1000hdr/HDRtest/a3522-IMG_4772.exr,/mnt/data_disk/ZQL/TIP_TMO_result/tradition/Exponential/a3522.png,341,512,0.9547052696168628,0.9076199745136581,0.8476005981073672,0.9297641817091464,0.8619317173924238,0.9975966460258691,0.10021794587373734
a3525,/mnt/data_disk/HDRData/1000hdr/HDRtest/a3525-IMG_0713.exr,/mnt/data_disk/ZQL/TIP_TMO_result/tradition/Exponential/a3525.png,341,512,0.9561831794047748,0.9776377764452897,0.7392857015913925,0.9731192523052459,0.9482432457655089,0.997995258844983,0.17665472626686096
a3529,/mnt/data_disk/HDRData/1000hdr/HDRtest/a3529-WP_CRW_0659.exr,/mnt/data_disk/ZQL/TIP_TMO_result/tradition/Exponential/a3529.png,341,512,0.951484919898504,0.9028809503505882,0.8342342613569005,0.9345928243930179,0.8717145233960044,0.9974711253900315,0.14329592883586884
a3531,/mnt/data_disk/HDRData/1000hdr/HDRtest/a3531-07-06-30-at-04h02m08s-_MG_1936.exr,/mnt/data_disk/ZQL/TIP_TMO_result/tradition/Exponential/a3531.png,341,512,0.878212756464251,0.6081962781168656,0.9354951024204915,0.7974068799488231,0.5955355343195577,0.9992782255780884,0.22184012830257416
a3540,/mnt/data_disk/HDRData/1000hdr/HDRtest/a3540-07-12-02-at-14h05m14s-_MG_8949.exr,/mnt/data_disk/ZQL/TIP_TMO_result/tradition/Exponential/a3540.png,341,512,0.9394509191116224,0.8767717470091426,0.7999548996747456,0.8962246715230702,0.8099512564573882,0.9824980865887523,0.2052559107542038
a3541,/mnt/data_disk/HDRData/1000hdr/HDRtest/a3541-IMG_4107.exr,/mnt/data_disk/ZQL/TIP_TMO_result/tradition/Exponential/a3541.png,341,512,0.8907906347294455,0.8820408251034454,0.4885134153584906,0.8833881192112156,0.8029991393296116,0.9637770990928196,0.11256074905395508
a3545,/mnt/data_disk/HDRData/1000hdr/HDRtest/a3545-jmac_DSC0491.exr,/mnt/data_disk/ZQL/TIP_TMO_result/tradition/Exponential/a3545.png,340,512,0.9406825281486272,0.9077598581523544,0.7540938175622366,0.951547902260178,0.9043561500678405,0.9987396544525154,0.08132144808769226
a3548,/mnt/data_disk/HDRData/1000hdr/HDRtest/a3548-CRW_0993.exr,/mnt/data_disk/ZQL/TIP_TMO_result/tradition/Exponential/a3548.png,341,512,0.932152741936805,0.8796630675363029,0.7468141361750128,0.9659339951032666,0.9335058869724185,0.9983621032341146,0.11409236490726471
a3549,/mnt/data_disk/HDRData/1000hdr/HDRtest/a3549-KE_-2455.exr,/mnt/data_disk/ZQL/TIP_TMO_result/tradition/Exponential/a3549.png,340,512,0.9556016423068179,0.9530116116454443,0.7757943856560227,0.930717482968635,0.8627909574872418,0.9986440084500282,0.10336803644895554
a3557,/mnt/data_disk/HDRData/1000hdr/HDRtest/a3557-IMG_1507.exr,/mnt/data_disk/ZQL/TIP_TMO_result/tradition/Exponential/a3557.png,341,512,0.8626482907659869,0.9586957561407605,0.237107565351742,0.9512035252932723,0.9233058943866641,0.9791011561998806,0.07868336886167526
a3563,/mnt/data_disk/HDRData/1000hdr/HDRtest/a3563-07-11-30-at-15h55m08s-_MG_8326.exr,/mnt/data_disk/ZQL/TIP_TMO_result/tradition/Exponential/a3563.png,341,512,0.891473642496314,0.8374723861094772,0.5636341907477433,0.8903752903996974,0.7827366491766302,0.9980139316227646,0.1789705902338028
a3571,/mnt/data_disk/HDRData/1000hdr/HDRtest/a3571-IMG_0290.exr,/mnt/data_disk/ZQL/TIP_TMO_result/tradition/Exponential/a3571.png,341,512,0.8451118541788806,0.8886703595575711,0.23957550062695787,0.9601535838683631,0.9230788059267644,0.9972283618099619,0.049627237021923065
a3575,/mnt/data_disk/HDRData/1000hdr/HDRtest/a3575-IMG_0834.exr,/mnt/data_disk/ZQL/TIP_TMO_result/tradition/Exponential/a3575.png,341,512,0.9105504430479835,0.7753284294601737,0.7959402391196869,0.9158763519107305,0.8399400512636381,0.9918126525578229,0.21503408253192902
a3576,/mnt/data_disk/HDRData/1000hdr/HDRtest/a3576-LS051026_day_15_LL003.exr,/mnt/data_disk/ZQL/TIP_TMO_result/tradition/Exponential/a3576.png,341,512,0.8928617958119732,0.9144286647439008,0.4517967528900305,0.9676583694336448,0.9376482584261858,0.9976684804411038,0.15339365601539612
a3585,/mnt/data_disk/HDRData/1000hdr/HDRtest/a3585-IMG_4211.exr,/mnt/data_disk/ZQL/TIP_TMO_result/tradition/Exponential/a3585.png,341,512,0.8324326990050952,0.7154800607493326,0.4278462807636638,0.8404348012730062,0.7011539274188234,0.9797156751271889,0.13079072535037994
a3586,/mnt/data_disk/HDRData/1000hdr/HDRtest/a3586-IMG_4591.exr,/mnt/data_disk/ZQL/TIP_TMO_result/tradition/Exponential/a3586.png,341,512,0.9638213424547035,0.87347384336131,0.9728864625543573,0.918913799875978,0.8404165645560894,0.9974110351958665,0.16345523297786713
a3588,/mnt/data_disk/HDRData/1000hdr/HDRtest/a3588-CRW_0983.exr,/mnt/data_disk/ZQL/TIP_TMO_result/tradition/Exponential/a3588.png,341,512,0.9284094306995714,0.8484145434502219,0.7776260776065275,0.9255507232003342,0.8523894173419525,0.9987120290587159,0.15996751189231873
a3591,/mnt/data_disk/HDRData/1000hdr/HDRtest/a3591-07-11-30-at-16h19m33s-_MG_8384.exr,/mnt/data_disk/ZQL/TIP_TMO_result/tradition/Exponential/a3591.png,341,512,0.8561619527897659,0.7174612551376812,0.5613544861596674,0.8417430310507446,0.684740787999712,0.998745274101777,0.20549985766410828
a3593,/mnt/data_disk/HDRData/1000hdr/HDRtest/a3593-_DSC5689.exr,/mnt/data_disk/ZQL/TIP_TMO_result/tradition/Exponential/a3593.png,341,512,0.8616204892273829,0.7471322511438396,0.5402667669353345,0.927081948135587,0.855878235983439,0.998285660287735,0.2739470601081848
a3600,/mnt/data_disk/HDRData/1000hdr/HDRtest/a3600-JI2E3496.exr,/mnt/data_disk/ZQL/TIP_TMO_result/tradition/Exponential/a3600.png,341,512,0.9277221608606102,0.8528113278280769,0.7652022753300015,0.8920732195146963,0.7853779480399374,0.9987684909894552,0.20073042809963226
a3602,/mnt/data_disk/HDRData/1000hdr/HDRtest/a3602-_DSC9759.exr,/mnt/data_disk/ZQL/TIP_TMO_result/tradition/Exponential/a3602.png,341,512,0.9003978290500549,0.9023102766939407,0.5131842791799789,0.8994475582363748,0.8150650216633282,0.9838300948094214,0.1289646178483963
a3605,/mnt/data_disk/HDRData/1000hdr/HDRtest/a3605-IMG_2772.exr,/mnt/data_disk/ZQL/TIP_TMO_result/tradition/Exponential/a3605.png,341,512,0.9295886142837527,0.8647185117424752,0.7562630808432003,0.9770230927402646,0.95534894309095,0.9986972423895792,0.09652058035135269
a3608,/mnt/data_disk/HDRData/1000hdr/HDRtest/a3608-NKIM_MG_7004.exr,/mnt/data_disk/ZQL/TIP_TMO_result/tradition/Exponential/a3608.png,341,512,0.9294097414147271,0.895005319492106,0.702799859272928,0.9327601540331961,0.8669156342902254,0.9986046737761668,0.0921240970492363
a3609,/mnt/data_disk/HDRData/1000hdr/HDRtest/a3609-IMG_1702.exr,/mnt/data_disk/ZQL/TIP_TMO_result/tradition/Exponential/a3609.png,341,512,0.8939880190296837,0.9271309135531114,0.4396993750544198,0.8920992897779394,0.7851747312382369,0.9990238483176419,0.14078904688358307
a3613,/mnt/data_disk/HDRData/1000hdr/HDRtest/a3613-_DSC3264.exr,/mnt/data_disk/ZQL/TIP_TMO_result/tradition/Exponential/a3613.png,341,512,0.9031295301550873,0.7590669316953256,0.7784053496836305,0.7830052099922624,0.6753743057655769,0.890636114218948,0.2180410623550415
a3623,/mnt/data_disk/HDRData/1000hdr/HDRtest/a3623-20051220_201437__MG_9239.exr,/mnt/data_disk/ZQL/TIP_TMO_result/tradition/Exponential/a3623.png,341,512,0.8503599355760496,0.8004927704312462,0.3882529678406209,0.9140810976269544,0.8337234717914878,0.994438723462421,0.2700551152229309
a3624,/mnt/data_disk/HDRData/1000hdr/HDRtest/a3624-DSC_0070.exr,/mnt/data_disk/ZQL/TIP_TMO_result/tradition/Exponential/a3624.png,340,512,0.9658883638209153,0.9583274234811546,0.8354161332873719,0.969670858183107,0.9442767147942168,0.9950650015719973,0.09447966516017914
a3628,/mnt/data_disk/HDRData/1000hdr/HDRtest/a3628-_DSC9996.exr,/mnt/data_disk/ZQL/TIP_TMO_result/tradition/Exponential/a3628.png,341,512,0.8533999194117932,0.718119522221988,0.5436554593292207,0.3473013006315371,0.5759529832191131,0.11864961804396106,0.1926792860031128
a3633,/mnt/data_disk/HDRData/1000hdr/HDRtest/a3633-JI2E3892.exr,/mnt/data_disk/ZQL/TIP_TMO_result/tradition/Exponential/a3633.png,341,512,0.8179686898863805,0.7213368315181878,0.34056313737434984,0.8214739054310656,0.6450787820475313,0.9978690288145999,0.11180821061134338
a3634,/mnt/data_disk/HDRData/1000hdr/HDRtest/a3634-IMG_4959.exr,/mnt/data_disk/ZQL/TIP_TMO_result/tradition/Exponential/a3634.png,341,512,0.9375952431284434,0.8923658580406679,0.7603440098382749,0.8751655045089535,0.7713610881610662,0.9789699208568409,0.23577557504177094
a3635,/mnt/data_disk/HDRData/1000hdr/HDRtest/a3635-IMG_4031.exr,/mnt/data_disk/ZQL/TIP_TMO_result/tradition/Exponential/a3635.png,341,512,0.953189525691071,0.846795519173397,0.949024844948368,0.9131710742959205,0.828958356182811,0.9973837924090301,0.2381296008825302
a3636,/mnt/data_disk/HDRData/1000hdr/HDRtest/a3636-20041222_195608__E6B6989.exr,/mnt/data_disk/ZQL/TIP_TMO_result/tradition/Exponential/a3636.png,341,512,0.8207489991567348,0.8220214855964604,0.2109596278656839,0.39453309207336507,0.7554275627323952,0.033638621414334956,0.12077615410089493
a3641,/mnt/data_disk/HDRData/1000hdr/HDRtest/a3641-_DSC4628.exr,/mnt/data_disk/ZQL/TIP_TMO_result/tradition/Exponential/a3641.png,341,512,0.8823801246494671,0.8533459156622151,0.4845958333920873,0.9487732543387708,0.8989770154133891,0.9985694932641523,0.27330783009529114
a3644,/mnt/data_disk/HDRData/1000hdr/HDRtest/a3644-jmac_MG_5959.exr,/mnt/data_disk/ZQL/TIP_TMO_result/tradition/Exponential/a3644.png,341,512,0.9097406023396136,0.8305927013965625,0.6884599759956107,0.947879815704187,0.8970866332522036,0.9986729981561703,0.2021588385105133
a3649,/mnt/data_disk/HDRData/1000hdr/HDRtest/a3649-WP_CRW_0691.exr,/mnt/data_disk/ZQL/TIP_TMO_result/tradition/Exponential/a3649.png,341,512,0.9298283923176709,0.9534724209348171,0.6107988376978265,0.9841936004114077,0.9704820417303852,0.9979051590924302,0.07095539569854736
a3654,/mnt/data_disk/HDRData/1000hdr/HDRtest/a3654-IMG_0777.exr,/mnt/data_disk/ZQL/TIP_TMO_result/tradition/Exponential/a3654.png,341,512,0.9343107600664918,0.9073583098432917,0.7134545440256328,0.9368256021246247,0.8760463442327353,0.9976048600165142,0.16968882083892822
a3658,/mnt/data_disk/HDRData/1000hdr/HDRtest/a3658-jmac_MG_0418.exr,/mnt/data_disk/ZQL/TIP_TMO_result/tradition/Exponential/a3658.png,341,512,0.9154375305924621,0.9103622088431099,0.5903657617189194,0.8957120470719395,0.7926127184037399,0.9988113757401392,0.11489588022232056
a3670,/mnt/data_disk/HDRData/1000hdr/HDRtest/a3670-jmac_MG_5917.exr,/mnt/data_disk/ZQL/TIP_TMO_result/tradition/Exponential/a3670.png,341,512,0.9511092987293224,0.9646885630945564,0.7272992243186244,0.9588700645749316,0.9203396657659512,0.9974004633839121,0.09416036307811737
a3673,/mnt/data_disk/HDRData/1000hdr/HDRtest/a3673-_DSC1109.exr,/mnt/data_disk/ZQL/TIP_TMO_result/tradition/Exponential/a3673.png,341,512,0.8641252197806992,0.8698305827527528,0.3593695875218684,0.9390104283302608,0.8806503032107686,0.997370553449753,0.3111162781715393
a3677,/mnt/data_disk/HDRData/1000hdr/HDRtest/a3677-IMG_4696.exr,/mnt/data_disk/ZQL/TIP_TMO_result/tradition/Exponential/a3677.png,341,512,0.9080580796636574,0.8995218409098746,0.5628983332537878,0.9569185609782701,0.9146809549436451,0.9991561670128951,0.15309356153011322
a3686,/mnt/data_disk/HDRData/1000hdr/HDRtest/a3686-jmac_MG_0353.exr,/mnt/data_disk/ZQL/TIP_TMO_result/tradition/Exponential/a3686.png,341,512,0.9434939990002096,0.8259422073951309,0.9216527222215266,0.9015314765789781,0.8038295445453745,0.9992334086125818,0.30199486017227173
a3688,/mnt/data_disk/HDRData/1000hdr/HDRtest/a3688-jmac_MG_1424.exr,/mnt/data_disk/ZQL/TIP_TMO_result/tradition/Exponential/a3688.png,341,512,0.985056688050534,0.9524224171631133,0.9778253684914754,0.9642351768685329,0.9316707690160896,0.9967995847209762,0.15569306910037994
a3689,/mnt/data_disk/HDRData/1000hdr/HDRtest/a3689-JI2E3798.exr,/mnt/data_disk/ZQL/TIP_TMO_result/tradition/Exponential/a3689.png,341,512,0.8721543799807838,0.7850975166440608,0.5366009371252074,0.9475033689130683,0.8960745546895397,0.9989321831365969,0.0968470349907875
a3696,/mnt/data_disk/HDRData/1000hdr/HDRtest/a3696-jmac_DSC1242.exr,/mnt/data_disk/ZQL/TIP_TMO_result/tradition/Exponential/a3696.png,343,512,0.9065596900144335,0.9203014372999733,0.5218434757660948,0.9719143999708375,0.9447545752836093,0.9990742246580657,0.15202930569648743
a3697,/mnt/data_disk/HDRData/1000hdr/HDRtest/a3697-07-11-24-at-16h05m35s-_MG_6729.exr,/mnt/data_disk/ZQL/TIP_TMO_result/tradition/Exponential/a3697.png,341,512,0.9461134088677376,0.8701397430770701,0.8566548105584963,0.9206544694149639,0.8525078614872759,0.9888010773426519,0.1532905250787735
a3700,/mnt/data_disk/HDRData/1000hdr/HDRtest/a3700-tc_DSC1892.exr,/mnt/data_disk/ZQL/TIP_TMO_result/tradition/Exponential/a3700.png,340,512,0.9276343132719855,0.8417300906715215,0.7846184829033771,0.8879466985561668,0.7772439559674118,0.9986494411449218,0.12874791026115417
a3706,/mnt/data_disk/HDRData/1000hdr/HDRtest/a3706-dgw_065.exr,/mnt/data_disk/ZQL/TIP_TMO_result/tradition/Exponential/a3706.png,341,512,0.871476284415978,0.8097682251141848,0.4914386039104567,0.9343816876148764,0.8707920057316478,0.9979713694981049,0.2967733144760132
a3707,/mnt/data_disk/HDRData/1000hdr/HDRtest/a3707-NKIM_121.exr,/mnt/data_disk/ZQL/TIP_TMO_result/tradition/Exponential/a3707.png,341,512,0.8892206334320156,0.7217713584974819,0.7607167459287951,0.7115718707596101,0.7576061550477045,0.6655375864715158,0.20677496492862701
a3710,/mnt/data_disk/HDRData/1000hdr/HDRtest/a3710-07-11-20-at-16h52m05s-_MG_5742.exr,/mnt/data_disk/ZQL/TIP_TMO_result/tradition/Exponential/a3710.png,341,512,0.8735768665084142,0.8617226308354835,0.4221704470778174,0.9416781475495396,0.8845646762025142,0.998791618896565,0.08503860235214233
a3712,/mnt/data_disk/HDRData/1000hdr/HDRtest/a3712-IMG_4852.exr,/mnt/data_disk/ZQL/TIP_TMO_result/tradition/Exponential/a3712.png,341,512,0.9218880639012685,0.9093974424269001,0.6315678543007083,0.9010443688265988,0.9013491741823473,0.9007395634708503,0.11017152667045593
a3715,/mnt/data_disk/HDRData/1000hdr/HDRtest/a3715-_MG_7773.exr,/mnt/data_disk/ZQL/TIP_TMO_result/tradition/Exponential/a3715.png,341,512,0.8598904224372641,0.767341020041498,0.4950773158874412,0.47237731255348997,0.7524405863013942,0.19231403880558576,0.23838432133197784
a3716,/mnt/data_disk/HDRData/1000hdr/HDRtest/a3716-IMG_0301.exr,/mnt/data_disk/ZQL/TIP_TMO_result/tradition/Exponential/a3716.png,341,512,0.8536212523757367,0.6961302665828096,0.5860194122418257,0.7423106119830025,0.5088319918370378,0.9757892321289672,0.09972580522298813
a3719,/mnt/data_disk/HDRData/1000hdr/HDRtest/a3719-07-11-29-at-15h43m28s-_MG_8075.exr,/mnt/data_disk/ZQL/TIP_TMO_result/tradition/Exponential/a3719.png,341,512,0.9057209638105679,0.887363195171215,0.5681403583133323,0.5625403661654506,0.9097804861881376,0.21530024614276358,0.3346896767616272
a3720,/mnt/data_disk/HDRData/1000hdr/HDRtest/a3720-jmac_MG_0851.exr,/mnt/data_disk/ZQL/TIP_TMO_result/tradition/Exponential/a3720.png,341,512,0.939841857737096,0.909784202255673,0.745162459700567,0.916163782597197,0.8359926566752406,0.9963349085191534,0.17237971723079681
a3721,/mnt/data_disk/HDRData/1000hdr/HDRtest/a3721-KE_-01.exr,/mnt/data_disk/ZQL/TIP_TMO_result/tradition/Exponential/a3721.png,340,512,0.9364825275052202,0.7903909673242109,0.9428647300430878,0.8086154258297455,0.6179736806299397,0.9992571710295514,0.21418070793151855
a3724,/mnt/data_disk/HDRData/1000hdr/HDRtest/a3724-20060101_092918__E6B0305.exr,/mnt/data_disk/ZQL/TIP_TMO_result/tradition/Exponential/a3724.png,341,512,0.9687941660981901,0.9360930484063605,0.8935064021196817,0.9626380021805785,0.9302686779649048,0.9950073263962523,0.24573558568954468
a3727,/mnt/data_disk/HDRData/1000hdr/HDRtest/a3727-2004-01-18 11-49-42 CRW_2889.exr,/mnt/data_disk/ZQL/TIP_TMO_result/tradition/Exponential/a3727.png,341,512,0.871256334517766,0.9508577148229127,0.28795831289396107,0.8492545519532197,0.6996524557368072,0.9988566481696323,0.15101850032806396
a3729,/mnt/data_disk/HDRData/1000hdr/HDRtest/a3729-07-11-24-at-21h39m19s-_MG_6853.exr,/mnt/data_disk/ZQL/TIP_TMO_result/tradition/Exponential/a3729.png,341,512,0.8964033846799117,0.7594685427049566,0.7336311050419286,0.7875643193395081,0.5767931312116349,0.9983355074673814,0.13173530995845795
a3730,/mnt/data_disk/HDRData/1000hdr/HDRtest/a3730-IMG_0113.exr,/mnt/data_disk/ZQL/TIP_TMO_result/tradition/Exponential/a3730.png,341,512,0.8964222966640095,0.8297667730797625,0.6066330792222607,0.9219367587746652,0.8603250535761355,0.9835484639731947,0.24839521944522858
a3732,/mnt/data_disk/HDRData/1000hdr/HDRtest/a3732-_DGW6272.exr,/mnt/data_disk/ZQL/TIP_TMO_result/tradition/Exponential/a3732.png,341,512,0.9516528370861308,0.9293778176198503,0.7894553221628466,0.9592689993844346,0.920035418895467,0.998502579873402,0.10863345116376877
a3733,/mnt/data_disk/HDRData/1000hdr/HDRtest/a3733-WP_CRW_4827.exr,/mnt/data_disk/ZQL/TIP_TMO_result/tradition/Exponential/a3733.png,341,512,0.9239092518347278,0.8150577168026986,0.8091636333980639,0.8639961700758464,0.7326993068626042,0.9952930332890886,0.1672336906194687
a3735,/mnt/data_disk/HDRData/1000hdr/HDRtest/a3735-_MG_7825.exr,/mnt/data_disk/ZQL/TIP_TMO_result/tradition/Exponential/a3735.png,341,512,0.779644630951199,0.8246693529075078,0.051051730982692216,0.9390040200734837,0.8797285952139091,0.9982794449330582,0.17859171330928802
a3737,/mnt/data_disk/HDRData/1000hdr/HDRtest/a3737-dgw_022.exr,/mnt/data_disk/ZQL/TIP_TMO_result/tradition/Exponential/a3737.png,341,512,0.8893097894762934,0.7991510125689876,0.6158930074845977,0.86371985769535,0.7419706408455009,0.985469074545199,0.19492684304714203
a3739,/mnt/data_disk/HDRData/1000hdr/HDRtest/a3739-KE_-0068.exr,/mnt/data_disk/ZQL/TIP_TMO_result/tradition/Exponential/a3739.png,340,512,0.8483802706146019,0.911613829881586,0.22677608855476597,0.9798923761744768,0.9614624509891997,0.9983223013597539,0.09223876893520355
a3740,/mnt/data_disk/HDRData/1000hdr/HDRtest/a3740-_DSC1411.exr,/mnt/data_disk/ZQL/TIP_TMO_result/tradition/Exponential/a3740.png,341,512,0.8656125386393589,0.6475733589765462,0.7605238623823668,0.753504364596477,0.5078819704346744,0.9991267587582796,0.15668034553527832
a3742,/mnt/data_disk/HDRData/1000hdr/HDRtest/a3742-IMG_0206.exr,/mnt/data_disk/ZQL/TIP_TMO_result/tradition/Exponential/a3742.png,341,512,0.803978452656278,0.6863909923697497,0.32458968968150065,0.8888884608805819,0.7793346549411948,0.9984422668199691,0.26541295647621155
a3743,/mnt/data_disk/HDRData/1000hdr/HDRtest/a3743-DSC_0038.exr,/mnt/data_disk/ZQL/TIP_TMO_result/tradition/Exponential/a3743.png,340,512,0.8852889857242607,0.9068056576401344,0.42065737335493275,0.924305840445578,0.8501246636363504,0.9984870172548055,0.09932763874530792
a3744,/mnt/data_disk/HDRData/1000hdr/HDRtest/a3744-NKIM_MG_6757.exr,/mnt/data_disk/ZQL/TIP_TMO_result/tradition/Exponential/a3744.png,341,512,0.8419602904646247,0.6544127883484256,0.5964869421839504,0.880705388774782,0.8191971832242518,0.9422135943253122,0.2174627184867859
a3749,/mnt/data_disk/HDRData/1000hdr/HDRtest/a3749-IMG_4592.exr,/mnt/data_disk/ZQL/TIP_TMO_result/tradition/Exponential/a3749.png,341,512,0.8531105627712645,0.7246853064091343,0.5300360883021585,0.9334530457281606,0.8700862867995194,0.9968198046568018,0.21353279054164886
a3750,/mnt/data_disk/HDRData/1000hdr/HDRtest/a3750-IMG_4253.exr,/mnt/data_disk/ZQL/TIP_TMO_result/tradition/Exponential/a3750.png,341,512,0.8838594879736722,0.7026397048454713,0.7643294825252357,0.852666649637916,0.711362460753315,0.993970838522517,0.21770763397216797
a3753,/mnt/data_disk/HDRData/1000hdr/HDRtest/a3753-dgw_073.exr,/mnt/data_disk/ZQL/TIP_TMO_result/tradition/Exponential/a3753.png,341,512,0.7779866276654225,0.8365119071647572,0.03693936568128159,0.9501107827821154,0.900916468119589,0.9993050974446418,0.3928004205226898
a3754,/mnt/data_disk/HDRData/1000hdr/HDRtest/a3754-050731_151704__I2E5362.exr,/mnt/data_disk/ZQL/TIP_TMO_result/tradition/Exponential/a3754.png,341,512,0.9599435149116704,0.9520453687695584,0.806190069311444,0.9102887369311425,0.8217411919843522,0.9988362818779328,0.10131321102380753
a3756,/mnt/data_disk/HDRData/1000hdr/HDRtest/a3756-jmac_MG_5949.exr,/mnt/data_disk/ZQL/TIP_TMO_result/tradition/Exponential/a3756.png,341,512,0.9313971388133078,0.9184156438552797,0.6765054003433474,0.9515481530828981,0.9109601420005534,0.9921361641652428,0.11742270737886429
a3760,/mnt/data_disk/HDRData/1000hdr/HDRtest/a3760-IMG_2504.exr,/mnt/data_disk/ZQL/TIP_TMO_result/tradition/Exponential/a3760.png,341,512,0.9236198856205211,0.9795951120051186,0.5339866320494022,0.9757824211882263,0.9630874835272452,0.9884773588492075,0.07567255198955536
a3764,/mnt/data_disk/HDRData/1000hdr/HDRtest/a3764-20060618_093109__MG_8792.exr,/mnt/data_disk/ZQL/TIP_TMO_result/tradition/Exponential/a3764.png,341,512,0.8829137946863191,0.89523249492189,0.4243103137430541,0.9557924828580667,0.9148394312268329,0.9967455344893006,0.16707399487495422
a3766,/mnt/data_disk/HDRData/1000hdr/HDRtest/a3766-20041219_194831__E6B5558.exr,/mnt/data_disk/ZQL/TIP_TMO_result/tradition/Exponential/a3766.png,341,512,0.7259661893091677,0.3489875794754921,0.6379378421480337,0.17561876299250448,0.19862457156961905,0.1526129544153899,0.1466699093580246
a3769,/mnt/data_disk/HDRData/1000hdr/HDRtest/a3769-IMG_3943.exr,/mnt/data_disk/ZQL/TIP_TMO_result/tradition/Exponential/a3769.png,341,512,0.9456805995579072,0.9201199053937844,0.7658002888141417,0.9760434255676544,0.954470719568617,0.9976161315666919,0.09567783772945404
a3771,/mnt/data_disk/HDRData/1000hdr/HDRtest/a3771-07-06-01-at-13h03m06-s_MG_1256.exr,/mnt/data_disk/ZQL/TIP_TMO_result/tradition/Exponential/a3771.png,341,512,0.9125749776261914,0.8598101784324717,0.6557097617558307,0.942161760472503,0.8859401197098923,0.9983834012351137,0.22193042933940887
a3772,/mnt/data_disk/HDRData/1000hdr/HDRtest/a3772-dgw_123.exr,/mnt/data_disk/ZQL/TIP_TMO_result/tradition/Exponential/a3772.png,341,512,0.8926313060416087,0.8716612698295797,0.5153141102925933,0.9258685911123237,0.8527044645234387,0.9990327177012086,0.20731207728385925
a3774,/mnt/data_disk/HDRData/1000hdr/HDRtest/a3774-_DSC0017.exr,/mnt/data_disk/ZQL/TIP_TMO_result/tradition/Exponential/a3774.png,340,512,0.9406209583923947,0.859725569036961,0.838522600694369,0.9390595552917458,0.8796925731738877,0.9984265374096039,0.15887780487537384
a3778,/mnt/data_disk/HDRData/1000hdr/HDRtest/a3778-IMG_4838.exr,/mnt/data_disk/ZQL/TIP_TMO_result/tradition/Exponential/a3778.png,341,512,0.9210176017400213,0.8251062854209056,0.7713492216208497,0.899207025925006,0.7992856847780224,0.9991283670719895,0.2653934359550476
a3780,/mnt/data_disk/HDRData/1000hdr/HDRtest/a3780-JI2E3902.exr,/mnt/data_disk/ZQL/TIP_TMO_result/tradition/Exponential/a3780.png,341,512,0.9318728131908974,0.9094747341882589,0.6942971847523037,0.9408690583975384,0.9025053115122303,0.9792328052828465,0.13243860006332397
a3781,/mnt/data_disk/HDRData/1000hdr/HDRtest/a3781-2004-06-24 06-45-08 CRW_2040.exr,/mnt/data_disk/ZQL/TIP_TMO_result/tradition/Exponential/a3781.png,341,512,0.9110602222240516,0.9003098953842898,0.5797510271507842,0.9676713619500197,0.936576179138907,0.9987665447611322,0.09155435115098953
a3783,/mnt/data_disk/HDRData/1000hdr/HDRtest/a3783-KE_-0052.exr,/mnt/data_disk/ZQL/TIP_TMO_result/tradition/Exponential/a3783.png,340,512,0.8891452614387514,0.771449335610827,0.6647142411283661,0.8902653756881761,0.7821801276343655,0.9983506237419867,0.15049360692501068
a3786,/mnt/data_disk/HDRData/1000hdr/HDRtest/a3786-_I2E8191.exr,/mnt/data_disk/ZQL/TIP_TMO_result/tradition/Exponential/a3786.png,341,512,0.7854765327222617,0.8695321713041912,0.03290268441825497,0.9444057700069217,0.8900579222692401,0.9987536177446034,0.16017749905586243
a3796,/mnt/data_disk/HDRData/1000hdr/HDRtest/a3796-NKIM_MG_7319.exr,/mnt/data_disk/ZQL/TIP_TMO_result/tradition/Exponential/a3796.png,341,512,0.9022298769940591,0.7711693528324698,0.7491587706753406,0.7962894053063283,0.5934921865649265,0.9990866240477301,0.24717707931995392
a3798,/mnt/data_disk/HDRData/1000hdr/HDRtest/a3798-IMG_2539.exr,/mnt/data_disk/ZQL/TIP_TMO_result/tradition/Exponential/a3798.png,341,512,0.925109602558212,0.8968576459318043,0.6723324967136741,0.9273783714697168,0.8559076136350423,0.9988491293043913,0.1977091133594513
a3800,/mnt/data_disk/HDRData/1000hdr/HDRtest/a3800-dgw_090.exr,/mnt/data_disk/ZQL/TIP_TMO_result/tradition/Exponential/a3800.png,341,512,0.9274970766149716,0.8637146792629341,0.744380933363454,0.9120185037925534,0.8261158256864997,0.9979211818986071,0.1448398232460022
a3804,/mnt/data_disk/HDRData/1000hdr/HDRtest/a3804-_DSC3608.exr,/mnt/data_disk/ZQL/TIP_TMO_result/tradition/Exponential/a3804.png,343,512,0.9170569699355441,0.7249125197426711,0.9426066200590925,0.8911340950382962,0.7834786961637662,0.9987894939128262,0.09420327097177505
a3816,/mnt/data_disk/HDRData/1000hdr/HDRtest/a3816-jmac_DSC3118.exr,/mnt/data_disk/ZQL/TIP_TMO_result/tradition/Exponential/a3816.png,340,512,0.9477921530871293,0.9466139667121826,0.7353024300294931,0.9700740628108,0.9411368823861173,0.9990112432354828,0.1310863196849823
a3820,/mnt/data_disk/HDRData/1000hdr/HDRtest/a3820-dgw_025.exr,/mnt/data_disk/ZQL/TIP_TMO_result/tradition/Exponential/a3820.png,341,512,0.6862886052780608,0.48509810455164265,0.11733892515797031,0.4659497914956039,0.7283976671120272,0.20350191587918048,0.10880573838949203
a3822,/mnt/data_disk/HDRData/1000hdr/HDRtest/a3822-07-11-21-at-09h53m21s-_MG_5852.exr,/mnt/data_disk/ZQL/TIP_TMO_result/tradition/Exponential/a3822.png,341,512,0.8812320261309282,0.8901318474464645,0.4224608278730553,0.9512530873120829,0.9029776257035501,0.9995285489206157,0.13375458121299744
a3827,/mnt/data_disk/HDRData/1000hdr/HDRtest/a3827-JI2E3823.exr,/mnt/data_disk/ZQL/TIP_TMO_result/tradition/Exponential/a3827.png,341,512,0.8838323853907891,0.847850118341219,0.5016542333884849,0.9466430426458406,0.8943726581992262,0.9989134270924551,0.11392305046319962
a3830,/mnt/data_disk/HDRData/1000hdr/HDRtest/a3830-LS_060715_8670.exr,/mnt/data_disk/ZQL/TIP_TMO_result/tradition/Exponential/a3830.png,341,512,0.862524014153229,0.755420826721431,0.5310104608304521,0.864137054167067,0.8714968757072371,0.8567772326268968,0.21011961996555328
a3832,/mnt/data_disk/HDRData/1000hdr/HDRtest/a3832-20060613_091536__MG_7749.exr,/mnt/data_disk/ZQL/TIP_TMO_result/tradition/Exponential/a3832.png,341,512,0.9589132230939937,0.9254361332700491,0.8448170077426783,0.9635640671246082,0.9292364970633321,0.9978916371858844,0.19978569447994232
a3833,/mnt/data_disk/HDRData/1000hdr/HDRtest/a3833-_DSC0003-2.exr,/mnt/data_disk/ZQL/TIP_TMO_result/tradition/Exponential/a3833.png,340,512,0.9292775603320792,0.892752592768682,0.7057616014768154,0.9634100577403486,0.9284061164407066,0.9984139990399907,0.11298540234565735
a3834,/mnt/data_disk/HDRData/1000hdr/HDRtest/a3834-IMG_0007.exr,/mnt/data_disk/ZQL/TIP_TMO_result/tradition/Exponential/a3834.png,341,512,0.7934469876857433,0.7280438270299893,0.21140916188263528,0.9312605131986919,0.865154128129119,0.9973668982682647,0.22106097638607025
a3846,/mnt/data_disk/HDRData/1000hdr/HDRtest/a3846-IMG_3087.exr,/mnt/data_disk/ZQL/TIP_TMO_result/tradition/Exponential/a3846.png,341,512,0.9233575450856716,0.9070581967597066,0.6445178305536576,0.9523484009350931,0.9059903849523455,0.9987064169178407,0.09647364169359207
a3847,/mnt/data_disk/HDRData/1000hdr/HDRtest/a3847-NKIM_MG_6113.exr,/mnt/data_disk/ZQL/TIP_TMO_result/tradition/Exponential/a3847.png,341,512,0.8761911853997503,0.6200693155609415,0.8933976243117615,0.9059813515769835,0.8130630248119308,0.9988996783420362,0.193984717130661
a3848,/mnt/data_disk/HDRData/1000hdr/HDRtest/a3848-DSC_0024.exr,/mnt/data_disk/ZQL/TIP_TMO_result/tradition/Exponential/a3848.png,340,512,0.9508486603648715,0.9482606209002642,0.7524864460618408,0.9529478051390587,0.907266325359665,0.9986292849184524,0.06419377774000168
a3851,/mnt/data_disk/HDRData/1000hdr/HDRtest/a3851-IMG_3430.exr,/mnt/data_disk/ZQL/TIP_TMO_result/tradition/Exponential/a3851.png,341,512,0.8888721976480711,0.8888323128024636,0.4672094282294369,0.8469514365877373,0.8112620907684336,0.8826407824070411,0.09590166062116623
a3862,/mnt/data_disk/HDRData/1000hdr/HDRtest/a3862-JI2E0423.exr,/mnt/data_disk/ZQL/TIP_TMO_result/tradition/Exponential/a3862.png,341,512,0.9581162474654981,0.9255869229896722,0.8391752079848429,0.9422419186000532,0.8856378477230173,0.998845989477089,0.07687710970640182
a3863,/mnt/data_disk/HDRData/1000hdr/HDRtest/a3863-IMG_1159.exr,/mnt/data_disk/ZQL/TIP_TMO_result/tradition/Exponential/a3863.png,341,512,0.9103967729288942,0.7909300488152095,0.7651273541742126,0.9229912280398677,0.8468707842437784,0.999111671835957,0.2189258188009262
a3864,/mnt/data_disk/HDRData/1000hdr/HDRtest/a3864-_DSC1992.exr,/mnt/data_disk/ZQL/TIP_TMO_result/tradition/Exponential/a3864.png,341,512,0.8069317799899024,0.7370116575718269,0.2615878691439413,0.9249075686331404,0.8579022530340773,0.9919128842322035,0.09550014138221741
a3872,/mnt/data_disk/HDRData/1000hdr/HDRtest/a3872-IMG_4058.exr,/mnt/data_disk/ZQL/TIP_TMO_result/tradition/Exponential/a3872.png,341,512,0.9440307139080253,0.8348070378758178,0.9083387048156414,0.9100820736607267,0.8215258834451139,0.9986382638763394,0.20022261142730713
a3877,/mnt/data_disk/HDRData/1000hdr/HDRtest/a3877-KE_-0019.exr,/mnt/data_disk/ZQL/TIP_TMO_result/tradition/Exponential/a3877.png,340,512,0.8520088084001481,0.8125264931329537,0.37879554806368987,0.36651576086063786,0.7034236679946833,0.029607853726592526,0.1851622313261032
a3879,/mnt/data_disk/HDRData/1000hdr/HDRtest/a3879-IMG_0091.exr,/mnt/data_disk/ZQL/TIP_TMO_result/tradition/Exponential/a3879.png,341,512,0.9029595237072904,0.8861488327872546,0.5535128632239903,0.9723543263134354,0.946145814644126,0.9985628379827449,0.17381452023983002
a3890,/mnt/data_disk/HDRData/1000hdr/HDRtest/a3890-IMG_4308.exr,/mnt/data_disk/ZQL/TIP_TMO_result/tradition/Exponential/a3890.png,341,512,0.912545827743363,0.6974132119275568,0.9705983176729736,0.8232426007690274,0.6590029234287439,0.987482278109311,0.14357081055641174
a3893,/mnt/data_disk/HDRData/1000hdr/HDRtest/a3893-_DGW6301.exr,/mnt/data_disk/ZQL/TIP_TMO_result/tradition/Exponential/a3893.png,341,512,0.9000605387212208,0.8534967270344408,0.5889719837402287,0.5871585488697643,0.8198821815824894,0.3544349161570392,0.2416050285100937
a3899,/mnt/data_disk/HDRData/1000hdr/HDRtest/a3899-jmac_DSC2259.exr,/mnt/data_disk/ZQL/TIP_TMO_result/tradition/Exponential/a3899.png,340,512,0.9335282732818592,0.9372335903022123,0.6594245829014042,0.966128994498928,0.9370293465471332,0.9952286424507227,0.10776913166046143
a3900,/mnt/data_disk/HDRData/1000hdr/HDRtest/a3900-jmac_DSC5843.exr,/mnt/data_disk/ZQL/TIP_TMO_result/tradition/Exponential/a3900.png,340,512,0.9804413095966311,0.9718270037364136,0.9116580016975643,0.9562450001145135,0.9138244276412703,0.9986655725877569,0.1371787041425705
a3902,/mnt/data_disk/HDRData/1000hdr/HDRtest/a3902-jmac_DSC3970.exr,/mnt/data_disk/ZQL/TIP_TMO_result/tradition/Exponential/a3902.png,340,512,0.9383420383339289,0.8952484567769668,0.7602535092508576,0.9511053280606923,0.904631319216138,0.9975793369052466,0.08050058782100677
a3903,/mnt/data_disk/HDRData/1000hdr/HDRtest/a3903-IMG_2386.exr,/mnt/data_disk/ZQL/TIP_TMO_result/tradition/Exponential/a3903.png,341,512,0.8942607745418062,0.8704531835065225,0.5267834057045286,0.9478845089071706,0.9210445169266877,0.9747245008876534,0.10713944584131241
a3906,/mnt/data_disk/HDRData/1000hdr/HDRtest/a3906-LS051025_day_3_LL003.exr,/mnt/data_disk/ZQL/TIP_TMO_result/tradition/Exponential/a3906.png,341,512,0.9349862607684565,0.8580543228042907,0.8038033163513277,0.9315450011924729,0.8762228428006167,0.986867159584329,0.17619620263576508
a3911,/mnt/data_disk/HDRData/1000hdr/HDRtest/a3911-07-07-01-at-10h50m55s-_MG_2028.exr,/mnt/data_disk/ZQL/TIP_TMO_result/tradition/Exponential/a3911.png,341,512,0.8194778491025869,0.6574631403904024,0.4583254456635447,0.908285993404904,0.8174569671172893,0.9991150196925187,0.1973004788160324
a3913,/mnt/data_disk/HDRData/1000hdr/HDRtest/a3913-IMG_0289.exr,/mnt/data_disk/ZQL/TIP_TMO_result/tradition/Exponential/a3913.png,341,512,0.8678902119501295,0.806474583511827,0.4761938837924779,0.9145609903514528,0.8336075264592122,0.9955144542436933,0.09523016959428787
a3914,/mnt/data_disk/HDRData/1000hdr/HDRtest/a3914-DSC_0002-1.exr,/mnt/data_disk/ZQL/TIP_TMO_result/tradition/Exponential/a3914.png,340,512,0.9149258830715623,0.8335501449882965,0.7164095578863221,0.9227717464409935,0.8469774439886614,0.9985660488933255,0.15281891822814941
a3919,/mnt/data_disk/HDRData/1000hdr/HDRtest/a3919-KE_-1608.exr,/mnt/data_disk/ZQL/TIP_TMO_result/tradition/Exponential/a3919.png,340,512,0.887148501572445,0.6939137221281465,0.8041492232992253,0.877739261101931,0.756190635694786,0.999287886509076,0.1819680631160736
a3923,/mnt/data_disk/HDRData/1000hdr/HDRtest/a3923-_DSC0095.exr,/mnt/data_disk/ZQL/TIP_TMO_result/tradition/Exponential/a3923.png,340,512,0.9487441746971672,0.8903008321858333,0.838084299604323,0.9214439949177888,0.8440083725730101,0.9988796172625675,0.12325437366962433
a3924,/mnt/data_disk/HDRData/1000hdr/HDRtest/a3924-_DSC6358.exr,/mnt/data_disk/ZQL/TIP_TMO_result/tradition/Exponential/a3924.png,341,512,0.7126505593211507,0.3914078576586348,0.43705769778225617,0.2919747552798381,0.583394332531388,0.0005551780282882893,0.2581726908683777
a3926,/mnt/data_disk/HDRData/1000hdr/HDRtest/a3926-dgw_077.exr,/mnt/data_disk/ZQL/TIP_TMO_result/tradition/Exponential/a3926.png,341,512,0.8894790310501034,0.691986542022323,0.8237829483706685,0.7526140590822493,0.7231269433758317,0.7821011747886669,0.17624150216579437
a3927,/mnt/data_disk/HDRData/1000hdr/HDRtest/a3927-IMG_6048.exr,/mnt/data_disk/ZQL/TIP_TMO_result/tradition/Exponential/a3927.png,341,512,0.8938734418003021,0.854577795193038,0.5499333872961312,0.9459607994154589,0.8995753599433304,0.9923462388875873,0.16928716003894806
a3930,/mnt/data_disk/HDRData/1000hdr/HDRtest/a3930-IMG_5083.exr,/mnt/data_disk/ZQL/TIP_TMO_result/tradition/Exponential/a3930.png,341,512,0.9078031484149284,0.8333801436865003,0.6712685142165711,0.8607618935997161,0.7930494102850699,0.9284743769143624,0.20041342079639435
a3931,/mnt/data_disk/HDRData/1000hdr/HDRtest/a3931-_DGW6259.exr,/mnt/data_disk/ZQL/TIP_TMO_result/tradition/Exponential/a3931.png,341,512,0.7945356350846227,0.5866809612478072,0.45326338404596395,0.3123019466450126,0.6244744284378667,0.00012946485215849024,0.29240694642066956
a3940,/mnt/data_disk/HDRData/1000hdr/HDRtest/a3940-20050602_180025__MG_2820.exr,/mnt/data_disk/ZQL/TIP_TMO_result/tradition/Exponential/a3940.png,341,512,0.9164401778728398,0.9178717142001364,0.5846027545070083,0.9710076477405976,0.9570981517484555,0.9849171437327395,0.1497563272714615
a3943,/mnt/data_disk/HDRData/1000hdr/HDRtest/a3943-_DSC0054.exr,/mnt/data_disk/ZQL/TIP_TMO_result/tradition/Exponential/a3943.png,340,512,0.9322995221290729,0.8789453336205835,0.7490204410457741,0.9415002079880532,0.884082216476739,0.9989181994993674,0.10232255607843399
a3947,/mnt/data_disk/HDRData/1000hdr/HDRtest/a3947-jmac_MG_1444.exr,/mnt/data_disk/ZQL/TIP_TMO_result/tradition/Exponential/a3947.png,341,512,0.8802179121807899,0.9239660197808046,0.3691011059890055,0.9580782527059661,0.9183095248494859,0.9978469805624464,0.13752257823944092
a3948,/mnt/data_disk/HDRData/1000hdr/HDRtest/a3948-_DSC0045.exr,/mnt/data_disk/ZQL/TIP_TMO_result/tradition/Exponential/a3948.png,340,512,0.7717229583503619,0.7188120473250537,0.13142261471558722,0.9333566117778114,0.8670147763400082,0.9996984472156146,0.1590867042541504
a3954,/mnt/data_disk/HDRData/1000hdr/HDRtest/a3954-_MG_0841.exr,/mnt/data_disk/ZQL/TIP_TMO_result/tradition/Exponential/a3954.png,341,512,0.9598970367290889,0.9196067306683915,0.8616797099589256,0.9144917097123624,0.8320233919532437,0.996960027471481,0.21621398627758026
a3958,/mnt/data_disk/HDRData/1000hdr/HDRtest/a3958-_DSC3890.exr,/mnt/data_disk/ZQL/TIP_TMO_result/tradition/Exponential/a3958.png,341,512,0.9403636820564811,0.9490459702391153,0.6836468898971942,0.9528251057292714,0.9192858430457267,0.986364368412816,0.07770920544862747
a3961,/mnt/data_disk/HDRData/1000hdr/HDRtest/a3961-_DSC0049.exr,/mnt/data_disk/ZQL/TIP_TMO_result/tradition/Exponential/a3961.png,340,512,0.814764384962845,0.7894972800474136,0.22572001186860122,0.8824229994592101,0.8131493118942406,0.9516966870241796,0.09351754933595657
a3963,/mnt/data_disk/HDRData/1000hdr/HDRtest/a3963-jmac_DSC3835.exr,/mnt/data_disk/ZQL/TIP_TMO_result/tradition/Exponential/a3963.png,340,512,0.8439697887080407,0.8880139543549954,0.23505606629413034,0.9701604293484637,0.9412128544814836,0.9991080042154438,0.15570318698883057
a3964,/mnt/data_disk/HDRData/1000hdr/HDRtest/a3964-NKIM_MG_6716.exr,/mnt/data_disk/ZQL/TIP_TMO_result/tradition/Exponential/a3964.png,341,512,0.8486574258647333,0.6653058350832194,0.6157936748410562,0.5159255638054188,0.7479047569892807,0.2839463706215569,0.1948702186346054
a3970,/mnt/data_disk/HDRData/1000hdr/HDRtest/a3970-WP_Amanda_3rd_bday014.exr,/mnt/data_disk/ZQL/TIP_TMO_result/tradition/Exponential/a3970.png,341,512,0.8886678777142292,0.7882148063066001,0.6313075683447288,0.9225029824127841,0.84812548137571,0.9968804834498581,0.12449131906032562
a3973,/mnt/data_disk/HDRData/1000hdr/HDRtest/a3973-DSC_0068-2.exr,/mnt/data_disk/ZQL/TIP_TMO_result/tradition/Exponential/a3973.png,340,512,0.9323880045293718,0.9007368522136279,0.7122366510210717,0.9701049303797888,0.9424083041075185,0.997801556652059,0.07473604381084442
a3975,/mnt/data_disk/HDRData/1000hdr/HDRtest/a3975-jmac_MG_5721.exr,/mnt/data_disk/ZQL/TIP_TMO_result/tradition/Exponential/a3975.png,341,512,0.9575959510407956,0.9243266736172899,0.8378565253757528,0.949144461436723,0.8993701982702174,0.9989187246032287,0.10870108008384705
a3976,/mnt/data_disk/HDRData/1000hdr/HDRtest/a3976-Ja_Pe-10.exr,/mnt/data_disk/ZQL/TIP_TMO_result/tradition/Exponential/a3976.png,288,512,0.9497643527518589,0.9126221894262322,0.8056778772367829,0.9706531942548957,0.942449877049475,0.9988565114603165,0.14331971108913422
a3991,/mnt/data_disk/HDRData/1000hdr/HDRtest/a3991-DSC_0005-2.exr,/mnt/data_disk/ZQL/TIP_TMO_result/tradition/Exponential/a3991.png,340,512,0.9378079230676042,0.9017700823973066,0.7455612760443812,0.9421608260844059,0.8899640437553077,0.9943576084135041,0.1216852217912674
a3992,/mnt/data_disk/HDRData/1000hdr/HDRtest/a3992-KE_-0044.exr,/mnt/data_disk/ZQL/TIP_TMO_result/tradition/Exponential/a3992.png,340,512,0.7700512621474194,0.6094647483189144,0.2818734126728321,0.939170137019922,0.890881288177574,0.9874589858622701,0.0840798020362854
a3993,/mnt/data_disk/HDRData/1000hdr/HDRtest/a3993-IMG_2812.exr,/mnt/data_disk/ZQL/TIP_TMO_result/tradition/Exponential/a3993.png,341,512,0.8104840322329669,0.6249714504329132,0.4685832427565484,0.9319493988825025,0.8647555197914644,0.9991432779735406,0.131987527012825
a3995,/mnt/data_disk/HDRData/1000hdr/HDRtest/a3995-IMG_0187.exr,/mnt/data_disk/ZQL/TIP_TMO_result/tradition/Exponential/a3995.png,341,512,0.8934091565416868,0.74126683538335,0.7494372993979289,0.9398085163297689,0.8863373010472412,0.9932797316122968,0.16709691286087036
a4001,/mnt/data_disk/HDRData/1000hdr/HDRtest/a4001-jn_20070824_0168.exr,/mnt/data_disk/ZQL/TIP_TMO_result/tradition/Exponential/a4001.png,341,512,0.945582410580892,0.9004425018625354,0.7990245656139879,0.9389863404768859,0.8801001953036648,0.9978724856501069,0.10256945341825485
a4003,/mnt/data_disk/HDRData/1000hdr/HDRtest/a4003-NKIM_MG_6603.exr,/mnt/data_disk/ZQL/TIP_TMO_result/tradition/Exponential/a4003.png,341,512,0.9382904316835826,0.9249410903874657,0.7097212276940524,0.9629834624276092,0.9276326502403314,0.998334274614887,0.1626410186290741
a4004,/mnt/data_disk/HDRData/1000hdr/HDRtest/a4004-050812_113412__MG_3770.exr,/mnt/data_disk/ZQL/TIP_TMO_result/tradition/Exponential/a4004.png,341,512,0.8504003436857195,0.9254237554688699,0.21964353395569694,0.9767831263417976,0.9567265128593762,0.9968397398242193,0.09536454826593399
a4007,/mnt/data_disk/HDRData/1000hdr/HDRtest/a4007-_MG_7167.exr,/mnt/data_disk/ZQL/TIP_TMO_result/tradition/Exponential/a4007.png,341,512,0.9216047702231176,0.8626183901631497,0.708200721520005,0.9587929645392571,0.9184485370158936,0.9991373920626206,0.21942180395126343
a4008,/mnt/data_disk/HDRData/1000hdr/HDRtest/a4008-dgw_019.exr,/mnt/data_disk/ZQL/TIP_TMO_result/tradition/Exponential/a4008.png,341,512,0.9300994722086977,0.8890680013969023,0.7173068690793576,0.8695021059771588,0.7433068395475344,0.9956973724067831,0.1764039546251297
a4009,/mnt/data_disk/HDRData/1000hdr/HDRtest/a4009-jmac_MG_7717.exr,/mnt/data_disk/ZQL/TIP_TMO_result/tradition/Exponential/a4009.png,341,512,0.940842324511475,0.9003753659086103,0.7678106373601874,0.93304186409557,0.8674637019400511,0.9986200262510888,0.24683766067028046
a4013,/mnt/data_disk/HDRData/1000hdr/HDRtest/a4013-_I2E6911.exr,/mnt/data_disk/ZQL/TIP_TMO_result/tradition/Exponential/a4013.png,341,512,0.9017340606049609,0.7882928969862429,0.7137571134191734,0.7136673395466873,0.665472432290755,0.7618622468026194,0.2783612608909607
a4014,/mnt/data_disk/HDRData/1000hdr/HDRtest/a4014-JI2E4114.exr,/mnt/data_disk/ZQL/TIP_TMO_result/tradition/Exponential/a4014.png,341,512,0.9492641938990186,0.9035380828710371,0.8181711237494188,0.9286120626052403,0.8725262878013579,0.9846978374091226,0.19747793674468994
a4017,/mnt/data_disk/HDRData/1000hdr/HDRtest/a4017-DSC_0023.exr,/mnt/data_disk/ZQL/TIP_TMO_result/tradition/Exponential/a4017.png,340,512,0.941504031681261,0.9082598850032794,0.7586147207639472,0.9583457130002078,0.9182467510367068,0.9984446749637086,0.11136772483587265
a4020,/mnt/data_disk/HDRData/1000hdr/HDRtest/a4020-IMG_3763.exr,/mnt/data_disk/ZQL/TIP_TMO_result/tradition/Exponential/a4020.png,341,512,0.8757205785362059,0.784955128685876,0.5580799536736234,0.9512887973373114,0.9057271905038861,0.9968504041707368,0.1145210936665535
a4025,/mnt/data_disk/HDRData/1000hdr/HDRtest/a4025-IMG_5601.exr,/mnt/data_disk/ZQL/TIP_TMO_result/tradition/Exponential/a4025.png,341,512,0.84390957628354,0.8104251493577502,0.3392721262797292,0.8958557025086975,0.7923276143105665,0.9993837907068286,0.17644792795181274
a4026,/mnt/data_disk/HDRData/1000hdr/HDRtest/a4026-NKIM_MG_6632.exr,/mnt/data_disk/ZQL/TIP_TMO_result/tradition/Exponential/a4026.png,341,512,0.831561499317406,0.9604633567721141,0.10466153292758132,0.9820772326516581,0.9675455768777003,0.996608888425616,0.14596356451511383
a4027,/mnt/data_disk/HDRData/1000hdr/HDRtest/a4027-IMG_2393.exr,/mnt/data_disk/ZQL/TIP_TMO_result/tradition/Exponential/a4027.png,341,512,0.9077060800625073,0.8786550429219482,0.5942091386634971,0.9571996161509928,0.9231224310800322,0.9912768012219534,0.13538973033428192
a4028,/mnt/data_disk/HDRData/1000hdr/HDRtest/a4028-060810_105728__MG_6096.exr,/mnt/data_disk/ZQL/TIP_TMO_result/tradition/Exponential/a4028.png,341,512,0.8973752236011663,0.8092690986600408,0.6481304484625311,0.9227368298079304,0.8461663266330378,0.9993073329828229,0.1711205244064331
a4038,/mnt/data_disk/HDRData/1000hdr/HDRtest/a4038-Ja_Pe-20.exr,/mnt/data_disk/ZQL/TIP_TMO_result/tradition/Exponential/a4038.png,288,512,0.8702532874778469,0.83281924332851,0.44774332929968436,0.9488592233218235,0.8987186014320184,0.9989998452116285,0.1768961250782013
a4040,/mnt/data_disk/HDRData/1000hdr/HDRtest/a4040-IMG_0233.exr,/mnt/data_disk/ZQL/TIP_TMO_result/tradition/Exponential/a4040.png,341,512,0.8643551146839346,0.8032452100490627,0.46129028934304034,0.9329772547288804,0.8808406588612615,0.9851138505964994,0.2894052565097809
a4047,/mnt/data_disk/HDRData/1000hdr/HDRtest/a4047-IMG_1285.exr,/mnt/data_disk/ZQL/TIP_TMO_result/tradition/Exponential/a4047.png,341,512,0.9313528300858406,0.9564906865533509,0.6155001187759496,0.9866722906128191,0.9776186410294555,0.9957259401961828,0.0840674415230751
a4049,/mnt/data_disk/HDRData/1000hdr/HDRtest/a4049-_DSC3858.exr,/mnt/data_disk/ZQL/TIP_TMO_result/tradition/Exponential/a4049.png,341,512,0.8995577409602862,0.7453416422842801,0.7817811899932423,0.9078135468290187,0.8173151382723327,0.9983119553857046,0.2752218246459961
a4051,/mnt/data_disk/HDRData/1000hdr/HDRtest/a4051-_DSC0018-3.exr,/mnt/data_disk/ZQL/TIP_TMO_result/tradition/Exponential/a4051.png,340,512,0.9122444672421668,0.8950051576746806,0.5954327392172323,0.9605382181568026,0.924928776688995,0.9961476596246103,0.11836115270853043
a4052,/mnt/data_disk/HDRData/1000hdr/HDRtest/a4052-20060620_165511__MG_9535.exr,/mnt/data_disk/ZQL/TIP_TMO_result/tradition/Exponential/a4052.png,341,512,0.9407465492377615,0.8519174045562975,0.853725418501729,0.8972396945900665,0.7953903925050351,0.9990889966750978,0.2061077356338501
a4060,/mnt/data_disk/HDRData/1000hdr/HDRtest/a4060-_DSC5597.exr,/mnt/data_disk/ZQL/TIP_TMO_result/tradition/Exponential/a4060.png,341,512,0.9032735937425791,0.7593736949508596,0.7787576329632578,0.8814184988762727,0.7642205756991713,0.998616422053374,0.2230357974767685
a4064,/mnt/data_disk/HDRData/1000hdr/HDRtest/a4064-07-12-02-at-16h23m18s-_MG_9020.exr,/mnt/data_disk/ZQL/TIP_TMO_result/tradition/Exponential/a4064.png,341,512,0.9324915535686562,0.9271347132391717,0.6691971277972782,0.94461541785725,0.8917055946241742,0.9975252410903258,0.19504855573177338
a4068,/mnt/data_disk/HDRData/1000hdr/HDRtest/a4068-tc_DSC2612.exr,/mnt/data_disk/ZQL/TIP_TMO_result/tradition/Exponential/a4068.png,340,512,0.8982156740636342,0.7894446684134808,0.6891166255852182,0.7664724776163442,0.695997897364913,0.8369470578677753,0.17473165690898895
a4075,/mnt/data_disk/HDRData/1000hdr/HDRtest/a4075-JI2E0444.exr,/mnt/data_disk/ZQL/TIP_TMO_result/tradition/Exponential/a4075.png,341,512,0.8182548254172239,0.6843727931497021,0.4034048075979636,0.9000167154178709,0.8153176424545449,0.9847157883811969,0.2874367833137512
a4076,/mnt/data_disk/HDRData/1000hdr/HDRtest/a4076-_DGW6244.exr,/mnt/data_disk/ZQL/TIP_TMO_result/tradition/Exponential/a4076.png,341,512,0.8512434587603339,0.8025557454038282,0.38985048303933517,0.6822593285812408,0.8491022564104947,0.515416400751987,0.3064328134059906
a4080,/mnt/data_disk/HDRData/1000hdr/HDRtest/a4080-IMG_3765.exr,/mnt/data_disk/ZQL/TIP_TMO_result/tradition/Exponential/a4080.png,341,512,0.9102969808920968,0.8384580663227337,0.6781671860776464,0.9279257353000219,0.8570039140386271,0.9988475565614165,0.18124333024024963
a4085,/mnt/data_disk/HDRData/1000hdr/HDRtest/a4085-_MG_2385.exr,/mnt/data_disk/ZQL/TIP_TMO_result/tradition/Exponential/a4085.png,341,512,0.9402295265046229,0.870423937260545,0.8164993875624422,0.9096285176848824,0.8232472916836754,0.9960097436860893,0.12323829531669617
a4087,/mnt/data_disk/HDRData/1000hdr/HDRtest/a4087-NKIM_MG_6395.exr,/mnt/data_disk/ZQL/TIP_TMO_result/tradition/Exponential/a4087.png,341,512,0.9192775748393226,0.894120015779116,0.6402509331411886,0.9689625023240303,0.9389401704562801,0.9989848341917805,0.25411444902420044
a4088,/mnt/data_disk/HDRData/1000hdr/HDRtest/a4088-dvf_041.exr,/mnt/data_disk/ZQL/TIP_TMO_result/tradition/Exponential/a4088.png,341,512,0.9124741857869478,0.8308597668759576,0.7054497094162021,0.9418485719039557,0.8847291628978393,0.998967980910072,0.11390240490436554
a4091,/mnt/data_disk/HDRData/1000hdr/HDRtest/a4091-_DSC0041.exr,/mnt/data_disk/ZQL/TIP_TMO_result/tradition/Exponential/a4091.png,340,512,0.8235410798411956,0.8037700230805201,0.24762559759852748,0.9136117303078972,0.8279699109471558,0.9992535496686386,0.14816804230213165
a4092,/mnt/data_disk/HDRData/1000hdr/HDRtest/a4092-07-12-03-at-09h35m54s-_MG_9192.exr,/mnt/data_disk/ZQL/TIP_TMO_result/tradition/Exponential/a4092.png,341,512,0.9040297010471737,0.891771260367458,0.551011516876841,0.9623272156693592,0.9253869043382192,0.9992675270004991,0.26956111192703247
a4093,/mnt/data_disk/HDRData/1000hdr/HDRtest/a4093-jn_20071117-031.exr,/mnt/data_disk/ZQL/TIP_TMO_result/tradition/Exponential/a4093.png,341,512,0.8951266736354618,0.8291431255303012,0.5997586987828779,0.9377801364472664,0.900118619982052,0.9754416529124808,0.2803148627281189
a4096,/mnt/data_disk/HDRData/1000hdr/HDRtest/a4096-jmac_MG_0095.exr,/mnt/data_disk/ZQL/TIP_TMO_result/tradition/Exponential/a4096.png,341,512,0.8425725386578424,0.7610885434749599,0.40798646918198556,0.7988025287298695,0.6075797117645392,0.9900253456951996,0.18549884855747223
a4097,/mnt/data_disk/HDRData/1000hdr/HDRtest/a4097-20080623_at_14h52m36__MG_9904.exr,/mnt/data_disk/ZQL/TIP_TMO_result/tradition/Exponential/a4097.png,341,512,0.9462825591590878,0.9212253488720943,0.7678774809203285,0.9589083715598035,0.9218923809631919,0.9959243621564151,0.12249336391687393
a4099,/mnt/data_disk/HDRData/1000hdr/HDRtest/a4099-_DSC0014-2.exr,/mnt/data_disk/ZQL/TIP_TMO_result/tradition/Exponential/a4099.png,340,512,0.9363039235223538,0.9101969589108158,0.7215257574026501,0.9740743920522714,0.9512084741189792,0.9969403099855637,0.09621737897396088
a4101,/mnt/data_disk/HDRData/1000hdr/HDRtest/a4101-IMG_5823.exr,/mnt/data_disk/ZQL/TIP_TMO_result/tradition/Exponential/a4101.png,341,512,0.7592726463865289,0.5673622332865874,0.3021161206346668,0.7957585518370434,0.592817619551508,0.9986994841225787,0.18368922173976898
a4102,/mnt/data_disk/HDRData/1000hdr/HDRtest/a4102-07-06-30-at-11h38m56s-_MG_1997.exr,/mnt/data_disk/ZQL/TIP_TMO_result/tradition/Exponential/a4102.png,341,512,0.9308195847002609,0.885712962260639,0.7276996396402683,0.9582737275516022,0.9180478529274029,0.9984996021758016,0.17246611416339874
a4104,/mnt/data_disk/HDRData/1000hdr/HDRtest/a4104-DSC_0260.exr,/mnt/data_disk/ZQL/TIP_TMO_result/tradition/Exponential/a4104.png,340,512,0.9063748359807473,0.9015116094865656,0.5497034387333818,0.8851537143046171,0.7883008256677516,0.9820066029414827,0.07051479816436768
a4105,/mnt/data_disk/HDRData/1000hdr/HDRtest/a4105-07-11-26-at-16h02m57s-_MG_7151.exr,/mnt/data_disk/ZQL/TIP_TMO_result/tradition/Exponential/a4105.png,341,512,0.8668958649099054,0.6433573979183365,0.7781338913002899,0.7865802980911267,0.573813667853578,0.9993469283286753,0.2187921106815338
a4107,/mnt/data_disk/HDRData/1000hdr/HDRtest/a4107-dvf_018.exr,/mnt/data_disk/ZQL/TIP_TMO_result/tradition/Exponential/a4107.png,341,512,0.8143927223248568,0.5682820484899123,0.6090911020960937,0.8034339236486501,0.7962134931638761,0.8106543541334241,0.1904527246952057
a4108,/mnt/data_disk/HDRData/1000hdr/HDRtest/a4108-MB_080329_057.exr,/mnt/data_disk/ZQL/TIP_TMO_result/tradition/Exponential/a4108.png,341,512,0.9698638909346488,0.8884230375784842,0.9874066889326145,0.8791637776360179,0.7608348709722002,0.9974926842998356,0.28128063678741455
a4110,/mnt/data_disk/HDRData/1000hdr/HDRtest/a4110-dgw_069.exr,/mnt/data_disk/ZQL/TIP_TMO_result/tradition/Exponential/a4110.png,341,512,0.8523465086182589,0.7979096586734848,0.403005838397668,0.9211756943459066,0.8484585080585035,0.9938928806333098,0.282256156206131
a4113,/mnt/data_disk/HDRData/1000hdr/HDRtest/a4113-IMG_2800.exr,/mnt/data_disk/ZQL/TIP_TMO_result/tradition/Exponential/a4113.png,341,512,0.8692810509918434,0.830758300058062,0.44549543734288,0.9081239048718859,0.8195852507813692,0.9966625589624025,0.14664946496486664
a4116,/mnt/data_disk/HDRData/1000hdr/HDRtest/a4116-IMG_2042.exr,/mnt/data_disk/ZQL/TIP_TMO_result/tradition/Exponential/a4116.png,341,512,0.9245337156633276,0.8264604519487866,0.7920813691079738,0.9656113122833971,0.9327179329751504,0.9985046915916438,0.10031783580780029
a4117,/mnt/data_disk/HDRData/1000hdr/HDRtest/a4117-050918_141526__MG_5987.exr,/mnt/data_disk/ZQL/TIP_TMO_result/tradition/Exponential/a4117.png,341,512,0.8572227494085178,0.8422409272439428,0.36253252753949455,0.9499274439711776,0.9008956714581303,0.9989592164842249,0.22620372474193573
a4124,/mnt/data_disk/HDRData/1000hdr/HDRtest/a4124-20080709_at_10h04m23__MG_4561.exr,/mnt/data_disk/ZQL/TIP_TMO_result/tradition/Exponential/a4124.png,341,512,0.9104202964066858,0.8224771721372265,0.7072544176861538,0.9588530748127302,0.9193781589039018,0.9983279907215584,0.16529791057109833
a4127,/mnt/data_disk/HDRData/1000hdr/HDRtest/a4127-DSC_0152.exr,/mnt/data_disk/ZQL/TIP_TMO_result/tradition/Exponential/a4127.png,340,512,0.9198509548505506,0.9531933075880321,0.5507902264634345,0.9791792117486255,0.9593552044067613,0.9990032190904897,0.08167404681444168
a4131,/mnt/data_disk/HDRData/1000hdr/HDRtest/a4131-DSC_0001-2.exr,/mnt/data_disk/ZQL/TIP_TMO_result/tradition/Exponential/a4131.png,340,512,0.9280201248472879,0.9031312012658785,0.6803315071980661,0.935849086711636,0.8766451896745358,0.9950529837487364,0.10226207226514816
a4134,/mnt/data_disk/HDRData/1000hdr/HDRtest/a4134-IMG_0086.exr,/mnt/data_disk/ZQL/TIP_TMO_result/tradition/Exponential/a4134.png,341,512,0.864750245353675,0.9032063162355077,0.31677751449257835,0.9698089605077389,0.9405613304576947,0.9990565905577831,0.10231281071901321
a4142,/mnt/data_disk/HDRData/1000hdr/HDRtest/a4142-_DGW6275.exr,/mnt/data_disk/ZQL/TIP_TMO_result/tradition/Exponential/a4142.png,341,512,0.9360619734155611,0.910271268644718,0.7198400104277224,0.9369003719656488,0.8745861037895827,0.9992146401417148,0.2125188410282135
a4143,/mnt/data_disk/HDRData/1000hdr/HDRtest/a4143-LSCRW_0029.exr,/mnt/data_disk/ZQL/TIP_TMO_result/tradition/Exponential/a4143.png,384,512,0.8737302139723406,0.9522143216627672,0.2985393453927418,0.9161157158033963,0.8338670547576498,0.9983643768491428,0.08834132552146912
a4144,/mnt/data_disk/HDRData/1000hdr/HDRtest/a4144-050623_122602__MG_3246.exr,/mnt/data_disk/ZQL/TIP_TMO_result/tradition/Exponential/a4144.png,341,512,0.9310760962830538,0.9444654893457674,0.6325955519528915,0.9585646365946368,0.9186932798404943,0.9984359933487792,0.12017767876386642
a4150,/mnt/data_disk/HDRData/1000hdr/HDRtest/a4150-_DGW6309.exr,/mnt/data_disk/ZQL/TIP_TMO_result/tradition/Exponential/a4150.png,341,512,0.9149458455534871,0.7765758088532172,0.8228467211935981,0.9000188231602839,0.8025545562440852,0.9974830900764826,0.29552966356277466
a4151,/mnt/data_disk/HDRData/1000hdr/HDRtest/a4151-dvf_026.exr,/mnt/data_disk/ZQL/TIP_TMO_result/tradition/Exponential/a4151.png,341,512,0.8858494544242217,0.7236459707513715,0.7349945227937806,0.9021884381751417,0.8201488191757409,0.9842280571745426,0.2577352523803711
a4154,/mnt/data_disk/HDRData/1000hdr/HDRtest/a4154-IMG_4620.exr,/mnt/data_disk/ZQL/TIP_TMO_result/tradition/Exponential/a4154.png,341,512,0.9432781332021442,0.881118270189659,0.8177471836549067,0.9365594897854801,0.8765117773616422,0.9966072022093179,0.1562456339597702
a4155,/mnt/data_disk/HDRData/1000hdr/HDRtest/a4155-WP_CRW_0237.exr,/mnt/data_disk/ZQL/TIP_TMO_result/tradition/Exponential/a4155.png,341,512,0.9255184475603916,0.8832070360070814,0.6978947292766176,0.9270996437995742,0.8576668971508224,0.9965323904483261,0.14323559403419495
a4156,/mnt/data_disk/HDRData/1000hdr/HDRtest/a4156-IMG_0159.exr,/mnt/data_disk/ZQL/TIP_TMO_result/tradition/Exponential/a4156.png,341,512,0.8726160818859049,0.7656639832383111,0.5731995708061667,0.9381868063070815,0.877376102123147,0.998997510491016,0.19980742037296295
a4158,/mnt/data_disk/HDRData/1000hdr/HDRtest/a4158-WP_CRW_4109.exr,/mnt/data_disk/ZQL/TIP_TMO_result/tradition/Exponential/a4158.png,341,512,0.9582966525237944,0.8928335921428208,0.8985811228710011,0.8684168353145454,0.7407649846296979,0.996068685999393,0.0991927832365036
a4160,/mnt/data_disk/HDRData/1000hdr/HDRtest/a4160-jn_20070824_0167.exr,/mnt/data_disk/ZQL/TIP_TMO_result/tradition/Exponential/a4160.png,341,512,0.790513500205246,0.8059660113342251,0.10510053142425474,0.908670905160496,0.8407831831492925,0.9765586271716995,0.2863699495792389
a4161,/mnt/data_disk/HDRData/1000hdr/HDRtest/a4161-tc_DSC2218.exr,/mnt/data_disk/ZQL/TIP_TMO_result/tradition/Exponential/a4161.png,340,512,0.9684356511084768,0.983912443612301,0.8097694772213908,0.974165547399296,0.9492599285856553,0.9990711662129366,0.19150541722774506
a4167,/mnt/data_disk/HDRData/1000hdr/HDRtest/a4167-IMG_0031.exr,/mnt/data_disk/ZQL/TIP_TMO_result/tradition/Exponential/a4167.png,341,512,0.9198564533996523,0.8549954004969395,0.7102539356847299,0.9268286840535476,0.8555099877226168,0.9981473803844784,0.2082262486219406
a4170,/mnt/data_disk/HDRData/1000hdr/HDRtest/a4170-jmac_DSC3333.exr,/mnt/data_disk/ZQL/TIP_TMO_result/tradition/Exponential/a4170.png,343,512,0.8514536201815237,0.7564190334084101,0.4651812405367709,0.9232101307479624,0.8486098214574463,0.9978104400384785,0.16372475028038025
a4174,/mnt/data_disk/HDRData/1000hdr/HDRtest/a4174-dgw_083.exr,/mnt/data_disk/ZQL/TIP_TMO_result/tradition/Exponential/a4174.png,341,512,0.9357288540604805,0.8558841473090002,0.8126894706273131,0.9416384713189705,0.8846406228244624,0.9986363198134787,0.31145432591438293
a4177,/mnt/data_disk/HDRData/1000hdr/HDRtest/a4177-jmac_DSC1412.exr,/mnt/data_disk/ZQL/TIP_TMO_result/tradition/Exponential/a4177.png,340,512,0.9182906050468982,0.9728511099060172,0.5125033267528496,0.9634559559425482,0.92848445690826,0.9984274549768363,0.10096456110477448
a4178,/mnt/data_disk/HDRData/1000hdr/HDRtest/a4178-IMG_0487.exr,/mnt/data_disk/ZQL/TIP_TMO_result/tradition/Exponential/a4178.png,341,512,0.9279750362906535,0.955937158027031,0.5956412618580651,0.9741277425626611,0.9606785029535118,0.9875769821718103,0.08179959654808044
a4184,/mnt/data_disk/HDRData/1000hdr/HDRtest/a4184-jmac_MG_5507.exr,/mnt/data_disk/ZQL/TIP_TMO_result/tradition/Exponential/a4184.png,341,512,0.9151702226107756,0.7938457622763626,0.7910976953839355,0.8924736590957588,0.7859814162233127,0.9989659019682049,0.25823360681533813
a4185,/mnt/data_disk/HDRData/1000hdr/HDRtest/a4185-DSC_0055-2.exr,/mnt/data_disk/ZQL/TIP_TMO_result/tradition/Exponential/a4185.png,340,512,0.8885326044471206,0.892214893309653,0.4602056990265874,0.9571291806896565,0.9151371495554138,0.9991212118238992,0.16471749544143677
a4188,/mnt/data_disk/HDRData/1000hdr/HDRtest/a4188-_MG_1604.exr,/mnt/data_disk/ZQL/TIP_TMO_result/tradition/Exponential/a4188.png,341,512,0.9011068157985298,0.7722462282445817,0.7397954527346545,0.8287257725058799,0.6606097160004936,0.9968418290112663,0.26056766510009766
a4191,/mnt/data_disk/HDRData/1000hdr/HDRtest/a4191-IMG_4849.exr,/mnt/data_disk/ZQL/TIP_TMO_result/tradition/Exponential/a4191.png,341,512,0.9131887439045097,0.8422569868765526,0.6898927969466235,0.9342729390557902,0.8697058174827843,0.998840060628796,0.17534573376178741
a4194,/mnt/data_disk/HDRData/1000hdr/HDRtest/a4194-LS051026_day_1_arive50.exr,/mnt/data_disk/ZQL/TIP_TMO_result/tradition/Exponential/a4194.png,341,512,0.8684618405937006,0.7936994089831393,0.5004561727614337,0.9300215581534597,0.8625381509668698,0.9975049653400495,0.1482570469379425
a4197,/mnt/data_disk/HDRData/1000hdr/HDRtest/a4197-_MG_6428.exr,/mnt/data_disk/ZQL/TIP_TMO_result/tradition/Exponential/a4197.png,341,512,0.9168382793166034,0.9735722466988985,0.5029978164375638,0.9898796149574286,0.9858501708638183,0.9939090590510389,0.09159469604492188
a4198,/mnt/data_disk/HDRData/1000hdr/HDRtest/a4198-_DSC6401.exr,/mnt/data_disk/ZQL/TIP_TMO_result/tradition/Exponential/a4198.png,341,512,0.763681289858756,0.6252517355922828,0.22593522884602704,0.8622098576724911,0.823519938289114,0.9008997770558683,0.27481311559677124
a4199,/mnt/data_disk/HDRData/1000hdr/HDRtest/a4199-jmac_MG_5003.exr,/mnt/data_disk/ZQL/TIP_TMO_result/tradition/Exponential/a4199.png,341,512,0.8194822237992294,0.8215207127516364,0.20589509015110818,0.9421360515221812,0.8861376779487726,0.9981344250955897,0.2792470455169678
a4201,/mnt/data_disk/HDRData/1000hdr/HDRtest/a4201-_DSC0120.exr,/mnt/data_disk/ZQL/TIP_TMO_result/tradition/Exponential/a4201.png,340,512,0.8778629621948082,0.8174239941676298,0.5160239101001308,0.8049828139324648,0.6309905557256283,0.9789750721393012,0.2416401505470276
a4202,/mnt/data_disk/HDRData/1000hdr/HDRtest/a4202-DSC_0439.exr,/mnt/data_disk/ZQL/TIP_TMO_result/tradition/Exponential/a4202.png,343,512,0.9331126620145047,0.8759707278062479,0.7595334297705525,0.9620205260362731,0.926046824577991,0.997994227494555,0.1598503291606903
a4204,/mnt/data_disk/HDRData/1000hdr/HDRtest/a4204-_DGW7870.exr,/mnt/data_disk/ZQL/TIP_TMO_result/tradition/Exponential/a4204.png,341,512,0.8790910976121066,0.8866056602073913,0.41581372843695763,0.9349914075567007,0.87103931702098,0.9989434980924214,0.10154477506875992
a4212,/mnt/data_disk/HDRData/1000hdr/HDRtest/a4212-Duggan_090321_5925.exr,/mnt/data_disk/ZQL/TIP_TMO_result/tradition/Exponential/a4212.png,341,512,0.8993565883307747,0.8084739496406866,0.6619728986460149,0.9631714075846423,0.9272241128914606,0.9991187022778241,0.1820896416902542
a4214,/mnt/data_disk/HDRData/1000hdr/HDRtest/a4214-DSC_0267.exr,/mnt/data_disk/ZQL/TIP_TMO_result/tradition/Exponential/a4214.png,343,512,0.8996606057210839,0.8796243916517188,0.5442010962017018,0.9839620643355524,0.9683219133352917,0.9996022153358131,0.172960102558136
a4216,/mnt/data_disk/HDRData/1000hdr/HDRtest/a4216-DSC_0118.exr,/mnt/data_disk/ZQL/TIP_TMO_result/tradition/Exponential/a4216.png,343,512,0.9360081052068278,0.908993024666642,0.7216419776930842,0.9596644577188647,0.9216863069761372,0.9976426084615921,0.14431160688400269
a4220,/mnt/data_disk/HDRData/1000hdr/HDRtest/a4220-Duggan_090305_5359.exr,/mnt/data_disk/ZQL/TIP_TMO_result/tradition/Exponential/a4220.png,341,512,0.9116884836741427,0.8526610879471707,0.6623537136529317,0.814417632691725,0.805701787041062,0.8231334783423879,0.19755589962005615
a4228,/mnt/data_disk/HDRData/1000hdr/HDRtest/a4228-DSC_0037-2.exr,/mnt/data_disk/ZQL/TIP_TMO_result/tradition/Exponential/a4228.png,340,512,0.8727382090573066,0.942055742285283,0.3064682525766996,0.948770748638821,0.9022914694713203,0.9952500278063219,0.08923127502202988
a4230,/mnt/data_disk/HDRData/1000hdr/HDRtest/a4230-Duggan_090426_7798.exr,/mnt/data_disk/ZQL/TIP_TMO_result/tradition/Exponential/a4230.png,341,512,0.7918771851392195,0.6760680447009163,0.2804584309462071,0.636815411889232,0.8483879506978588,0.4252428730806051,0.20760726928710938
a4231,/mnt/data_disk/HDRData/1000hdr/HDRtest/a4231-Duggan_080326_5786.exr,/mnt/data_disk/ZQL/TIP_TMO_result/tradition/Exponential/a4231.png,341,512,0.8886776980897413,0.7932023419949312,0.6224911259034714,0.937298922593181,0.8786870499257422,0.9959107952606199,0.09229747205972672
a4232,/mnt/data_disk/HDRData/1000hdr/HDRtest/a4232-Duggan_090323_6181.exr,/mnt/data_disk/ZQL/TIP_TMO_result/tradition/Exponential/a4232.png,341,512,0.7910049642601038,0.8404570933871505,0.0730681272818623,0.9262767409446293,0.8530706990337208,0.9994827828555379,0.25098779797554016
a4235,/mnt/data_disk/HDRData/1000hdr/HDRtest/a4235-DSC_0433.exr,/mnt/data_disk/ZQL/TIP_TMO_result/tradition/Exponential/a4235.png,343,512,0.9240935634574902,0.8177535052929197,0.8053413375501173,0.8249109372179163,0.6827818933318777,0.967039981103955,0.17972996830940247
a4236,/mnt/data_disk/HDRData/1000hdr/HDRtest/a4236-DSC_0384.exr,/mnt/data_disk/ZQL/TIP_TMO_result/tradition/Exponential/a4236.png,343,512,0.8480790612503755,0.8974749901440526,0.24258941053618216,0.9760053049566813,0.9531889670973847,0.9988216428159779,0.09746468812227249
a4237,/mnt/data_disk/HDRData/1000hdr/HDRtest/a4237-20090417_at_18h06m01__MG_1955.exr,/mnt/data_disk/ZQL/TIP_TMO_result/tradition/Exponential/a4237.png,341,512,0.8672910635116792,0.7247792181137106,0.6153918026582045,0.6661048396791562,0.6705299866457088,0.6616796927126037,0.17041079699993134
a4238,/mnt/data_disk/HDRData/1000hdr/HDRtest/a4238-Duggan_090320_5609.exr,/mnt/data_disk/ZQL/TIP_TMO_result/tradition/Exponential/a4238.png,341,512,0.9068309932292207,0.9047915736125562,0.5473019472739601,0.9699689821730839,0.941088771678004,0.9988491926681637,0.15031646192073822
a4239,/mnt/data_disk/HDRData/1000hdr/HDRtest/a4239-Duggan_080114_4429.exr,/mnt/data_disk/ZQL/TIP_TMO_result/tradition/Exponential/a4239.png,341,512,0.8510606559931169,0.8413928231231591,0.33161936177969137,0.6885851439742485,0.8045593551096174,0.5726109328388798,0.14650915563106537
a4244,/mnt/data_disk/HDRData/1000hdr/HDRtest/a4244-Duggan_090504_8959.exr,/mnt/data_disk/ZQL/TIP_TMO_result/tradition/Exponential/a4244.png,341,512,0.9473331403826863,0.8720966619382562,0.8613671586645099,0.9259714157255627,0.8554666049633749,0.9964762264877507,0.155242919921875
a4246,/mnt/data_disk/HDRData/1000hdr/HDRtest/a4246-Duggan_090330_6226.exr,/mnt/data_disk/ZQL/TIP_TMO_result/tradition/Exponential/a4246.png,341,512,0.7961687059237209,0.7009082237958042,0.2631334183004411,0.8674115176157535,0.7371826313041879,0.9976404039273191,0.17127007246017456
a4249,/mnt/data_disk/HDRData/1000hdr/HDRtest/a4249-Duggan_090322_6001.exr,/mnt/data_disk/ZQL/TIP_TMO_result/tradition/Exponential/a4249.png,341,512,0.8523474442424867,0.8171721513459834,0.3736245938051787,0.9370624761089945,0.8769637596519265,0.9971611925660625,0.22252655029296875
a4254,/mnt/data_disk/HDRData/1000hdr/HDRtest/a4254-DSC_0066.exr,/mnt/data_disk/ZQL/TIP_TMO_result/tradition/Exponential/a4254.png,340,512,0.9385515665502037,0.9477150381934095,0.6742945785605657,0.9503867370435117,0.9024985425669299,0.9982749315200935,0.08164376020431519
a4258,/mnt/data_disk/HDRData/1000hdr/HDRtest/a4258-_DSC0012-4.exr,/mnt/data_disk/ZQL/TIP_TMO_result/tradition/Exponential/a4258.png,340,512,0.9039375533424293,0.9168388914768619,0.5117383771460029,0.9801295041552402,0.962463162844388,0.9977958454660926,0.05095912888646126
a4262,/mnt/data_disk/HDRData/1000hdr/HDRtest/a4262-DSC_0065.exr,/mnt/data_disk/ZQL/TIP_TMO_result/tradition/Exponential/a4262.png,340,512,0.9364268652177892,0.9123872529168848,0.7186411385937024,0.9166771594912189,0.8345698379076112,0.9987844810748264,0.09197250753641129
a4266,/mnt/data_disk/HDRData/1000hdr/HDRtest/a4266-DSC_0426.exr,/mnt/data_disk/ZQL/TIP_TMO_result/tradition/Exponential/a4266.png,343,512,0.8418589765054401,0.7423769171965968,0.4347763436092675,0.937693869248693,0.8767133435558994,0.9986743949414867,0.19979459047317505
a4267,/mnt/data_disk/HDRData/1000hdr/HDRtest/a4267-20090414_at_23h13m08__MG_1367.exr,/mnt/data_disk/ZQL/TIP_TMO_result/tradition/Exponential/a4267.png,341,512,0.850746159550803,0.6052219547334783,0.7568949090327659,0.7899786878375494,0.5808023841076632,0.9991549915674358,0.14810724556446075
a4271,/mnt/data_disk/HDRData/1000hdr/HDRtest/a4271-Duggan_090227_5232.exr,/mnt/data_disk/ZQL/TIP_TMO_result/tradition/Exponential/a4271.png,341,512,0.8898456517139051,0.9253908293552439,0.41920185477539007,0.960474994739655,0.9220621345168094,0.9988878549625007,0.186335489153862
a4272,/mnt/data_disk/HDRData/1000hdr/HDRtest/a4272-DSC_0398.exr,/mnt/data_disk/ZQL/TIP_TMO_result/tradition/Exponential/a4272.png,343,512,0.7884655937708178,0.7258636022967249,0.1921873438541261,0.6964065338783875,0.6691630847192471,0.7236499830375278,0.10595786571502686
a4275,/mnt/data_disk/HDRData/1000hdr/HDRtest/a4275-09-05-12-at-17h46m31s-_MG_8890.exr,/mnt/data_disk/ZQL/TIP_TMO_result/tradition/Exponential/a4275.png,341,512,0.9418819835612657,0.8702325712625617,0.8279214455355078,0.8983788552890889,0.7976347508032879,0.9991229597748899,0.15581633150577545
a4287,/mnt/data_disk/HDRData/1000hdr/HDRtest/a4287-_DSC0083.exr,/mnt/data_disk/ZQL/TIP_TMO_result/tradition/Exponential/a4287.png,340,512,0.9163468041491019,0.8843612407551846,0.6380917579621459,0.9547951664138117,0.9105663868009152,0.9990239460267083,0.11400647461414337
a4291,/mnt/data_disk/HDRData/1000hdr/HDRtest/a4291-20090417_at_18h46m58__MG_2026.exr,/mnt/data_disk/ZQL/TIP_TMO_result/tradition/Exponential/a4291.png,341,512,0.93804572882105,0.9303653496281362,0.6992149023364544,0.945824562768475,0.8926883717925821,0.998960753744368,0.12322180718183517
a4297,/mnt/data_disk/HDRData/1000hdr/HDRtest/a4297-_DSC0034.exr,/mnt/data_disk/ZQL/TIP_TMO_result/tradition/Exponential/a4297.png,340,512,0.8811763871943756,0.8310288853502314,0.513189995636365,0.9369713280823831,0.8804803299364109,0.9934623262283554,0.13703973591327667
a4298,/mnt/data_disk/HDRData/1000hdr/HDRtest/a4298-Duggan_090504_9090.exr,/mnt/data_disk/ZQL/TIP_TMO_result/tradition/Exponential/a4298.png,341,512,0.8376756291598906,0.8999833939799274,0.1922868011806168,0.9009467198555043,0.8036213066776257,0.9982721330333829,0.16122014820575714
a4302,/mnt/data_disk/HDRData/1000hdr/HDRtest/a4302-20090425_at_17h00m59__MG_0404.exr,/mnt/data_disk/ZQL/TIP_TMO_result/tradition/Exponential/a4302.png,341,512,0.9532844421939246,0.8782970452162996,0.8906683216839361,0.9232022475592336,0.8474922181339059,0.9989122769845615,0.24971488118171692
a4304,/mnt/data_disk/HDRData/1000hdr/HDRtest/a4304-09-05-19-at-18h03m17s-_MG_9540.exr,/mnt/data_disk/ZQL/TIP_TMO_result/tradition/Exponential/a4304.png,341,512,0.8812322437971561,0.6469250833689276,0.8663061129009018,0.8219712570118147,0.6455044894157296,0.9984380246078999,0.1926373839378357
a4307,/mnt/data_disk/HDRData/1000hdr/HDRtest/a4307-20050328_161219__MG_0628.exr,/mnt/data_disk/ZQL/TIP_TMO_result/tradition/Exponential/a4307.png,341,512,0.8544532936975366,0.8799059444894002,0.2959707948561767,0.9501134631436303,0.9012057729160576,0.9990211533712031,0.11238217353820801
a4308,/mnt/data_disk/HDRData/1000hdr/HDRtest/a4308-Duggan_090209_4996.exr,/mnt/data_disk/ZQL/TIP_TMO_result/tradition/Exponential/a4308.png,341,512,0.9542994929460071,0.8552478025448104,0.9406645981549233,0.9131375371630456,0.8275131327823942,0.9987619415436969,0.2532496750354767
a4310,/mnt/data_disk/HDRData/1000hdr/HDRtest/a4310-DSC_0007.exr,/mnt/data_disk/ZQL/TIP_TMO_result/tradition/Exponential/a4310.png,340,512,0.9194594906002224,0.833665666959774,0.7455695909984017,0.9695109175005987,0.9491881632223501,0.9898336717788474,0.12697264552116394
a4312,/mnt/data_disk/HDRData/1000hdr/HDRtest/a4312-20090417_at_16h32m44__MG_1867.exr,/mnt/data_disk/ZQL/TIP_TMO_result/tradition/Exponential/a4312.png,341,512,0.7866395473951773,0.6467090831771256,0.3018340800442113,0.6751398168267411,0.7369613341674764,0.6133182994860057,0.31501173973083496
a4317,/mnt/data_disk/HDRData/1000hdr/HDRtest/a4317-DSC_0224.exr,/mnt/data_disk/ZQL/TIP_TMO_result/tradition/Exponential/a4317.png,343,512,0.8543388195675221,0.7266619722820579,0.5337288009244686,0.48659138588133133,0.6272537702080746,0.3459290015545881,0.1366097629070282
a4318,/mnt/data_disk/HDRData/1000hdr/HDRtest/a4318-Duggan_090321_5920.exr,/mnt/data_disk/ZQL/TIP_TMO_result/tradition/Exponential/a4318.png,341,512,0.9593415722189796,0.9556933192792456,0.7960646640789438,0.9619153958943507,0.925516341052299,0.9983144507364026,0.11603297293186188
a4319,/mnt/data_disk/HDRData/1000hdr/HDRtest/a4319-DSC_0132.exr,/mnt/data_disk/ZQL/TIP_TMO_result/tradition/Exponential/a4319.png,340,512,0.9255663580684764,0.8401908444883697,0.7737675590793768,0.9229278277085039,0.847178851268116,0.9986768041488918,0.15449166297912598
a4323,/mnt/data_disk/HDRData/1000hdr/HDRtest/a4323-DSC_0010.exr,/mnt/data_disk/ZQL/TIP_TMO_result/tradition/Exponential/a4323.png,343,512,0.8981540606137491,0.7948373492717574,0.6788923595055464,0.8323193761749007,0.6650985037710958,0.9995402485787056,0.20943200588226318
a4324,/mnt/data_disk/HDRData/1000hdr/HDRtest/a4324-DSC_0002.exr,/mnt/data_disk/ZQL/TIP_TMO_result/tradition/Exponential/a4324.png,343,512,0.9546197080926041,0.8601967520509376,0.9335365871178282,0.8558795016850551,0.7135709496633322,0.998188053706778,0.14637452363967896
a4326,/mnt/data_disk/HDRData/1000hdr/HDRtest/a4326-DSC_0461.exr,/mnt/data_disk/ZQL/TIP_TMO_result/tradition/Exponential/a4326.png,343,512,0.8735606371238472,0.6531211278514816,0.8009470488254403,0.7261584988535763,0.5869229543777623,0.8653940433293902,0.1742875874042511
a4329,/mnt/data_disk/HDRData/1000hdr/HDRtest/a4329-DSC_0028.exr,/mnt/data_disk/ZQL/TIP_TMO_result/tradition/Exponential/a4329.png,340,512,0.87720754083377,0.8977715671484223,0.3894957073584571,0.9591582876386278,0.9255365087119377,0.9927800665653179,0.07624956220388412
a4331,/mnt/data_disk/HDRData/1000hdr/HDRtest/a4331-_DGW0241.exr,/mnt/data_disk/ZQL/TIP_TMO_result/tradition/Exponential/a4331.png,341,512,0.8479310379262143,0.8020378858798737,0.37288664492448625,0.8529496244550445,0.7225192396311421,0.9833800092789469,0.15884274244308472
a4335,/mnt/data_disk/HDRData/1000hdr/HDRtest/a4335-Duggan_090123_4520.exr,/mnt/data_disk/ZQL/TIP_TMO_result/tradition/Exponential/a4335.png,341,512,0.8803970201128356,0.8198683390057359,0.5268761781881429,0.6724250969012886,0.7494279295156695,0.5954222642869078,0.25560489296913147
a4338,/mnt/data_disk/HDRData/1000hdr/HDRtest/a4338-DSC_0206.exr,/mnt/data_disk/ZQL/TIP_TMO_result/tradition/Exponential/a4338.png,343,512,0.8814344159167448,0.8965433821261906,0.4142566419950429,0.9461600508340611,0.9018285575842121,0.99049154408391,0.096309594810009
a4339,/mnt/data_disk/HDRData/1000hdr/HDRtest/a4339-Duggan_090111_4244.exr,/mnt/data_disk/ZQL/TIP_TMO_result/tradition/Exponential/a4339.png,341,512,0.9116673972606868,0.8041417843872601,0.7487478389368772,0.8956879696243452,0.8567254213746469,0.9346505178740433,0.21090921759605408
a4340,/mnt/data_disk/HDRData/1000hdr/HDRtest/a4340-DSC_0441.exr,/mnt/data_disk/ZQL/TIP_TMO_result/tradition/Exponential/a4340.png,343,512,0.864229734816214,0.7094455457753303,0.6256094888670448,0.8835093060665284,0.8093004623705689,0.9577181497624881,0.14936576783657074
a4342,/mnt/data_disk/HDRData/1000hdr/HDRtest/a4342-DSC_0043.exr,/mnt/data_disk/ZQL/TIP_TMO_result/tradition/Exponential/a4342.png,340,512,0.939889147347458,0.7945133613270369,0.9584163391937706,0.9074975386841903,0.8163286478039771,0.9986664295644034,0.11853580176830292
a4345,/mnt/data_disk/HDRData/1000hdr/HDRtest/a4345-Duggan_080411_5976.exr,/mnt/data_disk/ZQL/TIP_TMO_result/tradition/Exponential/a4345.png,341,512,0.885472284878666,0.7156892732297673,0.7484200188722796,0.9198168605611674,0.8404365102938101,0.9991972108285248,0.1639203280210495
a4354,/mnt/data_disk/HDRData/1000hdr/HDRtest/a4354-DSC_0347.exr,/mnt/data_disk/ZQL/TIP_TMO_result/tradition/Exponential/a4354.png,343,512,0.9581738778489081,0.8647982678724818,0.949641876899177,0.9034242635076954,0.8077520289381064,0.9990964980772844,0.20686736702919006
a4356,/mnt/data_disk/HDRData/1000hdr/HDRtest/a4356-_DSC1335.exr,/mnt/data_disk/ZQL/TIP_TMO_result/tradition/Exponential/a4356.png,341,512,0.7384503817498228,0.5889067878697396,0.16986808924184327,0.8588791294495366,0.7591668874983016,0.9585913714007714,0.06308844685554504
a4357,/mnt/data_disk/HDRData/1000hdr/HDRtest/a4357-Duggan_090124_4645.exr,/mnt/data_disk/ZQL/TIP_TMO_result/tradition/Exponential/a4357.png,341,512,0.9296217954521774,0.8607173341196074,0.7635696171079813,0.920668415787897,0.8481362881662609,0.9932005434095332,0.17308951914310455
a4366,/mnt/data_disk/HDRData/1000hdr/HDRtest/a4366-DSC_0447.exr,/mnt/data_disk/ZQL/TIP_TMO_result/tradition/Exponential/a4366.png,343,512,0.9556664502406117,0.9510809960903321,0.7794374029173796,0.9536123612060421,0.9094450431063111,0.9977796793057732,0.08488255739212036
a4368,/mnt/data_disk/HDRData/1000hdr/HDRtest/a4368-Duggan_090321_5857.exr,/mnt/data_disk/ZQL/TIP_TMO_result/tradition/Exponential/a4368.png,341,512,0.9180282618579438,0.8405411254248647,0.7239662164482039,0.8331308067258313,0.8310409466714777,0.8352206667801849,0.2096615880727768
a4370,/mnt/data_disk/HDRData/1000hdr/HDRtest/a4370-DSC_0080.exr,/mnt/data_disk/ZQL/TIP_TMO_result/tradition/Exponential/a4370.png,340,512,0.9078680430307564,0.8184653599473669,0.6981050217741324,0.9190719634413187,0.838793323788973,0.9993506030936645,0.1354714035987854
a4374,/mnt/data_disk/HDRData/1000hdr/HDRtest/a4374-09-05-19-at-17h54m57s-_MG_9531.exr,/mnt/data_disk/ZQL/TIP_TMO_result/tradition/Exponential/a4374.png,341,512,0.9651501615858386,0.8931994166606477,0.9454107163139958,0.8877847759501819,0.7770875348495485,0.9984820170508153,0.10229900479316711
a4377,/mnt/data_disk/HDRData/1000hdr/HDRtest/a4377-IMG_4929.exr,/mnt/data_disk/ZQL/TIP_TMO_result/tradition/Exponential/a4377.png,341,512,0.9629410894353888,0.93662917374887,0.8526454136210023,0.9676050947383916,0.936451194244207,0.9987589952325762,0.10625855624675751
a4382,/mnt/data_disk/HDRData/1000hdr/HDRtest/a4382-DSC_0261.exr,/mnt/data_disk/ZQL/TIP_TMO_result/tradition/Exponential/a4382.png,343,512,0.8434026383798414,0.8178331680251006,0.32591865132786635,0.9611917527083584,0.9229231447795395,0.9994603606371774,0.162542462348938
a4384,/mnt/data_disk/HDRData/1000hdr/HDRtest/a4384-DSC_0322.exr,/mnt/data_disk/ZQL/TIP_TMO_result/tradition/Exponential/a4384.png,343,512,0.8751362953630382,0.7409466346663963,0.6336301619668172,0.945460725581112,0.8928849807816533,0.9980364703805709,0.14830604195594788
a4385,/mnt/data_disk/HDRData/1000hdr/HDRtest/a4385-_DGW9650.exr,/mnt/data_disk/ZQL/TIP_TMO_result/tradition/Exponential/a4385.png,341,512,0.9254497787414644,0.8576296388584658,0.741784226355471,0.8766716787208868,0.8282315055643943,0.9251118518773794,0.1762939691543579
a4386,/mnt/data_disk/HDRData/1000hdr/HDRtest/a4386-Duggan_090124_4632.exr,/mnt/data_disk/ZQL/TIP_TMO_result/tradition/Exponential/a4386.png,341,512,0.9240703202095191,0.877391817570018,0.6985506849228094,0.9411790771971088,0.8837921882093308,0.9985659661848868,0.11876522749662399
a4392,/mnt/data_disk/HDRData/1000hdr/HDRtest/a4392-Duggan_090331_6554.exr,/mnt/data_disk/ZQL/TIP_TMO_result/tradition/Exponential/a4392.png,341,512,0.8353090533592968,0.845174971161574,0.24862045219229081,0.939796125222716,0.8864164223444042,0.9931758281010279,0.23788298666477203
a4394,/mnt/data_disk/HDRData/1000hdr/HDRtest/a4394-Duggan_090127_4837.exr,/mnt/data_disk/ZQL/TIP_TMO_result/tradition/Exponential/a4394.png,341,512,0.8727384531355423,0.6877219624500545,0.7224547644304952,0.8861928081672003,0.7747100641180208,0.9976755522163797,0.2088383585214615
a4395,/mnt/data_disk/HDRData/1000hdr/HDRtest/a4395-Duggan_090503_8734.exr,/mnt/data_disk/ZQL/TIP_TMO_result/tradition/Exponential/a4395.png,341,512,0.7576399488669352,0.7350056280439838,0.0634623761922675,0.9577750385557868,0.9187543760152724,0.9967957010963012,0.08945412933826447
a4396,/mnt/data_disk/HDRData/1000hdr/HDRtest/a4396-DSC_0073-2.exr,/mnt/data_disk/ZQL/TIP_TMO_result/tradition/Exponential/a4396.png,340,512,0.9038206897807528,0.8715118741320202,0.5822144341227382,0.953282089929544,0.9087136434293444,0.9978505364297438,0.11358831822872162
a4398,/mnt/data_disk/HDRData/1000hdr/HDRtest/a4398-Duggan_050709_1062.exr,/mnt/data_disk/ZQL/TIP_TMO_result/tradition/Exponential/a4398.png,341,512,0.8945228991358203,0.7961485098725916,0.653631849864527,0.9016620064458243,0.8320231154526871,0.9713008974389615,0.1641247570514679
a4399,/mnt/data_disk/HDRData/1000hdr/HDRtest/a4399-Duggan_080410_5879.exr,/mnt/data_disk/ZQL/TIP_TMO_result/tradition/Exponential/a4399.png,341,512,0.9523036891175519,0.8721585176914781,0.895219518256878,0.9254220848485748,0.8520770178044333,0.9987671518927161,0.10808628797531128
a4409,/mnt/data_disk/HDRData/1000hdr/HDRtest/a4409-Duggan_090503_8738.exr,/mnt/data_disk/ZQL/TIP_TMO_result/tradition/Exponential/a4409.png,341,512,0.9169718531011386,0.9407153454525975,0.5524836554061773,0.9542349847578655,0.910149223136866,0.998320746378865,0.19810165464878082
a4419,/mnt/data_disk/HDRData/1000hdr/HDRtest/a4419-_DGW0269.exr,/mnt/data_disk/ZQL/TIP_TMO_result/tradition/Exponential/a4419.png,341,512,0.8814911476047043,0.8003490188787077,0.5662100027875923,0.8966315428512291,0.8067601644572336,0.9865029212452247,0.17049682140350342
a4420,/mnt/data_disk/HDRData/1000hdr/HDRtest/a4420-DSC_0054.exr,/mnt/data_disk/ZQL/TIP_TMO_result/tradition/Exponential/a4420.png,343,512,0.8102750717037777,0.46407134750736156,0.8430324375995604,0.6381512800765006,0.4313986458494491,0.844903914303552,0.22712229192256927
a4421,/mnt/data_disk/HDRData/1000hdr/HDRtest/a4421-Duggan_090214_5129.exr,/mnt/data_disk/ZQL/TIP_TMO_result/tradition/Exponential/a4421.png,341,512,0.9344093419919031,0.9781599408234773,0.6010368371477139,0.9448908621866858,0.8903793405411102,0.9994023838322613,0.12585803866386414
a4425,/mnt/data_disk/HDRData/1000hdr/HDRtest/a4425-DSC_0007.exr,/mnt/data_disk/ZQL/TIP_TMO_result/tradition/Exponential/a4425.png,343,512,0.9366814074379116,0.8887760510669868,0.7605783974844272,0.9604895506450888,0.9223139262094547,0.9986651750807227,0.163712278008461
a4430,/mnt/data_disk/HDRData/1000hdr/HDRtest/a4430-09-05-19-at-19h04m03s-_MG_9559.exr,/mnt/data_disk/ZQL/TIP_TMO_result/tradition/Exponential/a4430.png,341,512,0.8991168295187262,0.8570680341290688,0.5773546800149396,0.898064451468485,0.8084090268548698,0.9877198760821001,0.09886746108531952
a4431,/mnt/data_disk/HDRData/1000hdr/HDRtest/a4431-Duggan_090330_6282.exr,/mnt/data_disk/ZQL/TIP_TMO_result/tradition/Exponential/a4431.png,341,512,0.8947496538549684,0.9414417512279273,0.4235859018514417,0.9135670634900724,0.8507326453467725,0.9764014816333724,0.1700388640165329
a4432,/mnt/data_disk/HDRData/1000hdr/HDRtest/a4432-Duggan_081114_3124.exr,/mnt/data_disk/ZQL/TIP_TMO_result/tradition/Exponential/a4432.png,341,512,0.85754625383099,0.7636329778124965,0.4878385785998327,0.8102882430547863,0.8047966503244821,0.8157798357850905,0.16000379621982574
a4433,/mnt/data_disk/HDRData/1000hdr/HDRtest/a4433-Duggan_090504_8957.exr,/mnt/data_disk/ZQL/TIP_TMO_result/tradition/Exponential/a4433.png,341,512,0.8928029668254318,0.9413953182454093,0.4129328963126666,0.9559585220965083,0.9135560692544978,0.9983609749385188,0.17473602294921875
a4434,/mnt/data_disk/HDRData/1000hdr/HDRtest/a4434-20090414_at_23h05m38__MG_1365.exr,/mnt/data_disk/ZQL/TIP_TMO_result/tradition/Exponential/a4434.png,341,512,0.7672803904575087,0.7250645902027858,0.10715095714248986,0.9183757082223187,0.8485679593977555,0.9881834570468819,0.0464678630232811
a4435,/mnt/data_disk/HDRData/1000hdr/HDRtest/a4435-WP_CRW_0591.exr,/mnt/data_disk/ZQL/TIP_TMO_result/tradition/Exponential/a4435.png,341,512,0.8554773244413171,0.8466254514864768,0.34705613543731106,0.9238647018129169,0.8503724507012113,0.9973569529246225,0.18685299158096313
a4436,/mnt/data_disk/HDRData/1000hdr/HDRtest/a4436-DSC_0153.exr,/mnt/data_disk/ZQL/TIP_TMO_result/tradition/Exponential/a4436.png,343,512,0.9437277255469049,0.9259471224125085,0.7432029823387426,0.9210887093038886,0.844368478538025,0.9978089400697522,0.12685152888298035
a4442,/mnt/data_disk/HDRData/1000hdr/HDRtest/a4442-Duggan_080629_9284.exr,/mnt/data_disk/ZQL/TIP_TMO_result/tradition/Exponential/a4442.png,341,512,0.9123904034222154,0.8082673991448506,0.7458365699573734,0.8956455612919261,0.7941521917101031,0.997138930873749,0.16187186539173126
a4447,/mnt/data_disk/HDRData/1000hdr/HDRtest/a4447-Duggan_090321_5856.exr,/mnt/data_disk/ZQL/TIP_TMO_result/tradition/Exponential/a4447.png,341,512,0.8958663908541838,0.7858723689627023,0.6807260039034808,0.936492725768356,0.8749310306205998,0.9980544209161121,0.2157599776983261
a4448,/mnt/data_disk/HDRData/1000hdr/HDRtest/a4448-Duggan_080119_4778.exr,/mnt/data_disk/ZQL/TIP_TMO_result/tradition/Exponential/a4448.png,341,512,0.9836349687198911,0.9563499939511445,0.9608635712415821,0.9448191897180056,0.8903467225208465,0.9992916569151649,0.08470742404460907
a4449,/mnt/data_disk/HDRData/1000hdr/HDRtest/a4449-DSC_0030.exr,/mnt/data_disk/ZQL/TIP_TMO_result/tradition/Exponential/a4449.png,343,512,0.8860147744915017,0.6919494728306942,0.8007208481447297,0.8849572255721841,0.7729086781563342,0.9970057729880341,0.16028444468975067
a4452,/mnt/data_disk/HDRData/1000hdr/HDRtest/a4452-DSC_0084.exr,/mnt/data_disk/ZQL/TIP_TMO_result/tradition/Exponential/a4452.png,340,512,0.8488123168881809,0.7713613982633624,0.4257123329420952,0.9121837571076623,0.8250666190137855,0.9993008952015391,0.20479033887386322
a4455,/mnt/data_disk/HDRData/1000hdr/HDRtest/a4455-Duggan_080106_4325.exr,/mnt/data_disk/ZQL/TIP_TMO_result/tradition/Exponential/a4455.png,341,512,0.9495357231404573,0.8725157191657705,0.8756034624250205,0.8484061556126858,0.7192103262895686,0.977601984935803,0.2335096150636673
a4456,/mnt/data_disk/HDRData/1000hdr/HDRtest/a4456-DSC_0472.exr,/mnt/data_disk/ZQL/TIP_TMO_result/tradition/Exponential/a4456.png,343,512,0.758715121899914,0.7412036634551129,0.060955463238485004,0.9146141947562934,0.843640725492463,0.9855876640201237,0.17636638879776
a4457,/mnt/data_disk/HDRData/1000hdr/HDRtest/a4457-_DSC0012-5.exr,/mnt/data_disk/ZQL/TIP_TMO_result/tradition/Exponential/a4457.png,340,512,0.9258860349368786,0.9045214820912911,0.664538039895356,0.9645632027195485,0.9301500040251427,0.9989764014139545,0.07525819540023804
a4465,/mnt/data_disk/HDRData/1000hdr/HDRtest/a4465-DSC_0051.exr,/mnt/data_disk/ZQL/TIP_TMO_result/tradition/Exponential/a4465.png,340,512,0.8663868148517376,0.8769722930041162,0.3611970843951119,0.9090842760681863,0.8373050521742605,0.9808634999621121,0.11863970756530762
a4466,/mnt/data_disk/HDRData/1000hdr/HDRtest/a4466-20090327_at_11h08m58__MG_0964.exr,/mnt/data_disk/ZQL/TIP_TMO_result/tradition/Exponential/a4466.png,341,512,0.9370643555801585,0.8407389714494333,0.8495366119028179,0.8760690084908127,0.7548044571953643,0.997333559786261,0.2464069277048111
a4467,/mnt/data_disk/HDRData/1000hdr/HDRtest/a4467-Duggan_090426_7873.exr,/mnt/data_disk/ZQL/TIP_TMO_result/tradition/Exponential/a4467.png,341,512,0.9248176959767235,0.8616854665763739,0.7305438497559865,0.8789438160354566,0.7736454242916023,0.9842422077793109,0.2207728624343872
a4470,/mnt/data_disk/HDRData/1000hdr/HDRtest/a4470-Duggan_090123_4566.exr,/mnt/data_disk/ZQL/TIP_TMO_result/tradition/Exponential/a4470.png,341,512,0.938056503471562,0.9076773291033631,0.7371249483759935,0.9101348004514008,0.8487631988455793,0.9715064020572224,0.1883717179298401
a4471,/mnt/data_disk/HDRData/1000hdr/HDRtest/a4471-Duggan_090321_5859.exr,/mnt/data_disk/ZQL/TIP_TMO_result/tradition/Exponential/a4471.png,341,512,0.9041825827309271,0.8809069446953732,0.5692128201625956,0.5691876353955345,0.8533224788974303,0.28505279189363875,0.20190969109535217
a4472,/mnt/data_disk/HDRData/1000hdr/HDRtest/a4472-Duggan_090504_9026.exr,/mnt/data_disk/ZQL/TIP_TMO_result/tradition/Exponential/a4472.png,341,512,0.9484879679848329,0.9222674149412118,0.7806320889118908,0.9301698539899856,0.861635292861568,0.9987044151184031,0.2805134057998657
a4474,/mnt/data_disk/HDRData/1000hdr/HDRtest/a4474-09-05-19-at-18h56m31s-_MG_9553.exr,/mnt/data_disk/ZQL/TIP_TMO_result/tradition/Exponential/a4474.png,341,512,0.8780808281226141,0.876819324500306,0.42461606499033167,0.9572699220733627,0.9160902593465148,0.9984495848002107,0.11462152749300003
a4476,/mnt/data_disk/HDRData/1000hdr/HDRtest/a4476-IMG_4029.exr,/mnt/data_disk/ZQL/TIP_TMO_result/tradition/Exponential/a4476.png,341,512,0.906223976778511,0.862401991953484,0.6118850317197194,0.9506866505136123,0.9125949238490492,0.9887783771781755,0.1289556920528412
a4477,/mnt/data_disk/HDRData/1000hdr/HDRtest/a4477-20090327_at_06h09m52__MG_0855.exr,/mnt/data_disk/ZQL/TIP_TMO_result/tradition/Exponential/a4477.png,341,512,0.9332707197867507,0.832477185542793,0.8393282370911153,0.86953397736553,0.7405903451269507,0.9984776096041093,0.19809864461421967
a4479,/mnt/data_disk/HDRData/1000hdr/HDRtest/a4479-09-05-19-at-18h39m42s-_MG_9545.exr,/mnt/data_disk/ZQL/TIP_TMO_result/tradition/Exponential/a4479.png,341,512,0.7741250382200591,0.7675412798979736,0.08609798424499011,0.8638742738249875,0.7286020298488862,0.9991465178010888,0.1897004097700119
a4480,/mnt/data_disk/HDRData/1000hdr/HDRtest/a4480-Duggan_090201_4896.exr,/mnt/data_disk/ZQL/TIP_TMO_result/tradition/Exponential/a4480.png,341,512,0.8346979149482904,0.7473165690449721,0.3874502930137537,0.4287820394010064,0.7801160316018787,0.07744804720013414,0.22486335039138794
a4487,/mnt/data_disk/HDRData/1000hdr/HDRtest/a4487-Duggan_090322_5971.exr,/mnt/data_disk/ZQL/TIP_TMO_result/tradition/Exponential/a4487.png,341,512,0.8726556397645524,0.7601033019785073,0.5833501970923394,0.930148948855594,0.8626708908981152,0.9976270068130727,0.17683365941047668
