id,hdr_path,ldr_path,height,width,tmqi_q,tmqi_s,tmqi_n,tmqi2_q,tmqi2_s,tmqi2_n,nlpd
a2808,/mnt/data_disk/HDRData/1000hdr/HDRtest/a2808-20080516_072208__MG_0018.exr,/mnt/data_disk/ZQL/TIP_TMO_result/dnn/Laplacianet/a2808.png,341,512,0.8879894256720173,0.7642493270987774,0.6707436446718236,0.3816043892440712,0.7632087784881424,2.626515554263593e-18,0.21632231771945953
a2824,/mnt/data_disk/HDRData/1000hdr/HDRtest/a2824-dvf_035.exr,/mnt/data_disk/ZQL/TIP_TMO_result/dnn/Laplacianet/a2824.png,341,512,0.7556438139325099,0.5871293970284615,0.24995555932570468,0.3116498882806107,0.6232997765612214,3.214223123639775e-29,0.12795302271842957
a2854,/mnt/data_disk/HDRData/1000hdr/HDRtest/a2854-NKIM_MG_7374.exr,/mnt/data_disk/ZQL/TIP_TMO_result/dnn/Laplacianet/a2854.png,341,512,0.9150496070552874,0.8729623383570387,0.6489933122939975,0.3998174660237577,0.7996349320463163,1.1990479247794526e-12,0.3053319454193115
a2861,/mnt/data_disk/HDRData/1000hdr/HDRtest/a2861-IMG_4397.exr,/mnt/data_disk/ZQL/TIP_TMO_result/dnn/Laplacianet/a2861.png,341,512,nan,nan,0.38911368358933,0.2727319283584994,0.5454637114912386,1.4522576015841044e-07,0.1874326914548874
a2862,/mnt/data_disk/HDRData/1000hdr/HDRtest/a2862-_DSC0055.exr,/mnt/data_disk/ZQL/TIP_TMO_result/dnn/Laplacianet/a2862.png,340,512,0.9317171874435166,0.7801001839614472,0.9303728689107847,0.4576387519646638,0.915277502398108,1.5312195458271204e-09,0.19182130694389343
a2876,/mnt/data_disk/HDRData/1000hdr/HDRtest/a2876-jn_20080130_Las_Vegas_0082.exr,/mnt/data_disk/ZQL/TIP_TMO_result/dnn/Laplacianet/a2876.png,341,512,0.7469316451615623,0.4292399646835531,0.5354821268763633,0.2700394564464603,0.5400789128929206,2.675725690587318e-24,0.2272697389125824
a2883,/mnt/data_disk/HDRData/1000hdr/HDRtest/a2883-_DSC0008-2.exr,/mnt/data_disk/ZQL/TIP_TMO_result/dnn/Laplacianet/a2883.png,340,512,0.8496723404133562,0.727457289017576,0.5049450462137773,0.3904551141731693,0.7809102218140458,6.532292847186967e-09,0.07284285873174667
a2913,/mnt/data_disk/HDRData/1000hdr/HDRtest/a2913-IMG_0138.exr,/mnt/data_disk/ZQL/TIP_TMO_result/dnn/Laplacianet/a2913.png,341,512,0.9064592142922048,0.6939118077154609,0.9356998431436845,0.4383332553781606,0.8766665096374524,1.1188687638735345e-09,0.24315224587917328
a2933,/mnt/data_disk/HDRData/1000hdr/HDRtest/a2933-_I2E7313.exr,/mnt/data_disk/ZQL/TIP_TMO_result/dnn/Laplacianet/a2933.png,341,512,nan,nan,0.665798362746896,0.3231485506624891,0.6462971013249782,1.7220243878438228e-22,0.230348601937294
a2956,/mnt/data_disk/HDRData/1000hdr/HDRtest/a2956-KE_-0035.exr,/mnt/data_disk/ZQL/TIP_TMO_result/dnn/Laplacianet/a2956.png,340,512,0.9292516631377437,0.8408573352196641,0.7969299350557464,0.41499484898657096,0.82998969244544,5.527701960456873e-09,0.17421145737171173
a2986,/mnt/data_disk/HDRData/1000hdr/HDRtest/a2986-_DGW6325.exr,/mnt/data_disk/ZQL/TIP_TMO_result/dnn/Laplacianet/a2986.png,341,512,0.8724202583372311,0.7433174398182901,0.6124343762429922,0.4164900283454921,0.8329556336087365,2.4423082247699773e-05,0.28679853677749634
a3267,/mnt/data_disk/HDRData/1000hdr/HDRtest/a3267-WP_CRW_0087.exr,/mnt/data_disk/ZQL/TIP_TMO_result/dnn/Laplacianet/a3267.png,341,512,0.9342686056928624,0.7563274066461505,0.9972143484460397,0.4374107951101244,0.8748215901255078,9.474104407711793e-11,0.22906477749347687
a3285,/mnt/data_disk/HDRData/1000hdr/HDRtest/a3285-CRW_0291.exr,/mnt/data_disk/ZQL/TIP_TMO_result/dnn/Laplacianet/a3285.png,341,512,0.9106206378009505,0.7266073127573313,0.8944694262651325,0.439465087332706,0.8789299384750855,2.361903265139082e-07,0.3495108187198639
a3288,/mnt/data_disk/HDRData/1000hdr/HDRtest/a3288-KE_-0049.exr,/mnt/data_disk/ZQL/TIP_TMO_result/dnn/Laplacianet/a3288.png,340,512,0.9022855884608664,0.7000022974357135,0.8936303719344698,0.40192500539707504,0.8038499928245316,1.7969618448663577e-08,0.1987309753894806
a3306,/mnt/data_disk/HDRData/1000hdr/HDRtest/a3306-IMG_4969.exr,/mnt/data_disk/ZQL/TIP_TMO_result/dnn/Laplacianet/a3306.png,341,512,0.8737302011309875,0.6898730982386875,0.7244659052712622,0.40649672553485394,0.8125773121446792,0.00041613892502866183,0.22330239415168762
a3312,/mnt/data_disk/HDRData/1000hdr/HDRtest/a3312-IMG_1063.exr,/mnt/data_disk/ZQL/TIP_TMO_result/dnn/Laplacianet/a3312.png,341,512,0.8673297360116712,0.5779939457652733,0.9335309175764231,0.3348457992293334,0.6696915984586668,1.133218647455232e-21,0.24597600102424622
a3315,/mnt/data_disk/HDRData/1000hdr/HDRtest/a3315-MB_20030906_022.exr,/mnt/data_disk/ZQL/TIP_TMO_result/dnn/Laplacianet/a3315.png,341,512,0.8834504823313333,0.735508996349168,0.6963433222900919,0.3996017127684812,0.7992029827866675,4.4275029499615423e-07,0.3280205726623535
a3316,/mnt/data_disk/HDRData/1000hdr/HDRtest/a3316-20051225_163230__MG_1390.exr,/mnt/data_disk/ZQL/TIP_TMO_result/dnn/Laplacianet/a3316.png,341,512,0.9182414353975519,0.8416411446243316,0.723387419823723,0.42083680996534273,0.8416735996447438,2.028594175832545e-08,0.13655273616313934
a3318,/mnt/data_disk/HDRData/1000hdr/HDRtest/a3318-JI2E5722.exr,/mnt/data_disk/ZQL/TIP_TMO_result/dnn/Laplacianet/a3318.png,341,512,0.8840941146260888,0.8390759093928769,0.5172362231723497,0.4356352241748942,0.8712704458629406,2.4868478267166215e-09,0.13395702838897705
a3321,/mnt/data_disk/HDRData/1000hdr/HDRtest/a3321-DSC_0054.exr,/mnt/data_disk/ZQL/TIP_TMO_result/dnn/Laplacianet/a3321.png,340,512,0.8698168042637439,0.8550046688962334,0.4115170013789755,0.4309627730704403,0.8618789614786271,4.658466225348735e-05,0.1127840057015419
a3325,/mnt/data_disk/HDRData/1000hdr/HDRtest/a3325-050819_154342__MG_5227.exr,/mnt/data_disk/ZQL/TIP_TMO_result/dnn/Laplacianet/a3325.png,341,512,0.813133930863656,0.7892826990198474,0.21853659879059598,0.44326984839417743,0.8865396958149412,9.734137056640682e-10,0.12487078458070755
a3337,/mnt/data_disk/HDRData/1000hdr/HDRtest/a3337-dgw_112.exr,/mnt/data_disk/ZQL/TIP_TMO_result/dnn/Laplacianet/a3337.png,341,512,0.8645705311690768,0.6324543949615282,0.7868036018778584,0.3629134348494072,0.7258268687420429,9.567714483422643e-10,0.40094971656799316
a3339,/mnt/data_disk/HDRData/1000hdr/HDRtest/a3339-_MG_7202.exr,/mnt/data_disk/ZQL/TIP_TMO_result/dnn/Laplacianet/a3339.png,341,512,0.8390821685577721,0.5491580800901449,0.812413334944741,0.32018287523520333,0.6403657504704067,2.897996085224974e-32,0.2351367473602295
a3341,/mnt/data_disk/HDRData/1000hdr/HDRtest/a3341-jmac_DSC2590.exr,/mnt/data_disk/ZQL/TIP_TMO_result/dnn/Laplacianet/a3341.png,340,512,0.8795102575623046,0.6479127990769922,0.8523987237964832,0.3963437858749575,0.7926875717499133,1.6919129481685292e-15,0.10880917310714722
a3344,/mnt/data_disk/HDRData/1000hdr/HDRtest/a3344-NKIM_MG_6348.exr,/mnt/data_disk/ZQL/TIP_TMO_result/dnn/Laplacianet/a3344.png,341,512,0.8724755676619137,0.8406773243581868,0.4480325626937982,0.4043661412383242,0.8086799442287677,5.233824788080373e-05,0.09332549571990967
a3345,/mnt/data_disk/HDRData/1000hdr/HDRtest/a3345-20080514_105211__MG_9917.exr,/mnt/data_disk/ZQL/TIP_TMO_result/dnn/Laplacianet/a3345.png,341,512,0.835114925974745,0.7914083702721261,0.32190124358169103,0.3675794896016931,0.7351589792033861,1.1508026028945233e-16,0.16510014235973358
a3351,/mnt/data_disk/HDRData/1000hdr/HDRtest/a3351-KE_-1722.exr,/mnt/data_disk/ZQL/TIP_TMO_result/dnn/Laplacianet/a3351.png,340,512,0.8037680717773099,0.5711663863805263,0.5386810984380588,0.3256510819982795,0.6513021639107586,8.580046995566374e-11,0.14285032451152802
a3356,/mnt/data_disk/HDRData/1000hdr/HDRtest/a3356-_DSC9981.exr,/mnt/data_disk/ZQL/TIP_TMO_result/dnn/Laplacianet/a3356.png,341,512,0.8975318204031059,0.7109080902149686,0.8381961287285374,0.3343458244098884,0.6686916488197768,1.9324941247783957e-17,0.1974271535873413
a3360,/mnt/data_disk/HDRData/1000hdr/HDRtest/a3360-IMG_0017.exr,/mnt/data_disk/ZQL/TIP_TMO_result/dnn/Laplacianet/a3360.png,341,512,0.8835179670107038,0.7632180625072346,0.644563792619497,0.4422652432120191,0.8788477263608564,0.005682760063181856,0.20792262256145477
a3365,/mnt/data_disk/HDRData/1000hdr/HDRtest/a3365-jn_20071207_Xmas_House_0124.exr,/mnt/data_disk/ZQL/TIP_TMO_result/dnn/Laplacianet/a3365.png,341,512,0.8917754645010688,0.6653412783556603,0.8972171021324941,0.3190478024905796,0.6380956049803508,8.084762235384457e-13,0.09681010246276855
a3366,/mnt/data_disk/HDRData/1000hdr/HDRtest/a3366-Ja_Pe-6.exr,/mnt/data_disk/ZQL/TIP_TMO_result/dnn/Laplacianet/a3366.png,288,512,0.8878761819364698,0.6533604918103094,0.8972643620972195,0.42265382481577,0.845307649623819,7.721083667944789e-12,0.2598384618759155
a3369,/mnt/data_disk/HDRData/1000hdr/HDRtest/a3369-IMG_0004.exr,/mnt/data_disk/ZQL/TIP_TMO_result/dnn/Laplacianet/a3369.png,341,512,0.8614061475749266,0.7272081458414453,0.5749689529928852,0.41297316779873655,0.825941170055248,5.165542225021606e-06,0.2932475805282593
a3371,/mnt/data_disk/HDRData/1000hdr/HDRtest/a3371-07-12-01-at-11h32m58s-_MG_8498.exr,/mnt/data_disk/ZQL/TIP_TMO_result/dnn/Laplacianet/a3371.png,341,512,0.9167717669252207,0.7483032386041519,0.8917715120452123,0.3718135660861117,0.7436271321722234,3.92153029150371e-17,0.23731771111488342
a3382,/mnt/data_disk/HDRData/1000hdr/HDRtest/a3382-IMG_4032.exr,/mnt/data_disk/ZQL/TIP_TMO_result/dnn/Laplacianet/a3382.png,341,512,0.8752688022595985,0.6487275269353102,0.8220055237411796,0.3609115226816228,0.7218230309224518,1.4440793833929563e-08,0.18186524510383606
a3388,/mnt/data_disk/HDRData/1000hdr/HDRtest/a3388-jmac_DSC2214.exr,/mnt/data_disk/ZQL/TIP_TMO_result/dnn/Laplacianet/a3388.png,340,512,0.9152611254861108,0.7690654092401678,0.8397122489492608,0.379196068170053,0.7583751497398338,1.698660027224285e-05,0.15472525358200073
a3390,/mnt/data_disk/HDRData/1000hdr/HDRtest/a3390-dgw_070.exr,/mnt/data_disk/ZQL/TIP_TMO_result/dnn/Laplacianet/a3390.png,341,512,0.8752179743275446,0.6632142753231355,0.7900752191425419,0.38958353346855495,0.7791670669371098,1.5423165992043395e-16,0.2631763815879822
a3391,/mnt/data_disk/HDRData/1000hdr/HDRtest/a3391-050904_125814__I2E8654.exr,/mnt/data_disk/ZQL/TIP_TMO_result/dnn/Laplacianet/a3391.png,341,512,0.7914675722696117,0.6260154506455408,0.36225837934596516,0.38300844911541426,0.7660168982308285,9.753040849622886e-20,0.23370574414730072
a3393,/mnt/data_disk/HDRData/1000hdr/HDRtest/a3393-_DSC0057.exr,/mnt/data_disk/ZQL/TIP_TMO_result/dnn/Laplacianet/a3393.png,340,512,0.8094569615012832,0.784373258942482,0.20830111882200633,0.43556849045800056,0.8590774708027726,0.012059510113228453,0.16675806045532227
a3394,/mnt/data_disk/HDRData/1000hdr/HDRtest/a3394-_DGW6419.exr,/mnt/data_disk/ZQL/TIP_TMO_result/dnn/Laplacianet/a3394.png,341,512,0.8833890691586219,0.6417814814149485,0.8926996797909292,0.3849920877666201,0.7699841755332218,1.8321078065188177e-14,0.3807336986064911
a3400,/mnt/data_disk/HDRData/1000hdr/HDRtest/a3400-07-11-04-at-17h36m14s-_MG_4004.exr,/mnt/data_disk/ZQL/TIP_TMO_result/dnn/Laplacianet/a3400.png,341,512,0.761487690796244,0.4639342797942491,0.5338272280836328,0.2907825554904071,0.5815651109808142,5.057631869512098e-24,0.2357802540063858
a3401,/mnt/data_disk/HDRData/1000hdr/HDRtest/a3401-20061111_122429__E6B5415.exr,/mnt/data_disk/ZQL/TIP_TMO_result/dnn/Laplacianet/a3401.png,341,512,0.8746657052512141,0.814512275787557,0.5021558685037751,0.42440625861123715,0.8486705821796335,0.00014193504284078245,0.1533803790807724
a3402,/mnt/data_disk/HDRData/1000hdr/HDRtest/a3402-jmac_DSC3153.exr,/mnt/data_disk/ZQL/TIP_TMO_result/dnn/Laplacianet/a3402.png,340,512,0.9332870851774284,0.7882407361716189,0.9249381521601776,0.4357995978551978,0.8715605456118212,3.865009857436427e-05,0.17720603942871094
a3413,/mnt/data_disk/HDRData/1000hdr/HDRtest/a3413-20041217_193556__E6B0485.exr,/mnt/data_disk/ZQL/TIP_TMO_result/dnn/Laplacianet/a3413.png,341,512,0.8512187020728379,0.51391637523447,0.9877201118066193,0.35907025545958315,0.7181405108967134,2.2452961730807913e-11,0.16887116432189941
a3414,/mnt/data_disk/HDRData/1000hdr/HDRtest/a3414-DSC_0002.exr,/mnt/data_disk/ZQL/TIP_TMO_result/dnn/Laplacianet/a3414.png,340,512,0.9405299602769321,0.7851350263627098,0.9818946425095733,0.42456635842772994,0.8491327120558715,4.799588349633903e-09,0.18361586332321167
a3415,/mnt/data_disk/HDRData/1000hdr/HDRtest/a3415-jmac_DSC6092.exr,/mnt/data_disk/ZQL/TIP_TMO_result/dnn/Laplacianet/a3415.png,340,512,0.907420954418423,0.8400306983769593,0.657286386647449,0.434278191632023,0.8685563830589678,2.0507833318138333e-10,0.13441333174705505
a3416,/mnt/data_disk/HDRData/1000hdr/HDRtest/a3416-IMG_4746.exr,/mnt/data_disk/ZQL/TIP_TMO_result/dnn/Laplacianet/a3416.png,341,512,0.9043020353703572,0.6964980960323275,0.9150938557719273,0.4138999995167387,0.8277999967505875,2.2828900000273716e-09,0.24704886972904205
a3418,/mnt/data_disk/HDRData/1000hdr/HDRtest/a3418-2004-02-07 16-53-50 CRW_3754.exr,/mnt/data_disk/ZQL/TIP_TMO_result/dnn/Laplacianet/a3418.png,341,512,0.9340315178336178,0.7932343194273835,0.9201524430213043,0.543903845441348,0.8432688135612717,0.2445388773214243,0.08547918498516083
a3422,/mnt/data_disk/HDRData/1000hdr/HDRtest/a3422-WP_CRW_0302.exr,/mnt/data_disk/ZQL/TIP_TMO_result/dnn/Laplacianet/a3422.png,341,512,0.9359147423717222,0.7875339211822386,0.9446400406470279,0.3816262234970973,0.7632331474861972,1.9299507997368457e-05,0.18311576545238495
a3424,/mnt/data_disk/HDRData/1000hdr/HDRtest/a3424-CRW_0163.exr,/mnt/data_disk/ZQL/TIP_TMO_result/dnn/Laplacianet/a3424.png,341,512,0.9325785999248628,0.7704255378354256,0.9560457152122226,0.4221206506687421,0.8442411102162877,1.9112119652052367e-07,0.2697086036205292
a3431,/mnt/data_disk/HDRData/1000hdr/HDRtest/a3431-_DSC0103-3.exr,/mnt/data_disk/ZQL/TIP_TMO_result/dnn/Laplacianet/a3431.png,340,512,0.8853477075403036,0.7622613388571265,0.6577895502292078,0.44238545633778187,0.8843076601150157,0.0004632525605480497,0.11881791055202484
a3432,/mnt/data_disk/HDRData/1000hdr/HDRtest/a3432-jmac_DSC3184.exr,/mnt/data_disk/ZQL/TIP_TMO_result/dnn/Laplacianet/a3432.png,340,512,0.9218156009737433,0.7793831382826947,0.8637282414168935,0.4226893948579516,0.8453786590732775,1.3064262574290036e-07,0.13230663537979126
a3433,/mnt/data_disk/HDRData/1000hdr/HDRtest/a3433-NKIM_MG_8213.exr,/mnt/data_disk/ZQL/TIP_TMO_result/dnn/Laplacianet/a3433.png,341,512,0.9134561853627959,0.7154723080069739,0.9376841772714329,0.3699412671804573,0.7398825261798203,8.181094243020409e-09,0.2683572471141815
a3439,/mnt/data_disk/HDRData/1000hdr/HDRtest/a3439-IMG_3798.exr,/mnt/data_disk/ZQL/TIP_TMO_result/dnn/Laplacianet/a3439.png,341,512,0.8769915721580138,0.6400812224173267,0.8529193090831294,0.48460939205701714,0.9583728685813633,0.010845915532670967,0.11960142850875854
a3441,/mnt/data_disk/HDRData/1000hdr/HDRtest/a3441-dgw_064.exr,/mnt/data_disk/ZQL/TIP_TMO_result/dnn/Laplacianet/a3441.png,341,512,0.8098893102704242,0.6781240974915473,0.3691186373733808,0.40353630483409525,0.8070726096681905,1.859077466001503e-19,0.2853119373321533
a3444,/mnt/data_disk/HDRData/1000hdr/HDRtest/a3444-WP_CRW_6313.exr,/mnt/data_disk/ZQL/TIP_TMO_result/dnn/Laplacianet/a3444.png,341,512,0.9011003303695638,0.6973123688308043,0.89127638573671,0.3553574653345507,0.7107149306601216,8.979845338996839e-12,0.16759897768497467
a3446,/mnt/data_disk/HDRData/1000hdr/HDRtest/a3446-050730_134124__MG_3716.exr,/mnt/data_disk/ZQL/TIP_TMO_result/dnn/Laplacianet/a3446.png,341,512,0.9350010412062303,0.8232127918105044,0.8685313798161574,0.42498425108283056,0.8499685021648031,8.579445974448233e-13,0.19715732336044312
a3448,/mnt/data_disk/HDRData/1000hdr/HDRtest/a3448-IMG_0113.exr,/mnt/data_disk/ZQL/TIP_TMO_result/dnn/Laplacianet/a3448.png,341,512,0.8914362685227537,0.6759173476500414,0.8715609685930035,0.4280247641939831,0.8560495092804624,1.9107503840176638e-08,0.23807163536548615
a3449,/mnt/data_disk/HDRData/1000hdr/HDRtest/a3449-jmac_DSC2669.exr,/mnt/data_disk/ZQL/TIP_TMO_result/dnn/Laplacianet/a3449.png,340,512,0.9260481273893978,0.8549293956247057,0.7504670326610753,0.44278444235811365,0.8841393196761157,0.0014295650401116577,0.12394774705171585
a3451,/mnt/data_disk/HDRData/1000hdr/HDRtest/a3451-IMG_1088.exr,/mnt/data_disk/ZQL/TIP_TMO_result/dnn/Laplacianet/a3451.png,341,512,0.9043860230876668,0.687345751167812,0.9356974271089759,0.3611779359644536,0.7223558719289065,6.438346004882181e-16,0.2840258479118347
a3452,/mnt/data_disk/HDRData/1000hdr/HDRtest/a3452-IMG_1205.exr,/mnt/data_disk/ZQL/TIP_TMO_result/dnn/Laplacianet/a3452.png,341,512,0.8308667085375225,0.8750778962080957,0.1913882507442014,0.38897676966992256,0.7777389013256006,0.00021463801424448164,0.07835999876260757
a3456,/mnt/data_disk/HDRData/1000hdr/HDRtest/a3456-DSC_0006-1-2.exr,/mnt/data_disk/ZQL/TIP_TMO_result/dnn/Laplacianet/a3456.png,340,512,0.9227551253380656,0.7717088133393131,0.885394578473946,0.4512252823437165,0.9024486316019867,1.933085446276521e-06,0.15245404839515686
a3457,/mnt/data_disk/HDRData/1000hdr/HDRtest/a3457-NKIM_025.exr,/mnt/data_disk/ZQL/TIP_TMO_result/dnn/Laplacianet/a3457.png,341,512,0.9407971413195698,0.8273886269709287,0.9002437486148978,0.44267494793698325,0.885335734504183,1.4161369783517487e-05,0.1918054074048996
a3460,/mnt/data_disk/HDRData/1000hdr/HDRtest/a3460-20080514_105637__MG_9928.exr,/mnt/data_disk/ZQL/TIP_TMO_result/dnn/Laplacianet/a3460.png,341,512,0.9224250835906617,0.7418267280459742,0.9443280987479471,0.4294816759623706,0.8589633518999177,2.4823504972903142e-11,0.20838777720928192
a3462,/mnt/data_disk/HDRData/1000hdr/HDRtest/a3462-dgw_051.exr,/mnt/data_disk/ZQL/TIP_TMO_result/dnn/Laplacianet/a3462.png,341,512,0.9103857481773685,0.6864935622116819,0.9796339929598578,0.3836501123179309,0.7673002242099165,4.2594530287626257e-10,0.31450513005256653
a3464,/mnt/data_disk/HDRData/1000hdr/HDRtest/a3464-tc_DSC2199.exr,/mnt/data_disk/ZQL/TIP_TMO_result/dnn/Laplacianet/a3464.png,340,512,0.869965662014525,0.5825619273979359,0.940552101203139,0.3679289821057754,0.7358579641811894,3.036132984106447e-11,0.18040139973163605
a3465,/mnt/data_disk/HDRData/1000hdr/HDRtest/a3465-20060619_114622__MG_9153.exr,/mnt/data_disk/ZQL/TIP_TMO_result/dnn/Laplacianet/a3465.png,341,512,0.8743551797959033,0.7636240015362603,0.5873664180429814,0.37804168941893135,0.7560829266694999,4.521683627396606e-07,0.16825896501541138
a3466,/mnt/data_disk/HDRData/1000hdr/HDRtest/a3466-IMG_3941.exr,/mnt/data_disk/ZQL/TIP_TMO_result/dnn/Laplacianet/a3466.png,341,512,0.9215596745572955,0.8098292059081901,0.8033294613827153,0.4480015713171618,0.8960026205918973,5.22042426342343e-07,0.1892566978931427
a3468,/mnt/data_disk/HDRData/1000hdr/HDRtest/a3468-IMG_4793.exr,/mnt/data_disk/ZQL/TIP_TMO_result/dnn/Laplacianet/a3468.png,341,512,0.9061427838322025,0.8184240298914733,0.6871770361871101,0.4505023899125626,0.8896661981187447,0.011338581706380491,0.1611792892217636
a3470,/mnt/data_disk/HDRData/1000hdr/HDRtest/a3470-IMG_0835.exr,/mnt/data_disk/ZQL/TIP_TMO_result/dnn/Laplacianet/a3470.png,341,512,0.9012970240218438,0.6828128571224691,0.9242330806110459,0.400486059091993,0.8009721130573328,5.126653132724398e-09,0.27394652366638184
a3474,/mnt/data_disk/HDRData/1000hdr/HDRtest/a3474-jmac_MG_1125.exr,/mnt/data_disk/ZQL/TIP_TMO_result/dnn/Laplacianet/a3474.png,341,512,0.8809486285306467,0.7924462933555073,0.5765621431681759,0.4142100904559038,0.8284201809118019,5.7032742234927315e-15,0.11522149294614792
a3477,/mnt/data_disk/HDRData/1000hdr/HDRtest/a3477-_DSC0048.exr,/mnt/data_disk/ZQL/TIP_TMO_result/dnn/Laplacianet/a3477.png,340,512,0.8669783627994241,0.7145630443137182,0.632846023262059,0.42163168848462884,0.8418661485118767,0.001397228457381035,0.19098874926567078
a3483,/mnt/data_disk/HDRData/1000hdr/HDRtest/a3483-_DSC0023-1.exr,/mnt/data_disk/ZQL/TIP_TMO_result/dnn/Laplacianet/a3483.png,340,512,0.8388276922875796,0.6461422565324304,0.5939850749050085,0.3686197262624845,0.7366872671797976,0.000552185345171435,0.10194451361894608
a3486,/mnt/data_disk/HDRData/1000hdr/HDRtest/a3486-jmac_DSC3897.exr,/mnt/data_disk/ZQL/TIP_TMO_result/dnn/Laplacianet/a3486.png,343,512,0.8785024539494535,0.6507776221145444,0.8392065658344625,0.4238496813296476,0.8476993623920577,2.6723757737055297e-10,0.23110908269882202
a3491,/mnt/data_disk/HDRData/1000hdr/HDRtest/a3491-DSC_0091.exr,/mnt/data_disk/ZQL/TIP_TMO_result/dnn/Laplacianet/a3491.png,340,512,0.92828767038704,0.8074486418247628,0.8530471003884685,0.4293097820557976,0.8581543290979564,0.00046523501363881863,0.1745346039533615
a3493,/mnt/data_disk/HDRData/1000hdr/HDRtest/a3493-IMG_0279.exr,/mnt/data_disk/ZQL/TIP_TMO_result/dnn/Laplacianet/a3493.png,341,512,0.8685341110231781,0.5687138198481329,0.9652578006935165,0.3633798075363217,0.7267596150726434,2.3853945905387186e-24,0.2525828778743744
a3499,/mnt/data_disk/HDRData/1000hdr/HDRtest/a3499-jn_2007_12_11__BU_CRUISE_019.exr,/mnt/data_disk/ZQL/TIP_TMO_result/dnn/Laplacianet/a3499.png,341,512,0.8346037763677633,0.6519121633748457,0.5569751332593947,0.3624835445984843,0.7249670891969627,5.898416362870037e-15,0.16310261189937592
a3503,/mnt/data_disk/HDRData/1000hdr/HDRtest/a3503-050731_155906__I2E5378.exr,/mnt/data_disk/ZQL/TIP_TMO_result/dnn/Laplacianet/a3503.png,341,512,0.8587211193089193,0.7697755378948973,0.4842242416983013,0.4068331026782118,0.8136662053564192,4.414723707559549e-15,0.18039998412132263
a3504,/mnt/data_disk/HDRData/1000hdr/HDRtest/a3504-IMG_0903.exr,/mnt/data_disk/ZQL/TIP_TMO_result/dnn/Laplacianet/a3504.png,341,512,0.8864924721131617,0.8316216910707871,0.5435497031801905,0.4999971494138982,0.9209461316769575,0.07904816715083894,0.17087049782276154
a3505,/mnt/data_disk/HDRData/1000hdr/HDRtest/a3505-CRW_0288.exr,/mnt/data_disk/ZQL/TIP_TMO_result/dnn/Laplacianet/a3505.png,341,512,0.8588155789154195,0.7579595343064865,0.5048750193357348,0.3898004145250276,0.7796007798649472,4.918510799345857e-08,0.24206630885601044
a3508,/mnt/data_disk/HDRData/1000hdr/HDRtest/a3508-NKIM_095.exr,/mnt/data_disk/ZQL/TIP_TMO_result/dnn/Laplacianet/a3508.png,341,512,0.912364455575089,0.7079020291685703,0.9463934242696351,0.42827353437583193,0.8565470678710837,8.805801829287227e-10,0.3256183862686157
a3509,/mnt/data_disk/HDRData/1000hdr/HDRtest/a3509-_DGW6337.exr,/mnt/data_disk/ZQL/TIP_TMO_result/dnn/Laplacianet/a3509.png,341,512,0.9190823699695401,0.7656189715357669,0.8724888956956082,0.4061170719275707,0.81221599487729,1.8148977851329406e-05,0.37381571531295776
a3510,/mnt/data_disk/HDRData/1000hdr/HDRtest/a3510-JI2E4365.exr,/mnt/data_disk/ZQL/TIP_TMO_result/dnn/Laplacianet/a3510.png,341,512,0.9006529198835304,0.7158483237274225,0.8489770193115371,0.3729935478397601,0.7459870952199531,4.5956700761784367e-10,0.26996278762817383
a3511,/mnt/data_disk/HDRData/1000hdr/HDRtest/a3511-jmac_MG_0542.exr,/mnt/data_disk/ZQL/TIP_TMO_result/dnn/Laplacianet/a3511.png,341,512,0.9085008948450342,0.7122774953166718,0.9101544835580969,0.38133798272280256,0.7626759654455946,1.0497465088886346e-14,0.1461290419101715
a3512,/mnt/data_disk/HDRData/1000hdr/HDRtest/a3512-LSstone_060805_9380.exr,/mnt/data_disk/ZQL/TIP_TMO_result/dnn/Laplacianet/a3512.png,341,512,0.9110605963475438,0.7487177197073561,0.8519846612282361,0.3914210421347062,0.7828420842694017,1.0636820772932346e-14,0.1696126013994217
a3521,/mnt/data_disk/HDRData/1000hdr/HDRtest/a3521-JI2E5091.exr,/mnt/data_disk/ZQL/TIP_TMO_result/dnn/Laplacianet/a3521.png,341,512,0.8637221770408922,0.6079838391321135,0.8367378912730965,0.36751797887656984,0.7350359574425519,3.1058780242064044e-10,0.1665039211511612
a3522,/mnt/data_disk/HDRData/1000hdr/HDRtest/a3522-IMG_4772.exr,/mnt/data_disk/ZQL/TIP_TMO_result/dnn/Laplacianet/a3522.png,341,512,0.9375248603581982,0.7756510693520582,0.9800950692832922,0.4141063169539023,0.8281901416699842,2.249223782045646e-05,0.13819466531276703
a3525,/mnt/data_disk/HDRData/1000hdr/HDRtest/a3525-IMG_0713.exr,/mnt/data_disk/ZQL/TIP_TMO_result/dnn/Laplacianet/a3525.png,341,512,0.8538347764974397,0.9147064779490864,0.2484916474198748,0.45686275172612795,0.913723597145223,1.9063070328486425e-06,0.18315143883228302
a3529,/mnt/data_disk/HDRData/1000hdr/HDRtest/a3529-WP_CRW_0659.exr,/mnt/data_disk/ZQL/TIP_TMO_result/dnn/Laplacianet/a3529.png,341,512,0.927513928239333,0.7702366065336538,0.9211460587852285,0.4155217167908528,0.8310434330974928,4.842127828168808e-10,0.17676100134849548
a3531,/mnt/data_disk/HDRData/1000hdr/HDRtest/a3531-07-06-30-at-04h02m08s-_MG_1936.exr,/mnt/data_disk/ZQL/TIP_TMO_result/dnn/Laplacianet/a3531.png,341,512,0.8497791351559165,0.5796012024089393,0.8099851389410853,0.3471403819629054,0.6942807639258108,9.925227057416641e-21,0.22465477883815765
a3540,/mnt/data_disk/HDRData/1000hdr/HDRtest/a3540-07-12-02-at-14h05m14s-_MG_8949.exr,/mnt/data_disk/ZQL/TIP_TMO_result/dnn/Laplacianet/a3540.png,341,512,0.8968855232534756,0.6868970099441504,0.8848894548746908,0.3489419261256373,0.6978651646480449,1.8687603229617864e-05,0.2481546550989151
a3541,/mnt/data_disk/HDRData/1000hdr/HDRtest/a3541-IMG_4107.exr,/mnt/data_disk/ZQL/TIP_TMO_result/dnn/Laplacianet/a3541.png,341,512,0.867793796601797,0.7876678678681523,0.5066459579312027,0.38982845619808315,0.7790698269887255,0.0005870854074407666,0.13558270037174225
a3545,/mnt/data_disk/HDRData/1000hdr/HDRtest/a3545-jmac_DSC0491.exr,/mnt/data_disk/ZQL/TIP_TMO_result/dnn/Laplacianet/a3545.png,340,512,0.9191091967736298,0.7924457092035028,0.8200202359824937,0.4400000081916635,0.8796098753406081,0.00039014104271892897,0.11684147268533707
a3548,/mnt/data_disk/HDRData/1000hdr/HDRtest/a3548-CRW_0993.exr,/mnt/data_disk/ZQL/TIP_TMO_result/dnn/Laplacianet/a3548.png,341,512,0.9456926745641632,0.8105959665453993,0.9670483777657742,0.4587944664680114,0.9174406653005066,0.00014826763551622975,0.12914440035820007
a3549,/mnt/data_disk/HDRData/1000hdr/HDRtest/a3549-KE_-2455.exr,/mnt/data_disk/ZQL/TIP_TMO_result/dnn/Laplacianet/a3549.png,340,512,0.9392226892460929,0.8497854074057206,0.8473500984709681,0.4466807417097586,0.8933000525124453,6.143090707189622e-05,0.12438041716814041
a3557,/mnt/data_disk/HDRData/1000hdr/HDRtest/a3557-IMG_1507.exr,/mnt/data_disk/ZQL/TIP_TMO_result/dnn/Laplacianet/a3557.png,341,512,0.8554994357995915,0.7400928220302107,0.5166325231709005,0.3555190843971354,0.7110381686998835,9.438743428855451e-11,0.10168494284152985
a3563,/mnt/data_disk/HDRData/1000hdr/HDRtest/a3563-07-11-30-at-15h55m08s-_MG_8326.exr,/mnt/data_disk/ZQL/TIP_TMO_result/dnn/Laplacianet/a3563.png,341,512,0.9141456181754375,0.7577886388541716,0.8546216337947541,0.4223399885083009,0.8446799770166009,8.779190413567709e-16,0.1831175535917282
a3571,/mnt/data_disk/HDRData/1000hdr/HDRtest/a3571-IMG_0290.exr,/mnt/data_disk/ZQL/TIP_TMO_result/dnn/Laplacianet/a3571.png,341,512,0.8717376469269728,0.6771451160296856,0.7377763368086564,0.4237273305969796,0.7659266330953948,0.0815280280985644,0.06465627998113632
a3575,/mnt/data_disk/HDRData/1000hdr/HDRtest/a3575-IMG_0834.exr,/mnt/data_disk/ZQL/TIP_TMO_result/dnn/Laplacianet/a3575.png,341,512,0.8927462325019079,0.6447322934999856,0.9507612074252244,0.3987349378746378,0.7974698757468873,2.3883445254653776e-12,0.2605721950531006
a3576,/mnt/data_disk/HDRData/1000hdr/HDRtest/a3576-LS051026_day_15_LL003.exr,/mnt/data_disk/ZQL/TIP_TMO_result/dnn/Laplacianet/a3576.png,341,512,0.9311226569410462,0.8041511423290783,0.8787034050685318,0.4348545924041613,0.8427771219596468,0.02693206284867578,0.19249635934829712
a3585,/mnt/data_disk/HDRData/1000hdr/HDRtest/a3585-IMG_4211.exr,/mnt/data_disk/ZQL/TIP_TMO_result/dnn/Laplacianet/a3585.png,341,512,0.7564524852707074,0.47556606839345883,0.47662063036369834,0.28955010543756654,0.5791002106385752,2.365579352087543e-10,0.15996181964874268
a3586,/mnt/data_disk/HDRData/1000hdr/HDRtest/a3586-IMG_4591.exr,/mnt/data_disk/ZQL/TIP_TMO_result/dnn/Laplacianet/a3586.png,341,512,0.8833278538775248,0.6475921025301792,0.8790974240425184,0.3700614968300223,0.740122993578805,8.12397070494824e-11,0.22063268721103668
a3588,/mnt/data_disk/HDRData/1000hdr/HDRtest/a3588-CRW_0983.exr,/mnt/data_disk/ZQL/TIP_TMO_result/dnn/Laplacianet/a3588.png,341,512,0.9333362100632168,0.8062723780798481,0.8897386443103847,0.46161304328165004,0.9232253001910294,7.863722705822225e-07,0.1590082049369812
a3591,/mnt/data_disk/HDRData/1000hdr/HDRtest/a3591-07-11-30-at-16h19m33s-_MG_8384.exr,/mnt/data_disk/ZQL/TIP_TMO_result/dnn/Laplacianet/a3591.png,341,512,0.9433055464456789,0.8159557729013139,0.9397717753027142,0.4424148206789778,0.8848296413579422,1.343763019393558e-14,0.20971986651420593
a3593,/mnt/data_disk/HDRData/1000hdr/HDRtest/a3593-_DSC5689.exr,/mnt/data_disk/ZQL/TIP_TMO_result/dnn/Laplacianet/a3593.png,341,512,0.8599781633863042,0.6871676523841035,0.6425628134217252,0.41768035680861293,0.8353607136026158,1.461010375128032e-11,0.2832850217819214
a3600,/mnt/data_disk/HDRData/1000hdr/HDRtest/a3600-JI2E3496.exr,/mnt/data_disk/ZQL/TIP_TMO_result/dnn/Laplacianet/a3600.png,341,512,0.8758531865053105,0.677384756437192,0.7641450697583051,0.3508312250938295,0.7016624501831298,4.529225954325129e-12,0.24282099306583405
a3602,/mnt/data_disk/HDRData/1000hdr/HDRtest/a3602-_DSC9759.exr,/mnt/data_disk/ZQL/TIP_TMO_result/dnn/Laplacianet/a3602.png,341,512,0.8788388401775185,0.7076183998618345,0.7215717382107435,0.32855693057418456,0.6570006699719345,0.0001131911764345924,0.15367017686367035
a3605,/mnt/data_disk/HDRData/1000hdr/HDRtest/a3605-IMG_2772.exr,/mnt/data_disk/ZQL/TIP_TMO_result/dnn/Laplacianet/a3605.png,341,512,0.9346594915693711,0.7692696581538895,0.973034908181473,0.44182647183902546,0.8836517244700135,1.2192080374362878e-06,0.13539397716522217
a3608,/mnt/data_disk/HDRData/1000hdr/HDRtest/a3608-NKIM_MG_7004.exr,/mnt/data_disk/ZQL/TIP_TMO_result/dnn/Laplacianet/a3608.png,341,512,0.9016728072378967,0.7725852878688795,0.7428327840226842,0.3956781472898613,0.7913562945797226,1.0818488467580735e-18,0.12308459728956223
a3609,/mnt/data_disk/HDRData/1000hdr/HDRtest/a3609-IMG_1702.exr,/mnt/data_disk/ZQL/TIP_TMO_result/dnn/Laplacianet/a3609.png,341,512,0.886503919100371,0.8429091611174501,0.5251879749604496,0.39084651032744844,0.7816930193629693,1.29192754018875e-09,0.1509992629289627
a3613,/mnt/data_disk/HDRData/1000hdr/HDRtest/a3613-_DSC3264.exr,/mnt/data_disk/ZQL/TIP_TMO_result/dnn/Laplacianet/a3613.png,341,512,0.8961237785200713,0.691419380324353,0.8699179625421036,0.3644898920488178,0.7289797840975557,7.989216313170438e-14,0.2415110021829605
a3623,/mnt/data_disk/HDRData/1000hdr/HDRtest/a3623-20051220_201437__MG_9239.exr,/mnt/data_disk/ZQL/TIP_TMO_result/dnn/Laplacianet/a3623.png,341,512,0.9013189298855017,0.7397081483482744,0.8046825303577478,0.4127240203934176,0.8254443576575698,3.68312926537641e-06,0.3026067614555359
a3624,/mnt/data_disk/HDRData/1000hdr/HDRtest/a3624-DSC_0070.exr,/mnt/data_disk/ZQL/TIP_TMO_result/dnn/Laplacianet/a3624.png,340,512,0.9465843156303724,0.8730156328057884,0.8546112169618852,0.45534463773909356,0.9099746676420741,0.0007146078361130258,0.12800754606723785
a3628,/mnt/data_disk/HDRData/1000hdr/HDRtest/a3628-_DSC9996.exr,/mnt/data_disk/ZQL/TIP_TMO_result/dnn/Laplacianet/a3628.png,341,512,0.7929399670976418,0.5302745654024887,0.5642566350766025,0.24671125752955755,0.4934225150591151,5.541203610377053e-30,0.22948603332042694
a3633,/mnt/data_disk/HDRData/1000hdr/HDRtest/a3633-JI2E3892.exr,/mnt/data_disk/ZQL/TIP_TMO_result/dnn/Laplacianet/a3633.png,341,512,0.8548636100310036,0.7048836085558609,0.5769662748197898,0.3682142848698397,0.7364285697396794,4.363654638688213e-21,0.14181852340698242
a3634,/mnt/data_disk/HDRData/1000hdr/HDRtest/a3634-IMG_4959.exr,/mnt/data_disk/ZQL/TIP_TMO_result/dnn/Laplacianet/a3634.png,341,512,0.8862570973152082,0.7020613555866763,0.7813024599995853,0.42901229312687694,0.5930435436147944,0.26498104263895955,0.2721153497695923
a3635,/mnt/data_disk/HDRData/1000hdr/HDRtest/a3635-IMG_4031.exr,/mnt/data_disk/ZQL/TIP_TMO_result/dnn/Laplacianet/a3635.png,341,512,0.9107869529442826,0.6933713191557244,0.9671599878252976,0.4016573910146438,0.803314782027451,1.836590415946732e-12,0.28361332416534424
a3636,/mnt/data_disk/HDRData/1000hdr/HDRtest/a3636-20041222_195608__E6B6989.exr,/mnt/data_disk/ZQL/TIP_TMO_result/dnn/Laplacianet/a3636.png,341,512,0.7805047975503272,0.6402920997934801,0.28196789083827944,0.3756544431897742,0.7513088863777067,1.841745102245336e-12,0.1293814331293106
a3641,/mnt/data_disk/HDRData/1000hdr/HDRtest/a3641-_DSC4628.exr,/mnt/data_disk/ZQL/TIP_TMO_result/dnn/Laplacianet/a3641.png,341,512,0.9082083911272658,0.7530539593668001,0.8240529344543299,0.4335562788435243,0.8671125284840804,2.9202968271952756e-08,0.3165202736854553
a3644,/mnt/data_disk/HDRData/1000hdr/HDRtest/a3644-jmac_MG_5959.exr,/mnt/data_disk/ZQL/TIP_TMO_result/dnn/Laplacianet/a3644.png,341,512,0.9106450464101462,0.7377950651249181,0.8714269530448312,0.43089119166291706,0.8617823832797762,4.6057906375216306e-11,0.2523309886455536
a3649,/mnt/data_disk/HDRData/1000hdr/HDRtest/a3649-WP_CRW_0691.exr,/mnt/data_disk/ZQL/TIP_TMO_result/dnn/Laplacianet/a3649.png,341,512,0.9664002550742878,0.8800078154558075,0.978746028509678,0.7117474101303414,0.9260591170651056,0.49743570319557706,0.09068097174167633
a3654,/mnt/data_disk/HDRData/1000hdr/HDRtest/a3654-IMG_0777.exr,/mnt/data_disk/ZQL/TIP_TMO_result/dnn/Laplacianet/a3654.png,341,512,0.9371319684341161,0.8046972122727434,0.9189780290070254,0.41734672643377535,0.8346228110164595,7.064185109117906e-05,0.1832772195339203
a3658,/mnt/data_disk/HDRData/1000hdr/HDRtest/a3658-jmac_MG_0418.exr,/mnt/data_disk/ZQL/TIP_TMO_result/dnn/Laplacianet/a3658.png,341,512,0.9114598135797913,0.817197393524962,0.7234689938695166,0.4184259067033754,0.8368518133574536,4.929727215441958e-11,0.140659362077713
a3670,/mnt/data_disk/HDRData/1000hdr/HDRtest/a3670-jmac_MG_5917.exr,/mnt/data_disk/ZQL/TIP_TMO_result/dnn/Laplacianet/a3670.png,341,512,0.9377212589583146,0.856720594061779,0.8245061227881425,0.39068653149705174,0.7809316314376086,0.00044143155649490674,0.1286403238773346
a3673,/mnt/data_disk/HDRData/1000hdr/HDRtest/a3673-_DSC1109.exr,/mnt/data_disk/ZQL/TIP_TMO_result/dnn/Laplacianet/a3673.png,341,512,0.8828100862785955,0.7749806595778872,0.6187788922444869,0.4314951688703353,0.8629897144312667,6.233094038798495e-07,0.36027005314826965
a3677,/mnt/data_disk/HDRData/1000hdr/HDRtest/a3677-IMG_4696.exr,/mnt/data_disk/ZQL/TIP_TMO_result/dnn/Laplacianet/a3677.png,341,512,0.9205252802151414,0.8103152643354234,0.7955387737081334,0.5131546373417296,0.8441888413385894,0.1821204333448698,0.18661710619926453
a3686,/mnt/data_disk/HDRData/1000hdr/HDRtest/a3686-jmac_MG_0353.exr,/mnt/data_disk/ZQL/TIP_TMO_result/dnn/Laplacianet/a3686.png,341,512,0.9336075014230467,0.7570343771060736,0.9910468361578308,0.42026921787698,0.8405384357539599,9.213213491815142e-17,0.3214796483516693
a3688,/mnt/data_disk/HDRData/1000hdr/HDRtest/a3688-jmac_MG_1424.exr,/mnt/data_disk/ZQL/TIP_TMO_result/dnn/Laplacianet/a3688.png,341,512,0.8994075389825316,0.8569277643313412,0.5793442874841169,0.45160017753444576,0.9031109682015708,8.938686732078626e-05,0.19028444588184357
a3689,/mnt/data_disk/HDRData/1000hdr/HDRtest/a3689-JI2E3798.exr,/mnt/data_disk/ZQL/TIP_TMO_result/dnn/Laplacianet/a3689.png,341,512,0.8605990287876367,0.614963075257037,0.7997803654023896,0.39788934560509875,0.7957778472985638,8.439116336966112e-07,0.12245802581310272
a3696,/mnt/data_disk/HDRData/1000hdr/HDRtest/a3696-jmac_DSC1242.exr,/mnt/data_disk/ZQL/TIP_TMO_result/dnn/Laplacianet/a3696.png,343,512,0.9001477683303432,0.847609040889597,0.5993105043681676,0.7329194039114688,0.9017015205268872,0.5641372872960505,0.18283392488956451
a3697,/mnt/data_disk/HDRData/1000hdr/HDRtest/a3697-07-11-24-at-16h05m35s-_MG_6729.exr,/mnt/data_disk/ZQL/TIP_TMO_result/dnn/Laplacianet/a3697.png,341,512,0.9178872817783941,0.75298978100309,0.8898455383050241,0.4045665782125562,0.8091331564250082,1.0427886215690061e-13,0.17970792949199677
a3700,/mnt/data_disk/HDRData/1000hdr/HDRtest/a3700-tc_DSC1892.exr,/mnt/data_disk/ZQL/TIP_TMO_result/dnn/Laplacianet/a3700.png,340,512,0.9236986010081827,0.7800793994078126,0.8751815567174479,0.4437575358197742,0.8874629592521381,5.211238741020807e-05,0.14826227724552155
a3706,/mnt/data_disk/HDRData/1000hdr/HDRtest/a3706-dgw_065.exr,/mnt/data_disk/ZQL/TIP_TMO_result/dnn/Laplacianet/a3706.png,341,512,0.9144180506286457,0.7192138877813867,0.9363712024126942,0.40478389738084014,0.8095677947615901,9.012514571010383e-14,0.3521309196949005
a3707,/mnt/data_disk/HDRData/1000hdr/HDRtest/a3707-NKIM_121.exr,/mnt/data_disk/ZQL/TIP_TMO_result/dnn/Laplacianet/a3707.png,341,512,0.7156568632815973,0.27994600560124744,0.8152640220253164,0.21751328974464335,0.4350265794892867,1.2498862795459754e-27,0.2556726336479187
a3710,/mnt/data_disk/HDRData/1000hdr/HDRtest/a3710-07-11-20-at-16h52m05s-_MG_5742.exr,/mnt/data_disk/ZQL/TIP_TMO_result/dnn/Laplacianet/a3710.png,341,512,0.8888774134134299,0.7583686791305185,0.68737306811174,0.39087820251844607,0.7817563934342259,1.1602666226458814e-08,0.10300280153751373
a3712,/mnt/data_disk/HDRData/1000hdr/HDRtest/a3712-IMG_4852.exr,/mnt/data_disk/ZQL/TIP_TMO_result/dnn/Laplacianet/a3712.png,341,512,0.9052627317035264,0.8136043969231026,0.6901997708462234,0.4120945543766057,0.8241891067092023,2.044009090767801e-09,0.1436401903629303
a3715,/mnt/data_disk/HDRData/1000hdr/HDRtest/a3715-_MG_7773.exr,/mnt/data_disk/ZQL/TIP_TMO_result/dnn/Laplacianet/a3715.png,341,512,0.7656166917886195,0.5108476016048992,0.4487505348441154,0.2317755707900309,0.4635511415800618,9.153894018173793e-23,0.2818908393383026
a3716,/mnt/data_disk/HDRData/1000hdr/HDRtest/a3716-IMG_0301.exr,/mnt/data_disk/ZQL/TIP_TMO_result/dnn/Laplacianet/a3716.png,341,512,0.7175815044737274,0.5409260682136805,0.15546551694877164,0.23658701498689497,0.47317402997378993,5.499050007446466e-23,0.13656768202781677
a3719,/mnt/data_disk/HDRData/1000hdr/HDRtest/a3719-07-11-29-at-15h43m28s-_MG_8075.exr,/mnt/data_disk/ZQL/TIP_TMO_result/dnn/Laplacianet/a3719.png,341,512,0.9308210812829751,0.8000270812377449,0.8846669154070943,0.4428807853976247,0.8857615707952494,1.3837588271409282e-22,0.35134315490722656
a3720,/mnt/data_disk/HDRData/1000hdr/HDRtest/a3720-jmac_MG_0851.exr,/mnt/data_disk/ZQL/TIP_TMO_result/dnn/Laplacianet/a3720.png,341,512,0.9001396292759306,0.8041755019140556,0.6746037753934669,0.433829591223392,0.8676591823906871,5.609695598845457e-11,0.1965406984090805
a3721,/mnt/data_disk/HDRData/1000hdr/HDRtest/a3721-KE_-01.exr,/mnt/data_disk/ZQL/TIP_TMO_result/dnn/Laplacianet/a3721.png,340,512,0.9225161932196022,0.7367999429942187,0.9555464666080117,0.4221058114169113,0.8442116228335917,2.307971870479888e-13,0.23891855776309967
a3724,/mnt/data_disk/HDRData/1000hdr/HDRtest/a3724-20060101_092918__E6B0305.exr,/mnt/data_disk/ZQL/TIP_TMO_result/dnn/Laplacianet/a3724.png,341,512,0.9195158112445796,0.8454356454487291,0.7248863463945936,0.4486610875278238,0.8972981079345027,2.406712114493531e-05,0.2754225432872772
a3727,/mnt/data_disk/HDRData/1000hdr/HDRtest/a3727-2004-01-18 11-49-42 CRW_2889.exr,/mnt/data_disk/ZQL/TIP_TMO_result/dnn/Laplacianet/a3727.png,341,512,0.8139772995800226,0.8529728375539066,0.14532575474645965,0.4259082312939888,0.8518164625879169,6.0686549515907e-14,0.16496451199054718
a3729,/mnt/data_disk/HDRData/1000hdr/HDRtest/a3729-07-11-24-at-21h39m19s-_MG_6853.exr,/mnt/data_disk/ZQL/TIP_TMO_result/dnn/Laplacianet/a3729.png,341,512,0.8347208593113966,0.6403739821198524,0.5806526121888217,0.2839193312484182,0.5678386624968365,1.0072739716240989e-20,0.17703677713871002
a3730,/mnt/data_disk/HDRData/1000hdr/HDRtest/a3730-IMG_0113.exr,/mnt/data_disk/ZQL/TIP_TMO_result/dnn/Laplacianet/a3730.png,341,512,0.8849249284987353,0.6330651059480856,0.9233725351443585,0.40273365933157934,0.8054673186627945,3.6418789825754716e-13,0.2664248049259186
a3732,/mnt/data_disk/HDRData/1000hdr/HDRtest/a3732-_DGW6272.exr,/mnt/data_disk/ZQL/TIP_TMO_result/dnn/Laplacianet/a3732.png,341,512,0.9238587884986074,0.8412313297563961,0.7606671755709086,0.47125318095397045,0.9425063619078562,8.474300673574077e-14,0.12715427577495575
a3733,/mnt/data_disk/HDRData/1000hdr/HDRtest/a3733-WP_CRW_4827.exr,/mnt/data_disk/ZQL/TIP_TMO_result/dnn/Laplacianet/a3733.png,341,512,0.8620917521294498,0.7257159233586116,0.5818694695335512,0.368750685404018,0.7375013707125356,9.550035476905292e-11,0.1873338669538498
a3735,/mnt/data_disk/HDRData/1000hdr/HDRtest/a3735-_MG_7825.exr,/mnt/data_disk/ZQL/TIP_TMO_result/dnn/Laplacianet/a3735.png,341,512,0.8790204055869464,0.7563330532578938,0.6292329308887359,0.41929144742290386,0.8385753840076711,7.51083813663626e-06,0.2435525506734848
a3737,/mnt/data_disk/HDRData/1000hdr/HDRtest/a3737-dgw_022.exr,/mnt/data_disk/ZQL/TIP_TMO_result/dnn/Laplacianet/a3737.png,341,512,0.8813933891379157,0.7269749210196031,0.6997441160018736,0.3827060330394416,0.7654120660777053,1.17797370773389e-12,0.23045703768730164
a3739,/mnt/data_disk/HDRData/1000hdr/HDRtest/a3739-KE_-0068.exr,/mnt/data_disk/ZQL/TIP_TMO_result/dnn/Laplacianet/a3739.png,340,512,0.8504315643225538,0.8199678870935304,0.3593200063751956,0.8288101583362137,0.9175015113224727,0.7401188053499548,0.12938269972801208
a3740,/mnt/data_disk/HDRData/1000hdr/HDRtest/a3740-_DSC1411.exr,/mnt/data_disk/ZQL/TIP_TMO_result/dnn/Laplacianet/a3740.png,341,512,0.8319677922267172,0.6549792541109348,0.5353021658364361,0.2980950499982159,0.5961900999964318,1.6412964433502458e-21,0.16320747137069702
a3742,/mnt/data_disk/HDRData/1000hdr/HDRtest/a3742-IMG_0206.exr,/mnt/data_disk/ZQL/TIP_TMO_result/dnn/Laplacianet/a3742.png,341,512,0.8572702459772065,0.6116954537523535,0.7851339959915384,0.38572646851436243,0.7714529368399051,1.8881969975299984e-10,0.3015131950378418
a3743,/mnt/data_disk/HDRData/1000hdr/HDRtest/a3743-DSC_0038.exr,/mnt/data_disk/ZQL/TIP_TMO_result/dnn/Laplacianet/a3743.png,340,512,0.8778012597227428,0.8104049479911744,0.5272678331183587,0.3957396238027044,0.7914791984466161,4.915879275780384e-08,0.12030889838933945
a3744,/mnt/data_disk/HDRData/1000hdr/HDRtest/a3744-NKIM_MG_6757.exr,/mnt/data_disk/ZQL/TIP_TMO_result/dnn/Laplacianet/a3744.png,341,512,0.8503002258815606,0.5932832560660894,0.7813119849846328,0.35385910949620597,0.7077182189924119,1.2173705768519422e-22,0.24236264824867249
a3749,/mnt/data_disk/HDRData/1000hdr/HDRtest/a3749-IMG_4592.exr,/mnt/data_disk/ZQL/TIP_TMO_result/dnn/Laplacianet/a3749.png,341,512,0.8598008759117453,0.6098488663660323,0.8061523070818187,0.3958452747394141,0.7916905494785424,2.85802617310807e-13,0.25984594225883484
a3750,/mnt/data_disk/HDRData/1000hdr/HDRtest/a3750-IMG_4253.exr,/mnt/data_disk/ZQL/TIP_TMO_result/dnn/Laplacianet/a3750.png,341,512,0.8016294305624123,0.5765308907060994,0.5147464121737458,0.35669772032870334,0.7133954406574067,2.343863321269011e-19,0.23540662229061127
a3753,/mnt/data_disk/HDRData/1000hdr/HDRtest/a3753-dgw_073.exr,/mnt/data_disk/ZQL/TIP_TMO_result/dnn/Laplacianet/a3753.png,341,512,0.8509512282000516,0.7246512737395593,0.5174037783112978,0.4205470156899503,0.8410856553527377,8.376027162858916e-06,0.45529115200042725
a3754,/mnt/data_disk/HDRData/1000hdr/HDRtest/a3754-050731_151704__I2E5362.exr,/mnt/data_disk/ZQL/TIP_TMO_result/dnn/Laplacianet/a3754.png,341,512,0.8714786937534337,0.8349471378810362,0.45132034715514713,0.4067875255677035,0.8135743486390601,7.024963468415587e-07,0.13999105989933014
a3756,/mnt/data_disk/HDRData/1000hdr/HDRtest/a3756-jmac_MG_5949.exr,/mnt/data_disk/ZQL/TIP_TMO_result/dnn/Laplacianet/a3756.png,341,512,0.9320878026946783,0.7773645281321527,0.9384792808887086,0.389397793800151,0.7591595371971148,0.01963605040318712,0.14531607925891876
a3760,/mnt/data_disk/HDRData/1000hdr/HDRtest/a3760-IMG_2504.exr,/mnt/data_disk/ZQL/TIP_TMO_result/dnn/Laplacianet/a3760.png,341,512,0.9611918774823673,0.9045714393602076,0.8972728165286257,0.5156600670792446,0.9359194259665989,0.09540070819189025,0.09926754981279373
a3764,/mnt/data_disk/HDRData/1000hdr/HDRtest/a3764-20060618_093109__MG_8792.exr,/mnt/data_disk/ZQL/TIP_TMO_result/dnn/Laplacianet/a3764.png,341,512,0.9061887677621674,0.8272444512935054,0.6718355250901031,0.4512029594975367,0.8702188504777938,0.03218706851727962,0.18937739729881287
a3766,/mnt/data_disk/HDRData/1000hdr/HDRtest/a3766-20041219_194831__E6B5558.exr,/mnt/data_disk/ZQL/TIP_TMO_result/dnn/Laplacianet/a3766.png,341,512,nan,nan,0.6186147308525404,0.06403732641299076,0.12807465282598152,1.2304431290134116e-32,0.15136010944843292
a3769,/mnt/data_disk/HDRData/1000hdr/HDRtest/a3769-IMG_3943.exr,/mnt/data_disk/ZQL/TIP_TMO_result/dnn/Laplacianet/a3769.png,341,512,0.8979685207748946,0.8095724616573957,0.6513072680181017,0.44887788582523,0.8934999196660405,0.004255851984419541,0.13218791782855988
a3771,/mnt/data_disk/HDRData/1000hdr/HDRtest/a3771-07-06-01-at-13h03m06-s_MG_1256.exr,/mnt/data_disk/ZQL/TIP_TMO_result/dnn/Laplacianet/a3771.png,341,512,0.9274505378035629,0.7548030323773828,0.9523725638840225,0.42608687195764056,0.8521394962435763,3.4247671704834535e-05,0.27014559507369995
a3772,/mnt/data_disk/HDRData/1000hdr/HDRtest/a3772-dgw_123.exr,/mnt/data_disk/ZQL/TIP_TMO_result/dnn/Laplacianet/a3772.png,341,512,0.9391381634679283,0.7887969623168479,0.9646620013974706,0.40240137805244885,0.8048027561045049,3.927579274816057e-13,0.267566978931427
a3774,/mnt/data_disk/HDRData/1000hdr/HDRtest/a3774-_DSC0017.exr,/mnt/data_disk/ZQL/TIP_TMO_result/dnn/Laplacianet/a3774.png,340,512,0.928455258378707,0.7555126591563396,0.9579339344914604,0.40937935917476825,0.8187587183494277,1.0876392647790022e-13,0.17722316086292267
a3778,/mnt/data_disk/HDRData/1000hdr/HDRtest/a3778-IMG_4838.exr,/mnt/data_disk/ZQL/TIP_TMO_result/dnn/Laplacianet/a3778.png,341,512,0.8857794594703902,0.6943337999069648,0.7941689654892743,0.37301094386955846,0.7460218870750286,6.640883815290189e-10,0.29580989480018616
a3780,/mnt/data_disk/HDRData/1000hdr/HDRtest/a3780-JI2E3902.exr,/mnt/data_disk/ZQL/TIP_TMO_result/dnn/Laplacianet/a3780.png,341,512,0.9458437188099443,0.8504836638319938,0.8911577875325777,0.7262738011944132,0.9017715795561211,0.5507760228327052,0.1452251374721527
a3781,/mnt/data_disk/HDRData/1000hdr/HDRtest/a3781-2004-06-24 06-45-08 CRW_2040.exr,/mnt/data_disk/ZQL/TIP_TMO_result/dnn/Laplacianet/a3781.png,341,512,0.942354624602288,0.8396593704049622,0.8875954674804314,0.45349185523915303,0.9051102327703624,0.0018734777079436422,0.11278758943080902
a3783,/mnt/data_disk/HDRData/1000hdr/HDRtest/a3783-KE_-0052.exr,/mnt/data_disk/ZQL/TIP_TMO_result/dnn/Laplacianet/a3783.png,340,512,0.9073983978935498,0.6689008887452008,0.998309920274239,0.4176247903998171,0.8352495807622422,3.739199929272495e-11,0.17287154495716095
a3786,/mnt/data_disk/HDRData/1000hdr/HDRtest/a3786-_I2E8191.exr,/mnt/data_disk/ZQL/TIP_TMO_result/dnn/Laplacianet/a3786.png,341,512,0.8527096804181057,0.8183537994312465,0.37378740884827805,0.42065863830281763,0.8410309137366396,0.00028636286899560607,0.20728184282779694
a3796,/mnt/data_disk/HDRData/1000hdr/HDRtest/a3796-NKIM_MG_7319.exr,/mnt/data_disk/ZQL/TIP_TMO_result/dnn/Laplacianet/a3796.png,341,512,0.9105316071954666,0.7125898002707134,0.923538522371827,0.3320058462588356,0.6640116925170101,6.611557400336914e-13,0.2839922308921814
a3798,/mnt/data_disk/HDRData/1000hdr/HDRtest/a3798-IMG_2539.exr,/mnt/data_disk/ZQL/TIP_TMO_result/dnn/Laplacianet/a3798.png,341,512,0.9275466518006289,0.7701535914742454,0.9215411545623963,0.41649146892783995,0.8329829378555769,1.0302236017678766e-13,0.22496984899044037
a3800,/mnt/data_disk/HDRData/1000hdr/HDRtest/a3800-dgw_090.exr,/mnt/data_disk/ZQL/TIP_TMO_result/dnn/Laplacianet/a3800.png,341,512,0.9221178481847356,0.7241826858344184,0.9796727587742127,0.3703002307440724,0.7406004614877524,3.9246988322270285e-13,0.1976500004529953
a3804,/mnt/data_disk/HDRData/1000hdr/HDRtest/a3804-_DSC3608.exr,/mnt/data_disk/ZQL/TIP_TMO_result/dnn/Laplacianet/a3804.png,343,512,0.8836424446207637,0.6149326618486638,0.9572524709096882,0.4050739416919532,0.8101478833839024,4.015779365135839e-15,0.11570661514997482
a3816,/mnt/data_disk/HDRData/1000hdr/HDRtest/a3816-jmac_DSC3118.exr,/mnt/data_disk/ZQL/TIP_TMO_result/dnn/Laplacianet/a3816.png,340,512,0.9470387896902306,0.8858892368647842,0.8344725266955597,0.6416715682316805,0.9421617240232341,0.3411814124401269,0.16241759061813354
a3820,/mnt/data_disk/HDRData/1000hdr/HDRtest/a3820-dgw_025.exr,/mnt/data_disk/ZQL/TIP_TMO_result/dnn/Laplacianet/a3820.png,341,512,0.5940656132397453,0.28290345756138874,0.13733702386119975,0.2635388061504465,0.527077612300893,9.505281688849051e-20,0.12706592679023743
a3822,/mnt/data_disk/HDRData/1000hdr/HDRtest/a3822-07-11-21-at-09h53m21s-_MG_5852.exr,/mnt/data_disk/ZQL/TIP_TMO_result/dnn/Laplacianet/a3822.png,341,512,0.9220973261444468,0.8207757692432743,0.7864598373514237,0.42542381438633975,0.8508476287726259,5.36327762447024e-14,0.17388083040714264
a3827,/mnt/data_disk/HDRData/1000hdr/HDRtest/a3827-JI2E3823.exr,/mnt/data_disk/ZQL/TIP_TMO_result/dnn/Laplacianet/a3827.png,341,512,0.8587109175670953,0.6844219183451308,0.6400922405739997,0.3955639715228872,0.7911278798854706,6.316030373023801e-08,0.14355020225048065
a3830,/mnt/data_disk/HDRData/1000hdr/HDRtest/a3830-LS_060715_8670.exr,/mnt/data_disk/ZQL/TIP_TMO_result/dnn/Laplacianet/a3830.png,341,512,0.8836807337583772,0.6002993119946329,0.9930986827713969,0.4035309953529762,0.8070619615502774,2.9155674934159086e-08,0.2509330213069916
a3832,/mnt/data_disk/HDRData/1000hdr/HDRtest/a3832-20060613_091536__MG_7749.exr,/mnt/data_disk/ZQL/TIP_TMO_result/dnn/Laplacianet/a3832.png,341,512,0.9284107448253991,0.7809001540850574,0.9058789748748126,0.39529920204668256,0.7904318488550798,0.00016655523828540224,0.2240668386220932
a3833,/mnt/data_disk/HDRData/1000hdr/HDRtest/a3833-_DSC0003-2.exr,/mnt/data_disk/ZQL/TIP_TMO_result/dnn/Laplacianet/a3833.png,340,512,0.9347804242318337,0.8053564798272639,0.9014489673568388,0.45787137310084547,0.9156942810745148,4.846512717611285e-05,0.12802313268184662
a3834,/mnt/data_disk/HDRData/1000hdr/HDRtest/a3834-IMG_0007.exr,/mnt/data_disk/ZQL/TIP_TMO_result/dnn/Laplacianet/a3834.png,341,512,0.8643407518837118,0.6283303727845305,0.7944745108878036,0.4026616836734938,0.8052705103352942,5.285701169343944e-05,0.264568567276001
a3846,/mnt/data_disk/HDRData/1000hdr/HDRtest/a3846-IMG_3087.exr,/mnt/data_disk/ZQL/TIP_TMO_result/dnn/Laplacianet/a3846.png,341,512,0.9450697889142965,0.8339241579140385,0.9172081568126154,0.4455674741208639,0.8747759303406399,0.016359017901087843,0.13761985301971436
a3847,/mnt/data_disk/HDRData/1000hdr/HDRtest/a3847-NKIM_MG_6113.exr,/mnt/data_disk/ZQL/TIP_TMO_result/dnn/Laplacianet/a3847.png,341,512,0.7867871717798093,0.3756420219267108,0.9534674419431748,0.3345287271046839,0.6690574542093677,9.593860221145423e-17,0.24004819989204407
a3848,/mnt/data_disk/HDRData/1000hdr/HDRtest/a3848-DSC_0024.exr,/mnt/data_disk/ZQL/TIP_TMO_result/dnn/Laplacianet/a3848.png,340,512,0.8808873314605146,0.8229661355326715,0.5246602933916769,0.4180813891210057,0.8361610293822476,1.7488597637946335e-06,0.09509746730327606
a3851,/mnt/data_disk/HDRData/1000hdr/HDRtest/a3851-IMG_3430.exr,/mnt/data_disk/ZQL/TIP_TMO_result/dnn/Laplacianet/a3851.png,341,512,0.8784852368800651,0.7176184791652359,0.6994558867556316,0.3221042045720564,0.6442043380587898,4.071085322936687e-06,0.1289086639881134
a3862,/mnt/data_disk/HDRData/1000hdr/HDRtest/a3862-JI2E0423.exr,/mnt/data_disk/ZQL/TIP_TMO_result/dnn/Laplacianet/a3862.png,341,512,0.8630180791701753,0.7727705882116247,0.5039979545012812,0.38698772659264935,0.7739754531687213,1.657739515010977e-11,0.12364707142114639
a3863,/mnt/data_disk/HDRData/1000hdr/HDRtest/a3863-IMG_1159.exr,/mnt/data_disk/ZQL/TIP_TMO_result/dnn/Laplacianet/a3863.png,341,512,0.9065140457054972,0.7051287748776384,0.9117413194259126,0.4197206909450063,0.8394413818898773,1.3533360483509325e-13,0.22467292845249176
a3864,/mnt/data_disk/HDRData/1000hdr/HDRtest/a3864-_DSC1992.exr,/mnt/data_disk/ZQL/TIP_TMO_result/dnn/Laplacianet/a3864.png,341,512,0.7250758437197474,0.4402802453768356,0.3847905359154438,0.29567510110859063,0.5902987806282444,0.0010514215889369338,0.12407142668962479
a3872,/mnt/data_disk/HDRData/1000hdr/HDRtest/a3872-IMG_4058.exr,/mnt/data_disk/ZQL/TIP_TMO_result/dnn/Laplacianet/a3872.png,341,512,0.9142826450904098,0.7288391994155963,0.9150279525847411,0.40340993435523215,0.8068196683364339,2.0037403038077524e-07,0.23548543453216553
a3877,/mnt/data_disk/HDRData/1000hdr/HDRtest/a3877-KE_-0019.exr,/mnt/data_disk/ZQL/TIP_TMO_result/dnn/Laplacianet/a3877.png,340,512,0.8068149652134553,0.555506391810692,0.5912171753277731,0.33037940391074083,0.6607588078214395,4.221440112914511e-14,0.20042984187602997
a3879,/mnt/data_disk/HDRData/1000hdr/HDRtest/a3879-IMG_0091.exr,/mnt/data_disk/ZQL/TIP_TMO_result/dnn/Laplacianet/a3879.png,341,512,0.927406351472686,0.7638100792482145,0.9334930980096778,0.4504663610648007,0.8960934277866884,0.004839294342913024,0.21830667555332184
a3890,/mnt/data_disk/HDRData/1000hdr/HDRtest/a3890-IMG_4308.exr,/mnt/data_disk/ZQL/TIP_TMO_result/dnn/Laplacianet/a3890.png,341,512,0.892104909534255,0.6720783207143658,0.8845525869541238,0.39793294236241394,0.7958658847248279,1.824499220571331e-18,0.16758060455322266
a3893,/mnt/data_disk/HDRData/1000hdr/HDRtest/a3893-_DGW6301.exr,/mnt/data_disk/ZQL/TIP_TMO_result/dnn/Laplacianet/a3893.png,341,512,0.8506277063527526,0.5945073727804444,0.7806402712201499,0.32558039407562966,0.6511607881512511,8.186056562777078e-15,0.29983630776405334
a3899,/mnt/data_disk/HDRData/1000hdr/HDRtest/a3899-jmac_DSC2259.exr,/mnt/data_disk/ZQL/TIP_TMO_result/dnn/Laplacianet/a3899.png,340,512,0.9493320154483321,0.8603226010177514,0.8967328892901847,0.4388360036738441,0.8776126030985356,5.9404249152659546e-05,0.15432049334049225
a3900,/mnt/data_disk/HDRData/1000hdr/HDRtest/a3900-jmac_DSC5843.exr,/mnt/data_disk/ZQL/TIP_TMO_result/dnn/Laplacianet/a3900.png,340,512,0.9264801683012477,0.8626309030987038,0.7396709741851758,0.3878923216997187,0.7757722621715495,1.2381227887977713e-05,0.17303374409675598
a3902,/mnt/data_disk/HDRData/1000hdr/HDRtest/a3902-jmac_DSC3970.exr,/mnt/data_disk/ZQL/TIP_TMO_result/dnn/Laplacianet/a3902.png,340,512,0.8899722696495265,0.7255557211397673,0.758064884144089,0.40577811008471426,0.8115562201308208,3.8607625708646744e-11,0.11296553164720535
a3903,/mnt/data_disk/HDRData/1000hdr/HDRtest/a3903-IMG_2386.exr,/mnt/data_disk/ZQL/TIP_TMO_result/dnn/Laplacianet/a3903.png,341,512,0.830291608545978,0.7516875468811642,0.35706450091072794,0.43878241996485107,0.871898417402158,0.005666422527544161,0.13153596222400665
a3906,/mnt/data_disk/HDRData/1000hdr/HDRtest/a3906-LS051025_day_3_LL003.exr,/mnt/data_disk/ZQL/TIP_TMO_result/dnn/Laplacianet/a3906.png,341,512,0.9322934203416202,0.7501618381324229,0.9962021214701098,0.4087099817352661,0.8170710828758894,0.00034888059464289404,0.20351439714431763
a3911,/mnt/data_disk/HDRData/1000hdr/HDRtest/a3911-07-07-01-at-10h50m55s-_MG_2028.exr,/mnt/data_disk/ZQL/TIP_TMO_result/dnn/Laplacianet/a3911.png,341,512,0.8832161295119996,0.6143910561047601,0.9555648816783416,0.38388885787176485,0.7677777157435297,2.4657659222674495e-18,0.22427253425121307
a3913,/mnt/data_disk/HDRData/1000hdr/HDRtest/a3913-IMG_0289.exr,/mnt/data_disk/ZQL/TIP_TMO_result/dnn/Laplacianet/a3913.png,341,512,0.7553542378800283,0.4503532252545439,0.531340270126247,0.2997992801894375,0.5995985603787893,8.57041714930537e-14,0.12331700325012207
a3914,/mnt/data_disk/HDRData/1000hdr/HDRtest/a3914-DSC_0002-1.exr,/mnt/data_disk/ZQL/TIP_TMO_result/dnn/Laplacianet/a3914.png,340,512,0.90603839760713,0.7645552660879344,0.7869329853780134,0.39166064832368647,0.7832886650461344,3.263160123857e-05,0.16858921945095062
a3919,/mnt/data_disk/HDRData/1000hdr/HDRtest/a3919-KE_-1608.exr,/mnt/data_disk/ZQL/TIP_TMO_result/dnn/Laplacianet/a3919.png,340,512,0.8759645332183887,0.6360565654363641,0.8550570991808121,0.4007948252776154,0.8015896501826105,3.726202554456927e-10,0.18615461885929108
a3923,/mnt/data_disk/HDRData/1000hdr/HDRtest/a3923-_DSC0095.exr,/mnt/data_disk/ZQL/TIP_TMO_result/dnn/Laplacianet/a3923.png,340,512,0.9310950090251233,0.7610164753919694,0.96503099393932,0.4313898316673203,0.8627783699584438,1.2933761967549205e-06,0.15116459131240845
a3924,/mnt/data_disk/HDRData/1000hdr/HDRtest/a3924-_DSC6358.exr,/mnt/data_disk/ZQL/TIP_TMO_result/dnn/Laplacianet/a3924.png,341,512,0.6628322733524543,0.34796499407671033,0.2863980197844119,0.26985619497377644,0.5397123899475529,1.0214467223349425e-29,0.2704137861728668
a3926,/mnt/data_disk/HDRData/1000hdr/HDRtest/a3926-dgw_077.exr,/mnt/data_disk/ZQL/TIP_TMO_result/dnn/Laplacianet/a3926.png,341,512,0.8467987952530378,0.5451819695874736,0.8744893643855609,0.3089650109761181,0.6179300219522362,2.500076509297285e-20,0.2139807939529419
a3927,/mnt/data_disk/HDRData/1000hdr/HDRtest/a3927-IMG_6048.exr,/mnt/data_disk/ZQL/TIP_TMO_result/dnn/Laplacianet/a3927.png,341,512,0.8785105381881851,0.712527449413373,0.7096719515485722,0.396569764194169,0.7931364066422097,3.1217461282803558e-06,0.21735326945781708
a3930,/mnt/data_disk/HDRData/1000hdr/HDRtest/a3930-IMG_5083.exr,/mnt/data_disk/ZQL/TIP_TMO_result/dnn/Laplacianet/a3930.png,341,512,0.9293200925512974,0.7433136418047454,0.9896461194011382,0.41253557141795966,0.8250711428359193,2.1421112693434535e-17,0.22316418588161469
a3931,/mnt/data_disk/HDRData/1000hdr/HDRtest/a3931-_DGW6259.exr,/mnt/data_disk/ZQL/TIP_TMO_result/dnn/Laplacianet/a3931.png,341,512,nan,nan,0.9796203091487201,0.20819447651851175,0.41638895303702345,7.840269004470864e-17,0.364594429731369
a3940,/mnt/data_disk/HDRData/1000hdr/HDRtest/a3940-20050602_180025__MG_2820.exr,/mnt/data_disk/ZQL/TIP_TMO_result/dnn/Laplacianet/a3940.png,341,512,0.8759271256978056,0.8510202665865996,0.45149517714818427,0.8887794884773264,0.9237088125003615,0.8538501644542913,0.15506881475448608
a3943,/mnt/data_disk/HDRData/1000hdr/HDRtest/a3943-_DSC0054.exr,/mnt/data_disk/ZQL/TIP_TMO_result/dnn/Laplacianet/a3943.png,340,512,0.9208150336165768,0.7506712504460524,0.9147621279910576,0.42057871386098183,0.841157427531162,1.9080172243999316e-10,0.1475079208612442
a3947,/mnt/data_disk/HDRData/1000hdr/HDRtest/a3947-jmac_MG_1444.exr,/mnt/data_disk/ZQL/TIP_TMO_result/dnn/Laplacianet/a3947.png,341,512,0.8719739018997349,0.7495126064747663,0.5983358567971663,0.39630570413261806,0.7926091575872809,2.2506779552380257e-06,0.1480909287929535
a3948,/mnt/data_disk/HDRData/1000hdr/HDRtest/a3948-_DSC0045.exr,/mnt/data_disk/ZQL/TIP_TMO_result/dnn/Laplacianet/a3948.png,340,512,0.8579805601034745,0.6226341186173127,0.7652083425988585,0.4000534286087681,0.8001065244157646,3.3280177160317415e-07,0.21393874287605286
a3954,/mnt/data_disk/HDRData/1000hdr/HDRtest/a3954-_MG_0841.exr,/mnt/data_disk/ZQL/TIP_TMO_result/dnn/Laplacianet/a3954.png,341,512,0.9474959891679346,0.8664165557107183,0.8728791880069104,0.4293601481782513,0.8331327820610861,0.025587514295416447,0.24034461379051208
a3958,/mnt/data_disk/HDRData/1000hdr/HDRtest/a3958-_DSC3890.exr,/mnt/data_disk/ZQL/TIP_TMO_result/dnn/Laplacianet/a3958.png,341,512,0.9504331252821286,0.8647448011554772,0.896079828507543,0.45607616563053976,0.9121523167207871,1.4540292464157391e-08,0.10952981561422348
a3961,/mnt/data_disk/HDRData/1000hdr/HDRtest/a3961-_DSC0049.exr,/mnt/data_disk/ZQL/TIP_TMO_result/dnn/Laplacianet/a3961.png,340,512,0.8138725435395496,0.6539440856374723,0.43334587812591663,0.3627029952060814,0.7254059752910441,1.5121118694245086e-08,0.11148523539304733
a3963,/mnt/data_disk/HDRData/1000hdr/HDRtest/a3963-jmac_DSC3835.exr,/mnt/data_disk/ZQL/TIP_TMO_result/dnn/Laplacianet/a3963.png,340,512,0.882635111281593,0.7870077195832594,0.5963096796850355,0.5628949572716377,0.88953408490222,0.2362558296410554,0.199051171541214
a3964,/mnt/data_disk/HDRData/1000hdr/HDRtest/a3964-NKIM_MG_6716.exr,/mnt/data_disk/ZQL/TIP_TMO_result/dnn/Laplacianet/a3964.png,341,512,0.7589609844493013,0.4402988037849442,0.5786460889826861,0.23563067457235778,0.47126134914471557,8.81932503572831e-25,0.22704921662807465
a3970,/mnt/data_disk/HDRData/1000hdr/HDRtest/a3970-WP_Amanda_3rd_bday014.exr,/mnt/data_disk/ZQL/TIP_TMO_result/dnn/Laplacianet/a3970.png,341,512,0.8797636943120258,0.6949520844185126,0.7532711860482253,0.37189255204544985,0.743785104090837,6.276953043130555e-14,0.10628733038902283
a3973,/mnt/data_disk/HDRData/1000hdr/HDRtest/a3973-DSC_0068-2.exr,/mnt/data_disk/ZQL/TIP_TMO_result/dnn/Laplacianet/a3973.png,340,512,0.933758776917872,0.8120057655748957,0.8815276490365681,0.5351547543261503,0.8325606255862782,0.23774888306602257,0.10997044295072556
a3975,/mnt/data_disk/HDRData/1000hdr/HDRtest/a3975-jmac_MG_5721.exr,/mnt/data_disk/ZQL/TIP_TMO_result/dnn/Laplacianet/a3975.png,341,512,0.9172599868992072,0.8241096788733195,0.7485534395361373,0.43179405559841044,0.8635881012718217,9.924999125606373e-09,0.14501027762889862
a3976,/mnt/data_disk/HDRData/1000hdr/HDRtest/a3976-Ja_Pe-10.exr,/mnt/data_disk/ZQL/TIP_TMO_result/dnn/Laplacianet/a3976.png,288,512,0.9410038187366327,0.8151874144149499,0.9252685435029412,0.44327645621672934,0.8865509384611859,1.97397227270483e-06,0.1842542290687561
a3991,/mnt/data_disk/HDRData/1000hdr/HDRtest/a3991-DSC_0005-2.exr,/mnt/data_disk/ZQL/TIP_TMO_result/dnn/Laplacianet/a3991.png,340,512,0.9040008420290206,0.769653467322194,0.7636472410790359,0.37737501241255966,0.7547480707461344,1.954078984903425e-06,0.1581086665391922
a3992,/mnt/data_disk/HDRData/1000hdr/HDRtest/a3992-KE_-0044.exr,/mnt/data_disk/ZQL/TIP_TMO_result/dnn/Laplacianet/a3992.png,340,512,0.8092366539497758,0.5425506924732627,0.6356516621788999,0.7805985727201643,0.8665733240985058,0.6946238213418228,0.09344442188739777
a3993,/mnt/data_disk/HDRData/1000hdr/HDRtest/a3993-IMG_2812.exr,/mnt/data_disk/ZQL/TIP_TMO_result/dnn/Laplacianet/a3993.png,341,512,0.7388298242580775,0.5401076745890512,0.25132833501872814,0.38961371710056136,0.7790716639052542,0.00015577029586852934,0.15962469577789307
a3995,/mnt/data_disk/HDRData/1000hdr/HDRtest/a3995-IMG_0187.exr,/mnt/data_disk/ZQL/TIP_TMO_result/dnn/Laplacianet/a3995.png,341,512,0.8819074078655629,0.6170678383176279,0.9400264278724815,0.3925588958042774,0.7851177915871732,2.1381596869960625e-11,0.20876511931419373
a4001,/mnt/data_disk/HDRData/1000hdr/HDRtest/a4001-jn_20070824_0168.exr,/mnt/data_disk/ZQL/TIP_TMO_result/dnn/Laplacianet/a4001.png,341,512,0.8809939530931343,0.726999744998137,0.6971423806462971,0.4036903907972859,0.8073807810715666,5.230051428728918e-10,0.13908293843269348
a4003,/mnt/data_disk/HDRData/1000hdr/HDRtest/a4003-NKIM_MG_6603.exr,/mnt/data_disk/ZQL/TIP_TMO_result/dnn/Laplacianet/a4003.png,341,512,0.8921247539682322,0.7511280543548893,0.7219567278709335,0.40799960088785,0.8159989582270243,2.4354867567122887e-07,0.1990145593881607
a4004,/mnt/data_disk/HDRData/1000hdr/HDRtest/a4004-050812_113412__MG_3770.exr,/mnt/data_disk/ZQL/TIP_TMO_result/dnn/Laplacianet/a4004.png,341,512,0.8745059375066253,0.8174716628338211,0.4964068159630811,0.5627791371244255,0.845497937840026,0.2800603364088249,0.1061842292547226
a4007,/mnt/data_disk/HDRData/1000hdr/HDRtest/a4007-_MG_7167.exr,/mnt/data_disk/ZQL/TIP_TMO_result/dnn/Laplacianet/a4007.png,341,512,0.9335448813470981,0.7706595966078315,0.9623404071275918,0.43480874998622304,0.8648093098199345,0.004808190152511529,0.2609315812587738
a4008,/mnt/data_disk/HDRData/1000hdr/HDRtest/a4008-dgw_019.exr,/mnt/data_disk/ZQL/TIP_TMO_result/dnn/Laplacianet/a4008.png,341,512,0.8665152796802288,0.7052595108693565,0.6479188410827826,0.35809033392471684,0.7161806678494279,5.740967284094477e-15,0.21142688393592834
a4009,/mnt/data_disk/HDRData/1000hdr/HDRtest/a4009-jmac_MG_7717.exr,/mnt/data_disk/ZQL/TIP_TMO_result/dnn/Laplacianet/a4009.png,341,512,0.9281674831141309,0.7676934633414448,0.930851819720437,0.44025018646869746,0.8805003717063132,1.2310817141633535e-09,0.2695089280605316
a4013,/mnt/data_disk/HDRData/1000hdr/HDRtest/a4013-_I2E6911.exr,/mnt/data_disk/ZQL/TIP_TMO_result/dnn/Laplacianet/a4013.png,341,512,0.8420165929905999,0.7555201780794525,0.41396429111544997,0.3531902600962656,0.7063805201925312,1.881354633801029e-17,0.2942911982536316
a4014,/mnt/data_disk/HDRData/1000hdr/HDRtest/a4014-JI2E4114.exr,/mnt/data_disk/ZQL/TIP_TMO_result/dnn/Laplacianet/a4014.png,341,512,0.9026822996654957,0.7264506006580687,0.8407437015428585,0.38858122459762495,0.7771624491952499,2.3110418781453474e-19,0.2507270276546478
a4017,/mnt/data_disk/HDRData/1000hdr/HDRtest/a4017-DSC_0023.exr,/mnt/data_disk/ZQL/TIP_TMO_result/dnn/Laplacianet/a4017.png,340,512,0.9382180644962352,0.8359855949184365,0.8662668456937282,0.7561903888632899,0.8871441941530925,0.6252365835734872,0.13035279512405396
a4020,/mnt/data_disk/HDRData/1000hdr/HDRtest/a4020-IMG_3763.exr,/mnt/data_disk/ZQL/TIP_TMO_result/dnn/Laplacianet/a4020.png,341,512,0.9015586679925809,0.7079294801585059,0.871755962299155,0.7974944137984792,0.8105273879819394,0.784461439615019,0.13807913661003113
a4025,/mnt/data_disk/HDRData/1000hdr/HDRtest/a4025-IMG_5601.exr,/mnt/data_disk/ZQL/TIP_TMO_result/dnn/Laplacianet/a4025.png,341,512,0.8839276116037499,0.6832433204554256,0.8051794638456024,0.36734552691279004,0.7346910538255772,2.8817183397055254e-15,0.24036270380020142
a4026,/mnt/data_disk/HDRData/1000hdr/HDRtest/a4026-NKIM_MG_6632.exr,/mnt/data_disk/ZQL/TIP_TMO_result/dnn/Laplacianet/a4026.png,341,512,0.8401105282773857,0.9006354577211149,0.2023006284188185,0.4792486938491255,0.9170245695155095,0.04147281818274148,0.1976500004529953
a4027,/mnt/data_disk/HDRData/1000hdr/HDRtest/a4027-IMG_2393.exr,/mnt/data_disk/ZQL/TIP_TMO_result/dnn/Laplacianet/a4027.png,341,512,0.910014830720685,0.784335370134069,0.7751117979894988,0.43535595656830806,0.8682943219989531,0.002417591137663011,0.1623302400112152
a4028,/mnt/data_disk/HDRData/1000hdr/HDRtest/a4028-060810_105728__MG_6096.exr,/mnt/data_disk/ZQL/TIP_TMO_result/dnn/Laplacianet/a4028.png,341,512,0.9263957556223954,0.7323877964847471,0.9922637593400473,0.4262171693019156,0.8524343385358604,6.797089748925936e-11,0.19787684082984924
a4038,/mnt/data_disk/HDRData/1000hdr/HDRtest/a4038-Ja_Pe-20.exr,/mnt/data_disk/ZQL/TIP_TMO_result/dnn/Laplacianet/a4038.png,288,512,0.9134947912924638,0.7608655456999925,0.8440635744900427,0.42944102903146053,0.8588808083432032,1.249719717770209e-06,0.1999792754650116
a4040,/mnt/data_disk/HDRData/1000hdr/HDRtest/a4040-IMG_0233.exr,/mnt/data_disk/ZQL/TIP_TMO_result/dnn/Laplacianet/a4040.png,341,512,0.8810325051926646,0.666010415103088,0.8227896742328545,0.417270753743954,0.8345415074654161,2.2491949765408586e-11,0.32392174005508423
a4047,/mnt/data_disk/HDRData/1000hdr/HDRtest/a4047-IMG_1285.exr,/mnt/data_disk/ZQL/TIP_TMO_result/dnn/Laplacianet/a4047.png,341,512,0.9709872186780719,0.8875193884261375,0.9970565820097852,0.8964260762916595,0.9503074245237425,0.8425447280595765,0.10391338169574738
a4049,/mnt/data_disk/HDRData/1000hdr/HDRtest/a4049-_DSC3858.exr,/mnt/data_disk/ZQL/TIP_TMO_result/dnn/Laplacianet/a4049.png,341,512,0.8704441358328157,0.6047995471791253,0.889922693842609,0.3817861353786573,0.7635722642907536,6.466560907407991e-09,0.313943088054657
a4051,/mnt/data_disk/HDRData/1000hdr/HDRtest/a4051-_DSC0018-3.exr,/mnt/data_disk/ZQL/TIP_TMO_result/dnn/Laplacianet/a4051.png,340,512,0.930845359623123,0.8147354754616131,0.8564413104954152,0.4516268547672429,0.8985429246560106,0.004710784878475226,0.1475338637828827
a4052,/mnt/data_disk/HDRData/1000hdr/HDRtest/a4052-20060620_165511__MG_9535.exr,/mnt/data_disk/ZQL/TIP_TMO_result/dnn/Laplacianet/a4052.png,341,512,0.9298838260199517,0.7469874529416874,0.985853339961578,0.4088652312117242,0.8177304624234462,2.1686596949973736e-15,0.2144387811422348
a4060,/mnt/data_disk/HDRData/1000hdr/HDRtest/a4060-_DSC5597.exr,/mnt/data_disk/ZQL/TIP_TMO_result/dnn/Laplacianet/a4060.png,341,512,0.904285879248629,0.6723900341579866,0.9683899739124557,0.37988510693078537,0.7597702138096201,5.1950704895605036e-11,0.26209551095962524
a4064,/mnt/data_disk/HDRData/1000hdr/HDRtest/a4064-07-12-02-at-16h23m18s-_MG_9020.exr,/mnt/data_disk/ZQL/TIP_TMO_result/dnn/Laplacianet/a4064.png,341,512,0.9070966364245123,0.8333727958812442,0.6668211912791467,0.42010839778148695,0.8402167955613346,1.6393714518021383e-12,0.21949845552444458
a4068,/mnt/data_disk/HDRData/1000hdr/HDRtest/a4068-tc_DSC2612.exr,/mnt/data_disk/ZQL/TIP_TMO_result/dnn/Laplacianet/a4068.png,340,512,0.8178037172758831,0.6919876752178089,0.38790569485828397,0.30107043399169,0.6021408679833538,2.6152366079815862e-14,0.21332089602947235
a4075,/mnt/data_disk/HDRData/1000hdr/HDRtest/a4075-JI2E0444.exr,/mnt/data_disk/ZQL/TIP_TMO_result/dnn/Laplacianet/a4075.png,341,512,0.8685300111060326,0.6174672076272156,0.8472285658687684,0.4072214721041717,0.8144429442083434,9.260204361705218e-18,0.318912148475647
a4076,/mnt/data_disk/HDRData/1000hdr/HDRtest/a4076-_DGW6244.exr,/mnt/data_disk/ZQL/TIP_TMO_result/dnn/Laplacianet/a4076.png,341,512,nan,nan,0.7988838622949346,0.3807624306907748,0.7614626768531256,6.218452842404157e-05,0.37069910764694214
a4080,/mnt/data_disk/HDRData/1000hdr/HDRtest/a4080-IMG_3765.exr,/mnt/data_disk/ZQL/TIP_TMO_result/dnn/Laplacianet/a4080.png,341,512,0.8929276322977434,0.7239048163960258,0.7808107866444318,0.4032970228737119,0.8065940457378581,9.565723445274575e-12,0.22715486586093903
a4085,/mnt/data_disk/HDRData/1000hdr/HDRtest/a4085-_MG_2385.exr,/mnt/data_disk/ZQL/TIP_TMO_result/dnn/Laplacianet/a4085.png,341,512,0.8623667833255856,0.743578614721521,0.551035714512005,0.34813571641957625,0.6962714307998314,2.0393210784454176e-09,0.17776763439178467
a4087,/mnt/data_disk/HDRData/1000hdr/HDRtest/a4087-NKIM_MG_6395.exr,/mnt/data_disk/ZQL/TIP_TMO_result/dnn/Laplacianet/a4087.png,341,512,0.9443969425586354,0.8065510254737754,0.9659845945827497,0.6165266061075293,0.8878250939712765,0.3452281182437821,0.2813807427883148
a4088,/mnt/data_disk/HDRData/1000hdr/HDRtest/a4088-dvf_041.exr,/mnt/data_disk/ZQL/TIP_TMO_result/dnn/Laplacianet/a4088.png,341,512,0.8775006760725944,0.6960544387833241,0.7362763277318157,0.39467611272763015,0.7893522254552601,1.8316406948117864e-16,0.11369820684194565
a4091,/mnt/data_disk/HDRData/1000hdr/HDRtest/a4091-_DSC0041.exr,/mnt/data_disk/ZQL/TIP_TMO_result/dnn/Laplacianet/a4091.png,340,512,0.8749603456652437,0.735100081772413,0.6435105603992215,0.40212604060318974,0.8029968552545357,0.001255225951843821,0.18010012805461884
a4092,/mnt/data_disk/HDRData/1000hdr/HDRtest/a4092-07-12-03-at-09h35m54s-_MG_9192.exr,/mnt/data_disk/ZQL/TIP_TMO_result/dnn/Laplacianet/a4092.png,341,512,0.9158311984738559,0.7805705493726711,0.8210041511372137,0.4216414888859766,0.8432096733987141,7.330437323900328e-05,0.3048114478588104
a4093,/mnt/data_disk/HDRData/1000hdr/HDRtest/a4093-jn_20071117-031.exr,/mnt/data_disk/ZQL/TIP_TMO_result/dnn/Laplacianet/a4093.png,341,512,0.8785119943054466,0.6904678790355404,0.7543232334066307,0.4152384852337631,0.8304769704246304,4.289584993909396e-11,0.29611101746559143
a4096,/mnt/data_disk/HDRData/1000hdr/HDRtest/a4096-jmac_MG_0095.exr,/mnt/data_disk/ZQL/TIP_TMO_result/dnn/Laplacianet/a4096.png,341,512,0.7921792998924924,0.658295483139021,0.3105555600925566,0.29934945154055775,0.5986989030811154,7.221465702617658e-17,0.17573383450508118
a4097,/mnt/data_disk/HDRData/1000hdr/HDRtest/a4097-20080623_at_14h52m36__MG_9904.exr,/mnt/data_disk/ZQL/TIP_TMO_result/dnn/Laplacianet/a4097.png,341,512,0.9284061352318618,0.8370717669655972,0.7982475604199415,0.43831045250027123,0.8766209049549911,4.5551307202251074e-11,0.14914976060390472
a4099,/mnt/data_disk/HDRData/1000hdr/HDRtest/a4099-_DSC0014-2.exr,/mnt/data_disk/ZQL/TIP_TMO_result/dnn/Laplacianet/a4099.png,340,512,0.9149745258758257,0.8148956287386423,0.7504917263548098,0.4633754804174312,0.9267009299292619,5.0030905600494294e-05,0.12913385033607483
a4101,/mnt/data_disk/HDRData/1000hdr/HDRtest/a4101-IMG_5823.exr,/mnt/data_disk/ZQL/TIP_TMO_result/dnn/Laplacianet/a4101.png,341,512,0.6460546024368793,0.3560110792185269,0.18931999288956153,0.24263909217296736,0.4852781843459347,2.3103349913277647e-23,0.2056950181722641
a4102,/mnt/data_disk/HDRData/1000hdr/HDRtest/a4102-07-06-30-at-11h38m56s-_MG_1997.exr,/mnt/data_disk/ZQL/TIP_TMO_result/dnn/Laplacianet/a4102.png,341,512,0.9291070899000553,0.7974269714046666,0.8780172366054039,0.4512334770803126,0.9024668383878408,1.1577278430795296e-07,0.2223380208015442
a4104,/mnt/data_disk/HDRData/1000hdr/HDRtest/a4104-DSC_0260.exr,/mnt/data_disk/ZQL/TIP_TMO_result/dnn/Laplacianet/a4104.png,340,512,0.8883588627809405,0.7383916723460069,0.7222753342382943,0.35712966769103033,0.7142593329675164,2.414544254428992e-09,0.10636767745018005
a4105,/mnt/data_disk/HDRData/1000hdr/HDRtest/a4105-07-11-26-at-16h02m57s-_MG_7151.exr,/mnt/data_disk/ZQL/TIP_TMO_result/dnn/Laplacianet/a4105.png,341,512,0.9041538303519518,0.69970029755532,0.9071399834697802,0.39606331446186344,0.7921266289237269,2.175642249747741e-19,0.2400331050157547
a4107,/mnt/data_disk/HDRData/1000hdr/HDRtest/a4107-dvf_018.exr,/mnt/data_disk/ZQL/TIP_TMO_result/dnn/Laplacianet/a4107.png,341,512,0.804860635232151,0.5059846281077944,0.6962253734742264,0.31341704331889125,0.6268340866377825,4.3643014600824516e-26,0.18558166921138763
a4108,/mnt/data_disk/HDRData/1000hdr/HDRtest/a4108-MB_080329_057.exr,/mnt/data_disk/ZQL/TIP_TMO_result/dnn/Laplacianet/a4108.png,341,512,0.918493161138558,0.7927665159173555,0.8152814138189152,0.36416010810758576,0.7283202162142208,9.50705826890432e-13,0.32967329025268555
a4110,/mnt/data_disk/HDRData/1000hdr/HDRtest/a4110-dgw_069.exr,/mnt/data_disk/ZQL/TIP_TMO_result/dnn/Laplacianet/a4110.png,341,512,0.8914574262771128,0.6895234670530183,0.8423274207207129,0.41008725142694685,0.8201744996920778,3.161815909777472e-09,0.31475386023521423
a4113,/mnt/data_disk/HDRData/1000hdr/HDRtest/a4113-IMG_2800.exr,/mnt/data_disk/ZQL/TIP_TMO_result/dnn/Laplacianet/a4113.png,341,512,0.852413375113157,0.7548490494836672,0.47329613209680155,0.4194744967373543,0.8389489836355614,9.839147291631206e-09,0.15436135232448578
a4116,/mnt/data_disk/HDRData/1000hdr/HDRtest/a4116-IMG_2042.exr,/mnt/data_disk/ZQL/TIP_TMO_result/dnn/Laplacianet/a4116.png,341,512,0.8976948609583489,0.7449782287898247,0.7702192539875792,0.4114727099240713,0.8229427467394933,2.6731086492761186e-06,0.10775268822908401
a4117,/mnt/data_disk/HDRData/1000hdr/HDRtest/a4117-050918_141526__MG_5987.exr,/mnt/data_disk/ZQL/TIP_TMO_result/dnn/Laplacianet/a4117.png,341,512,0.9096523394179561,0.7348030828784082,0.870818130836881,0.4152726442162611,0.8304042077289395,0.00014108070358266785,0.2798673212528229
a4124,/mnt/data_disk/HDRData/1000hdr/HDRtest/a4124-20080709_at_10h04m23__MG_4561.exr,/mnt/data_disk/ZQL/TIP_TMO_result/dnn/Laplacianet/a4124.png,341,512,0.9239999186871468,0.7240769347216974,0.993204648865603,0.43895057524217507,0.8776087125245348,0.0002924379598153206,0.201862633228302
a4127,/mnt/data_disk/HDRData/1000hdr/HDRtest/a4127-DSC_0152.exr,/mnt/data_disk/ZQL/TIP_TMO_result/dnn/Laplacianet/a4127.png,340,512,0.9127599422439787,0.8793620683688363,0.6240938950850297,0.6320594257506583,0.9096584421073941,0.3544604093939225,0.11352937668561935
a4131,/mnt/data_disk/HDRData/1000hdr/HDRtest/a4131-DSC_0001-2.exr,/mnt/data_disk/ZQL/TIP_TMO_result/dnn/Laplacianet/a4131.png,340,512,0.8886626082818553,0.7302938053368341,0.7401124820599685,0.40154622855586114,0.8030912481261835,1.2089855388131601e-06,0.12650784850120544
a4134,/mnt/data_disk/HDRData/1000hdr/HDRtest/a4134-IMG_0086.exr,/mnt/data_disk/ZQL/TIP_TMO_result/dnn/Laplacianet/a4134.png,341,512,0.9141033382619022,0.8279819388500824,0.721072344253276,0.4632424814919392,0.9055706102727703,0.020914352711108072,0.1401587873697281
a4142,/mnt/data_disk/HDRData/1000hdr/HDRtest/a4142-_DGW6275.exr,/mnt/data_disk/ZQL/TIP_TMO_result/dnn/Laplacianet/a4142.png,341,512,0.8869441185658911,0.811263258308184,0.5804405332923201,0.39819530996332286,0.7963893559847213,1.2639419244281276e-06,0.2411537617444992
a4143,/mnt/data_disk/HDRData/1000hdr/HDRtest/a4143-LSCRW_0029.exr,/mnt/data_disk/ZQL/TIP_TMO_result/dnn/Laplacianet/a4143.png,384,512,0.8620673201021103,0.8441970219374054,0.38548564228278753,0.444721794960848,0.8894435899216959,1.0199844920390761e-16,0.09719421714544296
a4144,/mnt/data_disk/HDRData/1000hdr/HDRtest/a4144-050623_122602__MG_3246.exr,/mnt/data_disk/ZQL/TIP_TMO_result/dnn/Laplacianet/a4144.png,341,512,0.9435862407921897,0.8704426940603749,0.8390111540086045,0.8882283882040153,0.8502300451069937,0.9262267313010368,0.14499175548553467
a4150,/mnt/data_disk/HDRData/1000hdr/HDRtest/a4150-_DGW6309.exr,/mnt/data_disk/ZQL/TIP_TMO_result/dnn/Laplacianet/a4150.png,341,512,0.8994726063101761,0.6466248416190912,0.9936985768374593,0.36272821824591656,0.7254564364917115,1.2161625147507217e-13,0.3355534076690674
a4151,/mnt/data_disk/HDRData/1000hdr/HDRtest/a4151-dvf_026.exr,/mnt/data_disk/ZQL/TIP_TMO_result/dnn/Laplacianet/a4151.png,341,512,0.8772991154227827,0.6150489734153342,0.9128318701036504,0.3472396089735228,0.6944792179470456,5.947492991277846e-18,0.2803887724876404
a4154,/mnt/data_disk/HDRData/1000hdr/HDRtest/a4154-IMG_4620.exr,/mnt/data_disk/ZQL/TIP_TMO_result/dnn/Laplacianet/a4154.png,341,512,0.9146231132953925,0.7554464128393538,0.8625740933433392,0.40965381001408996,0.8193076147683306,5.259849359244718e-09,0.20180776715278625
a4155,/mnt/data_disk/HDRData/1000hdr/HDRtest/a4155-WP_CRW_0237.exr,/mnt/data_disk/ZQL/TIP_TMO_result/dnn/Laplacianet/a4155.png,341,512,0.9427960350929191,0.8101770963855462,0.9475803077336191,0.43630543422416496,0.8726069402202703,3.92822805965219e-06,0.16793328523635864
a4156,/mnt/data_disk/HDRData/1000hdr/HDRtest/a4156-IMG_0159.exr,/mnt/data_disk/ZQL/TIP_TMO_result/dnn/Laplacianet/a4156.png,341,512,0.8969425922893193,0.6964319296636602,0.8647545177009611,0.44416577000401103,0.8883315207388642,1.926915780337906e-08,0.23358260095119476
a4158,/mnt/data_disk/HDRData/1000hdr/HDRtest/a4158-WP_CRW_4109.exr,/mnt/data_disk/ZQL/TIP_TMO_result/dnn/Laplacianet/a4158.png,341,512,0.8940963351436269,0.66893119449581,0.9052034749498437,0.3126228713255523,0.6252161840817881,2.9558569316404187e-05,0.15629851818084717
a4160,/mnt/data_disk/HDRData/1000hdr/HDRtest/a4160-jn_20070824_0167.exr,/mnt/data_disk/ZQL/TIP_TMO_result/dnn/Laplacianet/a4160.png,341,512,0.8895285839745726,0.7566855718842052,0.6946979639090758,0.40834481446226045,0.8166896289238224,6.985892245794279e-13,0.3292766511440277
a4161,/mnt/data_disk/HDRData/1000hdr/HDRtest/a4161-tc_DSC2218.exr,/mnt/data_disk/ZQL/TIP_TMO_result/dnn/Laplacianet/a4161.png,340,512,0.8118828045559683,0.9359766240348235,0.05877056479383416,0.45732178388074685,0.9146435677305647,3.092904518351191e-11,0.20779579877853394
a4167,/mnt/data_disk/HDRData/1000hdr/HDRtest/a4167-IMG_0031.exr,/mnt/data_disk/ZQL/TIP_TMO_result/dnn/Laplacianet/a4167.png,341,512,0.9252152644882798,0.7565804462544216,0.9331028395630007,0.42687988639824687,0.8537597727964744,1.9345008275082387e-14,0.2398528754711151
a4170,/mnt/data_disk/HDRData/1000hdr/HDRtest/a4170-jmac_DSC3333.exr,/mnt/data_disk/ZQL/TIP_TMO_result/dnn/Laplacianet/a4170.png,343,512,0.8860837306701268,0.6405958287671151,0.9139805815476375,0.3836225079253664,0.7672450158502366,4.962087593209236e-13,0.21273542940616608
a4174,/mnt/data_disk/HDRData/1000hdr/HDRtest/a4174-dgw_083.exr,/mnt/data_disk/ZQL/TIP_TMO_result/dnn/Laplacianet/a4174.png,341,512,0.9395077832532415,0.7802763412973708,0.9846050992174522,0.434844838192349,0.8696896736777449,2.70695309231441e-09,0.3459939956665039
a4177,/mnt/data_disk/HDRData/1000hdr/HDRtest/a4177-jmac_DSC1412.exr,/mnt/data_disk/ZQL/TIP_TMO_result/dnn/Laplacianet/a4177.png,340,512,0.9244203654886581,0.8892454188311947,0.6806958810813069,0.45739084793049467,0.9145357924200119,0.00024590344097738347,0.10927300155162811
a4178,/mnt/data_disk/HDRData/1000hdr/HDRtest/a4178-IMG_0487.exr,/mnt/data_disk/ZQL/TIP_TMO_result/dnn/Laplacianet/a4178.png,341,512,0.9609591023685228,0.88312388381363,0.9348106430759755,0.8545182555452466,0.9457585704472805,0.7632779406432127,0.09533218294382095
a4184,/mnt/data_disk/HDRData/1000hdr/HDRtest/a4184-jmac_MG_5507.exr,/mnt/data_disk/ZQL/TIP_TMO_result/dnn/Laplacianet/a4184.png,341,512,0.9048854026338545,0.7146024208592752,0.8803793027351745,0.3970024677135724,0.7940049354055627,2.1582058053913358e-11,0.2880266308784485
a4185,/mnt/data_disk/HDRData/1000hdr/HDRtest/a4185-DSC_0055-2.exr,/mnt/data_disk/ZQL/TIP_TMO_result/dnn/Laplacianet/a4185.png,340,512,0.9121301419590915,0.7672803363198223,0.8221780627649588,0.4263250803617554,0.8526501588361655,1.887345371169531e-09,0.21444907784461975
a4188,/mnt/data_disk/HDRData/1000hdr/HDRtest/a4188-_MG_1604.exr,/mnt/data_disk/ZQL/TIP_TMO_result/dnn/Laplacianet/a4188.png,341,512,0.8949660227155382,0.6684866929774902,0.9121961694164722,0.3472218817889186,0.6944437633177253,2.601119322834052e-10,0.27771076560020447
a4191,/mnt/data_disk/HDRData/1000hdr/HDRtest/a4191-IMG_4849.exr,/mnt/data_disk/ZQL/TIP_TMO_result/dnn/Laplacianet/a4191.png,341,512,0.9229097429035962,0.795817836947482,0.8390705322560557,0.43853313026161667,0.8770662592930066,1.230226712151123e-09,0.19734975695610046
a4194,/mnt/data_disk/HDRData/1000hdr/HDRtest/a4194-LS051026_day_1_arive50.exr,/mnt/data_disk/ZQL/TIP_TMO_result/dnn/Laplacianet/a4194.png,341,512,0.8950909228959331,0.6818944767833517,0.8834833690327466,0.41795965757760023,0.8359176525056247,1.6626495758498679e-06,0.18921217322349548
a4197,/mnt/data_disk/HDRData/1000hdr/HDRtest/a4197-_MG_6428.exr,/mnt/data_disk/ZQL/TIP_TMO_result/dnn/Laplacianet/a4197.png,341,512,0.8858790115780606,0.9227009120086048,0.4012824091910463,0.47519041523363936,0.9503662033309315,1.462713634730957e-05,0.09945281594991684
a4198,/mnt/data_disk/HDRData/1000hdr/HDRtest/a4198-_DSC6401.exr,/mnt/data_disk/ZQL/TIP_TMO_result/dnn/Laplacianet/a4198.png,341,512,0.8152552122190911,0.5524141630927262,0.6503718196613695,0.37704334767839287,0.754086688335236,7.021549761697153e-09,0.3044857382774353
a4199,/mnt/data_disk/HDRData/1000hdr/HDRtest/a4199-jmac_MG_5003.exr,/mnt/data_disk/ZQL/TIP_TMO_result/dnn/Laplacianet/a4199.png,341,512,0.8839080848534921,0.7258303398879566,0.7181288884699507,0.40542398332880775,0.8108479617779526,4.879662878784734e-09,0.33146002888679504
a4201,/mnt/data_disk/HDRData/1000hdr/HDRtest/a4201-_DSC0120.exr,/mnt/data_disk/ZQL/TIP_TMO_result/dnn/Laplacianet/a4201.png,340,512,0.9106969648824241,0.7084617590741513,0.9335607890469231,0.3660378350450928,0.7320756697036757,3.865099366376071e-10,0.29462096095085144
a4202,/mnt/data_disk/HDRData/1000hdr/HDRtest/a4202-DSC_0439.exr,/mnt/data_disk/ZQL/TIP_TMO_result/dnn/Laplacianet/a4202.png,343,512,0.9363861533446126,0.7737189593950071,0.9760366040132752,0.4081037675764112,0.8162073327771728,2.023756495867089e-07,0.19473350048065186
a4204,/mnt/data_disk/HDRData/1000hdr/HDRtest/a4204-_DGW7870.exr,/mnt/data_disk/ZQL/TIP_TMO_result/dnn/Laplacianet/a4204.png,341,512,0.8288034275490446,0.6965134385591434,0.44046734423881223,0.37462236936955207,0.7492447277607306,1.0978373575133006e-08,0.13237188756465912
a4212,/mnt/data_disk/HDRData/1000hdr/HDRtest/a4212-Duggan_090321_5925.exr,/mnt/data_disk/ZQL/TIP_TMO_result/dnn/Laplacianet/a4212.png,341,512,0.9176807484999928,0.7086900164862935,0.9820063596241677,0.42134913434470006,0.8426974934427338,7.752466662846484e-07,0.2348773181438446
a4214,/mnt/data_disk/HDRData/1000hdr/HDRtest/a4214-DSC_0267.exr,/mnt/data_disk/ZQL/TIP_TMO_result/dnn/Laplacianet/a4214.png,343,512,0.9458566772358006,0.8244359768310319,0.9409966032221782,0.46556816895251213,0.9311348307777584,1.5071272658597226e-06,0.17711909115314484
a4216,/mnt/data_disk/HDRData/1000hdr/HDRtest/a4216-DSC_0118.exr,/mnt/data_disk/ZQL/TIP_TMO_result/dnn/Laplacianet/a4216.png,343,512,0.9437138643940968,0.7939910550873599,0.9863919148176876,0.4500199930536245,0.9000399851754278,9.318212176430002e-10,0.17509666085243225
a4220,/mnt/data_disk/HDRData/1000hdr/HDRtest/a4220-Duggan_090305_5359.exr,/mnt/data_disk/ZQL/TIP_TMO_result/dnn/Laplacianet/a4220.png,341,512,0.9056182780564916,0.705539586602207,0.9046781279615219,0.4004869605965386,0.8009739211929161,1.6114179057649342e-13,0.2411797195672989
a4228,/mnt/data_disk/HDRData/1000hdr/HDRtest/a4228-DSC_0037-2.exr,/mnt/data_disk/ZQL/TIP_TMO_result/dnn/Laplacianet/a4228.png,340,512,0.8871487886308375,0.8603641182548365,0.5011226547995294,0.4481858874436576,0.8915733180022434,0.004798456885071842,0.10762766748666763
a4230,/mnt/data_disk/HDRData/1000hdr/HDRtest/a4230-Duggan_090426_7798.exr,/mnt/data_disk/ZQL/TIP_TMO_result/dnn/Laplacianet/a4230.png,341,512,0.802636905697539,0.6039985723343847,0.46480032056248316,0.37778626879349025,0.7555725375869803,2.573085072739417e-16,0.2465658336877823
a4231,/mnt/data_disk/HDRData/1000hdr/HDRtest/a4231-Duggan_080326_5786.exr,/mnt/data_disk/ZQL/TIP_TMO_result/dnn/Laplacianet/a4231.png,341,512,0.8688037733774092,0.564680424700502,0.9774366127444175,0.3757428513479443,0.7477836453563557,0.003702057339532845,0.13854067027568817
a4232,/mnt/data_disk/HDRData/1000hdr/HDRtest/a4232-Duggan_090323_6181.exr,/mnt/data_disk/ZQL/TIP_TMO_result/dnn/Laplacianet/a4232.png,341,512,0.8921231550191402,0.7712049545095914,0.6840087226245317,0.4009505836142081,0.801826183428707,7.498379970911037e-05,0.29776668548583984
a4235,/mnt/data_disk/HDRData/1000hdr/HDRtest/a4235-DSC_0433.exr,/mnt/data_disk/ZQL/TIP_TMO_result/dnn/Laplacianet/a4235.png,343,512,0.894878990530165,0.6624529114656111,0.9251264116858261,0.322949865265846,0.6458997305316915,5.900799253495907e-16,0.21388748288154602
a4236,/mnt/data_disk/HDRData/1000hdr/HDRtest/a4236-DSC_0384.exr,/mnt/data_disk/ZQL/TIP_TMO_result/dnn/Laplacianet/a4236.png,343,512,0.8520787652851305,0.8093895111270769,0.38391737508415685,0.4630054376286438,0.9058248069630758,0.02018606829421184,0.14797121286392212
a4237,/mnt/data_disk/HDRData/1000hdr/HDRtest/a4237-20090417_at_18h06m01__MG_1955.exr,/mnt/data_disk/ZQL/TIP_TMO_result/dnn/Laplacianet/a4237.png,341,512,0.7787225493840504,0.5585608793748589,0.4214761280168499,0.283917748578999,0.567835497157998,6.289013536967542e-26,0.19357259571552277
a4238,/mnt/data_disk/HDRData/1000hdr/HDRtest/a4238-Duggan_090320_5609.exr,/mnt/data_disk/ZQL/TIP_TMO_result/dnn/Laplacianet/a4238.png,341,512,0.9293473202342363,0.8057895909960899,0.8634309718086545,0.48600526017578327,0.8727992348465359,0.09921128550503064,0.18705180287361145
a4239,/mnt/data_disk/HDRData/1000hdr/HDRtest/a4239-Duggan_080114_4429.exr,/mnt/data_disk/ZQL/TIP_TMO_result/dnn/Laplacianet/a4239.png,341,512,0.8121328956889446,0.7202161560406494,0.31243050509621056,0.33521505810453855,0.6704301162090761,1.003879529164213e-15,0.1676681488752365
a4244,/mnt/data_disk/HDRData/1000hdr/HDRtest/a4244-Duggan_090504_8959.exr,/mnt/data_disk/ZQL/TIP_TMO_result/dnn/Laplacianet/a4244.png,341,512,0.8432105541389598,0.6009356508649698,0.7176165628621508,0.36890872674747227,0.7378172196007551,2.338941895026947e-07,0.19647683203220367
a4246,/mnt/data_disk/HDRData/1000hdr/HDRtest/a4246-Duggan_090330_6226.exr,/mnt/data_disk/ZQL/TIP_TMO_result/dnn/Laplacianet/a4246.png,341,512,0.8845956507024855,0.6547013561496287,0.8717902818409307,0.337277117031045,0.67455423406209,9.120826374929351e-19,0.23567281663417816
a4249,/mnt/data_disk/HDRData/1000hdr/HDRtest/a4249-Duggan_090322_6001.exr,/mnt/data_disk/ZQL/TIP_TMO_result/dnn/Laplacianet/a4249.png,341,512,0.9098326608875785,0.7439230243536168,0.8533818840361826,0.42381379322774093,0.8476262487793044,1.3376761775053619e-06,0.2564861476421356
a4254,/mnt/data_disk/HDRData/1000hdr/HDRtest/a4254-DSC_0066.exr,/mnt/data_disk/ZQL/TIP_TMO_result/dnn/Laplacianet/a4254.png,340,512,0.9225566271721434,0.8218513405058073,0.7875075935318369,0.4074817920072022,0.8145471286274497,0.00041645538695466946,0.1156337782740593
a4258,/mnt/data_disk/HDRData/1000hdr/HDRtest/a4258-_DSC0012-4.exr,/mnt/data_disk/ZQL/TIP_TMO_result/dnn/Laplacianet/a4258.png,340,512,0.9437584669445973,0.7938404995252757,0.9870121686352756,0.6079920410621142,0.8990753094948161,0.31690877262941236,0.06679627299308777
a4262,/mnt/data_disk/HDRData/1000hdr/HDRtest/a4262-DSC_0065.exr,/mnt/data_disk/ZQL/TIP_TMO_result/dnn/Laplacianet/a4262.png,340,512,0.9073974595457899,0.8290496198788949,0.676304860503653,0.4171620837061953,0.8338225323314364,0.0005016350809541593,0.12072049826383591
a4266,/mnt/data_disk/HDRData/1000hdr/HDRtest/a4266-DSC_0426.exr,/mnt/data_disk/ZQL/TIP_TMO_result/dnn/Laplacianet/a4266.png,343,512,0.8778654492709841,0.6237071537160573,0.8964138261144925,0.4117247575602067,0.823419391462593,3.0123657820418308e-05,0.2419184446334839
a4267,/mnt/data_disk/HDRData/1000hdr/HDRtest/a4267-20090414_at_23h13m08__MG_1367.exr,/mnt/data_disk/ZQL/TIP_TMO_result/dnn/Laplacianet/a4267.png,341,512,0.7592356671360989,0.4840957238235745,0.4727040197987641,0.2536451258480363,0.5072902516960726,9.747442095984477e-30,0.16930314898490906
a4271,/mnt/data_disk/HDRData/1000hdr/HDRtest/a4271-Duggan_090227_5232.exr,/mnt/data_disk/ZQL/TIP_TMO_result/dnn/Laplacianet/a4271.png,341,512,0.9312521389946817,0.8461074457145961,0.8006405087708636,0.4497403139799132,0.899372915156405,0.00010771280342134551,0.22687551379203796
a4272,/mnt/data_disk/HDRData/1000hdr/HDRtest/a4272-DSC_0398.exr,/mnt/data_disk/ZQL/TIP_TMO_result/dnn/Laplacianet/a4272.png,343,512,0.7419775493231527,0.41828889925927965,0.5348992085243993,0.2548332786295239,0.5096665572590477,8.627901200798319e-21,0.12793231010437012
a4275,/mnt/data_disk/HDRData/1000hdr/HDRtest/a4275-09-05-12-at-17h46m31s-_MG_8890.exr,/mnt/data_disk/ZQL/TIP_TMO_result/dnn/Laplacianet/a4275.png,341,512,0.9098866043623458,0.7632701914243687,0.815049406071243,0.35544394758011105,0.7108878951602136,8.57924188273275e-15,0.19583085179328918
a4287,/mnt/data_disk/HDRData/1000hdr/HDRtest/a4287-_DSC0083.exr,/mnt/data_disk/ZQL/TIP_TMO_result/dnn/Laplacianet/a4287.png,340,512,0.9109368968526104,0.7706647101345381,0.8075709086893765,0.4330985091861262,0.8661945553687456,2.463003506796677e-06,0.15498661994934082
a4291,/mnt/data_disk/HDRData/1000hdr/HDRtest/a4291-20090417_at_18h46m58__MG_2026.exr,/mnt/data_disk/ZQL/TIP_TMO_result/dnn/Laplacianet/a4291.png,341,512,0.8697702761545977,0.7867837410693469,0.5196848548076562,0.3835172682650881,0.7670345365301762,1.5495458487135383e-21,0.16754885017871857
a4297,/mnt/data_disk/HDRData/1000hdr/HDRtest/a4297-_DSC0034.exr,/mnt/data_disk/ZQL/TIP_TMO_result/dnn/Laplacianet/a4297.png,340,512,0.8924928677492541,0.6727039668830332,0.8858315860526297,0.41062172562244204,0.8211165535357675,0.00012689770911659368,0.17382580041885376
a4298,/mnt/data_disk/HDRData/1000hdr/HDRtest/a4298-Duggan_090504_9090.exr,/mnt/data_disk/ZQL/TIP_TMO_result/dnn/Laplacianet/a4298.png,341,512,0.874164526187467,0.8896586406961912,0.38463937902999107,0.42649187161198715,0.8529837315473234,1.1676650901232321e-08,0.15401476621627808
a4302,/mnt/data_disk/HDRData/1000hdr/HDRtest/a4302-20090425_at_17h00m59__MG_0404.exr,/mnt/data_disk/ZQL/TIP_TMO_result/dnn/Laplacianet/a4302.png,341,512,0.9225127083619958,0.7734442932653548,0.8802672293203547,0.41260122415115996,0.8252024476681327,6.341872839456045e-10,0.2766871154308319
a4304,/mnt/data_disk/HDRData/1000hdr/HDRtest/a4304-09-05-19-at-18h03m17s-_MG_9540.exr,/mnt/data_disk/ZQL/TIP_TMO_result/dnn/Laplacianet/a4304.png,341,512,0.8043274859552798,0.5174845602674264,0.6644742897238283,0.2790416448546205,0.5580832897092407,3.847490048872304e-16,0.218290314078331
a4307,/mnt/data_disk/HDRData/1000hdr/HDRtest/a4307-20050328_161219__MG_0628.exr,/mnt/data_disk/ZQL/TIP_TMO_result/dnn/Laplacianet/a4307.png,341,512,0.8907941396030654,0.7707909666802683,0.6763462407803439,0.418084503825878,0.8361689933477972,1.4303958794659886e-08,0.12389450520277023
a4308,/mnt/data_disk/HDRData/1000hdr/HDRtest/a4308-Duggan_090209_4996.exr,/mnt/data_disk/ZQL/TIP_TMO_result/dnn/Laplacianet/a4308.png,341,512,0.9399061127772418,0.7792694657091482,0.9894865313171396,0.38575413056453267,0.7715082507743526,1.0354712755732065e-08,0.28403240442276
a4310,/mnt/data_disk/HDRData/1000hdr/HDRtest/a4310-DSC_0007.exr,/mnt/data_disk/ZQL/TIP_TMO_result/dnn/Laplacianet/a4310.png,340,512,0.9114561399813002,0.700204565967427,0.9568116610475815,0.4556574243745324,0.9027506553761073,0.008564193372957484,0.1519782394170761
a4312,/mnt/data_disk/HDRData/1000hdr/HDRtest/a4312-20090417_at_16h32m44__MG_1867.exr,/mnt/data_disk/ZQL/TIP_TMO_result/dnn/Laplacianet/a4312.png,341,512,0.8320995582868438,0.5386456538696495,0.7920187940343295,0.35656711649975276,0.7131342329995055,4.8084782585729726e-18,0.3406621813774109
a4317,/mnt/data_disk/HDRData/1000hdr/HDRtest/a4317-DSC_0224.exr,/mnt/data_disk/ZQL/TIP_TMO_result/dnn/Laplacianet/a4317.png,343,512,0.8235976021165677,0.577516037328403,0.6455518978368268,0.32111130815165534,0.6422226163033107,4.467038376822611e-34,0.15977512300014496
a4318,/mnt/data_disk/HDRData/1000hdr/HDRtest/a4318-Duggan_090321_5920.exr,/mnt/data_disk/ZQL/TIP_TMO_result/dnn/Laplacianet/a4318.png,341,512,0.9656619436137922,0.8825816866667222,0.9687172554094882,0.46176538153973956,0.9126205688223944,0.010910194257084744,0.15380612015724182
a4319,/mnt/data_disk/HDRData/1000hdr/HDRtest/a4319-DSC_0132.exr,/mnt/data_disk/ZQL/TIP_TMO_result/dnn/Laplacianet/a4319.png,340,512,0.9255251096892368,0.7557884581865238,0.9368927390221786,0.419659468764821,0.8393189027245744,3.4805067559813e-08,0.18210400640964508
a4323,/mnt/data_disk/HDRData/1000hdr/HDRtest/a4323-DSC_0010.exr,/mnt/data_disk/ZQL/TIP_TMO_result/dnn/Laplacianet/a4323.png,343,512,0.8977538363138283,0.7093179394499914,0.8430160177734839,0.3184894946558593,0.6369789893117186,1.1830681003690342e-22,0.2675238251686096
a4324,/mnt/data_disk/HDRData/1000hdr/HDRtest/a4324-DSC_0002.exr,/mnt/data_disk/ZQL/TIP_TMO_result/dnn/Laplacianet/a4324.png,343,512,0.9028987727901981,0.7637896799773686,0.7677134833987678,0.3211871158092684,0.6423742316185368,2.3168795728285555e-18,0.20373375713825226
a4326,/mnt/data_disk/HDRData/1000hdr/HDRtest/a4326-DSC_0461.exr,/mnt/data_disk/ZQL/TIP_TMO_result/dnn/Laplacianet/a4326.png,343,512,0.838432589190494,0.6693908346335795,0.5458631865698393,0.3507586404144578,0.7015172808289155,8.440874872119311e-17,0.1795330047607422
a4329,/mnt/data_disk/HDRData/1000hdr/HDRtest/a4329-DSC_0028.exr,/mnt/data_disk/ZQL/TIP_TMO_result/dnn/Laplacianet/a4329.png,340,512,0.8714627024364219,0.7718815076648368,0.5553264322827266,0.45485468726308126,0.809708812074535,0.10000056245162751,0.10421857982873917
a4331,/mnt/data_disk/HDRData/1000hdr/HDRtest/a4331-_DGW0241.exr,/mnt/data_disk/ZQL/TIP_TMO_result/dnn/Laplacianet/a4331.png,341,512,0.7710466313777604,0.5928555887105333,0.31566273159701286,0.3222128347793424,0.6444256695586849,4.898498234283004e-21,0.16935276985168457
a4335,/mnt/data_disk/HDRData/1000hdr/HDRtest/a4335-Duggan_090123_4520.exr,/mnt/data_disk/ZQL/TIP_TMO_result/dnn/Laplacianet/a4335.png,341,512,0.8684891300327785,0.6950862846584462,0.6803911812356995,0.37635422201740887,0.7527084440348177,1.2811758012438369e-20,0.307412713766098
a4338,/mnt/data_disk/HDRData/1000hdr/HDRtest/a4338-DSC_0206.exr,/mnt/data_disk/ZQL/TIP_TMO_result/dnn/Laplacianet/a4338.png,343,512,0.8866864301417968,0.7212593410874095,0.745183038937502,0.37718095594211226,0.7543619118842081,1.6449368972773392e-14,0.12078084796667099
a4339,/mnt/data_disk/HDRData/1000hdr/HDRtest/a4339-Duggan_090111_4244.exr,/mnt/data_disk/ZQL/TIP_TMO_result/dnn/Laplacianet/a4339.png,341,512,0.8600453500208056,0.6232336236466783,0.7774566435462454,0.3576389805432004,0.7152779610864008,9.932115835535375e-18,0.2636583745479584
a4340,/mnt/data_disk/HDRData/1000hdr/HDRtest/a4340-DSC_0441.exr,/mnt/data_disk/ZQL/TIP_TMO_result/dnn/Laplacianet/a4340.png,343,512,0.8271279952454654,0.49731686079162235,0.8657188636766868,0.2823866398089935,0.5647732796179866,3.0333274701505633e-16,0.2003685086965561
a4342,/mnt/data_disk/HDRData/1000hdr/HDRtest/a4342-DSC_0043.exr,/mnt/data_disk/ZQL/TIP_TMO_result/dnn/Laplacianet/a4342.png,340,512,0.8809289199954649,0.6628343365159177,0.8290079711152232,0.38857838358228314,0.7771567671645663,1.7921874450629728e-19,0.15542663633823395
a4345,/mnt/data_disk/HDRData/1000hdr/HDRtest/a4345-Duggan_080411_5976.exr,/mnt/data_disk/ZQL/TIP_TMO_result/dnn/Laplacianet/a4345.png,341,512,0.8964436210653484,0.6522334797243938,0.9593273831459225,0.3936401892266217,0.7872803784531721,7.127082335818303e-14,0.17106765508651733
a4354,/mnt/data_disk/HDRData/1000hdr/HDRtest/a4354-DSC_0347.exr,/mnt/data_disk/ZQL/TIP_TMO_result/dnn/Laplacianet/a4354.png,343,512,0.9229467938424181,0.783906529656468,0.8625111888971531,0.4341807473586265,0.868361494717253,3.722515303417168e-17,0.25043633580207825
a4356,/mnt/data_disk/HDRData/1000hdr/HDRtest/a4356-_DSC1335.exr,/mnt/data_disk/ZQL/TIP_TMO_result/dnn/Laplacianet/a4356.png,341,512,0.7528832610332248,0.47675497847145254,0.4535925225140478,0.3222719003832468,0.5991763175026119,0.04536748326388168,0.08234687894582748
a4357,/mnt/data_disk/HDRData/1000hdr/HDRtest/a4357-Duggan_090124_4645.exr,/mnt/data_disk/ZQL/TIP_TMO_result/dnn/Laplacianet/a4357.png,341,512,0.8972471253699917,0.6444149170630848,0.9831299870517454,0.3525200368070254,0.7050400736140479,2.99198195506424e-15,0.22570517659187317
a4366,/mnt/data_disk/HDRData/1000hdr/HDRtest/a4366-DSC_0447.exr,/mnt/data_disk/ZQL/TIP_TMO_result/dnn/Laplacianet/a4366.png,343,512,0.9535332642976533,0.8687175704132861,0.9100593323663575,0.443784699090986,0.8863901268484048,0.001179271333567208,0.12353162467479706
a4368,/mnt/data_disk/HDRData/1000hdr/HDRtest/a4368-Duggan_090321_5857.exr,/mnt/data_disk/ZQL/TIP_TMO_result/dnn/Laplacianet/a4368.png,341,512,0.9036286044726751,0.7463034795441242,0.8068869747705023,0.3849006180758668,0.7698012361517336,1.1117507245757641e-17,0.23232002556324005
a4370,/mnt/data_disk/HDRData/1000hdr/HDRtest/a4370-DSC_0080.exr,/mnt/data_disk/ZQL/TIP_TMO_result/dnn/Laplacianet/a4370.png,340,512,0.8820604204098048,0.755124210200809,0.6504096740471172,0.43511376868717944,0.8702275373486794,2.5679461774058435e-11,0.1596474051475525
a4374,/mnt/data_disk/HDRData/1000hdr/HDRtest/a4374-09-05-19-at-17h54m57s-_MG_9531.exr,/mnt/data_disk/ZQL/TIP_TMO_result/dnn/Laplacianet/a4374.png,341,512,0.8897725291359185,0.7289621106315852,0.7499781535719294,0.3229650254154307,0.6459241253117822,5.925519079139263e-06,0.1553948074579239
a4377,/mnt/data_disk/HDRData/1000hdr/HDRtest/a4377-IMG_4929.exr,/mnt/data_disk/ZQL/TIP_TMO_result/dnn/Laplacianet/a4377.png,341,512,0.9339875465713968,0.8274538614972926,0.8536090083114743,0.43670027074051226,0.8731982339312225,0.00020230754980196647,0.15094050765037537
a4382,/mnt/data_disk/HDRData/1000hdr/HDRtest/a4382-DSC_0261.exr,/mnt/data_disk/ZQL/TIP_TMO_result/dnn/Laplacianet/a4382.png,343,512,0.9303423031700541,0.757800187570801,0.9664203758213963,0.43990026846415564,0.8798005278963146,9.03199667538858e-09,0.21062859892845154
a4384,/mnt/data_disk/HDRData/1000hdr/HDRtest/a4384-DSC_0322.exr,/mnt/data_disk/ZQL/TIP_TMO_result/dnn/Laplacianet/a4384.png,343,512,0.866135053509286,0.6406240050253609,0.7791041062718411,0.3533977016417463,0.706795403283489,3.600036345004515e-15,0.18803787231445312
a4385,/mnt/data_disk/HDRData/1000hdr/HDRtest/a4385-_DGW9650.exr,/mnt/data_disk/ZQL/TIP_TMO_result/dnn/Laplacianet/a4385.png,341,512,0.8881503877933782,0.6677415270161124,0.8670994974248393,0.333452474462858,0.666904940821225,8.104490977448104e-09,0.22728334367275238
a4386,/mnt/data_disk/HDRData/1000hdr/HDRtest/a4386-Duggan_090124_4632.exr,/mnt/data_disk/ZQL/TIP_TMO_result/dnn/Laplacianet/a4386.png,341,512,0.8767254187125322,0.7036465140221116,0.7159112217020834,0.36792297850239064,0.7358456503967434,3.06608037854982e-07,0.17518869042396545
a4392,/mnt/data_disk/HDRData/1000hdr/HDRtest/a4392-Duggan_090331_6554.exr,/mnt/data_disk/ZQL/TIP_TMO_result/dnn/Laplacianet/a4392.png,341,512,0.8858259487299555,0.7757615251794894,0.636055580999543,0.4319379506736309,0.863872328799425,3.572547836784296e-06,0.2629053294658661
a4394,/mnt/data_disk/HDRData/1000hdr/HDRtest/a4394-Duggan_090127_4837.exr,/mnt/data_disk/ZQL/TIP_TMO_result/dnn/Laplacianet/a4394.png,341,512,0.8489139564774152,0.6655346406408995,0.6169180218797002,0.3613720884258521,0.7227441760907124,7.609918557951679e-10,0.22658342123031616
a4395,/mnt/data_disk/HDRData/1000hdr/HDRtest/a4395-Duggan_090503_8734.exr,/mnt/data_disk/ZQL/TIP_TMO_result/dnn/Laplacianet/a4395.png,341,512,0.7592524895509967,0.694232484308461,0.11283857616137266,0.36084960273221584,0.7215944464249056,0.00010475903952610964,0.10106903314590454
a4396,/mnt/data_disk/HDRData/1000hdr/HDRtest/a4396-DSC_0073-2.exr,/mnt/data_disk/ZQL/TIP_TMO_result/dnn/Laplacianet/a4396.png,340,512,0.9141172484620745,0.7504316120893415,0.869277145103992,0.4190934912475444,0.8381868520171708,1.3047791797936705e-07,0.14408184587955475
a4398,/mnt/data_disk/HDRData/1000hdr/HDRtest/a4398-Duggan_050709_1062.exr,/mnt/data_disk/ZQL/TIP_TMO_result/dnn/Laplacianet/a4398.png,341,512,0.8833380449512207,0.6797897410870088,0.8085849745135517,0.39212052881774623,0.7841758869744675,6.517066102500114e-05,0.16658036410808563
a4399,/mnt/data_disk/HDRData/1000hdr/HDRtest/a4399-Duggan_080410_5879.exr,/mnt/data_disk/ZQL/TIP_TMO_result/dnn/Laplacianet/a4399.png,341,512,0.8641095473781337,0.7342720852115564,0.5783498378033943,0.3494822766831113,0.6989645526196905,7.465321933440577e-10,0.142323300242424
a4409,/mnt/data_disk/HDRData/1000hdr/HDRtest/a4409-Duggan_090503_8738.exr,/mnt/data_disk/ZQL/TIP_TMO_result/dnn/Laplacianet/a4409.png,341,512,0.9034012044205615,0.8500282371220028,0.6152168276694865,0.3987234740556469,0.7974468513339601,9.677733365275273e-08,0.20708133280277252
a4419,/mnt/data_disk/HDRData/1000hdr/HDRtest/a4419-_DGW0269.exr,/mnt/data_disk/ZQL/TIP_TMO_result/dnn/Laplacianet/a4419.png,341,512,0.8249126739839793,0.7273032911345698,0.3674234029471523,0.37258154305414143,0.7451630861082829,3.4949949030474804e-22,0.1984734982252121
a4420,/mnt/data_disk/HDRData/1000hdr/HDRtest/a4420-DSC_0054.exr,/mnt/data_disk/ZQL/TIP_TMO_result/dnn/Laplacianet/a4420.png,343,512,0.7929885032136949,0.5629519931287691,0.4930057034096626,0.300403877524061,0.600807755048122,2.1538339407957106e-21,0.21939682960510254
a4421,/mnt/data_disk/HDRData/1000hdr/HDRtest/a4421-Duggan_090214_5129.exr,/mnt/data_disk/ZQL/TIP_TMO_result/dnn/Laplacianet/a4421.png,341,512,0.8222745251555302,0.849123834716187,0.18454283316424586,0.41662838880717407,0.833255805272148,9.723422000426078e-07,0.14529633522033691
a4425,/mnt/data_disk/HDRData/1000hdr/HDRtest/a4425-DSC_0007.exr,/mnt/data_disk/ZQL/TIP_TMO_result/dnn/Laplacianet/a4425.png,343,512,0.8917062648536831,0.7836396869839962,0.6585293717287132,0.3729078266146759,0.743153280460394,0.0026623727689578302,0.20706938207149506
a4430,/mnt/data_disk/HDRData/1000hdr/HDRtest/a4430-09-05-19-at-19h04m03s-_MG_9559.exr,/mnt/data_disk/ZQL/TIP_TMO_result/dnn/Laplacianet/a4430.png,341,512,0.7757915579862725,0.4726754010901305,0.598080645419794,0.28431448002985965,0.5686289600597193,1.5256231841535057e-29,0.14951658248901367
a4431,/mnt/data_disk/HDRData/1000hdr/HDRtest/a4431-Duggan_090330_6282.exr,/mnt/data_disk/ZQL/TIP_TMO_result/dnn/Laplacianet/a4431.png,341,512,0.8553866726889013,0.8080751050568561,0.4038251789096327,0.31694994852103303,0.6330294187624499,0.0008704782796161791,0.19921521842479706
a4432,/mnt/data_disk/HDRData/1000hdr/HDRtest/a4432-Duggan_081114_3124.exr,/mnt/data_disk/ZQL/TIP_TMO_result/dnn/Laplacianet/a4432.png,341,512,0.8400532217970837,0.5971965164284975,0.7056987345109456,0.31121872491313224,0.6137519876161674,0.008685462210096974,0.19058844447135925
a4433,/mnt/data_disk/HDRData/1000hdr/HDRtest/a4433-Duggan_090504_8957.exr,/mnt/data_disk/ZQL/TIP_TMO_result/dnn/Laplacianet/a4433.png,341,512,0.8420138155822102,0.8540031730803058,0.2691672729782477,0.3975623134548883,0.79512061555649,4.011353286498452e-06,0.18586651980876923
a4434,/mnt/data_disk/HDRData/1000hdr/HDRtest/a4434-20090414_at_23h05m38__MG_1365.exr,/mnt/data_disk/ZQL/TIP_TMO_result/dnn/Laplacianet/a4434.png,341,512,0.7119925694934116,0.45479824941077995,0.28540791579211744,0.25454869380864026,0.5089731344217138,0.00012425319556673618,0.06430935859680176
a4435,/mnt/data_disk/HDRData/1000hdr/HDRtest/a4435-WP_CRW_0591.exr,/mnt/data_disk/ZQL/TIP_TMO_result/dnn/Laplacianet/a4435.png,341,512,0.8677194062095335,0.7792732704904327,0.5203997696511021,0.42473086485719214,0.8494617289736598,7.40724457679378e-10,0.2440854012966156
a4436,/mnt/data_disk/HDRData/1000hdr/HDRtest/a4436-DSC_0153.exr,/mnt/data_disk/ZQL/TIP_TMO_result/dnn/Laplacianet/a4436.png,343,512,0.9402171210202901,0.8234488060986945,0.9038160467187714,0.4540651117101618,0.9068899875178141,0.0012402359025093961,0.14786690473556519
a4442,/mnt/data_disk/HDRData/1000hdr/HDRtest/a4442-Duggan_080629_9284.exr,/mnt/data_disk/ZQL/TIP_TMO_result/dnn/Laplacianet/a4442.png,341,512,0.8914235509729418,0.7009627236999724,0.8179360727790194,0.39089090330934767,0.7817818066186136,8.172278703866576e-14,0.19139865040779114
a4447,/mnt/data_disk/HDRData/1000hdr/HDRtest/a4447-Duggan_090321_5856.exr,/mnt/data_disk/ZQL/TIP_TMO_result/dnn/Laplacianet/a4447.png,341,512,0.8901089675499003,0.6990334381033261,0.8131797389791854,0.4234134404122402,0.8468268790588355,1.7656449687760427e-09,0.2487269788980484
a4448,/mnt/data_disk/HDRData/1000hdr/HDRtest/a4448-Duggan_080119_4778.exr,/mnt/data_disk/ZQL/TIP_TMO_result/dnn/Laplacianet/a4448.png,341,512,0.908082456365433,0.8862030935195326,0.5842738972261227,0.4641563472532346,0.9260409439706135,0.002271750535855682,0.1203693300485611
a4449,/mnt/data_disk/HDRData/1000hdr/HDRtest/a4449-DSC_0030.exr,/mnt/data_disk/ZQL/TIP_TMO_result/dnn/Laplacianet/a4449.png,343,512,0.810839142433645,0.5443534288492079,0.6414445637026297,0.3627279992089223,0.72545599841784,4.497888631220924e-15,0.18693824112415314
a4452,/mnt/data_disk/HDRData/1000hdr/HDRtest/a4452-DSC_0084.exr,/mnt/data_disk/ZQL/TIP_TMO_result/dnn/Laplacianet/a4452.png,340,512,0.8757841479560989,0.7405289866618718,0.6384413815576843,0.4260037455991865,0.852006390249376,1.1009489970986517e-06,0.21487754583358765
a4455,/mnt/data_disk/HDRData/1000hdr/HDRtest/a4455-Duggan_080106_4325.exr,/mnt/data_disk/ZQL/TIP_TMO_result/dnn/Laplacianet/a4455.png,341,512,0.9195323451404467,0.7893050116530377,0.8289125104163926,0.4268314157483372,0.8536628304524381,1.0442363729928715e-09,0.2660555839538574
a4456,/mnt/data_disk/HDRData/1000hdr/HDRtest/a4456-DSC_0472.exr,/mnt/data_disk/ZQL/TIP_TMO_result/dnn/Laplacianet/a4456.png,343,512,0.8658404727364071,0.6881949997532587,0.6773775075403881,0.36903910714415206,0.7380782142882923,1.1745672748225801e-14,0.22310765087604523
a4457,/mnt/data_disk/HDRData/1000hdr/HDRtest/a4457-_DSC0012-5.exr,/mnt/data_disk/ZQL/TIP_TMO_result/dnn/Laplacianet/a4457.png,340,512,0.928399836968081,0.8182729063537284,0.8332018512210144,0.5878649079366175,0.8859621623415201,0.28976765353171485,0.1067233458161354
a4465,/mnt/data_disk/HDRData/1000hdr/HDRtest/a4465-DSC_0051.exr,/mnt/data_disk/ZQL/TIP_TMO_result/dnn/Laplacianet/a4465.png,340,512,0.8837817235224051,0.7741896251374182,0.6262106494443571,0.39759201403828914,0.7951737891255475,1.0238951030832486e-05,0.12821808457374573
a4466,/mnt/data_disk/HDRData/1000hdr/HDRtest/a4466-20090327_at_11h08m58__MG_0964.exr,/mnt/data_disk/ZQL/TIP_TMO_result/dnn/Laplacianet/a4466.png,341,512,0.9146616357475731,0.8018411084608317,0.7726561209689466,0.4168943166623036,0.833788633324117,4.901387123888879e-13,0.25941985845565796
a4467,/mnt/data_disk/HDRData/1000hdr/HDRtest/a4467-Duggan_090426_7873.exr,/mnt/data_disk/ZQL/TIP_TMO_result/dnn/Laplacianet/a4467.png,341,512,0.9290682422533769,0.7774359331927707,0.9173679586892113,0.41700473569271135,0.8340094713854227,3.378041174546995e-20,0.25013434886932373
a4470,/mnt/data_disk/HDRData/1000hdr/HDRtest/a4470-Duggan_090123_4566.exr,/mnt/data_disk/ZQL/TIP_TMO_result/dnn/Laplacianet/a4470.png,341,512,0.9288546706712172,0.751217225516579,0.96970024773185,0.3909447988947706,0.7818895977830331,6.5079963855334654e-12,0.2301977127790451
a4471,/mnt/data_disk/HDRData/1000hdr/HDRtest/a4471-Duggan_090321_5859.exr,/mnt/data_disk/ZQL/TIP_TMO_result/dnn/Laplacianet/a4471.png,341,512,0.8677755136807558,0.7639349205409702,0.5472300020206224,0.3867401649668414,0.7734803299336828,7.727026137672369e-21,0.25115376710891724
a4472,/mnt/data_disk/HDRData/1000hdr/HDRtest/a4472-Duggan_090504_9026.exr,/mnt/data_disk/ZQL/TIP_TMO_result/dnn/Laplacianet/a4472.png,341,512,0.9314619547320503,0.8128778136232554,0.8641833430645882,0.42485466472779465,0.8497092041816052,1.2527398406830557e-07,0.3111773133277893
a4474,/mnt/data_disk/HDRData/1000hdr/HDRtest/a4474-09-05-19-at-18h56m31s-_MG_9553.exr,/mnt/data_disk/ZQL/TIP_TMO_result/dnn/Laplacianet/a4474.png,341,512,0.883296092298165,0.7427115114294901,0.6815503358286337,0.412073289586787,0.8241465721232003,7.0503737787724795e-09,0.13470536470413208
a4476,/mnt/data_disk/HDRData/1000hdr/HDRtest/a4476-IMG_4029.exr,/mnt/data_disk/ZQL/TIP_TMO_result/dnn/Laplacianet/a4476.png,341,512,0.8439682034336217,0.588346915015368,0.7511362721216883,0.3530828981359519,0.7061654468096162,3.494622875004127e-07,0.15866442024707794
a4477,/mnt/data_disk/HDRData/1000hdr/HDRtest/a4477-20090327_at_06h09m52__MG_0855.exr,/mnt/data_disk/ZQL/TIP_TMO_result/dnn/Laplacianet/a4477.png,341,512,0.8837326964903319,0.6620573908290097,0.8496186763657422,0.34509457459629206,0.6901891491913554,1.2286667426539986e-12,0.21612784266471863
a4479,/mnt/data_disk/HDRData/1000hdr/HDRtest/a4479-09-05-19-at-18h39m42s-_MG_9545.exr,/mnt/data_disk/ZQL/TIP_TMO_result/dnn/Laplacianet/a4479.png,341,512,0.8920171915254701,0.7186167755652714,0.7854987788590794,0.3659193467692116,0.7318386935381009,3.223274083468766e-13,0.2533506453037262
a4480,/mnt/data_disk/HDRData/1000hdr/HDRtest/a4480-Duggan_090201_4896.exr,/mnt/data_disk/ZQL/TIP_TMO_result/dnn/Laplacianet/a4480.png,341,512,0.7964595053677248,0.600947129861482,0.43600829547264974,0.31766359788597687,0.6353271957719537,4.478833707975022e-17,0.2633707821369171
a4487,/mnt/data_disk/HDRData/1000hdr/HDRtest/a4487-Duggan_090322_5971.exr,/mnt/data_disk/ZQL/TIP_TMO_result/dnn/Laplacianet/a4487.png,341,512,0.891283944948702,0.7006202850368582,0.8177179157442027,0.40523817588337563,0.8104763511538922,6.128590570660304e-10,0.2018735259771347
