id,hdr_path,ldr_path,height,width,tmqi_q,tmqi_s,tmqi_n,tmqi2_q,tmqi2_s,tmqi2_n,nlpd
a2808,/mnt/data_disk/HDRData/1000hdr/HDRtest/a2808-20080516_072208__MG_0018.exr,/mnt/data_disk/ZQL/TIP_TMO_result/tradition/Reinhard(Local)/a2808.png,341,512,0.9133289875676253,0.8000998060848957,0.7671531283540791,0.6888339403675249,0.8407523580412912,0.5369155226937585,0.20087336003780365
a2824,/mnt/data_disk/HDRData/1000hdr/HDRtest/a2824-dvf_035.exr,/mnt/data_disk/ZQL/TIP_TMO_result/tradition/Reinhard(Local)/a2824.png,341,512,0.8907341426927686,0.7316701751411482,0.7508873532099991,0.6189586498812213,0.7862120254975443,0.4517052742648982,0.13241347670555115
a2854,/mnt/data_disk/HDRData/1000hdr/HDRtest/a2854-NKIM_MG_7374.exr,/mnt/data_disk/ZQL/TIP_TMO_result/tradition/Reinhard(Local)/a2854.png,341,512,0.8913390444540978,0.9271804103014132,0.424903075933757,0.6272338330469118,0.9123834185829716,0.34208424751085215,0.29723548889160156
a2861,/mnt/data_disk/HDRData/1000hdr/HDRtest/a2861-IMG_4397.exr,/mnt/data_disk/ZQL/TIP_TMO_result/tradition/Reinhard(Local)/a2861.png,341,512,nan,nan,0.24026996300385317,0.34779428194501566,0.6955885638900263,5.0282363769960434e-15,0.1807805299758911
a2862,/mnt/data_disk/HDRData/1000hdr/HDRtest/a2862-_DSC0055.exr,/mnt/data_disk/ZQL/TIP_TMO_result/tradition/Reinhard(Local)/a2862.png,340,512,0.9320034474251919,0.8137474846035676,0.8662003430836916,0.8837267863442293,0.8951124389867561,0.8723411337017024,0.1886623650789261
a2876,/mnt/data_disk/HDRData/1000hdr/HDRtest/a2876-jn_20080130_Las_Vegas_0082.exr,/mnt/data_disk/ZQL/TIP_TMO_result/tradition/Reinhard(Local)/a2876.png,341,512,nan,nan,0.21201848930382983,0.8199041151611679,0.6866066156722904,0.9532016146500455,0.26968497037887573
a2883,/mnt/data_disk/HDRData/1000hdr/HDRtest/a2883-_DSC0008-2.exr,/mnt/data_disk/ZQL/TIP_TMO_result/tradition/Reinhard(Local)/a2883.png,340,512,0.8429653596506921,0.8398405594375759,0.29285584253664154,0.5884491406494572,0.7320523265632041,0.44484595473571026,0.06837806105613708
a2913,/mnt/data_disk/HDRData/1000hdr/HDRtest/a2913-IMG_0138.exr,/mnt/data_disk/ZQL/TIP_TMO_result/tradition/Reinhard(Local)/a2913.png,341,512,0.8646406216198679,0.7452349700797325,0.561670186319451,0.7376432637142916,0.9028028944351957,0.5724836329933874,0.22404567897319794
a2933,/mnt/data_disk/HDRData/1000hdr/HDRtest/a2933-_I2E7313.exr,/mnt/data_disk/ZQL/TIP_TMO_result/tradition/Reinhard(Local)/a2933.png,341,512,nan,nan,0.9663266070505866,0.41511768732077614,0.7830578592234305,0.047177515418121714,0.22992175817489624
a2956,/mnt/data_disk/HDRData/1000hdr/HDRtest/a2956-KE_-0035.exr,/mnt/data_disk/ZQL/TIP_TMO_result/tradition/Reinhard(Local)/a2956.png,340,512,0.9184800867704433,0.8381629075462738,0.7311298216702342,0.7310814657041651,0.7643009752702182,0.6978619561381119,0.1734624058008194
a2986,/mnt/data_disk/HDRData/1000hdr/HDRtest/a2986-_DGW6325.exr,/mnt/data_disk/ZQL/TIP_TMO_result/tradition/Reinhard(Local)/a2986.png,341,512,0.7745431554464889,0.718885085012811,0.14255090089204395,0.8158269246692071,0.8706461183108853,0.761007731027529,0.26636314392089844
a3267,/mnt/data_disk/HDRData/1000hdr/HDRtest/a3267-WP_CRW_0087.exr,/mnt/data_disk/ZQL/TIP_TMO_result/tradition/Reinhard(Local)/a3267.png,341,512,0.8591016009755055,0.7721444854007679,0.48243092643714597,0.768046343836053,0.8586130756322904,0.6774796120398157,0.21338844299316406
a3285,/mnt/data_disk/HDRData/1000hdr/HDRtest/a3285-CRW_0291.exr,/mnt/data_disk/ZQL/TIP_TMO_result/tradition/Reinhard(Local)/a3285.png,341,512,0.8691590131747942,0.8046590645312193,0.4864247905322261,0.8731582271419704,0.9032685042898881,0.8430479499940526,0.3334144949913025
a3288,/mnt/data_disk/HDRData/1000hdr/HDRtest/a3288-KE_-0049.exr,/mnt/data_disk/ZQL/TIP_TMO_result/tradition/Reinhard(Local)/a3288.png,340,512,0.7651782562225811,0.6445804756612196,0.20339336297799623,0.8075499461594209,0.8209039437059841,0.7941959486128576,0.1912461817264557
a3306,/mnt/data_disk/HDRData/1000hdr/HDRtest/a3306-IMG_4969.exr,/mnt/data_disk/ZQL/TIP_TMO_result/tradition/Reinhard(Local)/a3306.png,341,512,0.8261232920738545,0.7274974644214975,0.37354330154416837,0.8970082854871386,0.8316408239566607,0.9623757470176165,0.20740129053592682
a3312,/mnt/data_disk/HDRData/1000hdr/HDRtest/a3312-IMG_1063.exr,/mnt/data_disk/ZQL/TIP_TMO_result/tradition/Reinhard(Local)/a3312.png,341,512,0.8242092903549002,0.6062112231373218,0.587159800799173,0.7232112425815829,0.7773252279978736,0.6690972571652921,0.22041389346122742
a3315,/mnt/data_disk/HDRData/1000hdr/HDRtest/a3315-MB_20030906_022.exr,/mnt/data_disk/ZQL/TIP_TMO_result/tradition/Reinhard(Local)/a3315.png,341,512,0.7873383035605428,0.7103638694903189,0.20833596053957196,0.8691937357531182,0.7915259083871201,0.9468615631191163,0.31096410751342773
a3316,/mnt/data_disk/HDRData/1000hdr/HDRtest/a3316-20051225_163230__MG_1390.exr,/mnt/data_disk/ZQL/TIP_TMO_result/tradition/Reinhard(Local)/a3316.png,341,512,0.9321070870484066,0.9222898859508416,0.6746585609573928,0.6616348429415924,0.9287428166386801,0.39452686924450464,0.12585608661174774
a3318,/mnt/data_disk/HDRData/1000hdr/HDRtest/a3318-JI2E5722.exr,/mnt/data_disk/ZQL/TIP_TMO_result/tradition/Reinhard(Local)/a3318.png,341,512,0.8921764141869343,0.8985585711125944,0.47140900753213527,0.7197453586853676,0.8206216636504611,0.6188690537202741,0.12028134614229202
a3321,/mnt/data_disk/HDRData/1000hdr/HDRtest/a3321-DSC_0054.exr,/mnt/data_disk/ZQL/TIP_TMO_result/tradition/Reinhard(Local)/a3321.png,340,512,0.954014026518219,0.9431352151643085,0.7818236962409955,0.5307213348896002,0.9365318438272922,0.12491082595190812,0.09370119124650955
a3325,/mnt/data_disk/HDRData/1000hdr/HDRtest/a3325-050819_154342__MG_5227.exr,/mnt/data_disk/ZQL/TIP_TMO_result/tradition/Reinhard(Local)/a3325.png,341,512,0.8579025456812113,0.792454084499002,0.44230790374588547,0.4799854214233212,0.895398221146348,0.06457262170029433,0.10433083772659302
a3337,/mnt/data_disk/HDRData/1000hdr/HDRtest/a3337-dgw_112.exr,/mnt/data_disk/ZQL/TIP_TMO_result/tradition/Reinhard(Local)/a3337.png,341,512,0.7229980876265623,0.6302618341426127,0.059468934828366,0.877502276229791,0.7803322964468413,0.9746722560127408,0.3606325089931488
a3339,/mnt/data_disk/HDRData/1000hdr/HDRtest/a3339-_MG_7202.exr,/mnt/data_disk/ZQL/TIP_TMO_result/tradition/Reinhard(Local)/a3339.png,341,512,0.9235971183253027,0.7410952715520942,0.9540566470804629,0.7443383693560521,0.7935510213508554,0.6951257173612487,0.20372092723846436
a3341,/mnt/data_disk/HDRData/1000hdr/HDRtest/a3341-jmac_DSC2590.exr,/mnt/data_disk/ZQL/TIP_TMO_result/tradition/Reinhard(Local)/a3341.png,340,512,0.8846693154594912,0.7356747821666106,0.7038195949854916,0.7832911660062349,0.8483410135614854,0.7182413184509846,0.1190311387181282
a3344,/mnt/data_disk/HDRData/1000hdr/HDRtest/a3344-NKIM_MG_6348.exr,/mnt/data_disk/ZQL/TIP_TMO_result/tradition/Reinhard(Local)/a3344.png,341,512,0.9416064623434343,0.9234334896178827,0.7336297840519782,0.5233944611735175,0.8278534591523014,0.21893546319473361,0.06224115192890167
a3345,/mnt/data_disk/HDRData/1000hdr/HDRtest/a3345-20080514_105211__MG_9917.exr,/mnt/data_disk/ZQL/TIP_TMO_result/tradition/Reinhard(Local)/a3345.png,341,512,0.9430714700396524,0.8526976131364311,0.8680749500132249,0.7158957797965668,0.8040045505172018,0.6277870090759318,0.1709354817867279
a3351,/mnt/data_disk/HDRData/1000hdr/HDRtest/a3351-KE_-1722.exr,/mnt/data_disk/ZQL/TIP_TMO_result/tradition/Reinhard(Local)/a3351.png,340,512,0.9219921207022508,0.8086906807339597,0.8083567512802013,0.8547820130830237,0.7953856888027282,0.9141783373633193,0.13071021437644958
a3356,/mnt/data_disk/HDRData/1000hdr/HDRtest/a3356-_DSC9981.exr,/mnt/data_disk/ZQL/TIP_TMO_result/tradition/Reinhard(Local)/a3356.png,341,512,0.9310495827749885,0.7442609947679618,0.9998884615485157,0.7340217834129703,0.6716823360610236,0.7963612307649172,0.19110845029354095
a3360,/mnt/data_disk/HDRData/1000hdr/HDRtest/a3360-IMG_0017.exr,/mnt/data_disk/ZQL/TIP_TMO_result/tradition/Reinhard(Local)/a3360.png,341,512,0.8228696515912259,0.7572384249294585,0.3103207091540961,0.6836041921824061,0.9013820903227288,0.4658262940420835,0.19166132807731628
a3365,/mnt/data_disk/HDRData/1000hdr/HDRtest/a3365-jn_20071207_Xmas_House_0124.exr,/mnt/data_disk/ZQL/TIP_TMO_result/tradition/Reinhard(Local)/a3365.png,341,512,0.8380134915710291,0.6620708396933382,0.5575101228361572,0.7381893004027018,0.7891838811764547,0.687194719628949,0.13749368488788605
a3366,/mnt/data_disk/HDRData/1000hdr/HDRtest/a3366-Ja_Pe-6.exr,/mnt/data_disk/ZQL/TIP_TMO_result/tradition/Reinhard(Local)/a3366.png,288,512,0.803318491935655,0.6367639835018377,0.40651162249493916,0.8064862624477689,0.8513156719424706,0.7616568529530671,0.24819420278072357
a3369,/mnt/data_disk/HDRData/1000hdr/HDRtest/a3369-IMG_0004.exr,/mnt/data_disk/ZQL/TIP_TMO_result/tradition/Reinhard(Local)/a3369.png,341,512,0.7624790230146825,0.7261529853367749,0.08864420108461923,0.7825145819717263,0.8552709026130892,0.7097582613303633,0.27235445380210876
a3371,/mnt/data_disk/HDRData/1000hdr/HDRtest/a3371-07-12-01-at-11h32m58s-_MG_8498.exr,/mnt/data_disk/ZQL/TIP_TMO_result/tradition/Reinhard(Local)/a3371.png,341,512,0.9349841630693738,0.8479581827285912,0.822176613534138,0.8485373991490384,0.7932185844486025,0.9038562138494743,0.216722309589386
a3382,/mnt/data_disk/HDRData/1000hdr/HDRtest/a3382-IMG_4032.exr,/mnt/data_disk/ZQL/TIP_TMO_result/tradition/Reinhard(Local)/a3382.png,341,512,0.9487287943430152,0.8256880244010625,0.9586340713199215,0.7965535392390377,0.889892788025577,0.7032142904524984,0.16232937574386597
a3388,/mnt/data_disk/HDRData/1000hdr/HDRtest/a3388-jmac_DSC2214.exr,/mnt/data_disk/ZQL/TIP_TMO_result/tradition/Reinhard(Local)/a3388.png,340,512,0.9507398757283878,0.8642464627389465,0.89911482344507,0.7551159997703241,0.7874536737502268,0.7227783257904212,0.13930468261241913
a3390,/mnt/data_disk/HDRData/1000hdr/HDRtest/a3390-dgw_070.exr,/mnt/data_disk/ZQL/TIP_TMO_result/tradition/Reinhard(Local)/a3390.png,341,512,0.792709449974172,0.6241295824905452,0.3722244219951984,0.8484915565015934,0.7933736344986688,0.903609478504518,0.25320199131965637
a3391,/mnt/data_disk/HDRData/1000hdr/HDRtest/a3391-050904_125814__I2E8654.exr,/mnt/data_disk/ZQL/TIP_TMO_result/tradition/Reinhard(Local)/a3391.png,341,512,0.884030423078812,0.6027558446279607,0.9895309980534579,0.8097941159449531,0.828548445152554,0.7910397867373521,0.23616760969161987
a3393,/mnt/data_disk/HDRData/1000hdr/HDRtest/a3393-_DSC0057.exr,/mnt/data_disk/ZQL/TIP_TMO_result/tradition/Reinhard(Local)/a3393.png,340,512,0.7517320183457259,0.784754574859893,0.00991451089209354,0.7636502786005306,0.883101288945331,0.6441992682557303,0.1463133841753006
a3394,/mnt/data_disk/HDRData/1000hdr/HDRtest/a3394-_DGW6419.exr,/mnt/data_disk/ZQL/TIP_TMO_result/tradition/Reinhard(Local)/a3394.png,341,512,0.8012638433032127,0.7104555352561045,0.27341860539455837,0.47854755599525123,0.7845372956136749,0.17255781637682754,0.3475304841995239
a3400,/mnt/data_disk/HDRData/1000hdr/HDRtest/a3400-07-11-04-at-17h36m14s-_MG_4004.exr,/mnt/data_disk/ZQL/TIP_TMO_result/tradition/Reinhard(Local)/a3400.png,341,512,0.9008327437156113,0.6615785421149221,0.9686970525435726,0.4824411914177178,0.7814522115320446,0.18343017130339095,0.20045322179794312
a3401,/mnt/data_disk/HDRData/1000hdr/HDRtest/a3401-20061111_122429__E6B5415.exr,/mnt/data_disk/ZQL/TIP_TMO_result/tradition/Reinhard(Local)/a3401.png,341,512,0.8460205905738366,0.874480919720426,0.26181404731841523,0.6161617673781684,0.9407975525291394,0.29152598222719733,0.11262375861406326
a3402,/mnt/data_disk/HDRData/1000hdr/HDRtest/a3402-jmac_DSC3153.exr,/mnt/data_disk/ZQL/TIP_TMO_result/tradition/Reinhard(Local)/a3402.png,340,512,0.8258013170838417,0.8050676997161366,0.2566138258282334,0.6655116974867896,0.8994546725149155,0.4315687224586638,0.15827858448028564
a3413,/mnt/data_disk/HDRData/1000hdr/HDRtest/a3413-20041217_193556__E6B0485.exr,/mnt/data_disk/ZQL/TIP_TMO_result/tradition/Reinhard(Local)/a3413.png,341,512,0.8817083375346549,0.7418767759953578,0.6730788578511079,0.6990019205047645,0.8303644524153476,0.5676393885941814,0.15396621823310852
a3414,/mnt/data_disk/HDRData/1000hdr/HDRtest/a3414-DSC_0002.exr,/mnt/data_disk/ZQL/TIP_TMO_result/tradition/Reinhard(Local)/a3414.png,340,512,0.8899490293861363,0.7658685329305713,0.6801352050179101,0.6566485794804953,0.8575971739228734,0.45569998503811726,0.18333274126052856
a3415,/mnt/data_disk/HDRData/1000hdr/HDRtest/a3415-jmac_DSC6092.exr,/mnt/data_disk/ZQL/TIP_TMO_result/tradition/Reinhard(Local)/a3415.png,340,512,0.948771182574457,0.9098258044628378,0.8039114995626673,0.7457958673193223,0.8949449741375843,0.5966467605010605,0.11599679291248322
a3416,/mnt/data_disk/HDRData/1000hdr/HDRtest/a3416-IMG_4746.exr,/mnt/data_disk/ZQL/TIP_TMO_result/tradition/Reinhard(Local)/a3416.png,341,512,0.8356050454160515,0.6122354816105157,0.6445908267673658,0.6168747786716612,0.8035950003992559,0.4301545569440664,0.2364533394575119
a3418,/mnt/data_disk/HDRData/1000hdr/HDRtest/a3418-2004-02-07 16-53-50 CRW_3754.exr,/mnt/data_disk/ZQL/TIP_TMO_result/tradition/Reinhard(Local)/a3418.png,341,512,0.937281490898811,0.8323911924079133,0.8666649667218614,0.5698466136420101,0.9025462839951319,0.2371469432888882,0.08554348349571228
a3422,/mnt/data_disk/HDRData/1000hdr/HDRtest/a3422-WP_CRW_0302.exr,/mnt/data_disk/ZQL/TIP_TMO_result/tradition/Reinhard(Local)/a3422.png,341,512,0.952838310510723,0.8842100630799872,0.8768275011623322,0.8047844655738081,0.8821534545561491,0.727415476591467,0.1525138020515442
a3424,/mnt/data_disk/HDRData/1000hdr/HDRtest/a3424-CRW_0163.exr,/mnt/data_disk/ZQL/TIP_TMO_result/tradition/Reinhard(Local)/a3424.png,341,512,0.8978178606184042,0.7816315925809263,0.7009734195796501,0.832981461512844,0.8631615724391378,0.8028013505865502,0.2559521198272705
a3431,/mnt/data_disk/HDRData/1000hdr/HDRtest/a3431-_DSC0103-3.exr,/mnt/data_disk/ZQL/TIP_TMO_result/tradition/Reinhard(Local)/a3431.png,340,512,0.848759696770892,0.7284740637296911,0.497851644199523,0.6573648454294115,0.8930048285842297,0.4217248622745934,0.12775561213493347
a3432,/mnt/data_disk/HDRData/1000hdr/HDRtest/a3432-jmac_DSC3184.exr,/mnt/data_disk/ZQL/TIP_TMO_result/tradition/Reinhard(Local)/a3432.png,340,512,0.8992642735854716,0.7728427276458524,0.7267196514285024,0.5890729977063486,0.896256759422101,0.2818892359905962,0.12566398084163666
a3433,/mnt/data_disk/HDRData/1000hdr/HDRtest/a3433-NKIM_MG_8213.exr,/mnt/data_disk/ZQL/TIP_TMO_result/tradition/Reinhard(Local)/a3433.png,341,512,0.8470579619025171,0.7992543878003963,0.3724597075965817,0.8947477229787502,0.8656008752607453,0.9238945706967551,0.23035506904125214
a3439,/mnt/data_disk/HDRData/1000hdr/HDRtest/a3439-IMG_3798.exr,/mnt/data_disk/ZQL/TIP_TMO_result/tradition/Reinhard(Local)/a3439.png,341,512,0.8993716694486247,0.7046429285344129,0.8638191902171325,0.5744495445387365,0.9724512733824529,0.17644781569502016,0.11741950362920761
a3441,/mnt/data_disk/HDRData/1000hdr/HDRtest/a3441-dgw_064.exr,/mnt/data_disk/ZQL/TIP_TMO_result/tradition/Reinhard(Local)/a3441.png,341,512,0.9287293771505922,0.8050000785906375,0.8607532909061213,0.8297417288850211,0.7782178953544807,0.8812655624155614,0.251679927110672
a3444,/mnt/data_disk/HDRData/1000hdr/HDRtest/a3444-WP_CRW_6313.exr,/mnt/data_disk/ZQL/TIP_TMO_result/tradition/Reinhard(Local)/a3444.png,341,512,0.9278025900920395,0.7336372041993836,0.9995534365849976,0.8697914311062195,0.7662112583691695,0.9733716038432695,0.16236241161823273
a3446,/mnt/data_disk/HDRData/1000hdr/HDRtest/a3446-050730_134124__MG_3716.exr,/mnt/data_disk/ZQL/TIP_TMO_result/tradition/Reinhard(Local)/a3446.png,341,512,0.9266185492938961,0.9192654056415179,0.6450648970331346,0.691916322094953,0.8933091490757412,0.49052349511416476,0.1979103535413742
a3448,/mnt/data_disk/HDRData/1000hdr/HDRtest/a3448-IMG_0113.exr,/mnt/data_disk/ZQL/TIP_TMO_result/tradition/Reinhard(Local)/a3448.png,341,512,0.7846464017840339,0.6305573327672479,0.31895141275408095,0.8205194581978468,0.8550982210499678,0.7859406953457257,0.23001745343208313
a3449,/mnt/data_disk/HDRData/1000hdr/HDRtest/a3449-jmac_DSC2669.exr,/mnt/data_disk/ZQL/TIP_TMO_result/tradition/Reinhard(Local)/a3449.png,340,512,0.9316899003347661,0.9258917891714498,0.6661574351781645,0.6768482692293807,0.9074874674412859,0.4462090710174753,0.11206555366516113
a3451,/mnt/data_disk/HDRData/1000hdr/HDRtest/a3451-IMG_1088.exr,/mnt/data_disk/ZQL/TIP_TMO_result/tradition/Reinhard(Local)/a3451.png,341,512,0.9406630946708331,0.7925007409212749,0.9678985942393383,0.86896096974331,0.8460256002429875,0.8918963392436327,0.2769017815589905
a3452,/mnt/data_disk/HDRData/1000hdr/HDRtest/a3452-IMG_1205.exr,/mnt/data_disk/ZQL/TIP_TMO_result/tradition/Reinhard(Local)/a3452.png,341,512,0.8638240595736373,0.9669589125069321,0.23294289245255057,0.5040483843503696,0.9092184714260617,0.09887829727467745,0.06527101993560791
a3456,/mnt/data_disk/HDRData/1000hdr/HDRtest/a3456-DSC_0006-1-2.exr,/mnt/data_disk/ZQL/TIP_TMO_result/tradition/Reinhard(Local)/a3456.png,340,512,0.910214357101883,0.8340919643549635,0.6853017177015577,0.554772102035873,0.8747127831017556,0.2348314209699905,0.13779360055923462
a3457,/mnt/data_disk/HDRData/1000hdr/HDRtest/a3457-NKIM_025.exr,/mnt/data_disk/ZQL/TIP_TMO_result/tradition/Reinhard(Local)/a3457.png,341,512,0.9183958770893536,0.8838967664649308,0.6516607765378071,0.7231701353464431,0.9046665638972139,0.5416737067956724,0.16793407499790192
a3460,/mnt/data_disk/HDRData/1000hdr/HDRtest/a3460-20080514_105637__MG_9928.exr,/mnt/data_disk/ZQL/TIP_TMO_result/tradition/Reinhard(Local)/a3460.png,341,512,0.8297886957291545,0.6898598515400799,0.45778222227888127,0.7899014194003938,0.8581033064432523,0.7216995323575354,0.1968650072813034
a3462,/mnt/data_disk/HDRData/1000hdr/HDRtest/a3462-dgw_051.exr,/mnt/data_disk/ZQL/TIP_TMO_result/tradition/Reinhard(Local)/a3462.png,341,512,0.8722672859274827,0.6802027576684505,0.7348718764510286,0.8610907411842469,0.8098924750087118,0.912289007359782,0.2801094353199005
a3464,/mnt/data_disk/HDRData/1000hdr/HDRtest/a3464-tc_DSC2199.exr,/mnt/data_disk/ZQL/TIP_TMO_result/tradition/Reinhard(Local)/a3464.png,340,512,0.8385990576229693,0.5609591599887205,0.7804010898474525,0.7441982837142811,0.8092228934900131,0.679173673938549,0.16793480515480042
a3465,/mnt/data_disk/HDRData/1000hdr/HDRtest/a3465-20060619_114622__MG_9153.exr,/mnt/data_disk/ZQL/TIP_TMO_result/tradition/Reinhard(Local)/a3465.png,341,512,0.9020102004567385,0.8680898849060582,0.5768242820113528,0.641371632740295,0.853069723164371,0.42967354231621885,0.17292839288711548
a3466,/mnt/data_disk/HDRData/1000hdr/HDRtest/a3466-IMG_3941.exr,/mnt/data_disk/ZQL/TIP_TMO_result/tradition/Reinhard(Local)/a3466.png,341,512,0.9341617848032855,0.849536453714803,0.8137825215194039,0.7518046157732811,0.91347060166746,0.5901386298791022,0.16971620917320251
a3468,/mnt/data_disk/HDRData/1000hdr/HDRtest/a3468-IMG_4793.exr,/mnt/data_disk/ZQL/TIP_TMO_result/tradition/Reinhard(Local)/a3468.png,341,512,0.8476441285758286,0.8187749775950214,0.34646620712473286,0.591767253041384,0.8970538877045138,0.28648061837825434,0.13810424506664276
a3470,/mnt/data_disk/HDRData/1000hdr/HDRtest/a3470-IMG_0835.exr,/mnt/data_disk/ZQL/TIP_TMO_result/tradition/Reinhard(Local)/a3470.png,341,512,0.8070441011038243,0.6563302300305012,0.39162299321158206,0.8461825201719968,0.8334087948663168,0.8589562454776767,0.25303617119789124
a3474,/mnt/data_disk/HDRData/1000hdr/HDRtest/a3474-jmac_MG_1125.exr,/mnt/data_disk/ZQL/TIP_TMO_result/tradition/Reinhard(Local)/a3474.png,341,512,0.9301473360999571,0.8717843338505082,0.7474872848057347,0.734986796300146,0.8779881524017817,0.5919854401985102,0.1024080216884613
a3477,/mnt/data_disk/HDRData/1000hdr/HDRtest/a3477-_DSC0048.exr,/mnt/data_disk/ZQL/TIP_TMO_result/tradition/Reinhard(Local)/a3477.png,340,512,0.798446562096638,0.7179292245925002,0.24883489230197706,0.8391474794926328,0.8782696618707018,0.8000252971145637,0.18441282212734222
a3483,/mnt/data_disk/HDRData/1000hdr/HDRtest/a3483-_DSC0023-1.exr,/mnt/data_disk/ZQL/TIP_TMO_result/tradition/Reinhard(Local)/a3483.png,340,512,0.9140572179078339,0.8168002634264653,0.7410257802617728,0.5654937407954465,0.8928916815611999,0.23809580002969302,0.09028563648462296
a3486,/mnt/data_disk/HDRData/1000hdr/HDRtest/a3486-jmac_DSC3897.exr,/mnt/data_disk/ZQL/TIP_TMO_result/tradition/Reinhard(Local)/a3486.png,343,512,0.7689296730142234,0.5839808479070048,0.32082276322523134,0.7791975799574993,0.8549660611851556,0.7034290987298429,0.22451843321323395
a3491,/mnt/data_disk/HDRData/1000hdr/HDRtest/a3491-DSC_0091.exr,/mnt/data_disk/ZQL/TIP_TMO_result/tradition/Reinhard(Local)/a3491.png,340,512,0.954723211525686,0.8684020703437364,0.9188742366975995,0.7402029310138802,0.8954047993117065,0.585001062716054,0.16102398931980133
a3493,/mnt/data_disk/HDRData/1000hdr/HDRtest/a3493-IMG_0279.exr,/mnt/data_disk/ZQL/TIP_TMO_result/tradition/Reinhard(Local)/a3493.png,341,512,0.8271922033068345,0.6328889883033384,0.5504280954976726,0.6299478578475444,0.8014943818378535,0.4584013338572353,0.22748903930187225
a3499,/mnt/data_disk/HDRData/1000hdr/HDRtest/a3499-jn_2007_12_11__BU_CRUISE_019.exr,/mnt/data_disk/ZQL/TIP_TMO_result/tradition/Reinhard(Local)/a3499.png,341,512,0.7975630148154151,0.5915679040079036,0.46063199846698194,0.7028345797564106,0.7796853873309387,0.6259837721818825,0.16114085912704468
a3503,/mnt/data_disk/HDRData/1000hdr/HDRtest/a3503-050731_155906__I2E5378.exr,/mnt/data_disk/ZQL/TIP_TMO_result/tradition/Reinhard(Local)/a3503.png,341,512,0.9269439902329062,0.8051812094636653,0.8483014040346069,0.7408592136514413,0.7494685510625656,0.7322498762403169,0.16549290716648102
a3504,/mnt/data_disk/HDRData/1000hdr/HDRtest/a3504-IMG_0903.exr,/mnt/data_disk/ZQL/TIP_TMO_result/tradition/Reinhard(Local)/a3504.png,341,512,0.8596748617686821,0.8459132962662859,0.37018076633053304,0.7284719447637077,0.9210857239321827,0.5358581655952327,0.16224069893360138
a3505,/mnt/data_disk/HDRData/1000hdr/HDRtest/a3505-CRW_0288.exr,/mnt/data_disk/ZQL/TIP_TMO_result/tradition/Reinhard(Local)/a3505.png,341,512,0.8956004724576501,0.8639106511691343,0.5451453194362464,0.5455912615620082,0.9186880507182179,0.17249447240579846,0.22403837740421295
a3508,/mnt/data_disk/HDRData/1000hdr/HDRtest/a3508-NKIM_095.exr,/mnt/data_disk/ZQL/TIP_TMO_result/tradition/Reinhard(Local)/a3508.png,341,512,0.8559675861490392,0.7434145032693916,0.5135339590703432,0.8888536163093324,0.8934784422208443,0.8842287903978203,0.3034036159515381
a3509,/mnt/data_disk/HDRData/1000hdr/HDRtest/a3509-_DGW6337.exr,/mnt/data_disk/ZQL/TIP_TMO_result/tradition/Reinhard(Local)/a3509.png,341,512,0.9044315630607517,0.8198085059128947,0.6738580163911819,0.8002293419238382,0.850398453634318,0.7500602302133583,0.3529873490333557
a3510,/mnt/data_disk/HDRData/1000hdr/HDRtest/a3510-JI2E4365.exr,/mnt/data_disk/ZQL/TIP_TMO_result/tradition/Reinhard(Local)/a3510.png,341,512,0.9006838388538092,0.7401387178650858,0.799593417757478,0.8247852616875194,0.7306441286697042,0.9189263947053347,0.25282347202301025
a3511,/mnt/data_disk/HDRData/1000hdr/HDRtest/a3511-jmac_MG_0542.exr,/mnt/data_disk/ZQL/TIP_TMO_result/tradition/Reinhard(Local)/a3511.png,341,512,0.8471345991210405,0.7994788559874617,0.37252691785227915,0.8251075447363085,0.8461495813732961,0.804065508099321,0.1276191920042038
a3512,/mnt/data_disk/HDRData/1000hdr/HDRtest/a3512-LSstone_060805_9380.exr,/mnt/data_disk/ZQL/TIP_TMO_result/tradition/Reinhard(Local)/a3512.png,341,512,0.8731273479881595,0.7019753229546064,0.6961804628018262,0.7041384990345341,0.8114931211704989,0.5967838768985692,0.1842241734266281
a3521,/mnt/data_disk/HDRData/1000hdr/HDRtest/a3521-JI2E5091.exr,/mnt/data_disk/ZQL/TIP_TMO_result/tradition/Reinhard(Local)/a3521.png,341,512,0.9283416343346045,0.7464398917687449,0.9761252295617999,0.8313197459664003,0.8794685817041294,0.7831709102286711,0.14292502403259277
a3522,/mnt/data_disk/HDRData/1000hdr/HDRtest/a3522-IMG_4772.exr,/mnt/data_disk/ZQL/TIP_TMO_result/tradition/Reinhard(Local)/a3522.png,341,512,0.9322415412586793,0.8422936236297817,0.8142201535887109,0.8109450222993457,0.8618411248996248,0.7600489196990667,0.12438583374023438
a3525,/mnt/data_disk/HDRData/1000hdr/HDRtest/a3525-IMG_0713.exr,/mnt/data_disk/ZQL/TIP_TMO_result/tradition/Reinhard(Local)/a3525.png,341,512,0.9619740000682606,0.9585863782196435,0.8087414715274054,0.5632135482976907,0.9654765375223171,0.1609505590730642,0.17935851216316223
a3529,/mnt/data_disk/HDRData/1000hdr/HDRtest/a3529-WP_CRW_0659.exr,/mnt/data_disk/ZQL/TIP_TMO_result/tradition/Reinhard(Local)/a3529.png,341,512,0.9522322254048159,0.8705656571664404,0.8976690731330053,0.8146248053623217,0.8962513727807307,0.7329982379439127,0.15677028894424438
a3531,/mnt/data_disk/HDRData/1000hdr/HDRtest/a3531-07-06-30-at-04h02m08s-_MG_1936.exr,/mnt/data_disk/ZQL/TIP_TMO_result/tradition/Reinhard(Local)/a3531.png,341,512,0.8818442042723471,0.5994734067852201,0.9821458574569528,0.8671218415904125,0.7945926254433202,0.9396510577375047,0.22232124209403992
a3540,/mnt/data_disk/HDRData/1000hdr/HDRtest/a3540-07-12-02-at-14h05m14s-_MG_8949.exr,/mnt/data_disk/ZQL/TIP_TMO_result/tradition/Reinhard(Local)/a3540.png,341,512,0.9456173890851266,0.8092130119865908,0.9692665023774875,0.8885083209232936,0.8056963350651034,0.9713203067814838,0.2221136838197708
a3541,/mnt/data_disk/HDRData/1000hdr/HDRtest/a3541-IMG_4107.exr,/mnt/data_disk/ZQL/TIP_TMO_result/tradition/Reinhard(Local)/a3541.png,341,512,0.9282803771213072,0.8097337825639915,0.8486206881165594,0.8356513954652613,0.8114097620453349,0.8598930288851877,0.12837816774845123
a3545,/mnt/data_disk/HDRData/1000hdr/HDRtest/a3545-jmac_DSC0491.exr,/mnt/data_disk/ZQL/TIP_TMO_result/tradition/Reinhard(Local)/a3545.png,340,512,0.9336120132586405,0.833835836974034,0.8390911654776114,0.5766548723098047,0.913301993662455,0.24000775095715451,0.09849687665700912
a3548,/mnt/data_disk/HDRData/1000hdr/HDRtest/a3548-CRW_0993.exr,/mnt/data_disk/ZQL/TIP_TMO_result/tradition/Reinhard(Local)/a3548.png,341,512,0.8981092547151617,0.8026123034962952,0.6645880896560284,0.7289851928037805,0.9305945831128447,0.5273758024947164,0.13495981693267822
a3549,/mnt/data_disk/HDRData/1000hdr/HDRtest/a3549-KE_-2455.exr,/mnt/data_disk/ZQL/TIP_TMO_result/tradition/Reinhard(Local)/a3549.png,340,512,0.9521774711110137,0.9363806364936703,0.7810618687588793,0.5934807163586793,0.9098936341184566,0.27706779859890196,0.11971127241849899
a3557,/mnt/data_disk/HDRData/1000hdr/HDRtest/a3557-IMG_1507.exr,/mnt/data_disk/ZQL/TIP_TMO_result/tradition/Reinhard(Local)/a3557.png,341,512,0.9098686321008378,0.9436986826036904,0.5061295875166035,0.8080635664809901,0.9126192015856257,0.7035079313763544,0.09122371673583984
a3563,/mnt/data_disk/HDRData/1000hdr/HDRtest/a3563-07-11-30-at-15h55m08s-_MG_8326.exr,/mnt/data_disk/ZQL/TIP_TMO_result/tradition/Reinhard(Local)/a3563.png,341,512,0.9489714506650937,0.8151233175083828,0.9811525207301284,0.8647456964402886,0.8468505962486491,0.8826407966319281,0.19063156843185425
a3571,/mnt/data_disk/HDRData/1000hdr/HDRtest/a3571-IMG_0290.exr,/mnt/data_disk/ZQL/TIP_TMO_result/tradition/Reinhard(Local)/a3571.png,341,512,0.8709101555462508,0.7824196433163608,0.5338203458780032,0.5614533709949274,0.8642519988754522,0.2586547431144025,0.05799589678645134
a3575,/mnt/data_disk/HDRData/1000hdr/HDRtest/a3575-IMG_0834.exr,/mnt/data_disk/ZQL/TIP_TMO_result/tradition/Reinhard(Local)/a3575.png,341,512,0.8488642546479603,0.6404251099284661,0.6680269822978683,0.8324730648751992,0.8297554997356447,0.8351906300147538,0.2385861575603485
a3576,/mnt/data_disk/HDRData/1000hdr/HDRtest/a3576-LS051026_day_15_LL003.exr,/mnt/data_disk/ZQL/TIP_TMO_result/tradition/Reinhard(Local)/a3576.png,341,512,0.8514302587496524,0.8406618567600898,0.33456056473916673,0.6296556500396215,0.8910210348894222,0.368290265189821,0.17448027431964874
a3585,/mnt/data_disk/HDRData/1000hdr/HDRtest/a3585-IMG_4211.exr,/mnt/data_disk/ZQL/TIP_TMO_result/tradition/Reinhard(Local)/a3585.png,341,512,0.8103329602248566,0.5684934378161247,0.5838390248420126,0.6888644191105373,0.6120376174284007,0.7656912207926739,0.14167949557304382
a3586,/mnt/data_disk/HDRData/1000hdr/HDRtest/a3586-IMG_4591.exr,/mnt/data_disk/ZQL/TIP_TMO_result/tradition/Reinhard(Local)/a3586.png,341,512,0.8750470016017022,0.764505860553935,0.5899957999704906,0.6689601812620036,0.7898278891386187,0.5480924733853887,0.1747528314590454
a3588,/mnt/data_disk/HDRData/1000hdr/HDRtest/a3588-CRW_0983.exr,/mnt/data_disk/ZQL/TIP_TMO_result/tradition/Reinhard(Local)/a3588.png,341,512,0.8805974193140328,0.764673542886633,0.623749880059095,0.8034231260261862,0.914308601410902,0.6925376506414702,0.16664046049118042
a3591,/mnt/data_disk/HDRData/1000hdr/HDRtest/a3591-07-11-30-at-16h19m33s-_MG_8384.exr,/mnt/data_disk/ZQL/TIP_TMO_result/tradition/Reinhard(Local)/a3591.png,341,512,0.9187701007644944,0.7361633822205369,0.9307516494414667,0.8245071834942371,0.8139463933866191,0.8350679736018551,0.21170364320278168
a3593,/mnt/data_disk/HDRData/1000hdr/HDRtest/a3593-_DSC5689.exr,/mnt/data_disk/ZQL/TIP_TMO_result/tradition/Reinhard(Local)/a3593.png,341,512,0.7936085237823471,0.5966353866277943,0.42851595826606453,0.8305856970607594,0.8602129014260799,0.8009584926954388,0.29994863271713257
a3600,/mnt/data_disk/HDRData/1000hdr/HDRtest/a3600-JI2E3496.exr,/mnt/data_disk/ZQL/TIP_TMO_result/tradition/Reinhard(Local)/a3600.png,341,512,0.9416555033227685,0.8191889075329841,0.9219951118495849,0.7208953797974078,0.8305031086583412,0.6112876509364744,0.2103482484817505
a3602,/mnt/data_disk/HDRData/1000hdr/HDRtest/a3602-_DSC9759.exr,/mnt/data_disk/ZQL/TIP_TMO_result/tradition/Reinhard(Local)/a3602.png,341,512,0.9124612555326389,0.8209013404503898,0.7232294592038601,0.6993210495740686,0.7769775162346707,0.6216645829134665,0.13687056303024292
a3605,/mnt/data_disk/HDRData/1000hdr/HDRtest/a3605-IMG_2772.exr,/mnt/data_disk/ZQL/TIP_TMO_result/tradition/Reinhard(Local)/a3605.png,341,512,0.8962204227945523,0.796133830323325,0.6643273758479691,0.6232189426873007,0.931104865047799,0.3153330203268025,0.11830590665340424
a3608,/mnt/data_disk/HDRData/1000hdr/HDRtest/a3608-NKIM_MG_7004.exr,/mnt/data_disk/ZQL/TIP_TMO_result/tradition/Reinhard(Local)/a3608.png,341,512,0.95129588164599,0.8370597623298661,0.954511531097884,0.7679315037170702,0.8269943055861342,0.7088687018480061,0.10572893917560577
a3609,/mnt/data_disk/HDRData/1000hdr/HDRtest/a3609-IMG_1702.exr,/mnt/data_disk/ZQL/TIP_TMO_result/tradition/Reinhard(Local)/a3609.png,341,512,0.9010182619598188,0.9089563634781535,0.5066674022401054,0.6194170922320339,0.8467753271096801,0.3920588573543876,0.1489628255367279
a3613,/mnt/data_disk/HDRData/1000hdr/HDRtest/a3613-_DSC3264.exr,/mnt/data_disk/ZQL/TIP_TMO_result/tradition/Reinhard(Local)/a3613.png,341,512,0.8958248885132075,0.7050123671769155,0.8390219603597707,0.699676411353773,0.7319512867139129,0.667401535993633,0.23578034341335297
a3623,/mnt/data_disk/HDRData/1000hdr/HDRtest/a3623-20051220_201437__MG_9239.exr,/mnt/data_disk/ZQL/TIP_TMO_result/tradition/Reinhard(Local)/a3623.png,341,512,0.7956450215369624,0.670953757037627,0.3073367840530303,0.8091503637928102,0.8141295300875556,0.8041711974980649,0.2987181544303894
a3624,/mnt/data_disk/HDRData/1000hdr/HDRtest/a3624-DSC_0070.exr,/mnt/data_disk/ZQL/TIP_TMO_result/tradition/Reinhard(Local)/a3624.png,340,512,0.9626740614920101,0.932512660456807,0.8579752361760317,0.6992113119367768,0.9281662655246428,0.47025635834891083,0.11124783009290695
a3628,/mnt/data_disk/HDRData/1000hdr/HDRtest/a3628-_DSC9996.exr,/mnt/data_disk/ZQL/TIP_TMO_result/tradition/Reinhard(Local)/a3628.png,341,512,0.8878519302510259,0.6798774431563357,0.8386707133694276,0.3210559373344599,0.632894512796641,0.009217361872278874,0.204447403550148
a3633,/mnt/data_disk/HDRData/1000hdr/HDRtest/a3633-JI2E3892.exr,/mnt/data_disk/ZQL/TIP_TMO_result/tradition/Reinhard(Local)/a3633.png,341,512,0.8362142900068793,0.7010609234439679,0.4742972756344824,0.8141057397390754,0.705229208464052,0.9229822710140989,0.12416663765907288
a3634,/mnt/data_disk/HDRData/1000hdr/HDRtest/a3634-IMG_4959.exr,/mnt/data_disk/ZQL/TIP_TMO_result/tradition/Reinhard(Local)/a3634.png,341,512,0.926164493077142,0.826901248260662,0.8020991880035734,0.798609778988127,0.7477411034909338,0.8494784544853201,0.2439635992050171
a3635,/mnt/data_disk/HDRData/1000hdr/HDRtest/a3635-IMG_4031.exr,/mnt/data_disk/ZQL/TIP_TMO_result/tradition/Reinhard(Local)/a3635.png,341,512,0.9125881110316545,0.7532978693356285,0.8530921149173323,0.8852564600352313,0.8368759393805663,0.9336369806898963,0.25563520193099976
a3636,/mnt/data_disk/HDRData/1000hdr/HDRtest/a3636-20041222_195608__E6B6989.exr,/mnt/data_disk/ZQL/TIP_TMO_result/tradition/Reinhard(Local)/a3636.png,341,512,0.8452516712973059,0.6968121178951227,0.5345665774400351,0.4239150244009195,0.8202447217155937,0.027585327086245302,0.1334480196237564
a3641,/mnt/data_disk/HDRData/1000hdr/HDRtest/a3641-_DSC4628.exr,/mnt/data_disk/ZQL/TIP_TMO_result/tradition/Reinhard(Local)/a3641.png,341,512,0.8460820614949724,0.8063129748938652,0.35668117420192474,0.8198296997151735,0.9063966046667901,0.733262794763557,0.2879198491573334
a3644,/mnt/data_disk/HDRData/1000hdr/HDRtest/a3644-jmac_MG_5959.exr,/mnt/data_disk/ZQL/TIP_TMO_result/tradition/Reinhard(Local)/a3644.png,341,512,0.8544368499962899,0.7666127067829217,0.4650481268597789,0.7239992928368328,0.8928623207613147,0.5551362649123509,0.22148220241069794
a3649,/mnt/data_disk/HDRData/1000hdr/HDRtest/a3649-WP_CRW_0691.exr,/mnt/data_disk/ZQL/TIP_TMO_result/tradition/Reinhard(Local)/a3649.png,341,512,0.9618425630033198,0.923330653297831,0.8683710212702658,0.5487837673706717,0.9479150744589114,0.14965246028243204,0.08528920263051987
a3654,/mnt/data_disk/HDRData/1000hdr/HDRtest/a3654-IMG_0777.exr,/mnt/data_disk/ZQL/TIP_TMO_result/tradition/Reinhard(Local)/a3654.png,341,512,0.9478391592613854,0.8701053889093935,0.8684486511383277,0.6135680738889268,0.89327319847109,0.3338629493067635,0.17773929238319397
a3658,/mnt/data_disk/HDRData/1000hdr/HDRtest/a3658-jmac_MG_0418.exr,/mnt/data_disk/ZQL/TIP_TMO_result/tradition/Reinhard(Local)/a3658.png,341,512,0.9304876736325731,0.8817063911885961,0.7324504115729529,0.72090754292817,0.8574493103922584,0.5843657754640817,0.12626643478870392
a3670,/mnt/data_disk/HDRData/1000hdr/HDRtest/a3670-jmac_MG_5917.exr,/mnt/data_disk/ZQL/TIP_TMO_result/tradition/Reinhard(Local)/a3670.png,341,512,0.967617101115238,0.9384588405724466,0.8812990258688442,0.6504379264941504,0.9109976325452602,0.38987822044304055,0.10175366699695587
a3673,/mnt/data_disk/HDRData/1000hdr/HDRtest/a3673-_DSC1109.exr,/mnt/data_disk/ZQL/TIP_TMO_result/tradition/Reinhard(Local)/a3673.png,341,512,0.8091782106505023,0.8100032982071143,0.17497136696510782,0.8923927749063072,0.885959408408419,0.8988261414041953,0.3241268992424011
a3677,/mnt/data_disk/HDRData/1000hdr/HDRtest/a3677-IMG_4696.exr,/mnt/data_disk/ZQL/TIP_TMO_result/tradition/Reinhard(Local)/a3677.png,341,512,0.8451450875950807,0.8085436112522818,0.34846361042396795,0.545796122542601,0.8742118922451743,0.2173803528400277,0.16648343205451965
a3686,/mnt/data_disk/HDRData/1000hdr/HDRtest/a3686-jmac_MG_0353.exr,/mnt/data_disk/ZQL/TIP_TMO_result/tradition/Reinhard(Local)/a3686.png,341,512,0.8993993204342139,0.780929967296544,0.7124214955098223,0.8961700635102875,0.8535104704572614,0.9388296565633136,0.30853527784347534
a3688,/mnt/data_disk/HDRData/1000hdr/HDRtest/a3688-jmac_MG_1424.exr,/mnt/data_disk/ZQL/TIP_TMO_result/tradition/Reinhard(Local)/a3688.png,341,512,0.9298680541913974,0.9127005625976259,0.6762134730240937,0.6109018714801292,0.935882671381067,0.2859210715791915,0.1675628423690796
a3689,/mnt/data_disk/HDRData/1000hdr/HDRtest/a3689-JI2E3798.exr,/mnt/data_disk/ZQL/TIP_TMO_result/tradition/Reinhard(Local)/a3689.png,341,512,0.8756274798021538,0.7037334230950861,0.7086782962095676,0.6678136815287274,0.8713137355317381,0.46431362752571675,0.10554496198892593
a3696,/mnt/data_disk/HDRData/1000hdr/HDRtest/a3696-jmac_DSC1242.exr,/mnt/data_disk/ZQL/TIP_TMO_result/tradition/Reinhard(Local)/a3696.png,343,512,0.8403913164485931,0.8573572301262177,0.2569744334955027,0.5785861013866628,0.9212982416284992,0.23587396114482637,0.17036613821983337
a3697,/mnt/data_disk/HDRData/1000hdr/HDRtest/a3697-07-11-24-at-16h05m35s-_MG_6729.exr,/mnt/data_disk/ZQL/TIP_TMO_result/tradition/Reinhard(Local)/a3697.png,341,512,0.9183489308356221,0.7875191448357131,0.8244192416620467,0.798196862094702,0.8282172931576766,0.7681764310317274,0.16916285455226898
a3700,/mnt/data_disk/HDRData/1000hdr/HDRtest/a3700-tc_DSC1892.exr,/mnt/data_disk/ZQL/TIP_TMO_result/tradition/Reinhard(Local)/a3700.png,340,512,0.8763726018025844,0.7750297642243467,0.5793413206554892,0.7300543289277497,0.815025293118659,0.6450833647368404,0.14988824725151062
a3706,/mnt/data_disk/HDRData/1000hdr/HDRtest/a3706-dgw_065.exr,/mnt/data_disk/ZQL/TIP_TMO_result/tradition/Reinhard(Local)/a3706.png,341,512,0.8173398153203997,0.7059038640465941,0.3621947252578742,0.825519046686585,0.8640443890977405,0.7869937042754296,0.31474795937538147
a3707,/mnt/data_disk/HDRData/1000hdr/HDRtest/a3707-NKIM_121.exr,/mnt/data_disk/ZQL/TIP_TMO_result/tradition/Reinhard(Local)/a3707.png,341,512,0.8361833559598598,0.47619724436150024,0.987568416296972,0.6809825709385797,0.6503674236570608,0.7115977182200988,0.2219085842370987
a3710,/mnt/data_disk/HDRData/1000hdr/HDRtest/a3710-07-11-20-at-16h52m05s-_MG_5742.exr,/mnt/data_disk/ZQL/TIP_TMO_result/tradition/Reinhard(Local)/a3710.png,341,512,0.8777001020746749,0.8250821645829174,0.5025775766965664,0.6047679538437087,0.9032037929955388,0.3063321146918786,0.09664089977741241
a3712,/mnt/data_disk/HDRData/1000hdr/HDRtest/a3712-IMG_4852.exr,/mnt/data_disk/ZQL/TIP_TMO_result/tradition/Reinhard(Local)/a3712.png,341,512,0.9635046450256811,0.8605179906643852,0.9953140158975952,0.9018283677425999,0.891442049705983,0.9122146857792168,0.13327915966510773
a3715,/mnt/data_disk/HDRData/1000hdr/HDRtest/a3715-_MG_7773.exr,/mnt/data_disk/ZQL/TIP_TMO_result/tradition/Reinhard(Local)/a3715.png,341,512,0.8931607531025645,0.6527882488904988,0.9351221761387952,0.4163918594418801,0.7470261808112675,0.08575753807249278,0.25882330536842346
a3716,/mnt/data_disk/HDRData/1000hdr/HDRtest/a3716-IMG_0301.exr,/mnt/data_disk/ZQL/TIP_TMO_result/tradition/Reinhard(Local)/a3716.png,341,512,0.8462168238556333,0.7299099138464268,0.48068171508480356,0.6748294299772106,0.5646511333896927,0.7850077265647285,0.10789968818426132
a3719,/mnt/data_disk/HDRData/1000hdr/HDRtest/a3719-07-11-29-at-15h43m28s-_MG_8075.exr,/mnt/data_disk/ZQL/TIP_TMO_result/tradition/Reinhard(Local)/a3719.png,341,512,0.9298861427884741,0.8488106163193262,0.7866664452109152,0.46278863126711917,0.9244548400084468,0.0011224225257915584,0.342715859413147
a3720,/mnt/data_disk/HDRData/1000hdr/HDRtest/a3720-jmac_MG_0851.exr,/mnt/data_disk/ZQL/TIP_TMO_result/tradition/Reinhard(Local)/a3720.png,341,512,0.9480697343124208,0.8513691974387445,0.904804937002407,0.7090402025125491,0.868053268273565,0.5500271367515331,0.1896461397409439
a3721,/mnt/data_disk/HDRData/1000hdr/HDRtest/a3721-KE_-01.exr,/mnt/data_disk/ZQL/TIP_TMO_result/tradition/Reinhard(Local)/a3721.png,340,512,0.8896596477842874,0.7551945617736321,0.6983585357290663,0.8838669638706136,0.7922281758735794,0.9755057518676479,0.22812306880950928
a3724,/mnt/data_disk/HDRData/1000hdr/HDRtest/a3724-20060101_092918__E6B0305.exr,/mnt/data_disk/ZQL/TIP_TMO_result/tradition/Reinhard(Local)/a3724.png,341,512,0.9175767822302835,0.9001999766093145,0.6197744902096309,0.7058707898557139,0.9159025706712483,0.4958390090401797,0.2595328092575073
a3727,/mnt/data_disk/HDRData/1000hdr/HDRtest/a3727-2004-01-18 11-49-42 CRW_2889.exr,/mnt/data_disk/ZQL/TIP_TMO_result/tradition/Reinhard(Local)/a3727.png,341,512,0.8809468731884522,0.9451571602855648,0.3444384550706106,0.5200955729849998,0.7525191660524391,0.2876719799175605,0.1556159406900406
a3729,/mnt/data_disk/HDRData/1000hdr/HDRtest/a3729-07-11-24-at-21h39m19s-_MG_6853.exr,/mnt/data_disk/ZQL/TIP_TMO_result/tradition/Reinhard(Local)/a3729.png,341,512,0.8682021175489076,0.6777361869102726,0.7136996812811504,0.8157470139803705,0.6540751263248591,0.977418901635882,0.1539502888917923
a3730,/mnt/data_disk/HDRData/1000hdr/HDRtest/a3730-IMG_0113.exr,/mnt/data_disk/ZQL/TIP_TMO_result/tradition/Reinhard(Local)/a3730.png,341,512,0.9310797132727275,0.7565511923907533,0.974209746264637,0.7730042900926345,0.8477015984485419,0.6983069817367271,0.2646423280239105
a3732,/mnt/data_disk/HDRData/1000hdr/HDRtest/a3732-_DGW6272.exr,/mnt/data_disk/ZQL/TIP_TMO_result/tradition/Reinhard(Local)/a3732.png,341,512,0.9507529018738474,0.8838539393551161,0.8632611553236732,0.6537586181285595,0.9394580629768045,0.3680591732803145,0.12590768933296204
a3733,/mnt/data_disk/HDRData/1000hdr/HDRtest/a3733-WP_CRW_4827.exr,/mnt/data_disk/ZQL/TIP_TMO_result/tradition/Reinhard(Local)/a3733.png,341,512,0.9315636163833745,0.769874614778092,0.9500710526946052,0.7867309021824549,0.7929818119209509,0.780479992443959,0.1820836067199707
a3735,/mnt/data_disk/HDRData/1000hdr/HDRtest/a3735-_MG_7825.exr,/mnt/data_disk/ZQL/TIP_TMO_result/tradition/Reinhard(Local)/a3735.png,341,512,0.7420703778991686,0.7227417982483632,0.02939442954527649,0.7486294415887762,0.8485421024810871,0.6487167806964653,0.21042202413082123
a3737,/mnt/data_disk/HDRData/1000hdr/HDRtest/a3737-dgw_022.exr,/mnt/data_disk/ZQL/TIP_TMO_result/tradition/Reinhard(Local)/a3737.png,341,512,0.8800521122547389,0.7030271653350663,0.7386776724595931,0.8698645217393657,0.823149054451143,0.9165799890275885,0.22032712399959564
a3739,/mnt/data_disk/HDRData/1000hdr/HDRtest/a3739-KE_-0068.exr,/mnt/data_disk/ZQL/TIP_TMO_result/tradition/Reinhard(Local)/a3739.png,340,512,0.7817627774068859,0.839872403911038,0.04490623417167908,0.5663256500558816,0.9370079272830485,0.19564337282871486,0.10845652222633362
a3740,/mnt/data_disk/HDRData/1000hdr/HDRtest/a3740-_DSC1411.exr,/mnt/data_disk/ZQL/TIP_TMO_result/tradition/Reinhard(Local)/a3740.png,341,512,0.8800780903772809,0.6513160794990952,0.8486530675249737,0.7710351580026401,0.5901643070028864,0.9519060090023939,0.16141656041145325
a3742,/mnt/data_disk/HDRData/1000hdr/HDRtest/a3742-IMG_0206.exr,/mnt/data_disk/ZQL/TIP_TMO_result/tradition/Reinhard(Local)/a3742.png,341,512,0.7195126137942066,0.546833437643572,0.15434903470055508,0.8797567464131901,0.7877690127267843,0.9717444800995958,0.2913278043270111
a3743,/mnt/data_disk/HDRData/1000hdr/HDRtest/a3743-DSC_0038.exr,/mnt/data_disk/ZQL/TIP_TMO_result/tradition/Reinhard(Local)/a3743.png,340,512,0.9185727331346406,0.9189656683969412,0.595858839601798,0.5774222463752231,0.882190004510448,0.2726544882399982,0.10800796747207642
a3744,/mnt/data_disk/HDRData/1000hdr/HDRtest/a3744-NKIM_MG_6757.exr,/mnt/data_disk/ZQL/TIP_TMO_result/tradition/Reinhard(Local)/a3744.png,341,512,0.76896390908569,0.4624137149093293,0.582386434520897,0.7601782848266903,0.8179719372390817,0.7023846324142988,0.24526119232177734
a3749,/mnt/data_disk/HDRData/1000hdr/HDRtest/a3749-IMG_4592.exr,/mnt/data_disk/ZQL/TIP_TMO_result/tradition/Reinhard(Local)/a3749.png,341,512,0.776966324461057,0.5298108597809481,0.4717341735711759,0.8085390649031176,0.8150300061411234,0.8020481236651117,0.2488076239824295
a3750,/mnt/data_disk/HDRData/1000hdr/HDRtest/a3750-IMG_4253.exr,/mnt/data_disk/ZQL/TIP_TMO_result/tradition/Reinhard(Local)/a3750.png,341,512,0.8672443338774238,0.5686942947153416,0.9562601500676564,0.7852220969158228,0.7544368811115837,0.8160073127200618,0.24190860986709595
a3753,/mnt/data_disk/HDRData/1000hdr/HDRtest/a3753-dgw_073.exr,/mnt/data_disk/ZQL/TIP_TMO_result/tradition/Reinhard(Local)/a3753.png,341,512,0.7348323600400057,0.7211617718973559,0.013833893249740763,0.8082649125160288,0.8621877392817319,0.7543420857503257,0.4208900034427643
a3754,/mnt/data_disk/HDRData/1000hdr/HDRtest/a3754-050731_151704__I2E5362.exr,/mnt/data_disk/ZQL/TIP_TMO_result/tradition/Reinhard(Local)/a3754.png,341,512,0.9195294419578793,0.922659941565984,0.5958704496642776,0.5169225025823996,0.8012744077286597,0.23257059743613953,0.11640136688947678
a3756,/mnt/data_disk/HDRData/1000hdr/HDRtest/a3756-jmac_MG_5949.exr,/mnt/data_disk/ZQL/TIP_TMO_result/tradition/Reinhard(Local)/a3756.png,341,512,0.9580193224025831,0.8795619727308227,0.9209876671194116,0.6874959127467934,0.8920751233925711,0.4829167021010158,0.1311590075492859
a3760,/mnt/data_disk/HDRData/1000hdr/HDRtest/a3760-IMG_2504.exr,/mnt/data_disk/ZQL/TIP_TMO_result/tradition/Reinhard(Local)/a3760.png,341,512,0.9746057906467658,0.9566729151314215,0.8975808591640243,0.660447716078866,0.9668098775109488,0.35408555464678326,0.08886738866567612
a3764,/mnt/data_disk/HDRData/1000hdr/HDRtest/a3764-20060618_093109__MG_8792.exr,/mnt/data_disk/ZQL/TIP_TMO_result/tradition/Reinhard(Local)/a3764.png,341,512,0.8341816861365872,0.7799452399601831,0.33408480606696006,0.6442173363501041,0.8640519629189447,0.4243827097812636,0.19660279154777527
a3766,/mnt/data_disk/HDRData/1000hdr/HDRtest/a3766-20041219_194831__E6B5558.exr,/mnt/data_disk/ZQL/TIP_TMO_result/tradition/Reinhard(Local)/a3766.png,341,512,0.7617026312468717,0.34483347288806554,0.8856983110853288,0.28607862695135367,0.4374358190128615,0.13472143488984578,0.1508759707212448
a3769,/mnt/data_disk/HDRData/1000hdr/HDRtest/a3769-IMG_3943.exr,/mnt/data_disk/ZQL/TIP_TMO_result/tradition/Reinhard(Local)/a3769.png,341,512,0.9444428010865205,0.8669516248125372,0.8511482537589651,0.6246257281934128,0.9415101447648102,0.3077413116220154,0.11549528688192368
a3771,/mnt/data_disk/HDRData/1000hdr/HDRtest/a3771-07-06-01-at-13h03m06-s_MG_1256.exr,/mnt/data_disk/ZQL/TIP_TMO_result/tradition/Reinhard(Local)/a3771.png,341,512,0.8356756091034312,0.78078183017017,0.34055615606488165,0.6289856777383108,0.8576651417871284,0.4003062136894933,0.23717157542705536
a3772,/mnt/data_disk/HDRData/1000hdr/HDRtest/a3772-dgw_123.exr,/mnt/data_disk/ZQL/TIP_TMO_result/tradition/Reinhard(Local)/a3772.png,341,512,0.865700685216354,0.8169916450852261,0.44697617984263516,0.7364124156175136,0.8709470047200515,0.6018778265149758,0.23140299320220947
a3774,/mnt/data_disk/HDRData/1000hdr/HDRtest/a3774-_DSC0017.exr,/mnt/data_disk/ZQL/TIP_TMO_result/tradition/Reinhard(Local)/a3774.png,340,512,0.938496815935011,0.8302545019886998,0.8789993571959315,0.8203085273101782,0.8769680379287569,0.7636490166915996,0.16598735749721527
a3778,/mnt/data_disk/HDRData/1000hdr/HDRtest/a3778-IMG_4838.exr,/mnt/data_disk/ZQL/TIP_TMO_result/tradition/Reinhard(Local)/a3778.png,341,512,0.8744914485749464,0.7677904151232899,0.5807646710421779,0.8985332434540989,0.9164211271196028,0.8806453597885952,0.2784363925457001
a3780,/mnt/data_disk/HDRData/1000hdr/HDRtest/a3780-JI2E3902.exr,/mnt/data_disk/ZQL/TIP_TMO_result/tradition/Reinhard(Local)/a3780.png,341,512,0.9400863105416996,0.8477879311944921,0.8569006852651706,0.6264362567896111,0.9212661906180449,0.33160632296117737,0.14406318962574005
a3781,/mnt/data_disk/HDRData/1000hdr/HDRtest/a3781-2004-06-24 06-45-08 CRW_2040.exr,/mnt/data_disk/ZQL/TIP_TMO_result/tradition/Reinhard(Local)/a3781.png,341,512,0.8498634504877346,0.8387888768120626,0.32915266446592867,0.6552442321089684,0.9320190989926928,0.3784693652252441,0.11133931577205658
a3783,/mnt/data_disk/HDRData/1000hdr/HDRtest/a3783-KE_-0052.exr,/mnt/data_disk/ZQL/TIP_TMO_result/tradition/Reinhard(Local)/a3783.png,340,512,0.8333453364555626,0.6307476468805411,0.5918556783405139,0.8096354341619307,0.8353126765556975,0.783958191768164,0.1769210696220398
a3786,/mnt/data_disk/HDRData/1000hdr/HDRtest/a3786-_I2E8191.exr,/mnt/data_disk/ZQL/TIP_TMO_result/tradition/Reinhard(Local)/a3786.png,341,512,0.7783051128068933,0.8121732229089738,0.05763308306544649,0.8736440078820684,0.9124970830729318,0.8347909326912052,0.18175987899303436
a3796,/mnt/data_disk/HDRData/1000hdr/HDRtest/a3796-NKIM_MG_7319.exr,/mnt/data_disk/ZQL/TIP_TMO_result/tradition/Reinhard(Local)/a3796.png,341,512,0.9419954890811975,0.7826944107427702,0.9972548870005038,0.8112135629084779,0.7032983915177972,0.9191287342991586,0.25919488072395325
a3798,/mnt/data_disk/HDRData/1000hdr/HDRtest/a3798-IMG_2539.exr,/mnt/data_disk/ZQL/TIP_TMO_result/tradition/Reinhard(Local)/a3798.png,341,512,0.9639640708724732,0.8715200569120405,0.9775854268333031,0.8382821352847244,0.9424511591197544,0.7341131114496944,0.20438840985298157
a3800,/mnt/data_disk/HDRData/1000hdr/HDRtest/a3800-dgw_090.exr,/mnt/data_disk/ZQL/TIP_TMO_result/tradition/Reinhard(Local)/a3800.png,341,512,0.888290593219235,0.7828577855711235,0.6385759728789311,0.845398226277543,0.7998043472261849,0.8909921053289013,0.1711510717868805
a3804,/mnt/data_disk/HDRData/1000hdr/HDRtest/a3804-_DSC3608.exr,/mnt/data_disk/ZQL/TIP_TMO_result/tradition/Reinhard(Local)/a3804.png,343,512,0.8884286058934432,0.6567724792771003,0.893381460455535,0.8535723159500626,0.8464997895963852,0.8606448423037398,0.11688946187496185
a3816,/mnt/data_disk/HDRData/1000hdr/HDRtest/a3816-jmac_DSC3118.exr,/mnt/data_disk/ZQL/TIP_TMO_result/tradition/Reinhard(Local)/a3816.png,340,512,0.8644718270674666,0.9163136168313242,0.29817964329559493,0.5521548978835277,0.9461139109541408,0.1581958848129146,0.13503901660442352
a3820,/mnt/data_disk/HDRData/1000hdr/HDRtest/a3820-dgw_025.exr,/mnt/data_disk/ZQL/TIP_TMO_result/tradition/Reinhard(Local)/a3820.png,341,512,0.7435315807757508,0.5478055549173553,0.2600717513120127,0.39761836493277203,0.7952126112898839,2.4118575660199927e-05,0.12502454221248627
a3822,/mnt/data_disk/HDRData/1000hdr/HDRtest/a3822-07-11-21-at-09h53m21s-_MG_5852.exr,/mnt/data_disk/ZQL/TIP_TMO_result/tradition/Reinhard(Local)/a3822.png,341,512,0.8482308262259909,0.8493611978151169,0.30610561719885027,0.9070738344713195,0.8898054986383713,0.9243421703042677,0.15581375360488892
a3827,/mnt/data_disk/HDRData/1000hdr/HDRtest/a3827-JI2E3823.exr,/mnt/data_disk/ZQL/TIP_TMO_result/tradition/Reinhard(Local)/a3827.png,341,512,0.8779242230164683,0.7697669439364947,0.5981268696122212,0.7031507933013192,0.8732298960895852,0.5330716905130534,0.12183813005685806
a3830,/mnt/data_disk/HDRData/1000hdr/HDRtest/a3830-LS_060715_8670.exr,/mnt/data_disk/ZQL/TIP_TMO_result/tradition/Reinhard(Local)/a3830.png,341,512,0.8702832373172742,0.6692522685411623,0.7448138881008192,0.8309438004876273,0.8596997471948995,0.8021878537803552,0.23225609958171844
a3832,/mnt/data_disk/HDRData/1000hdr/HDRtest/a3832-20060613_091536__MG_7749.exr,/mnt/data_disk/ZQL/TIP_TMO_result/tradition/Reinhard(Local)/a3832.png,341,512,0.937611929003485,0.8617800984804428,0.8145845865487968,0.5828149040480306,0.8866697937492538,0.2789600143468074,0.2085225135087967
a3833,/mnt/data_disk/HDRData/1000hdr/HDRtest/a3833-_DSC0003-2.exr,/mnt/data_disk/ZQL/TIP_TMO_result/tradition/Reinhard(Local)/a3833.png,340,512,0.8993309445855321,0.8428689304405037,0.6022684145510329,0.7365882779801012,0.9310342073347987,0.5421423486254037,0.12789945304393768
a3834,/mnt/data_disk/HDRData/1000hdr/HDRtest/a3834-IMG_0007.exr,/mnt/data_disk/ZQL/TIP_TMO_result/tradition/Reinhard(Local)/a3834.png,341,512,0.726340908926643,0.5558248061368719,0.16899325306508498,0.7645203481086132,0.821345644159862,0.7076950520573645,0.26079702377319336
a3846,/mnt/data_disk/HDRData/1000hdr/HDRtest/a3846-IMG_3087.exr,/mnt/data_disk/ZQL/TIP_TMO_result/tradition/Reinhard(Local)/a3846.png,341,512,0.8806687097946018,0.848865885081535,0.48179152224374,0.6112755184092149,0.9113261184223234,0.31122491839610644,0.12122104316949844
a3847,/mnt/data_disk/HDRData/1000hdr/HDRtest/a3847-NKIM_MG_6113.exr,/mnt/data_disk/ZQL/TIP_TMO_result/tradition/Reinhard(Local)/a3847.png,341,512,nan,nan,0.6732272745437123,0.858860091270258,0.7687988054133373,0.9489213771271787,0.23152050375938416
a3848,/mnt/data_disk/HDRData/1000hdr/HDRtest/a3848-DSC_0024.exr,/mnt/data_disk/ZQL/TIP_TMO_result/tradition/Reinhard(Local)/a3848.png,340,512,0.9537555606632722,0.9088095355210685,0.839090726662235,0.5981488192134293,0.9234718425185191,0.2728257959083395,0.0753844678401947
a3851,/mnt/data_disk/HDRData/1000hdr/HDRtest/a3851-IMG_3430.exr,/mnt/data_disk/ZQL/TIP_TMO_result/tradition/Reinhard(Local)/a3851.png,341,512,0.9330920464080557,0.8240466765101334,0.8539778876855374,0.7743388305037947,0.7883226557709209,0.7603550052366685,0.11401347815990448
a3862,/mnt/data_disk/HDRData/1000hdr/HDRtest/a3862-JI2E0423.exr,/mnt/data_disk/ZQL/TIP_TMO_result/tradition/Reinhard(Local)/a3862.png,341,512,0.9310642668580469,0.8684589688882832,0.7593216583622974,0.5754991261522848,0.8904353154795417,0.26056293682502785,0.09282437711954117
a3863,/mnt/data_disk/HDRData/1000hdr/HDRtest/a3863-IMG_1159.exr,/mnt/data_disk/ZQL/TIP_TMO_result/tradition/Reinhard(Local)/a3863.png,341,512,0.8442146675933404,0.7032280246315823,0.5166570293028644,0.833857992975966,0.8412452020699163,0.8264707838820156,0.2321026623249054
a3864,/mnt/data_disk/HDRData/1000hdr/HDRtest/a3864-_DSC1992.exr,/mnt/data_disk/ZQL/TIP_TMO_result/tradition/Reinhard(Local)/a3864.png,341,512,0.8024956889142771,0.6071982842250343,0.4577305521842444,0.5951396594241245,0.8376313318694628,0.3526479869787862,0.1138996109366417
a3872,/mnt/data_disk/HDRData/1000hdr/HDRtest/a3872-IMG_4058.exr,/mnt/data_disk/ZQL/TIP_TMO_result/tradition/Reinhard(Local)/a3872.png,341,512,0.9154820112428446,0.7940574391223368,0.7927629163267802,0.6882100200461525,0.8640265923139503,0.5123934477783547,0.21465912461280823
a3877,/mnt/data_disk/HDRData/1000hdr/HDRtest/a3877-KE_-0019.exr,/mnt/data_disk/ZQL/TIP_TMO_result/tradition/Reinhard(Local)/a3877.png,340,512,0.9049087161645226,0.7193586230068174,0.8705510942210019,0.3818830536103902,0.7564869574696094,0.007279149751171027,0.19544042646884918
a3879,/mnt/data_disk/HDRData/1000hdr/HDRtest/a3879-IMG_0091.exr,/mnt/data_disk/ZQL/TIP_TMO_result/tradition/Reinhard(Local)/a3879.png,341,512,0.8466079143205352,0.8101842319859816,0.35369052049825567,0.6243726116403397,0.9307391460855731,0.31800607719510643,0.1901262402534485
a3890,/mnt/data_disk/HDRData/1000hdr/HDRtest/a3890-IMG_4308.exr,/mnt/data_disk/ZQL/TIP_TMO_result/tradition/Reinhard(Local)/a3890.png,341,512,0.8515234575018066,0.5684671923623209,0.8485688524480504,0.8268579905593115,0.7689167901618823,0.8847991909567408,0.16647347807884216
a3893,/mnt/data_disk/HDRData/1000hdr/HDRtest/a3893-_DGW6301.exr,/mnt/data_disk/ZQL/TIP_TMO_result/tradition/Reinhard(Local)/a3893.png,341,512,0.9279819033107044,0.7664374394364051,0.932124107492268,0.6030901754907638,0.809623673832447,0.3965566771490806,0.26212960481643677
a3899,/mnt/data_disk/HDRData/1000hdr/HDRtest/a3899-jmac_DSC2259.exr,/mnt/data_disk/ZQL/TIP_TMO_result/tradition/Reinhard(Local)/a3899.png,340,512,0.8960716886556503,0.8949938980721655,0.4991986799506,0.8029922928995612,0.9340562466571697,0.6719283391419526,0.12308945506811142
a3900,/mnt/data_disk/HDRData/1000hdr/HDRtest/a3900-jmac_DSC5843.exr,/mnt/data_disk/ZQL/TIP_TMO_result/tradition/Reinhard(Local)/a3900.png,340,512,0.9275012876421515,0.9559245567118865,0.5927714095446651,0.5396155015547073,0.902287030778884,0.17694397233053058,0.14353102445602417
a3902,/mnt/data_disk/HDRData/1000hdr/HDRtest/a3902-jmac_DSC3970.exr,/mnt/data_disk/ZQL/TIP_TMO_result/tradition/Reinhard(Local)/a3902.png,340,512,0.947068565777248,0.8419475606145528,0.9157172121219158,0.7399591891545887,0.8766804762063332,0.6032379021028441,0.09610450267791748
a3903,/mnt/data_disk/HDRData/1000hdr/HDRtest/a3903-IMG_2386.exr,/mnt/data_disk/ZQL/TIP_TMO_result/tradition/Reinhard(Local)/a3903.png,341,512,0.9236876027671044,0.7430031446152995,0.9506809774182237,0.6644322659333934,0.8885671169873235,0.4402974148794633,0.1323760747909546
a3906,/mnt/data_disk/HDRData/1000hdr/HDRtest/a3906-LS051025_day_3_LL003.exr,/mnt/data_disk/ZQL/TIP_TMO_result/tradition/Reinhard(Local)/a3906.png,341,512,0.9229338192759625,0.7853262208441661,0.8596365064196158,0.7887298669374252,0.8651050565725797,0.7123546773022708,0.1953311562538147
a3911,/mnt/data_disk/HDRData/1000hdr/HDRtest/a3911-07-07-01-at-10h50m55s-_MG_2028.exr,/mnt/data_disk/ZQL/TIP_TMO_result/tradition/Reinhard(Local)/a3911.png,341,512,0.7466553000645636,0.5265814424453825,0.31485116577023636,0.8448246396367205,0.7955568530841275,0.8940924261893136,0.2267807126045227
a3913,/mnt/data_disk/HDRData/1000hdr/HDRtest/a3913-IMG_0289.exr,/mnt/data_disk/ZQL/TIP_TMO_result/tradition/Reinhard(Local)/a3913.png,341,512,0.8539798753614567,0.6539562012729102,0.6721101801131057,0.5991010174485544,0.7624755990130573,0.4357264358840515,0.10806479305028915
a3914,/mnt/data_disk/HDRData/1000hdr/HDRtest/a3914-DSC_0002-1.exr,/mnt/data_disk/ZQL/TIP_TMO_result/tradition/Reinhard(Local)/a3914.png,340,512,0.91672274587781,0.74682448839167,0.8944687461439513,0.6813858227107401,0.8809447806965949,0.4818268647248853,0.17078478634357452
a3919,/mnt/data_disk/HDRData/1000hdr/HDRtest/a3919-KE_-1608.exr,/mnt/data_disk/ZQL/TIP_TMO_result/tradition/Reinhard(Local)/a3919.png,340,512,0.8101794083911587,0.5413163880739276,0.6444011442808495,0.8394277166033708,0.792494902694159,0.8863605305125825,0.20796501636505127
a3923,/mnt/data_disk/HDRData/1000hdr/HDRtest/a3923-_DSC0095.exr,/mnt/data_disk/ZQL/TIP_TMO_result/tradition/Reinhard(Local)/a3923.png,340,512,0.931949778478624,0.8167734088574886,0.8600483908614509,0.6972897443159226,0.8218064562860222,0.572773032345823,0.13821595907211304
a3924,/mnt/data_disk/HDRData/1000hdr/HDRtest/a3924-_DSC6358.exr,/mnt/data_disk/ZQL/TIP_TMO_result/tradition/Reinhard(Local)/a3924.png,341,512,nan,nan,0.7589832780685959,0.30610933711073807,0.6120083674003688,0.00021030682110728972,0.2926208972930908
a3926,/mnt/data_disk/HDRData/1000hdr/HDRtest/a3926-dgw_077.exr,/mnt/data_disk/ZQL/TIP_TMO_result/tradition/Reinhard(Local)/a3926.png,341,512,0.8208680666170951,0.46594053237370414,0.9100663747735102,0.4498711356006407,0.6795162370506794,0.22022603415060193,0.2080480307340622
a3927,/mnt/data_disk/HDRData/1000hdr/HDRtest/a3927-IMG_6048.exr,/mnt/data_disk/ZQL/TIP_TMO_result/tradition/Reinhard(Local)/a3927.png,341,512,0.804836470883435,0.7668345696759402,0.21049402082181148,0.7839517929208444,0.8676350719588264,0.7002685138828623,0.18620122969150543
a3930,/mnt/data_disk/HDRData/1000hdr/HDRtest/a3930-IMG_5083.exr,/mnt/data_disk/ZQL/TIP_TMO_result/tradition/Reinhard(Local)/a3930.png,341,512,0.9433059832036351,0.8007546131030874,0.9698921575853002,0.7187347446695822,0.8396083830114243,0.59786110632774,0.2096046656370163
a3931,/mnt/data_disk/HDRData/1000hdr/HDRtest/a3931-_DGW6259.exr,/mnt/data_disk/ZQL/TIP_TMO_result/tradition/Reinhard(Local)/a3931.png,341,512,0.7826974809143914,0.39544120845315195,0.8605967037370518,0.3160061831342872,0.6319742916251739,3.807464340043623e-05,0.3206596374511719
a3940,/mnt/data_disk/HDRData/1000hdr/HDRtest/a3940-20050602_180025__MG_2820.exr,/mnt/data_disk/ZQL/TIP_TMO_result/tradition/Reinhard(Local)/a3940.png,341,512,0.8849102431722714,0.8143077457995118,0.5630001936786582,0.6081093113274384,0.9362451995594576,0.27997342309541917,0.17760923504829407
a3943,/mnt/data_disk/HDRData/1000hdr/HDRtest/a3943-_DSC0054.exr,/mnt/data_disk/ZQL/TIP_TMO_result/tradition/Reinhard(Local)/a3943.png,340,512,0.86406097157856,0.8075260126465533,0.45276732494373534,0.8293541833126701,0.8872466359452215,0.7714617306801187,0.12659946084022522
a3947,/mnt/data_disk/HDRData/1000hdr/HDRtest/a3947-jmac_MG_1444.exr,/mnt/data_disk/ZQL/TIP_TMO_result/tradition/Reinhard(Local)/a3947.png,341,512,0.9306218363707917,0.9125048016476839,0.6813148419185506,0.6028604769387855,0.9089985374119254,0.2967224164656457,0.14224019646644592
a3948,/mnt/data_disk/HDRData/1000hdr/HDRtest/a3948-_DSC0045.exr,/mnt/data_disk/ZQL/TIP_TMO_result/tradition/Reinhard(Local)/a3948.png,340,512,0.6851954711408762,0.5458979418572864,0.03616417582282472,0.6706176646123303,0.8379045420423176,0.5033307871823429,0.19217771291732788
a3954,/mnt/data_disk/HDRData/1000hdr/HDRtest/a3954-_MG_0841.exr,/mnt/data_disk/ZQL/TIP_TMO_result/tradition/Reinhard(Local)/a3954.png,341,512,0.9251989372569098,0.9011911557467752,0.6657071734742417,0.65046286485929,0.865957311532819,0.4349684181857609,0.22841762006282806
a3958,/mnt/data_disk/HDRData/1000hdr/HDRtest/a3958-_DSC3890.exr,/mnt/data_disk/ZQL/TIP_TMO_result/tradition/Reinhard(Local)/a3958.png,341,512,0.9687099488363055,0.9155695104696024,0.9294280583326631,0.8236521171721871,0.9319278532635025,0.7153763810808718,0.0944518893957138
a3961,/mnt/data_disk/HDRData/1000hdr/HDRtest/a3961-_DSC0049.exr,/mnt/data_disk/ZQL/TIP_TMO_result/tradition/Reinhard(Local)/a3961.png,340,512,0.8588430208670518,0.7845352650009886,0.4604356720259308,0.8732315271860583,0.7961966213167719,0.9502664330553448,0.1032007485628128
a3963,/mnt/data_disk/HDRData/1000hdr/HDRtest/a3963-jmac_DSC3835.exr,/mnt/data_disk/ZQL/TIP_TMO_result/tradition/Reinhard(Local)/a3963.png,340,512,0.7820012091506345,0.7989228305402867,0.08195314529592253,0.6196859567474711,0.9112103812135112,0.3281615322814309,0.17774471640586853
a3964,/mnt/data_disk/HDRData/1000hdr/HDRtest/a3964-NKIM_MG_6716.exr,/mnt/data_disk/ZQL/TIP_TMO_result/tradition/Reinhard(Local)/a3964.png,341,512,0.8549017920328944,0.5692493443070726,0.8695879249641634,0.45056364576001984,0.7668892426190488,0.13423804890099086,0.20975293219089508
a3970,/mnt/data_disk/HDRData/1000hdr/HDRtest/a3970-WP_Amanda_3rd_bday014.exr,/mnt/data_disk/ZQL/TIP_TMO_result/tradition/Reinhard(Local)/a3970.png,341,512,0.8473970260461758,0.7480437954629028,0.4563177072565987,0.8737413683213702,0.8722683604736376,0.8752143761691027,0.13043643534183502
a3973,/mnt/data_disk/HDRData/1000hdr/HDRtest/a3973-DSC_0068-2.exr,/mnt/data_disk/ZQL/TIP_TMO_result/tradition/Reinhard(Local)/a3973.png,340,512,0.9471775247893572,0.8778396602324249,0.8498817153864794,0.5689613786720884,0.930179408214648,0.20774334912952883,0.09239386767148972
a3975,/mnt/data_disk/HDRData/1000hdr/HDRtest/a3975-jmac_MG_5721.exr,/mnt/data_disk/ZQL/TIP_TMO_result/tradition/Reinhard(Local)/a3975.png,341,512,0.9145955411452369,0.8993379888898977,0.6028346210688657,0.6698757453902882,0.896444857377869,0.44330663340270715,0.12736937403678894
a3976,/mnt/data_disk/HDRData/1000hdr/HDRtest/a3976-Ja_Pe-10.exr,/mnt/data_disk/ZQL/TIP_TMO_result/tradition/Reinhard(Local)/a3976.png,288,512,0.9203910437146131,0.8388485735330787,0.7423088574595268,0.636336511021911,0.9228240247473906,0.3498489972964315,0.16524773836135864
a3991,/mnt/data_disk/HDRData/1000hdr/HDRtest/a3991-DSC_0005-2.exr,/mnt/data_disk/ZQL/TIP_TMO_result/tradition/Reinhard(Local)/a3991.png,340,512,0.9432705300892132,0.8540947144261818,0.8668382172478772,0.7272881892624478,0.9097870349525499,0.5447893435723457,0.14092178642749786
a3992,/mnt/data_disk/HDRData/1000hdr/HDRtest/a3992-KE_-0044.exr,/mnt/data_disk/ZQL/TIP_TMO_result/tradition/Reinhard(Local)/a3992.png,340,512,0.800452872888314,0.5672368679569956,0.5274771779318299,0.5832421658758036,0.9347711456883997,0.23171318606320734,0.09836270660161972
a3993,/mnt/data_disk/HDRData/1000hdr/HDRtest/a3993-IMG_2812.exr,/mnt/data_disk/ZQL/TIP_TMO_result/tradition/Reinhard(Local)/a3993.png,341,512,0.8055337165138784,0.6025628189995248,0.4841902065948696,0.499577014122787,0.8978776669837807,0.10127636126179335,0.12846000492572784
a3995,/mnt/data_disk/HDRData/1000hdr/HDRtest/a3995-IMG_0187.exr,/mnt/data_disk/ZQL/TIP_TMO_result/tradition/Reinhard(Local)/a3995.png,341,512,0.8513984392623508,0.6415159280702842,0.681770187039131,0.7759672202310911,0.8679540450386084,0.6839803954235738,0.1914048045873642
a4001,/mnt/data_disk/HDRData/1000hdr/HDRtest/a4001-jn_20070824_0168.exr,/mnt/data_disk/ZQL/TIP_TMO_result/tradition/Reinhard(Local)/a4001.png,341,512,0.9186636402624687,0.8073992381911189,0.7886631498926377,0.8095879447659273,0.8678267849843094,0.7513491045475451,0.11172261834144592
a4003,/mnt/data_disk/HDRData/1000hdr/HDRtest/a4003-NKIM_MG_6603.exr,/mnt/data_disk/ZQL/TIP_TMO_result/tradition/Reinhard(Local)/a4003.png,341,512,0.9464752154501874,0.8810728534272294,0.8393077994558784,0.6111715490787241,0.9037663441645982,0.3185767539928499,0.1726270467042923
a4004,/mnt/data_disk/HDRData/1000hdr/HDRtest/a4004-050812_113412__MG_3770.exr,/mnt/data_disk/ZQL/TIP_TMO_result/tradition/Reinhard(Local)/a4004.png,341,512,0.8916966470584913,0.9109349345438283,0.45035260465035065,0.5289374148209997,0.921844920708301,0.1360299089336982,0.10011836141347885
a4007,/mnt/data_disk/HDRData/1000hdr/HDRtest/a4007-_MG_7167.exr,/mnt/data_disk/ZQL/TIP_TMO_result/tradition/Reinhard(Local)/a4007.png,341,512,0.8673795163287099,0.7726232034407338,0.5297896030241644,0.5773376765466931,0.8932850145365951,0.26139033855679106,0.23687519133090973
a4008,/mnt/data_disk/HDRData/1000hdr/HDRtest/a4008-dgw_019.exr,/mnt/data_disk/ZQL/TIP_TMO_result/tradition/Reinhard(Local)/a4008.png,341,512,0.9247258835706607,0.8008007391742272,0.8417276813944318,0.8326316588684783,0.754558290568592,0.9107050271683645,0.1879633665084839
a4009,/mnt/data_disk/HDRData/1000hdr/HDRtest/a4009-jmac_MG_7717.exr,/mnt/data_disk/ZQL/TIP_TMO_result/tradition/Reinhard(Local)/a4009.png,341,512,0.9540316302311774,0.8666228614041486,0.9174048364199394,0.7788074756781938,0.8979289296309486,0.6596860217254389,0.252699077129364
a4013,/mnt/data_disk/HDRData/1000hdr/HDRtest/a4013-_I2E6911.exr,/mnt/data_disk/ZQL/TIP_TMO_result/tradition/Reinhard(Local)/a4013.png,341,512,0.8898673708088756,0.6956502561825775,0.8186595195060345,0.348450567751874,0.6968995548601598,1.5806435882045912e-06,0.3112328052520752
a4014,/mnt/data_disk/HDRData/1000hdr/HDRtest/a4014-JI2E4114.exr,/mnt/data_disk/ZQL/TIP_TMO_result/tradition/Reinhard(Local)/a4014.png,341,512,0.9462924020008103,0.8479811635350867,0.898942323870211,0.8457707795813333,0.8974357062522718,0.7941058529103948,0.21263185143470764
a4017,/mnt/data_disk/HDRData/1000hdr/HDRtest/a4017-DSC_0023.exr,/mnt/data_disk/ZQL/TIP_TMO_result/tradition/Reinhard(Local)/a4017.png,340,512,0.9238126409648224,0.8505664214093952,0.7436482064634305,0.6181834290373038,0.9275521199860174,0.3088147380885902,0.13211491703987122
a4020,/mnt/data_disk/HDRData/1000hdr/HDRtest/a4020-IMG_3763.exr,/mnt/data_disk/ZQL/TIP_TMO_result/tradition/Reinhard(Local)/a4020.png,341,512,0.8249506673214746,0.696153936102221,0.4197087533857865,0.5777406112050221,0.8844925423879778,0.27098868002206633,0.1352214217185974
a4025,/mnt/data_disk/HDRData/1000hdr/HDRtest/a4025-IMG_5601.exr,/mnt/data_disk/ZQL/TIP_TMO_result/tradition/Reinhard(Local)/a4025.png,341,512,0.8053143564084342,0.7562080891282723,0.22695943604372587,0.8823875733296092,0.8056651547343083,0.95910999192491,0.1980050653219223
a4026,/mnt/data_disk/HDRData/1000hdr/HDRtest/a4026-NKIM_MG_6632.exr,/mnt/data_disk/ZQL/TIP_TMO_result/tradition/Reinhard(Local)/a4026.png,341,512,0.7854216735305731,0.9224626273227936,0.0035917742708186195,0.5011228594870736,0.9452874227072555,0.05695829626689156,0.14600569009780884
a4027,/mnt/data_disk/HDRData/1000hdr/HDRtest/a4027-IMG_2393.exr,/mnt/data_disk/ZQL/TIP_TMO_result/tradition/Reinhard(Local)/a4027.png,341,512,0.8830125843889854,0.7583984995204881,0.6502981620716216,0.6676023157896901,0.8914919128499704,0.44371271872940976,0.15746167302131653
a4028,/mnt/data_disk/HDRData/1000hdr/HDRtest/a4028-060810_105728__MG_6096.exr,/mnt/data_disk/ZQL/TIP_TMO_result/tradition/Reinhard(Local)/a4028.png,341,512,0.8394843477329598,0.7042948654858645,0.487263211927132,0.8206999386021157,0.848625801582654,0.7927740756215772,0.1924179494380951
a4038,/mnt/data_disk/HDRData/1000hdr/HDRtest/a4038-Ja_Pe-20.exr,/mnt/data_disk/ZQL/TIP_TMO_result/tradition/Reinhard(Local)/a4038.png,288,512,0.8075738182249745,0.7073910810034908,0.30938952687891785,0.726348300146493,0.8654193705487262,0.5872772297442599,0.20486067235469818
a4040,/mnt/data_disk/HDRData/1000hdr/HDRtest/a4040-IMG_0233.exr,/mnt/data_disk/ZQL/TIP_TMO_result/tradition/Reinhard(Local)/a4040.png,341,512,0.7979731730369568,0.656256968683877,0.3436608439633427,0.7215697537531895,0.839454171639837,0.603685335866542,0.31474626064300537
a4047,/mnt/data_disk/HDRData/1000hdr/HDRtest/a4047-IMG_1285.exr,/mnt/data_disk/ZQL/TIP_TMO_result/tradition/Reinhard(Local)/a4047.png,341,512,0.9661357838380107,0.927284450962013,0.8907587557983587,0.5842450500890486,0.9705377489264607,0.1979523512516365,0.10077916830778122
a4049,/mnt/data_disk/HDRData/1000hdr/HDRtest/a4049-_DSC3858.exr,/mnt/data_disk/ZQL/TIP_TMO_result/tradition/Reinhard(Local)/a4049.png,341,512,0.8142021392289905,0.5879538463538528,0.5652242151851206,0.8573280864689834,0.8099893018724054,0.9046668710655613,0.2986980080604553
a4051,/mnt/data_disk/HDRData/1000hdr/HDRtest/a4051-_DSC0018-3.exr,/mnt/data_disk/ZQL/TIP_TMO_result/tradition/Reinhard(Local)/a4051.png,340,512,0.8904436539918866,0.8290335399221213,0.5715054930285742,0.7043585511534441,0.9217111157589182,0.48700598654797017,0.14136923849582672
a4052,/mnt/data_disk/HDRData/1000hdr/HDRtest/a4052-20060620_165511__MG_9535.exr,/mnt/data_disk/ZQL/TIP_TMO_result/tradition/Reinhard(Local)/a4052.png,341,512,0.9478241934977985,0.8329451572815605,0.9382158525569393,0.889585711358795,0.8682789598419841,0.9108924628756059,0.21461446583271027
a4060,/mnt/data_disk/HDRData/1000hdr/HDRtest/a4060-_DSC5597.exr,/mnt/data_disk/ZQL/TIP_TMO_result/tradition/Reinhard(Local)/a4060.png,341,512,0.8717612266765384,0.7144637810640446,0.662949314572205,0.845861004141647,0.8274311514294,0.864290856853894,0.2403901070356369
a4064,/mnt/data_disk/HDRData/1000hdr/HDRtest/a4064-07-12-02-at-16h23m18s-_MG_9020.exr,/mnt/data_disk/ZQL/TIP_TMO_result/tradition/Reinhard(Local)/a4064.png,341,512,0.929378678638392,0.8808716941158097,0.7267105127000046,0.7623018803958672,0.8750347321054655,0.649569028686269,0.20355917513370514
a4068,/mnt/data_disk/HDRData/1000hdr/HDRtest/a4068-tc_DSC2612.exr,/mnt/data_disk/ZQL/TIP_TMO_result/tradition/Reinhard(Local)/a4068.png,340,512,0.9142593014841581,0.7052778058905502,0.96537608392331,0.8257020939027836,0.6534137753278728,0.9979904124776944,0.199663445353508
a4075,/mnt/data_disk/HDRData/1000hdr/HDRtest/a4075-JI2E0444.exr,/mnt/data_disk/ZQL/TIP_TMO_result/tradition/Reinhard(Local)/a4075.png,341,512,0.7366992372693428,0.5475036776705902,0.22844317340649872,0.7886255146082047,0.804740816740961,0.7725102124754485,0.3097289502620697
a4076,/mnt/data_disk/HDRData/1000hdr/HDRtest/a4076-_DGW6244.exr,/mnt/data_disk/ZQL/TIP_TMO_result/tradition/Reinhard(Local)/a4076.png,341,512,0.8333036116349253,0.6868776482760296,0.4831846512086643,0.7262324286648898,0.8476882258244027,0.604776631505377,0.3258732259273529
a4080,/mnt/data_disk/HDRData/1000hdr/HDRtest/a4080-IMG_3765.exr,/mnt/data_disk/ZQL/TIP_TMO_result/tradition/Reinhard(Local)/a4080.png,341,512,0.8584254340041236,0.7703877634059393,0.4814980441984474,0.8163984772556567,0.8537203830343494,0.7790765714769641,0.1967220902442932
a4085,/mnt/data_disk/HDRData/1000hdr/HDRtest/a4085-_MG_2385.exr,/mnt/data_disk/ZQL/TIP_TMO_result/tradition/Reinhard(Local)/a4085.png,341,512,0.9047101634654475,0.8040981011326187,0.7038472583853155,0.793987928139456,0.8498164183784556,0.7381594379004563,0.14666295051574707
a4087,/mnt/data_disk/HDRData/1000hdr/HDRtest/a4087-NKIM_MG_6395.exr,/mnt/data_disk/ZQL/TIP_TMO_result/tradition/Reinhard(Local)/a4087.png,341,512,0.8610806008160575,0.8132657520345911,0.4270575739131817,0.5470856530974939,0.9078588482684103,0.1863124579265774,0.26285630464553833
a4088,/mnt/data_disk/HDRData/1000hdr/HDRtest/a4088-dvf_041.exr,/mnt/data_disk/ZQL/TIP_TMO_result/tradition/Reinhard(Local)/a4088.png,341,512,0.8400242816704345,0.7287437072130154,0.44755204337165294,0.7139221769194843,0.8529384876512021,0.5749058661877666,0.13211606442928314
a4091,/mnt/data_disk/HDRData/1000hdr/HDRtest/a4091-_DSC0041.exr,/mnt/data_disk/ZQL/TIP_TMO_result/tradition/Reinhard(Local)/a4091.png,340,512,0.7631084654730411,0.7021531405822978,0.1180397861587728,0.7924398172307423,0.811249090631522,0.7736305438299625,0.17543751001358032
a4092,/mnt/data_disk/HDRData/1000hdr/HDRtest/a4092-07-12-03-at-09h35m54s-_MG_9192.exr,/mnt/data_disk/ZQL/TIP_TMO_result/tradition/Reinhard(Local)/a4092.png,341,512,0.8381590127144756,0.8365364497628215,0.2737137858789065,0.697033021008576,0.8985426788446328,0.4955233631725191,0.2810545861721039
a4093,/mnt/data_disk/HDRData/1000hdr/HDRtest/a4093-jn_20071117-031.exr,/mnt/data_disk/ZQL/TIP_TMO_result/tradition/Reinhard(Local)/a4093.png,341,512,0.8584512525345966,0.682798374334086,0.6416915203540378,0.6734700236047783,0.8306266925376398,0.5163133546719167,0.30092164874076843
a4096,/mnt/data_disk/HDRData/1000hdr/HDRtest/a4096-jmac_MG_0095.exr,/mnt/data_disk/ZQL/TIP_TMO_result/tradition/Reinhard(Local)/a4096.png,341,512,0.882185574104804,0.7281836257484623,0.7024587647592618,0.7856416745038268,0.6604486681271163,0.9108346808805374,0.19347721338272095
a4097,/mnt/data_disk/HDRData/1000hdr/HDRtest/a4097-20080623_at_14h52m36__MG_9904.exr,/mnt/data_disk/ZQL/TIP_TMO_result/tradition/Reinhard(Local)/a4097.png,341,512,0.9404579829754675,0.8976395183340435,0.7700105270249916,0.6939351850099398,0.9301983852584625,0.45767198476141707,0.1376100480556488
a4099,/mnt/data_disk/HDRData/1000hdr/HDRtest/a4099-_DSC0014-2.exr,/mnt/data_disk/ZQL/TIP_TMO_result/tradition/Reinhard(Local)/a4099.png,340,512,0.8779027943113291,0.8471258126824363,0.4687073358196876,0.6875661790686474,0.9376761101739154,0.43745624796337923,0.11871687322854996
a4101,/mnt/data_disk/HDRData/1000hdr/HDRtest/a4101-IMG_5823.exr,/mnt/data_disk/ZQL/TIP_TMO_result/tradition/Reinhard(Local)/a4101.png,341,512,0.682183130380193,0.39817034803814205,0.26209046940180714,0.6622327566662036,0.6133829427726794,0.7110825705597278,0.19027303159236908
a4102,/mnt/data_disk/HDRData/1000hdr/HDRtest/a4102-07-06-30-at-11h38m56s-_MG_1997.exr,/mnt/data_disk/ZQL/TIP_TMO_result/tradition/Reinhard(Local)/a4102.png,341,512,0.8943780272862948,0.824672938481011,0.6027967004958229,0.7063742829377766,0.9189309200982786,0.49381764577727455,0.19717881083488464
a4104,/mnt/data_disk/HDRData/1000hdr/HDRtest/a4104-DSC_0260.exr,/mnt/data_disk/ZQL/TIP_TMO_result/tradition/Reinhard(Local)/a4104.png,340,512,0.9540012983054015,0.8656683471382901,0.9189769067128455,0.7939931031012863,0.8810846040282504,0.7069016021743223,0.08783591538667679
a4105,/mnt/data_disk/HDRData/1000hdr/HDRtest/a4105-07-11-26-at-16h02m57s-_MG_7151.exr,/mnt/data_disk/ZQL/TIP_TMO_result/tradition/Reinhard(Local)/a4105.png,341,512,0.8882005060827798,0.650933466704457,0.9049868992537804,0.8619759191245961,0.7324898728641622,0.99146196538503,0.2236691415309906
a4107,/mnt/data_disk/HDRData/1000hdr/HDRtest/a4107-dvf_018.exr,/mnt/data_disk/ZQL/TIP_TMO_result/tradition/Reinhard(Local)/a4107.png,341,512,0.7354510575032985,0.3593714395942385,0.6646777332451428,0.6428194374990689,0.7844121357854524,0.5012267392126853,0.214419424533844
a4108,/mnt/data_disk/HDRData/1000hdr/HDRtest/a4108-MB_080329_057.exr,/mnt/data_disk/ZQL/TIP_TMO_result/tradition/Reinhard(Local)/a4108.png,341,512,0.9379732699519534,0.8538644382802137,0.8314186028742061,0.8498900492575879,0.811858495714624,0.8879216028005519,0.29126229882240295
a4110,/mnt/data_disk/HDRData/1000hdr/HDRtest/a4110-dgw_069.exr,/mnt/data_disk/ZQL/TIP_TMO_result/tradition/Reinhard(Local)/a4110.png,341,512,0.8146110709282091,0.7240249298510989,0.31908886416953286,0.8750569979967994,0.8556781009331651,0.8944358950604336,0.29889169335365295
a4113,/mnt/data_disk/HDRData/1000hdr/HDRtest/a4113-IMG_2800.exr,/mnt/data_disk/ZQL/TIP_TMO_result/tradition/Reinhard(Local)/a4113.png,341,512,0.9109879552596662,0.7621331934675749,0.8246699496555778,0.4737774191103486,0.9277747960614074,0.019780042159289718,0.16455498337745667
a4116,/mnt/data_disk/HDRData/1000hdr/HDRtest/a4116-IMG_2042.exr,/mnt/data_disk/ZQL/TIP_TMO_result/tradition/Reinhard(Local)/a4116.png,341,512,0.8959738657922665,0.7577203750331873,0.7341984907874255,0.5617119969244633,0.9038464959911575,0.21957749785776892,0.12104445695877075
a4117,/mnt/data_disk/HDRData/1000hdr/HDRtest/a4117-050918_141526__MG_5987.exr,/mnt/data_disk/ZQL/TIP_TMO_result/tradition/Reinhard(Local)/a4117.png,341,512,0.7866658115815993,0.7549660421856237,0.14754004481262792,0.7205834229625057,0.8763893617476848,0.5647774841773266,0.24381859600543976
a4124,/mnt/data_disk/HDRData/1000hdr/HDRtest/a4124-20080709_at_10h04m23__MG_4561.exr,/mnt/data_disk/ZQL/TIP_TMO_result/tradition/Reinhard(Local)/a4124.png,341,512,0.8602232988989449,0.7205766209117099,0.5800693433845744,0.6348165143056985,0.8917527691424986,0.37788025946889847,0.186536505818367
a4127,/mnt/data_disk/HDRData/1000hdr/HDRtest/a4127-DSC_0152.exr,/mnt/data_disk/ZQL/TIP_TMO_result/tradition/Reinhard(Local)/a4127.png,340,512,0.8555337261101505,0.9053705369333396,0.2682612957263772,0.5948402530537398,0.9381925838847384,0.25148792222274124,0.09990587085485458
a4131,/mnt/data_disk/HDRData/1000hdr/HDRtest/a4131-DSC_0001-2.exr,/mnt/data_disk/ZQL/TIP_TMO_result/tradition/Reinhard(Local)/a4131.png,340,512,0.9283895720470146,0.8258481191523704,0.8189118020121579,0.7182725055401583,0.8687392337910865,0.5678057772892301,0.11143498867750168
a4134,/mnt/data_disk/HDRData/1000hdr/HDRtest/a4134-IMG_0086.exr,/mnt/data_disk/ZQL/TIP_TMO_result/tradition/Reinhard(Local)/a4134.png,341,512,0.8177930986904394,0.8325359131113385,0.18491412122945358,0.6631209972585979,0.9131314753382932,0.4131105191789026,0.1316842883825302
a4142,/mnt/data_disk/HDRData/1000hdr/HDRtest/a4142-_DGW6275.exr,/mnt/data_disk/ZQL/TIP_TMO_result/tradition/Reinhard(Local)/a4142.png,341,512,0.9139416097285666,0.8714793172278027,0.6445552406406027,0.5786126907393738,0.9153202083604589,0.24190517311828874,0.22049184143543243
a4143,/mnt/data_disk/HDRData/1000hdr/HDRtest/a4143-LSCRW_0029.exr,/mnt/data_disk/ZQL/TIP_TMO_result/tradition/Reinhard(Local)/a4143.png,384,512,0.9106995190226056,0.9296391317528204,0.532054793905642,0.760008233463594,0.8537357935867629,0.6662806733404252,0.09668031334877014
a4144,/mnt/data_disk/HDRData/1000hdr/HDRtest/a4144-050623_122602__MG_3246.exr,/mnt/data_disk/ZQL/TIP_TMO_result/tradition/Reinhard(Local)/a4144.png,341,512,0.9077675478114466,0.9078927856781568,0.5480532374415027,0.5758697566799246,0.9230088362861624,0.22873067707368672,0.13998308777809143
a4150,/mnt/data_disk/HDRData/1000hdr/HDRtest/a4150-_DGW6309.exr,/mnt/data_disk/ZQL/TIP_TMO_result/tradition/Reinhard(Local)/a4150.png,341,512,0.882130175042753,0.7167169237495887,0.7246693563497371,0.9047803089301207,0.8491270701073467,0.9604335477528948,0.30842119455337524
a4151,/mnt/data_disk/HDRData/1000hdr/HDRtest/a4151-dvf_026.exr,/mnt/data_disk/ZQL/TIP_TMO_result/tradition/Reinhard(Local)/a4151.png,341,512,0.8072801819109988,0.5952975352084277,0.5089556394633573,0.7299011987557583,0.8274027370504262,0.6323996604610904,0.2712783217430115
a4154,/mnt/data_disk/HDRData/1000hdr/HDRtest/a4154-IMG_4620.exr,/mnt/data_disk/ZQL/TIP_TMO_result/tradition/Reinhard(Local)/a4154.png,341,512,0.9400258313372849,0.8270178352513524,0.8956490058533543,0.7427521643053304,0.8919335039641736,0.5935708246464872,0.17574602365493774
a4155,/mnt/data_disk/HDRData/1000hdr/HDRtest/a4155-WP_CRW_0237.exr,/mnt/data_disk/ZQL/TIP_TMO_result/tradition/Reinhard(Local)/a4155.png,341,512,0.8947794975344167,0.8478967371789479,0.566279950210112,0.7575507058618922,0.8943500615218358,0.6207513502019485,0.15383565425872803
a4156,/mnt/data_disk/HDRData/1000hdr/HDRtest/a4156-IMG_0159.exr,/mnt/data_disk/ZQL/TIP_TMO_result/tradition/Reinhard(Local)/a4156.png,341,512,0.8041553671386058,0.658578880434602,0.3721954843695423,0.7635705388628504,0.8933879993845653,0.6337530783411355,0.22181904315948486
a4158,/mnt/data_disk/HDRData/1000hdr/HDRtest/a4158-WP_CRW_4109.exr,/mnt/data_disk/ZQL/TIP_TMO_result/tradition/Reinhard(Local)/a4158.png,341,512,0.9161754544850997,0.8307467860620543,0.7294976801934362,0.8452901906500927,0.743957454035528,0.9466229272646574,0.1186693087220192
a4160,/mnt/data_disk/HDRData/1000hdr/HDRtest/a4160-jn_20070824_0167.exr,/mnt/data_disk/ZQL/TIP_TMO_result/tradition/Reinhard(Local)/a4160.png,341,512,0.7643616978245057,0.7306933106953309,0.09040663162430328,0.6428807122329705,0.8421422090506923,0.44361921541524885,0.31054913997650146
a4161,/mnt/data_disk/HDRData/1000hdr/HDRtest/a4161-tc_DSC2218.exr,/mnt/data_disk/ZQL/TIP_TMO_result/tradition/Reinhard(Local)/a4161.png,340,512,0.899489536311065,0.9691658675657396,0.41123300700905513,0.5094648752407013,0.9389866103006883,0.07994314018071422,0.18748703598976135
a4167,/mnt/data_disk/HDRData/1000hdr/HDRtest/a4167-IMG_0031.exr,/mnt/data_disk/ZQL/TIP_TMO_result/tradition/Reinhard(Local)/a4167.png,341,512,0.8967287503400799,0.7997613656882917,0.6610071332290124,0.8712528509628283,0.8655897480883811,0.8769159538372756,0.22282126545906067
a4170,/mnt/data_disk/HDRData/1000hdr/HDRtest/a4170-jmac_DSC3333.exr,/mnt/data_disk/ZQL/TIP_TMO_result/tradition/Reinhard(Local)/a4170.png,343,512,0.8033430057950265,0.6316963108319714,0.4159457712272003,0.8096061744107392,0.8593751591357124,0.759837189685766,0.19621798396110535
a4174,/mnt/data_disk/HDRData/1000hdr/HDRtest/a4174-dgw_083.exr,/mnt/data_disk/ZQL/TIP_TMO_result/tradition/Reinhard(Local)/a4174.png,341,512,0.8906180285931682,0.7725427914139732,0.6719927708776721,0.7276182634678026,0.8665398592203691,0.5886966677152361,0.33079612255096436
a4177,/mnt/data_disk/HDRData/1000hdr/HDRtest/a4177-jmac_DSC1412.exr,/mnt/data_disk/ZQL/TIP_TMO_result/tradition/Reinhard(Local)/a4177.png,340,512,0.9531144692431377,0.9598257356469267,0.7482404392199028,0.6192280157025529,0.9527477283210385,0.28570830308406736,0.10753335058689117
a4178,/mnt/data_disk/HDRData/1000hdr/HDRtest/a4178-IMG_0487.exr,/mnt/data_disk/ZQL/TIP_TMO_result/tradition/Reinhard(Local)/a4178.png,341,512,0.9690806728643617,0.9217241645951856,0.9209458893529945,0.635183957794758,0.9714911451595138,0.2988767704300022,0.09683526307344437
a4184,/mnt/data_disk/HDRData/1000hdr/HDRtest/a4184-jmac_MG_5507.exr,/mnt/data_disk/ZQL/TIP_TMO_result/tradition/Reinhard(Local)/a4184.png,341,512,0.8824275425957319,0.7513430798745068,0.6597639458672829,0.8586472762985955,0.8158549655957601,0.9014395870014309,0.2709158658981323
a4185,/mnt/data_disk/HDRData/1000hdr/HDRtest/a4185-DSC_0055-2.exr,/mnt/data_disk/ZQL/TIP_TMO_result/tradition/Reinhard(Local)/a4185.png,340,512,0.8241414389876492,0.8122931167837012,0.23910457010826147,0.8533191579566881,0.8981375119670868,0.8085008039462895,0.18504543602466583
a4188,/mnt/data_disk/HDRData/1000hdr/HDRtest/a4188-_MG_1604.exr,/mnt/data_disk/ZQL/TIP_TMO_result/tradition/Reinhard(Local)/a4188.png,341,512,0.9295681472910714,0.7422979987490148,0.9935599236011815,0.8066790898701395,0.7217539621355044,0.8916042176047747,0.2742287814617157
a4191,/mnt/data_disk/HDRData/1000hdr/HDRtest/a4191-IMG_4849.exr,/mnt/data_disk/ZQL/TIP_TMO_result/tradition/Reinhard(Local)/a4191.png,341,512,0.8669020243239288,0.7746774215440559,0.5234497503806417,0.7298811114561924,0.8873056576239327,0.5724565652884521,0.19964180886745453
a4194,/mnt/data_disk/HDRData/1000hdr/HDRtest/a4194-LS051026_day_1_arive50.exr,/mnt/data_disk/ZQL/TIP_TMO_result/tradition/Reinhard(Local)/a4194.png,341,512,0.8269471008035327,0.7043812541201062,0.4165379665978102,0.7976867789727231,0.8613202540575675,0.7340533038878787,0.17459864914417267
a4197,/mnt/data_disk/HDRData/1000hdr/HDRtest/a4197-_MG_6428.exr,/mnt/data_disk/ZQL/TIP_TMO_result/tradition/Reinhard(Local)/a4197.png,341,512,0.9709250174072425,0.9544993942505359,0.8761088592246269,0.5634343003479603,0.9786086465650067,0.14825995413091397,0.08916589617729187
a4198,/mnt/data_disk/HDRData/1000hdr/HDRtest/a4198-_DSC6401.exr,/mnt/data_disk/ZQL/TIP_TMO_result/tradition/Reinhard(Local)/a4198.png,341,512,nan,nan,0.1624608699629249,0.7558518542536643,0.7460824667136008,0.7656212417937278,0.3241758346557617
a4199,/mnt/data_disk/HDRData/1000hdr/HDRtest/a4199-jmac_MG_5003.exr,/mnt/data_disk/ZQL/TIP_TMO_result/tradition/Reinhard(Local)/a4199.png,341,512,0.781173642361523,0.7225046836380675,0.1652638411094534,0.8565081323766472,0.8394588154059527,0.8735574493473419,0.3069070875644684
a4201,/mnt/data_disk/HDRData/1000hdr/HDRtest/a4201-_DSC0120.exr,/mnt/data_disk/ZQL/TIP_TMO_result/tradition/Reinhard(Local)/a4201.png,340,512,0.8605305577521951,0.7823503236908915,0.4736225432207261,0.8475975481608415,0.7596977505992097,0.9354973457224735,0.25645843148231506
a4202,/mnt/data_disk/HDRData/1000hdr/HDRtest/a4202-DSC_0439.exr,/mnt/data_disk/ZQL/TIP_TMO_result/tradition/Reinhard(Local)/a4202.png,343,512,0.9083323900811654,0.8210291534625215,0.6964816113721407,0.6755004820156509,0.9080731576256214,0.44292780640568064,0.1785082072019577
a4204,/mnt/data_disk/HDRData/1000hdr/HDRtest/a4204-_DGW7870.exr,/mnt/data_disk/ZQL/TIP_TMO_result/tradition/Reinhard(Local)/a4204.png,341,512,0.8834050691837507,0.8155204158241235,0.5519471813954973,0.5713575700693673,0.9082889587351904,0.23442618140354407,0.1108427420258522
a4212,/mnt/data_disk/HDRData/1000hdr/HDRtest/a4212-Duggan_090321_5925.exr,/mnt/data_disk/ZQL/TIP_TMO_result/tradition/Reinhard(Local)/a4212.png,341,512,0.8276515159776514,0.7033232899795754,0.4222356206743115,0.5980755220086136,0.8934718102545764,0.30267923376265077,0.20150113105773926
a4214,/mnt/data_disk/HDRData/1000hdr/HDRtest/a4214-DSC_0267.exr,/mnt/data_disk/ZQL/TIP_TMO_result/tradition/Reinhard(Local)/a4214.png,343,512,0.8294351404127244,0.8247699558255835,0.24753951644470468,0.6292692690538456,0.9549605400241153,0.3035779980835759,0.17966879904270172
a4216,/mnt/data_disk/HDRData/1000hdr/HDRtest/a4216-DSC_0118.exr,/mnt/data_disk/ZQL/TIP_TMO_result/tradition/Reinhard(Local)/a4216.png,343,512,0.9423110970909642,0.8461042568473257,0.8751805665146174,0.6989710416645749,0.9237258187527485,0.4742162645764013,0.16877178847789764
a4220,/mnt/data_disk/HDRData/1000hdr/HDRtest/a4220-Duggan_090305_5359.exr,/mnt/data_disk/ZQL/TIP_TMO_result/tradition/Reinhard(Local)/a4220.png,341,512,0.939485237983681,0.8025068779712694,0.9396489035943439,0.5756372274978334,0.8809235196627873,0.27035093533287957,0.2186160683631897
a4228,/mnt/data_disk/HDRData/1000hdr/HDRtest/a4228-DSC_0037-2.exr,/mnt/data_disk/ZQL/TIP_TMO_result/tradition/Reinhard(Local)/a4228.png,340,512,0.924933646052559,0.9230599808527507,0.628479202028684,0.5612939576664483,0.9334155372071271,0.18917237812576954,0.0933528020977974
a4230,/mnt/data_disk/HDRData/1000hdr/HDRtest/a4230-Duggan_090426_7798.exr,/mnt/data_disk/ZQL/TIP_TMO_result/tradition/Reinhard(Local)/a4230.png,341,512,0.752863441901118,0.5261944311356462,0.3475405316298426,0.5669389936090279,0.8002420631747029,0.3336359240433528,0.24032507836818695
a4231,/mnt/data_disk/HDRData/1000hdr/HDRtest/a4231-Duggan_080326_5786.exr,/mnt/data_disk/ZQL/TIP_TMO_result/tradition/Reinhard(Local)/a4231.png,341,512,0.8827083032668726,0.7306208779098605,0.7010632227492037,0.667367432817553,0.8593912460021907,0.47534361963291527,0.12097616493701935
a4232,/mnt/data_disk/HDRData/1000hdr/HDRtest/a4232-Duggan_090323_6181.exr,/mnt/data_disk/ZQL/TIP_TMO_result/tradition/Reinhard(Local)/a4232.png,341,512,0.7488455006206123,0.716577022391396,0.05360975995188688,0.7934910672250757,0.7939009235366902,0.7930812109134611,0.2865181267261505
a4235,/mnt/data_disk/HDRData/1000hdr/HDRtest/a4235-DSC_0433.exr,/mnt/data_disk/ZQL/TIP_TMO_result/tradition/Reinhard(Local)/a4235.png,343,512,0.9188174249133803,0.7658445888123476,0.8702305869251659,0.831576265684001,0.7620318174299804,0.9011207139380216,0.19509275257587433
a4236,/mnt/data_disk/HDRData/1000hdr/HDRtest/a4236-DSC_0384.exr,/mnt/data_disk/ZQL/TIP_TMO_result/tradition/Reinhard(Local)/a4236.png,343,512,0.7964349947020658,0.8277823548602324,0.10433896623952747,0.609694138596701,0.9319439079356803,0.28744436925772177,0.12202363461256027
a4237,/mnt/data_disk/HDRData/1000hdr/HDRtest/a4237-20090417_at_18h06m01__MG_1955.exr,/mnt/data_disk/ZQL/TIP_TMO_result/tradition/Reinhard(Local)/a4237.png,341,512,0.8890058197262183,0.6467473856879212,0.9200884605811054,0.5655212797494612,0.7065909280123407,0.4244516314865817,0.18636268377304077
a4238,/mnt/data_disk/HDRData/1000hdr/HDRtest/a4238-Duggan_090320_5609.exr,/mnt/data_disk/ZQL/TIP_TMO_result/tradition/Reinhard(Local)/a4238.png,341,512,0.8522295959765205,0.79624562574075,0.4049601757741598,0.5568691273971591,0.9056336066865759,0.20810464810774235,0.17124809324741364
a4239,/mnt/data_disk/HDRData/1000hdr/HDRtest/a4239-Duggan_080114_4429.exr,/mnt/data_disk/ZQL/TIP_TMO_result/tradition/Reinhard(Local)/a4239.png,341,512,0.8961512887678986,0.7450771697346527,0.7598922400680066,0.6936271973675538,0.7846603661799338,0.602594028555174,0.17030072212219238
a4244,/mnt/data_disk/HDRData/1000hdr/HDRtest/a4244-Duggan_090504_8959.exr,/mnt/data_disk/ZQL/TIP_TMO_result/tradition/Reinhard(Local)/a4244.png,341,512,0.8484419801665096,0.7186989318810543,0.5133856173037695,0.6037773836844044,0.8337634894450202,0.3737912779237885,0.16976310312747955
a4246,/mnt/data_disk/HDRData/1000hdr/HDRtest/a4246-Duggan_090330_6226.exr,/mnt/data_disk/ZQL/TIP_TMO_result/tradition/Reinhard(Local)/a4246.png,341,512,0.736664544448338,0.6003425221040156,0.14586447469379166,0.83533410372467,0.7014993049218622,0.9691689025274777,0.19577665627002716
a4249,/mnt/data_disk/HDRData/1000hdr/HDRtest/a4249-Duggan_090322_6001.exr,/mnt/data_disk/ZQL/TIP_TMO_result/tradition/Reinhard(Local)/a4249.png,341,512,0.7762129901878796,0.6437311923085549,0.25566675269483835,0.7372469632865383,0.8301283419004567,0.6443655846726198,0.2567223012447357
a4254,/mnt/data_disk/HDRData/1000hdr/HDRtest/a4254-DSC_0066.exr,/mnt/data_disk/ZQL/TIP_TMO_result/tradition/Reinhard(Local)/a4254.png,340,512,0.9513526369131609,0.9168756663228324,0.808904359131511,0.6238729872575801,0.8952755053291283,0.352470469186032,0.08348766714334488
a4258,/mnt/data_disk/HDRData/1000hdr/HDRtest/a4258-_DSC0012-4.exr,/mnt/data_disk/ZQL/TIP_TMO_result/tradition/Reinhard(Local)/a4258.png,340,512,0.941526026796887,0.8629182784988172,0.8387967766883219,0.5889911036066768,0.9346092232119626,0.2433729840013911,0.06248246505856514
a4262,/mnt/data_disk/HDRData/1000hdr/HDRtest/a4262-DSC_0065.exr,/mnt/data_disk/ZQL/TIP_TMO_result/tradition/Reinhard(Local)/a4262.png,340,512,0.9242942762849485,0.8693771974574285,0.7137684673560044,0.578138041367731,0.8668588037606261,0.2894172789748359,0.10660809278488159
a4266,/mnt/data_disk/HDRData/1000hdr/HDRtest/a4266-DSC_0426.exr,/mnt/data_disk/ZQL/TIP_TMO_result/tradition/Reinhard(Local)/a4266.png,343,512,0.7854932565570296,0.6302590980773567,0.32378117043454024,0.696309720237257,0.8464283088513266,0.5461911316231874,0.22600416839122772
a4267,/mnt/data_disk/HDRData/1000hdr/HDRtest/a4267-20090414_at_23h13m08__MG_1367.exr,/mnt/data_disk/ZQL/TIP_TMO_result/tradition/Reinhard(Local)/a4267.png,341,512,0.7949593134783014,0.40157828012424823,0.9252882222755223,0.6900965419103596,0.5417074671803118,0.8384856166404074,0.18489746749401093
a4271,/mnt/data_disk/HDRData/1000hdr/HDRtest/a4271-Duggan_090227_5232.exr,/mnt/data_disk/ZQL/TIP_TMO_result/tradition/Reinhard(Local)/a4271.png,341,512,0.8528391323264919,0.8615500798627087,0.3126235975627853,0.7417700951210471,0.9083423360810393,0.575197854161055,0.2118663787841797
a4272,/mnt/data_disk/HDRData/1000hdr/HDRtest/a4272-DSC_0398.exr,/mnt/data_disk/ZQL/TIP_TMO_result/tradition/Reinhard(Local)/a4272.png,343,512,0.7869089235793747,0.5821353085955981,0.4197346817143877,0.8265378233592844,0.6727648065321816,0.980310840186387,0.10846444219350815
a4275,/mnt/data_disk/HDRData/1000hdr/HDRtest/a4275-09-05-12-at-17h46m31s-_MG_8890.exr,/mnt/data_disk/ZQL/TIP_TMO_result/tradition/Reinhard(Local)/a4275.png,341,512,0.9161988243808719,0.8176835870324485,0.7533704774755318,0.6332054294231911,0.8204596055115614,0.44595125333482083,0.17484070360660553
a4287,/mnt/data_disk/HDRData/1000hdr/HDRtest/a4287-_DSC0083.exr,/mnt/data_disk/ZQL/TIP_TMO_result/tradition/Reinhard(Local)/a4287.png,340,512,0.8546932857321128,0.8228801658812162,0.37760918117130426,0.7937365374368195,0.9002821867881952,0.6871908880854438,0.13805434107780457
a4291,/mnt/data_disk/HDRData/1000hdr/HDRtest/a4291-20090417_at_18h46m58__MG_2026.exr,/mnt/data_disk/ZQL/TIP_TMO_result/tradition/Reinhard(Local)/a4291.png,341,512,0.9409952680264161,0.8798631075180046,0.8047384015469716,0.6968124827293348,0.902543209523033,0.49108175593563663,0.1453186571598053
a4297,/mnt/data_disk/HDRData/1000hdr/HDRtest/a4297-_DSC0034.exr,/mnt/data_disk/ZQL/TIP_TMO_result/tradition/Reinhard(Local)/a4297.png,340,512,0.8310951097954327,0.7344885191483005,0.3888176302953193,0.766096531296881,0.886622500739106,0.6455705618546562,0.15932022035121918
a4298,/mnt/data_disk/HDRData/1000hdr/HDRtest/a4298-Duggan_090504_9090.exr,/mnt/data_disk/ZQL/TIP_TMO_result/tradition/Reinhard(Local)/a4298.png,341,512,0.8920840664202856,0.9148232383753611,0.4468484111049769,0.6390640510327019,0.9150305639409563,0.3630975381244476,0.16703149676322937
a4302,/mnt/data_disk/HDRData/1000hdr/HDRtest/a4302-20090425_at_17h00m59__MG_0404.exr,/mnt/data_disk/ZQL/TIP_TMO_result/tradition/Reinhard(Local)/a4302.png,341,512,0.9361574048057248,0.8346951072457208,0.854693456708692,0.749704001395746,0.8559463121402582,0.6434616906512338,0.25893929600715637
a4304,/mnt/data_disk/HDRData/1000hdr/HDRtest/a4304-09-05-19-at-18h03m17s-_MG_9540.exr,/mnt/data_disk/ZQL/TIP_TMO_result/tradition/Reinhard(Local)/a4304.png,341,512,0.8290136911805677,0.5392947809559656,0.7700321863468187,0.753074724717965,0.7070272709967543,0.7991221784391758,0.20707370340824127
a4307,/mnt/data_disk/HDRData/1000hdr/HDRtest/a4307-20050328_161219__MG_0628.exr,/mnt/data_disk/ZQL/TIP_TMO_result/tradition/Reinhard(Local)/a4307.png,341,512,0.7817217560604275,0.7836936456880618,0.09631823916570668,0.6128536954264259,0.8658344496133014,0.3598729412395505,0.13507665693759918
a4308,/mnt/data_disk/HDRData/1000hdr/HDRtest/a4308-Duggan_090209_4996.exr,/mnt/data_disk/ZQL/TIP_TMO_result/tradition/Reinhard(Local)/a4308.png,341,512,0.8955094914001741,0.8291358033480059,0.602113476509275,0.7393655768596239,0.8283829776432731,0.6503481760759747,0.2605445981025696
a4310,/mnt/data_disk/HDRData/1000hdr/HDRtest/a4310-DSC_0007.exr,/mnt/data_disk/ZQL/TIP_TMO_result/tradition/Reinhard(Local)/a4310.png,340,512,0.8954762218025947,0.7159563936578051,0.8139389029031999,0.6877039888452037,0.9266560266857106,0.4487519510046967,0.15067780017852783
a4312,/mnt/data_disk/HDRData/1000hdr/HDRtest/a4312-20090417_at_16h32m44__MG_1867.exr,/mnt/data_disk/ZQL/TIP_TMO_result/tradition/Reinhard(Local)/a4312.png,341,512,0.7585696466837821,0.5373711049361386,0.3552572580759854,0.4277599701936688,0.7602085978509204,0.0953113425364172,0.3379041850566864
a4317,/mnt/data_disk/HDRData/1000hdr/HDRtest/a4317-DSC_0224.exr,/mnt/data_disk/ZQL/TIP_TMO_result/tradition/Reinhard(Local)/a4317.png,343,512,0.9115297264186274,0.6994598534382671,0.9589599438311958,0.4008281171537889,0.7656613216681087,0.035994912639469086,0.14773710072040558
a4318,/mnt/data_disk/HDRData/1000hdr/HDRtest/a4318-Duggan_090321_5920.exr,/mnt/data_disk/ZQL/TIP_TMO_result/tradition/Reinhard(Local)/a4318.png,341,512,0.9461580399653766,0.912777118310216,0.7814841401932137,0.6434609731836781,0.9412547989039589,0.3456671474633974,0.13710381090641022
a4319,/mnt/data_disk/HDRData/1000hdr/HDRtest/a4319-DSC_0132.exr,/mnt/data_disk/ZQL/TIP_TMO_result/tradition/Reinhard(Local)/a4319.png,340,512,0.8991806874907358,0.7044780297902278,0.8628696872321333,0.6951055162791893,0.8476307673856803,0.5425802651726981,0.185074120759964
a4323,/mnt/data_disk/HDRData/1000hdr/HDRtest/a4323-DSC_0010.exr,/mnt/data_disk/ZQL/TIP_TMO_result/tradition/Reinhard(Local)/a4323.png,343,512,0.851245160674007,0.7352897749512446,0.5002797079060146,0.8389166545277447,0.7057074359543485,0.9721258731011408,0.2216048687696457
a4324,/mnt/data_disk/HDRData/1000hdr/HDRtest/a4324-DSC_0002.exr,/mnt/data_disk/ZQL/TIP_TMO_result/tradition/Reinhard(Local)/a4324.png,343,512,0.8908019872145385,0.7681046730006772,0.6813831196737243,0.7159691242289661,0.6897461030592973,0.742192145398635,0.16599038243293762
a4326,/mnt/data_disk/HDRData/1000hdr/HDRtest/a4326-DSC_0461.exr,/mnt/data_disk/ZQL/TIP_TMO_result/tradition/Reinhard(Local)/a4326.png,343,512,0.8401567019123999,0.5226615822440961,0.8872200352088851,0.5527012081841641,0.6559298536181918,0.4494725627501364,0.1987733691930771
a4329,/mnt/data_disk/HDRData/1000hdr/HDRtest/a4329-DSC_0028.exr,/mnt/data_disk/ZQL/TIP_TMO_result/tradition/Reinhard(Local)/a4329.png,340,512,0.9256460048741902,0.857317133960713,0.7436135855800381,0.5916590480803249,0.9240573275846327,0.2592607685760171,0.08997105807065964
a4331,/mnt/data_disk/HDRData/1000hdr/HDRtest/a4331-_DGW0241.exr,/mnt/data_disk/ZQL/TIP_TMO_result/tradition/Reinhard(Local)/a4331.png,341,512,0.9026054967498883,0.7833416524557175,0.7285992498981184,0.6200792387926861,0.8545937654189223,0.3855647121664499,0.1670105755329132
a4335,/mnt/data_disk/HDRData/1000hdr/HDRtest/a4335-Duggan_090123_4520.exr,/mnt/data_disk/ZQL/TIP_TMO_result/tradition/Reinhard(Local)/a4335.png,341,512,0.8959237363628028,0.7500886668161764,0.7486168156556247,0.4843855506077285,0.8349778801806876,0.1337932210347693,0.2765134274959564
a4338,/mnt/data_disk/HDRData/1000hdr/HDRtest/a4338-DSC_0206.exr,/mnt/data_disk/ZQL/TIP_TMO_result/tradition/Reinhard(Local)/a4338.png,343,512,0.9355192428984798,0.8733043679145944,0.7800561979013605,0.6722673050075234,0.871443859451775,0.4730907505632717,0.10614147782325745
a4339,/mnt/data_disk/HDRData/1000hdr/HDRtest/a4339-Duggan_090111_4244.exr,/mnt/data_disk/ZQL/TIP_TMO_result/tradition/Reinhard(Local)/a4339.png,341,512,0.8565995154588479,0.6802006340033216,0.6353142221339236,0.8455344979760302,0.7951547008406286,0.8959142951114317,0.23360908031463623
a4340,/mnt/data_disk/HDRData/1000hdr/HDRtest/a4340-DSC_0441.exr,/mnt/data_disk/ZQL/TIP_TMO_result/tradition/Reinhard(Local)/a4340.png,343,512,0.9179235398348562,0.7287694699548823,0.9404552179620932,0.5656961682387186,0.7992672171678626,0.33212511930957456,0.17151489853858948
a4342,/mnt/data_disk/HDRData/1000hdr/HDRtest/a4342-DSC_0043.exr,/mnt/data_disk/ZQL/TIP_TMO_result/tradition/Reinhard(Local)/a4342.png,340,512,0.9069080555245352,0.7136552208615106,0.8962498975043727,0.7978454432562627,0.7685783846586205,0.8271125018539051,0.13535656034946442
a4345,/mnt/data_disk/HDRData/1000hdr/HDRtest/a4345-Duggan_080411_5976.exr,/mnt/data_disk/ZQL/TIP_TMO_result/tradition/Reinhard(Local)/a4345.png,341,512,0.8217583160949787,0.6414959840301677,0.5015379578569683,0.7895500739706467,0.8263201909830566,0.7527799569582369,0.17903532087802887
a4354,/mnt/data_disk/HDRData/1000hdr/HDRtest/a4354-DSC_0347.exr,/mnt/data_disk/ZQL/TIP_TMO_result/tradition/Reinhard(Local)/a4354.png,343,512,0.907776010938106,0.7776790205405555,0.773071770221427,0.8884461872027668,0.8312058250354113,0.9456865493701223,0.22560057044029236
a4356,/mnt/data_disk/HDRData/1000hdr/HDRtest/a4356-_DSC1335.exr,/mnt/data_disk/ZQL/TIP_TMO_result/tradition/Reinhard(Local)/a4356.png,341,512,0.7753642406009715,0.5512815054076771,0.4177140466995362,0.6403474619983619,0.7541269454627376,0.5265679785339862,0.06608042865991592
a4357,/mnt/data_disk/HDRData/1000hdr/HDRtest/a4357-Duggan_090124_4645.exr,/mnt/data_disk/ZQL/TIP_TMO_result/tradition/Reinhard(Local)/a4357.png,341,512,0.8967204093530994,0.7930899777275847,0.6729847705440439,0.8920010712957358,0.8562400146104147,0.9277621279810568,0.18890225887298584
a4366,/mnt/data_disk/HDRData/1000hdr/HDRtest/a4366-DSC_0447.exr,/mnt/data_disk/ZQL/TIP_TMO_result/tradition/Reinhard(Local)/a4366.png,343,512,0.9360886645144078,0.9168748553938353,0.7089689937586098,0.6273979730478695,0.9203246747706534,0.33447127132508553,0.10326500236988068
a4368,/mnt/data_disk/HDRData/1000hdr/HDRtest/a4368-Duggan_090321_5857.exr,/mnt/data_disk/ZQL/TIP_TMO_result/tradition/Reinhard(Local)/a4368.png,341,512,0.9176008542916883,0.7673867859055372,0.8588753336717978,0.8543015982325981,0.8343844731651089,0.8742187233000873,0.22401084005832672
a4370,/mnt/data_disk/HDRData/1000hdr/HDRtest/a4370-DSC_0080.exr,/mnt/data_disk/ZQL/TIP_TMO_result/tradition/Reinhard(Local)/a4370.png,340,512,0.8159173958470136,0.7051337965920564,0.35596489359866157,0.8155753458440445,0.8542690642935286,0.7768816273945605,0.1596350520849228
a4374,/mnt/data_disk/HDRData/1000hdr/HDRtest/a4374-09-05-19-at-17h54m57s-_MG_9531.exr,/mnt/data_disk/ZQL/TIP_TMO_result/tradition/Reinhard(Local)/a4374.png,341,512,0.9361316983405553,0.8342200120763206,0.8554107419468856,0.7474458270887819,0.7639572339045193,0.7309344202730446,0.1254166066646576
a4377,/mnt/data_disk/HDRData/1000hdr/HDRtest/a4377-IMG_4929.exr,/mnt/data_disk/ZQL/TIP_TMO_result/tradition/Reinhard(Local)/a4377.png,341,512,0.9239976078147937,0.8909302916263296,0.6751911807713756,0.5802244248209365,0.9387175317675752,0.2217313178742977,0.12192890048027039
a4382,/mnt/data_disk/HDRData/1000hdr/HDRtest/a4382-DSC_0261.exr,/mnt/data_disk/ZQL/TIP_TMO_result/tradition/Reinhard(Local)/a4382.png,343,512,0.7817593879769175,0.7308316800298414,0.157123825557773,0.6440664621581318,0.8930580626065672,0.39507486170969647,0.188577800989151
a4384,/mnt/data_disk/HDRData/1000hdr/HDRtest/a4384-DSC_0322.exr,/mnt/data_disk/ZQL/TIP_TMO_result/tradition/Reinhard(Local)/a4384.png,343,512,0.7951781919974041,0.60389467760165,0.42322041365387,0.5394753010616955,0.8732859742756437,0.20566462784774733,0.1719553917646408
a4385,/mnt/data_disk/HDRData/1000hdr/HDRtest/a4385-_DGW9650.exr,/mnt/data_disk/ZQL/TIP_TMO_result/tradition/Reinhard(Local)/a4385.png,341,512,0.9131446210793143,0.7466274414393791,0.8703873585110783,0.8864329512424585,0.7876030114441909,0.9852628910407261,0.20078173279762268
a4386,/mnt/data_disk/HDRData/1000hdr/HDRtest/a4386-Duggan_090124_4632.exr,/mnt/data_disk/ZQL/TIP_TMO_result/tradition/Reinhard(Local)/a4386.png,341,512,0.8807720510288595,0.8141725030406419,0.5385426097548631,0.8509330211178889,0.8797929341165214,0.8220731081192565,0.1428055763244629
a4392,/mnt/data_disk/HDRData/1000hdr/HDRtest/a4392-Duggan_090331_6554.exr,/mnt/data_disk/ZQL/TIP_TMO_result/tradition/Reinhard(Local)/a4392.png,341,512,0.7858035805324578,0.7256449602411662,0.18089259810707253,0.6413816399643634,0.8553332800833156,0.42742999984541125,0.27178964018821716
a4394,/mnt/data_disk/HDRData/1000hdr/HDRtest/a4394-Duggan_090127_4837.exr,/mnt/data_disk/ZQL/TIP_TMO_result/tradition/Reinhard(Local)/a4394.png,341,512,0.9020771307651858,0.6683991334757813,0.9619102343129319,0.7767371503479782,0.8346214210825946,0.7188528796133618,0.2332070767879486
a4395,/mnt/data_disk/HDRData/1000hdr/HDRtest/a4395-Duggan_090503_8734.exr,/mnt/data_disk/ZQL/TIP_TMO_result/tradition/Reinhard(Local)/a4395.png,341,512,0.8022912786407931,0.797097346742193,0.16137596096504833,0.5242841788816747,0.942465423956086,0.10610293380726328,0.09138482809066772
a4396,/mnt/data_disk/HDRData/1000hdr/HDRtest/a4396-DSC_0073-2.exr,/mnt/data_disk/ZQL/TIP_TMO_result/tradition/Reinhard(Local)/a4396.png,340,512,0.8480229640276457,0.7670309346375355,0.42836589151345317,0.7803638834425428,0.8724976732677479,0.6882300936173379,0.14010091125965118
a4398,/mnt/data_disk/HDRData/1000hdr/HDRtest/a4398-Duggan_050709_1062.exr,/mnt/data_disk/ZQL/TIP_TMO_result/tradition/Reinhard(Local)/a4398.png,341,512,0.9040219122495066,0.7068309531716096,0.8909386260861125,0.8904780617815666,0.8299703982699339,0.9509857252931994,0.17303992807865143
a4399,/mnt/data_disk/HDRData/1000hdr/HDRtest/a4399-Duggan_080410_5879.exr,/mnt/data_disk/ZQL/TIP_TMO_result/tradition/Reinhard(Local)/a4399.png,341,512,0.9197793231072395,0.8148673342428354,0.7820983824760515,0.6341726502369286,0.8605701156002663,0.40777518487359093,0.12547770142555237
a4409,/mnt/data_disk/HDRData/1000hdr/HDRtest/a4409-Duggan_090503_8738.exr,/mnt/data_disk/ZQL/TIP_TMO_result/tradition/Reinhard(Local)/a4409.png,341,512,0.9541988263468045,0.9367425890964151,0.793830610424941,0.5811111436550687,0.9270432984737177,0.23517898883641974,0.2004130780696869
a4419,/mnt/data_disk/HDRData/1000hdr/HDRtest/a4419-_DGW0269.exr,/mnt/data_disk/ZQL/TIP_TMO_result/tradition/Reinhard(Local)/a4419.png,341,512,0.8522824017947714,0.7041776012976957,0.5627396214163382,0.7797096855095172,0.825086927557201,0.7343324434618335,0.18241289258003235
a4420,/mnt/data_disk/HDRData/1000hdr/HDRtest/a4420-DSC_0054.exr,/mnt/data_disk/ZQL/TIP_TMO_result/tradition/Reinhard(Local)/a4420.png,343,512,0.7765804005227217,0.3456422182020093,0.9863724540103933,0.44994722997948566,0.485724967504933,0.41416949245403833,0.24263609945774078
a4421,/mnt/data_disk/HDRData/1000hdr/HDRtest/a4421-Duggan_090214_5129.exr,/mnt/data_disk/ZQL/TIP_TMO_result/tradition/Reinhard(Local)/a4421.png,341,512,0.918752736423648,0.9507761387311161,0.5478826667582167,0.454965367835465,0.8038764209550215,0.10605431471590843,0.12317100912332535
a4425,/mnt/data_disk/HDRData/1000hdr/HDRtest/a4425-DSC_0007.exr,/mnt/data_disk/ZQL/TIP_TMO_result/tradition/Reinhard(Local)/a4425.png,343,512,0.885702005914976,0.8330499485717798,0.5365125552672835,0.5260357090912461,0.8257293332748218,0.2263420849076703,0.17013750970363617
a4430,/mnt/data_disk/HDRData/1000hdr/HDRtest/a4430-09-05-19-at-19h04m03s-_MG_9559.exr,/mnt/data_disk/ZQL/TIP_TMO_result/tradition/Reinhard(Local)/a4430.png,341,512,0.8532599216539822,0.6599845989631127,0.655166396448954,0.851269615061488,0.7143018571364325,0.9882373729865437,0.11390211433172226
a4431,/mnt/data_disk/HDRData/1000hdr/HDRtest/a4431-Duggan_090330_6282.exr,/mnt/data_disk/ZQL/TIP_TMO_result/tradition/Reinhard(Local)/a4431.png,341,512,0.934591262425317,0.9026316523275693,0.7232312413813021,0.795127100356235,0.8536020627912707,0.7366521379211993,0.17854590713977814
a4432,/mnt/data_disk/HDRData/1000hdr/HDRtest/a4432-Duggan_081114_3124.exr,/mnt/data_disk/ZQL/TIP_TMO_result/tradition/Reinhard(Local)/a4432.png,341,512,0.9096922444375526,0.6780282849068177,0.9937840441161069,0.846603208791781,0.7495008135160262,0.9437056040675359,0.18263138830661774
a4433,/mnt/data_disk/HDRData/1000hdr/HDRtest/a4433-Duggan_090504_8957.exr,/mnt/data_disk/ZQL/TIP_TMO_result/tradition/Reinhard(Local)/a4433.png,341,512,0.9300930869341865,0.9271485442319953,0.6540824539643605,0.5220219476298638,0.936780382870787,0.10726351238894045,0.17130047082901
a4434,/mnt/data_disk/HDRData/1000hdr/HDRtest/a4434-20090414_at_23h05m38__MG_1365.exr,/mnt/data_disk/ZQL/TIP_TMO_result/tradition/Reinhard(Local)/a4434.png,341,512,0.7997628518827761,0.6791351764460434,0.31488173527329577,0.5200172158570698,0.7140328007749918,0.3260016309391479,0.057134855538606644
a4435,/mnt/data_disk/HDRData/1000hdr/HDRtest/a4435-WP_CRW_0591.exr,/mnt/data_disk/ZQL/TIP_TMO_result/tradition/Reinhard(Local)/a4435.png,341,512,0.8032409903143582,0.7859204493272833,0.17899662159591748,0.8093334003234193,0.8787263226011772,0.7399404780456613,0.20716792345046997
a4436,/mnt/data_disk/HDRData/1000hdr/HDRtest/a4436-DSC_0153.exr,/mnt/data_disk/ZQL/TIP_TMO_result/tradition/Reinhard(Local)/a4436.png,343,512,0.9467316452174377,0.8704773193729416,0.8602355867090283,0.652343721721067,0.9168517894885884,0.3878356539535457,0.14745640754699707
a4442,/mnt/data_disk/HDRData/1000hdr/HDRtest/a4442-Duggan_080629_9284.exr,/mnt/data_disk/ZQL/TIP_TMO_result/tradition/Reinhard(Local)/a4442.png,341,512,0.8932781769258614,0.6847690771170718,0.8648741173924325,0.8420297854459078,0.8504267082951574,0.8336328625966581,0.19175134599208832
a4447,/mnt/data_disk/HDRData/1000hdr/HDRtest/a4447-Duggan_090321_5856.exr,/mnt/data_disk/ZQL/TIP_TMO_result/tradition/Reinhard(Local)/a4447.png,341,512,0.8583220935541176,0.6772981432764713,0.6518553523205389,0.7018617563344307,0.8749061184190393,0.5288173942498222,0.23938018083572388
a4448,/mnt/data_disk/HDRData/1000hdr/HDRtest/a4448-Duggan_080119_4778.exr,/mnt/data_disk/ZQL/TIP_TMO_result/tradition/Reinhard(Local)/a4448.png,341,512,0.939249137003277,0.929652413710631,0.7080966653260444,0.582842847888743,0.9097357534482556,0.2559499423292303,0.10098280012607574
a4449,/mnt/data_disk/HDRData/1000hdr/HDRtest/a4449-DSC_0030.exr,/mnt/data_disk/ZQL/TIP_TMO_result/tradition/Reinhard(Local)/a4449.png,343,512,0.8661176655810757,0.570523216717189,0.9437675607954531,0.8162603941854103,0.8244717901725763,0.8080489981982442,0.17868755757808685
a4452,/mnt/data_disk/HDRData/1000hdr/HDRtest/a4452-DSC_0084.exr,/mnt/data_disk/ZQL/TIP_TMO_result/tradition/Reinhard(Local)/a4452.png,340,512,0.7762655541233275,0.7208663308080133,0.14705740084845723,0.848974916546481,0.8723895136409526,0.8255603194520095,0.21147485077381134
a4455,/mnt/data_disk/HDRData/1000hdr/HDRtest/a4455-Duggan_080106_4325.exr,/mnt/data_disk/ZQL/TIP_TMO_result/tradition/Reinhard(Local)/a4455.png,341,512,0.9223674821666037,0.8245758889581972,0.7812235366503127,0.8952744564217736,0.8579602258065222,0.9325886870370251,0.24460293352603912
a4456,/mnt/data_disk/HDRData/1000hdr/HDRtest/a4456-DSC_0472.exr,/mnt/data_disk/ZQL/TIP_TMO_result/tradition/Reinhard(Local)/a4456.png,343,512,0.7295682516416265,0.675008386640213,0.035796941808337916,0.636133993378605,0.828679795913194,0.44358819084401613,0.19199469685554504
a4457,/mnt/data_disk/HDRData/1000hdr/HDRtest/a4457-_DSC0012-5.exr,/mnt/data_disk/ZQL/TIP_TMO_result/tradition/Reinhard(Local)/a4457.png,340,512,0.8575129678824303,0.8238495258325776,0.39130247270871304,0.6516863107554418,0.9091824316498224,0.3941901898610612,0.09642662853002548
a4465,/mnt/data_disk/HDRData/1000hdr/HDRtest/a4465-DSC_0051.exr,/mnt/data_disk/ZQL/TIP_TMO_result/tradition/Reinhard(Local)/a4465.png,340,512,0.9358370293372273,0.839297681127924,0.8439231764281263,0.6757124554217605,0.8931685662874541,0.45825634455606684,0.12864388525485992
a4466,/mnt/data_disk/HDRData/1000hdr/HDRtest/a4466-20090327_at_11h08m58__MG_0964.exr,/mnt/data_disk/ZQL/TIP_TMO_result/tradition/Reinhard(Local)/a4466.png,341,512,0.946848299212154,0.8478483724218633,0.9030196315803721,0.8206329224122628,0.8055678005681881,0.8356980442563374,0.251482754945755
a4467,/mnt/data_disk/HDRData/1000hdr/HDRtest/a4467-Duggan_090426_7873.exr,/mnt/data_disk/ZQL/TIP_TMO_result/tradition/Reinhard(Local)/a4467.png,341,512,0.9522683422398823,0.8200538135113922,0.9946787157169669,0.6004311461691685,0.8361926979716232,0.3646695943667138,0.2293078601360321
a4470,/mnt/data_disk/HDRData/1000hdr/HDRtest/a4470-Duggan_090123_4566.exr,/mnt/data_disk/ZQL/TIP_TMO_result/tradition/Reinhard(Local)/a4470.png,341,512,0.9532210076825773,0.8585830977558081,0.9268578883344084,0.9012095607314329,0.867024716322698,0.9353944051401678,0.2055579572916031
a4471,/mnt/data_disk/HDRData/1000hdr/HDRtest/a4471-Duggan_090321_5859.exr,/mnt/data_disk/ZQL/TIP_TMO_result/tradition/Reinhard(Local)/a4471.png,341,512,0.9388957727899512,0.8116207126750505,0.9176239067317864,0.4646751963498098,0.8743714963543182,0.054978896345301405,0.22412049770355225
a4472,/mnt/data_disk/HDRData/1000hdr/HDRtest/a4472-Duggan_090504_9026.exr,/mnt/data_disk/ZQL/TIP_TMO_result/tradition/Reinhard(Local)/a4472.png,341,512,0.9541667813376942,0.877180609252966,0.8987801232417508,0.7056579603172243,0.9024027170843946,0.508913203550054,0.2952849864959717
a4474,/mnt/data_disk/HDRData/1000hdr/HDRtest/a4474-09-05-19-at-18h56m31s-_MG_9553.exr,/mnt/data_disk/ZQL/TIP_TMO_result/tradition/Reinhard(Local)/a4474.png,341,512,0.8885568941540755,0.8120722953255716,0.5888442272966518,0.6507277617381452,0.9070682524683431,0.3943872710079473,0.12488072365522385
a4476,/mnt/data_disk/HDRData/1000hdr/HDRtest/a4476-IMG_4029.exr,/mnt/data_disk/ZQL/TIP_TMO_result/tradition/Reinhard(Local)/a4476.png,341,512,0.9432045606133552,0.7985564360174352,0.9735888860555117,0.7429394441527357,0.8781616257310327,0.6077172625744386,0.15077675879001617
a4477,/mnt/data_disk/HDRData/1000hdr/HDRtest/a4477-20090327_at_06h09m52__MG_0855.exr,/mnt/data_disk/ZQL/TIP_TMO_result/tradition/Reinhard(Local)/a4477.png,341,512,0.9392424319153025,0.7845490831289631,0.9740097639303313,0.826396652966914,0.7996160241270086,0.8531772818068193,0.21158790588378906
a4479,/mnt/data_disk/HDRData/1000hdr/HDRtest/a4479-09-05-19-at-18h39m42s-_MG_9545.exr,/mnt/data_disk/ZQL/TIP_TMO_result/tradition/Reinhard(Local)/a4479.png,341,512,0.7512261759728271,0.7236452674187791,0.05425633104312894,0.8679527417023685,0.7509964276850802,0.9849090557196566,0.21366368234157562
a4480,/mnt/data_disk/HDRData/1000hdr/HDRtest/a4480-Duggan_090201_4896.exr,/mnt/data_disk/ZQL/TIP_TMO_result/tradition/Reinhard(Local)/a4480.png,341,512,0.8605307269448579,0.6329439363125872,0.7591245268521061,0.44762445013325614,0.765348065724375,0.12990083454213736,0.24471363425254822
a4487,/mnt/data_disk/HDRData/1000hdr/HDRtest/a4487-Duggan_090322_5971.exr,/mnt/data_disk/ZQL/TIP_TMO_result/tradition/Reinhard(Local)/a4487.png,341,512,0.8300216880488074,0.6215453574928843,0.5905547494365374,0.7075269016105357,0.8499242995747645,0.5651295036463069,0.21033193171024323
