id,hdr_path,ldr_path,height,width,tmqi_q,tmqi_s,tmqi_n,tmqi2_q,tmqi2_s,tmqi2_n,nlpd
a2808,/mnt/data_disk/HDRData/1000hdr/HDRtest/a2808-20080516_072208__MG_0018.exr,/mnt/data_disk/ZQL/TIP_TMO_result/tradition/KimKautzConsistent/a2808.png,341,512,0.9103027564833449,0.868890973287377,0.6262531817896798,0.4821113062916073,0.8217757277036829,0.14244688487953175,0.1941288560628891
a2824,/mnt/data_disk/HDRData/1000hdr/HDRtest/a2824-dvf_035.exr,/mnt/data_disk/ZQL/TIP_TMO_result/tradition/KimKautzConsistent/a2824.png,341,512,0.8279375553489113,0.8427187479651136,0.2175295140896297,0.308761414071211,0.6152452349699143,0.0022775931725076077,0.10158323496580124
a2854,/mnt/data_disk/HDRData/1000hdr/HDRtest/a2854-NKIM_MG_7374.exr,/mnt/data_disk/ZQL/TIP_TMO_result/tradition/KimKautzConsistent/a2854.png,341,512,0.8976995388119737,0.9398686588522226,0.4422183768666823,0.7042290154127704,0.9337402411759396,0.47471778964960115,0.29956749081611633
a2861,/mnt/data_disk/HDRData/1000hdr/HDRtest/a2861-IMG_4397.exr,/mnt/data_disk/ZQL/TIP_TMO_result/tradition/KimKautzConsistent/a2861.png,341,512,0.7185263033098592,0.6114383920987725,0.06557047777003149,0.34979460867972106,0.6995892173594421,1.5156197447199846e-21,0.1718362420797348
a2862,/mnt/data_disk/HDRData/1000hdr/HDRtest/a2862-_DSC0055.exr,/mnt/data_disk/ZQL/TIP_TMO_result/tradition/KimKautzConsistent/a2862.png,340,512,0.9464522317893113,0.8739344073555264,0.8520468568650095,0.8682597069374622,0.9329779016148727,0.8035415122600517,0.18206322193145752
a2876,/mnt/data_disk/HDRData/1000hdr/HDRtest/a2876-jn_20080130_Las_Vegas_0082.exr,/mnt/data_disk/ZQL/TIP_TMO_result/tradition/KimKautzConsistent/a2876.png,341,512,0.7724565001613011,0.5565458582481676,0.3912974265334874,0.38060070631519655,0.7514585374094739,0.009742875220919243,0.2075762301683426
a2883,/mnt/data_disk/HDRData/1000hdr/HDRtest/a2883-_DSC0008-2.exr,/mnt/data_disk/ZQL/TIP_TMO_result/tradition/KimKautzConsistent/a2883.png,340,512,0.8640305536236171,0.8843930799768054,0.3385421272768622,0.496980556771472,0.8697762173125985,0.12418489623034559,0.07597410678863525
a2913,/mnt/data_disk/HDRData/1000hdr/HDRtest/a2913-IMG_0138.exr,/mnt/data_disk/ZQL/TIP_TMO_result/tradition/KimKautzConsistent/a2913.png,341,512,0.9427027168474739,0.7929149110699448,0.9814286906907126,0.942061253366361,0.9123362100000845,0.9717862967326375,0.22901558876037598
a2933,/mnt/data_disk/HDRData/1000hdr/HDRtest/a2933-_I2E7313.exr,/mnt/data_disk/ZQL/TIP_TMO_result/tradition/KimKautzConsistent/a2933.png,341,512,0.7447423447091046,0.6323161086513354,0.1344575190303103,0.33790953311482186,0.6758190662296437,6.983137032901606e-20,0.20075489580631256
a2956,/mnt/data_disk/HDRData/1000hdr/HDRtest/a2956-KE_-0035.exr,/mnt/data_disk/ZQL/TIP_TMO_result/tradition/KimKautzConsistent/a2956.png,340,512,0.9181580721142244,0.902908316290675,0.6189778326249292,0.7719415354727079,0.8485811274958414,0.6953019434495745,0.16052715480327606
a2986,/mnt/data_disk/HDRData/1000hdr/HDRtest/a2986-_DGW6325.exr,/mnt/data_disk/ZQL/TIP_TMO_result/tradition/KimKautzConsistent/a2986.png,341,512,0.8685974746675513,0.812620833451439,0.47031458201302173,0.6206531833502026,0.8864073800335253,0.35489898666687997,0.27015939354896545
a3267,/mnt/data_disk/HDRData/1000hdr/HDRtest/a3267-WP_CRW_0087.exr,/mnt/data_disk/ZQL/TIP_TMO_result/tradition/KimKautzConsistent/a3267.png,341,512,0.9189196795996636,0.8515511535892485,0.7102657531821465,0.4547264379321376,0.8689292527270354,0.040523623137239825,0.20576171576976776
a3285,/mnt/data_disk/HDRData/1000hdr/HDRtest/a3285-CRW_0291.exr,/mnt/data_disk/ZQL/TIP_TMO_result/tradition/KimKautzConsistent/a3285.png,341,512,0.9377518112098208,0.8562742769343894,0.8255251448638047,0.8271930498785274,0.8900430746474114,0.7643430251096434,0.3334653973579407
a3288,/mnt/data_disk/HDRData/1000hdr/HDRtest/a3288-KE_-0049.exr,/mnt/data_disk/ZQL/TIP_TMO_result/tradition/KimKautzConsistent/a3288.png,340,512,0.8916485374663503,0.7930509720528154,0.641205287457215,0.41622518996695274,0.8227463146642431,0.00970406526966236,0.17189450562000275
a3306,/mnt/data_disk/HDRData/1000hdr/HDRtest/a3306-IMG_4969.exr,/mnt/data_disk/ZQL/TIP_TMO_result/tradition/KimKautzConsistent/a3306.png,341,512,0.8778464026770882,0.8110448079161952,0.5264696588507694,0.41574240456440564,0.8312054389865345,0.0002793701422767677,0.20236936211585999
a3312,/mnt/data_disk/HDRData/1000hdr/HDRtest/a3312-IMG_1063.exr,/mnt/data_disk/ZQL/TIP_TMO_result/tradition/KimKautzConsistent/a3312.png,341,512,0.9145650659588539,0.7772145700812536,0.819050326589217,0.40141185324441386,0.8026345810217664,0.00018912546706123648,0.1960061937570572
a3315,/mnt/data_disk/HDRData/1000hdr/HDRtest/a3315-MB_20030906_022.exr,/mnt/data_disk/ZQL/TIP_TMO_result/tradition/KimKautzConsistent/a3315.png,341,512,0.8862868067204354,0.8147899160568647,0.5704640289007519,0.5734062973785592,0.815092093920353,0.3317205008367654,0.3041973412036896
a3316,/mnt/data_disk/HDRData/1000hdr/HDRtest/a3316-20051225_163230__MG_1390.exr,/mnt/data_disk/ZQL/TIP_TMO_result/tradition/KimKautzConsistent/a3316.png,341,512,0.9376427546513635,0.9344079786688952,0.690032203444786,0.8369819987608773,0.9362672527916539,0.7376967447301008,0.130388081073761
a3318,/mnt/data_disk/HDRData/1000hdr/HDRtest/a3318-JI2E5722.exr,/mnt/data_disk/ZQL/TIP_TMO_result/tradition/KimKautzConsistent/a3318.png,341,512,0.8980145449001877,0.9244310386668716,0.46630619980599775,0.93494125541698,0.9573991993359167,0.9124833114980433,0.12202372401952744
a3321,/mnt/data_disk/HDRData/1000hdr/HDRtest/a3321-DSC_0054.exr,/mnt/data_disk/ZQL/TIP_TMO_result/tradition/KimKautzConsistent/a3321.png,340,512,0.9426341684054931,0.9253410590982118,0.7371080215804814,0.49507892848135093,0.9373192280490689,0.05283862891363302,0.1031704768538475
a3325,/mnt/data_disk/HDRData/1000hdr/HDRtest/a3325-050819_154342__MG_5227.exr,/mnt/data_disk/ZQL/TIP_TMO_result/tradition/KimKautzConsistent/a3325.png,341,512,0.9578206129328901,0.8785775607847457,0.9214315454461691,0.8798898843194476,0.9354202138132652,0.8243595548256298,0.0941363126039505
a3337,/mnt/data_disk/HDRData/1000hdr/HDRtest/a3337-dgw_112.exr,/mnt/data_disk/ZQL/TIP_TMO_result/tradition/KimKautzConsistent/a3337.png,341,512,0.8524669402631093,0.7905001563504651,0.41527593813460023,0.405151006192208,0.8092566699706684,0.0010453424137477018,0.3564685583114624
a3339,/mnt/data_disk/HDRData/1000hdr/HDRtest/a3339-_MG_7202.exr,/mnt/data_disk/ZQL/TIP_TMO_result/tradition/KimKautzConsistent/a3339.png,341,512,0.8780196880820155,0.8411885177575827,0.47868121350497433,0.3985082995837534,0.7970136699742139,2.929193292872495e-06,0.19256256520748138
a3341,/mnt/data_disk/HDRData/1000hdr/HDRtest/a3341-jmac_DSC2590.exr,/mnt/data_disk/ZQL/TIP_TMO_result/tradition/KimKautzConsistent/a3341.png,340,512,0.9273336548133693,0.8000174139731108,0.8608980468435732,0.4221112109403658,0.8383231439495639,0.0058992779311677354,0.1048651710152626
a3344,/mnt/data_disk/HDRData/1000hdr/HDRtest/a3344-NKIM_MG_6348.exr,/mnt/data_disk/ZQL/TIP_TMO_result/tradition/KimKautzConsistent/a3344.png,341,512,0.8677709849068712,0.9166935348027946,0.31427178927272015,0.438386380084636,0.8766814317338332,9.132843543877865e-05,0.07774846255779266
a3345,/mnt/data_disk/HDRData/1000hdr/HDRtest/a3345-20080514_105211__MG_9917.exr,/mnt/data_disk/ZQL/TIP_TMO_result/tradition/KimKautzConsistent/a3345.png,341,512,0.9333996279521107,0.8933958235617971,0.7312349835498778,0.8165934109966666,0.8265533559980741,0.8066334659952591,0.16220369935035706
a3351,/mnt/data_disk/HDRData/1000hdr/HDRtest/a3351-KE_-1722.exr,/mnt/data_disk/ZQL/TIP_TMO_result/tradition/KimKautzConsistent/a3351.png,340,512,0.8786449560774265,0.8143849233276376,0.5256277432236197,0.4610877791094788,0.7828459897716862,0.1393295684472714,0.13553345203399658
a3356,/mnt/data_disk/HDRData/1000hdr/HDRtest/a3356-_DSC9981.exr,/mnt/data_disk/ZQL/TIP_TMO_result/tradition/KimKautzConsistent/a3356.png,341,512,0.902328141282543,0.834473889008462,0.6350492487753842,0.35326862601870074,0.694376095157685,0.012161156879716507,0.17527876794338226
a3360,/mnt/data_disk/HDRData/1000hdr/HDRtest/a3360-IMG_0017.exr,/mnt/data_disk/ZQL/TIP_TMO_result/tradition/KimKautzConsistent/a3360.png,341,512,0.9151826419019548,0.8534298218454891,0.6831223618487469,0.883078249701063,0.9228380296341101,0.8433184697680158,0.182220458984375
a3365,/mnt/data_disk/HDRData/1000hdr/HDRtest/a3365-jn_20071207_Xmas_House_0124.exr,/mnt/data_disk/ZQL/TIP_TMO_result/tradition/KimKautzConsistent/a3365.png,341,512,0.9227765458088705,0.7649844155466249,0.8990731656770223,0.5152226732139503,0.8309614037616735,0.1994839426662271,0.08915345370769501
a3366,/mnt/data_disk/HDRData/1000hdr/HDRtest/a3366-Ja_Pe-6.exr,/mnt/data_disk/ZQL/TIP_TMO_result/tradition/KimKautzConsistent/a3366.png,288,512,0.8963733202909921,0.8057719858986234,0.6480575804322164,0.504800290807475,0.8842859902101003,0.1253145914048496,0.23253457248210907
a3369,/mnt/data_disk/HDRData/1000hdr/HDRtest/a3369-IMG_0004.exr,/mnt/data_disk/ZQL/TIP_TMO_result/tradition/KimKautzConsistent/a3369.png,341,512,0.8535580561510063,0.8170969667307341,0.3802038088181414,0.4860519260077097,0.8804887443856967,0.09161510762972266,0.2633284330368042
a3371,/mnt/data_disk/HDRData/1000hdr/HDRtest/a3371-07-12-01-at-11h32m58s-_MG_8498.exr,/mnt/data_disk/ZQL/TIP_TMO_result/tradition/KimKautzConsistent/a3371.png,341,512,0.9230221155414946,0.8949486474276906,0.6623365094622137,0.5620539641635974,0.8674552207818431,0.25665270754535174,0.22231030464172363
a3382,/mnt/data_disk/HDRData/1000hdr/HDRtest/a3382-IMG_4032.exr,/mnt/data_disk/ZQL/TIP_TMO_result/tradition/KimKautzConsistent/a3382.png,341,512,0.9103487041661584,0.8407872795820248,0.6744296684194405,0.8104382383460886,0.877595179527734,0.7432812971644434,0.15671396255493164
a3388,/mnt/data_disk/HDRData/1000hdr/HDRtest/a3388-jmac_DSC2214.exr,/mnt/data_disk/ZQL/TIP_TMO_result/tradition/KimKautzConsistent/a3388.png,340,512,0.9520151764565068,0.8941413966092302,0.853334485822258,0.9087418206555833,0.8456356593680002,0.9718479819431665,0.13407458364963531
a3390,/mnt/data_disk/HDRData/1000hdr/HDRtest/a3390-dgw_070.exr,/mnt/data_disk/ZQL/TIP_TMO_result/tradition/KimKautzConsistent/a3390.png,341,512,0.8762528900394706,0.7435964471327978,0.6356256358718584,0.42858024168432973,0.766348115235726,0.09081236813293345,0.2332659661769867
a3391,/mnt/data_disk/HDRData/1000hdr/HDRtest/a3391-050904_125814__I2E8654.exr,/mnt/data_disk/ZQL/TIP_TMO_result/tradition/KimKautzConsistent/a3391.png,341,512,0.8287583061076108,0.7593931944750356,0.3371520591443323,0.383997802379769,0.767042885948626,0.0009527188109120164,0.21304431557655334
a3393,/mnt/data_disk/HDRData/1000hdr/HDRtest/a3393-_DSC0057.exr,/mnt/data_disk/ZQL/TIP_TMO_result/tradition/KimKautzConsistent/a3393.png,340,512,0.8302086260993405,0.8630126368103034,0.20283478544125758,0.8453831905804489,0.903883850736611,0.7868825304242867,0.1354295164346695
a3394,/mnt/data_disk/HDRData/1000hdr/HDRtest/a3394-_DGW6419.exr,/mnt/data_disk/ZQL/TIP_TMO_result/tradition/KimKautzConsistent/a3394.png,341,512,0.8835923533432408,0.7930099298710618,0.5916235995407686,0.5057943814642667,0.7595775855775607,0.2520111773509728,0.3424607217311859
a3400,/mnt/data_disk/HDRData/1000hdr/HDRtest/a3400-07-11-04-at-17h36m14s-_MG_4004.exr,/mnt/data_disk/ZQL/TIP_TMO_result/tradition/KimKautzConsistent/a3400.png,341,512,0.8673212947434198,0.7422720403777924,0.5832006684375177,0.3590299145995726,0.7180583111812981,1.5180178471146482e-06,0.20974576473236084
a3401,/mnt/data_disk/HDRData/1000hdr/HDRtest/a3401-20061111_122429__E6B5415.exr,/mnt/data_disk/ZQL/TIP_TMO_result/tradition/KimKautzConsistent/a3401.png,341,512,0.9055554534547574,0.8986407112270343,0.5493127608129058,0.620032959768366,0.9357914879294902,0.304274431607242,0.12358744442462921
a3402,/mnt/data_disk/HDRData/1000hdr/HDRtest/a3402-jmac_DSC3153.exr,/mnt/data_disk/ZQL/TIP_TMO_result/tradition/KimKautzConsistent/a3402.png,340,512,0.9441598665678922,0.8577316760004536,0.866159804163642,0.6776671385541024,0.9003572961477646,0.45497698096044026,0.1602509468793869
a3413,/mnt/data_disk/HDRData/1000hdr/HDRtest/a3413-20041217_193556__E6B0485.exr,/mnt/data_disk/ZQL/TIP_TMO_result/tradition/KimKautzConsistent/a3413.png,341,512,0.858720193722741,0.8475121971327318,0.3628020237138626,0.4344532507942579,0.8672561644928272,0.0016503370956886191,0.13975973427295685
a3414,/mnt/data_disk/HDRData/1000hdr/HDRtest/a3414-DSC_0002.exr,/mnt/data_disk/ZQL/TIP_TMO_result/tradition/KimKautzConsistent/a3414.png,340,512,0.9321526315704765,0.8698541254737628,0.7639960191822103,0.4731087938548276,0.8652693365508128,0.08094825115884247,0.1728563904762268
a3415,/mnt/data_disk/HDRData/1000hdr/HDRtest/a3415-jmac_DSC6092.exr,/mnt/data_disk/ZQL/TIP_TMO_result/tradition/KimKautzConsistent/a3415.png,340,512,0.9268901841130758,0.9266359439455573,0.6349054165891113,0.6125657894935879,0.9447923723055304,0.28033920668164525,0.12722206115722656
a3416,/mnt/data_disk/HDRData/1000hdr/HDRtest/a3416-IMG_4746.exr,/mnt/data_disk/ZQL/TIP_TMO_result/tradition/KimKautzConsistent/a3416.png,341,512,0.9057542435819039,0.7819672643659054,0.7516557226860685,0.4443131751322818,0.8730958535387442,0.015530496725819408,0.22743570804595947
a3418,/mnt/data_disk/HDRData/1000hdr/HDRtest/a3418-2004-02-07 16-53-50 CRW_3754.exr,/mnt/data_disk/ZQL/TIP_TMO_result/tradition/KimKautzConsistent/a3418.png,341,512,0.9517200052061294,0.8527728831199266,0.9274082754700549,0.6642381077866807,0.9080426296502718,0.42043358592308955,0.09333772212266922
a3422,/mnt/data_disk/HDRData/1000hdr/HDRtest/a3422-WP_CRW_0302.exr,/mnt/data_disk/ZQL/TIP_TMO_result/tradition/KimKautzConsistent/a3422.png,341,512,0.9372502849509055,0.8786853752765852,0.7819791585604084,0.640139847341338,0.8247926046720704,0.45548709001060556,0.17154920101165771
a3424,/mnt/data_disk/HDRData/1000hdr/HDRtest/a3424-CRW_0163.exr,/mnt/data_disk/ZQL/TIP_TMO_result/tradition/KimKautzConsistent/a3424.png,341,512,0.9334438049692082,0.8475834960195817,0.8125549546073815,0.4710694385738008,0.8596582246143968,0.08248065253320476,0.2571715712547302
a3431,/mnt/data_disk/HDRData/1000hdr/HDRtest/a3431-_DSC0103-3.exr,/mnt/data_disk/ZQL/TIP_TMO_result/tradition/KimKautzConsistent/a3431.png,340,512,0.9221297734763844,0.8136070782400188,0.8000302054353557,0.9389364219376604,0.9051703906490345,0.9727024532262863,0.11765861511230469
a3432,/mnt/data_disk/HDRData/1000hdr/HDRtest/a3432-jmac_DSC3184.exr,/mnt/data_disk/ZQL/TIP_TMO_result/tradition/KimKautzConsistent/a3432.png,340,512,0.9594076272682203,0.8602178028882377,0.9669736115874747,0.7864478993662753,0.8989009220702855,0.6739948766622652,0.11254323273897171
a3433,/mnt/data_disk/HDRData/1000hdr/HDRtest/a3433-NKIM_MG_8213.exr,/mnt/data_disk/ZQL/TIP_TMO_result/tradition/KimKautzConsistent/a3433.png,341,512,0.9242977986083012,0.8073915156759358,0.8262465087282105,0.7502873907069898,0.8647633227942474,0.6358114586197323,0.23858749866485596
a3439,/mnt/data_disk/HDRData/1000hdr/HDRtest/a3439-IMG_3798.exr,/mnt/data_disk/ZQL/TIP_TMO_result/tradition/KimKautzConsistent/a3439.png,341,512,0.7974078631598411,0.6972107987625337,0.2747359857569403,0.47670161441760067,0.9533995610519773,3.66778322403184e-06,0.12863005697727203
a3441,/mnt/data_disk/HDRData/1000hdr/HDRtest/a3441-dgw_064.exr,/mnt/data_disk/ZQL/TIP_TMO_result/tradition/KimKautzConsistent/a3441.png,341,512,0.8958963341663245,0.8165147541897776,0.6262156516945867,0.8601433215958847,0.8137949566801674,0.9064916865116021,0.26362499594688416
a3444,/mnt/data_disk/HDRData/1000hdr/HDRtest/a3444-WP_CRW_6313.exr,/mnt/data_disk/ZQL/TIP_TMO_result/tradition/KimKautzConsistent/a3444.png,341,512,0.8925988793647721,0.8455922225117536,0.5569856536027642,0.37777535814230273,0.7298715517924669,0.02567916449213858,0.14550137519836426
a3446,/mnt/data_disk/HDRData/1000hdr/HDRtest/a3446-050730_134124__MG_3716.exr,/mnt/data_disk/ZQL/TIP_TMO_result/tradition/KimKautzConsistent/a3446.png,341,512,0.9153944553105302,0.9372286234994734,0.5483779629898472,0.9111898618119023,0.9074481839123848,0.9149315397114198,0.19863805174827576
a3448,/mnt/data_disk/HDRData/1000hdr/HDRtest/a3448-IMG_0113.exr,/mnt/data_disk/ZQL/TIP_TMO_result/tradition/KimKautzConsistent/a3448.png,341,512,0.8544604649710421,0.7909201028568744,0.42560315703944496,0.44133585627905597,0.8826705744636324,1.1380944795113457e-06,0.20786689221858978
a3449,/mnt/data_disk/HDRData/1000hdr/HDRtest/a3449-jmac_DSC2669.exr,/mnt/data_disk/ZQL/TIP_TMO_result/tradition/KimKautzConsistent/a3449.png,340,512,0.9720182680127868,0.9306840194929038,0.9253225225349035,0.8875207913242995,0.9349832982882071,0.840058284360392,0.11873693019151688
a3451,/mnt/data_disk/HDRData/1000hdr/HDRtest/a3451-IMG_1088.exr,/mnt/data_disk/ZQL/TIP_TMO_result/tradition/KimKautzConsistent/a3451.png,341,512,0.86087219300855,0.8363100365768447,0.39075067218340087,0.44378146444031935,0.8630592153791532,0.02450371350148554,0.26240822672843933
a3452,/mnt/data_disk/HDRData/1000hdr/HDRtest/a3452-IMG_1205.exr,/mnt/data_disk/ZQL/TIP_TMO_result/tradition/KimKautzConsistent/a3452.png,341,512,0.8282356512456981,0.967069933610315,0.08682312443762923,0.47398324002039505,0.9479608406557848,5.639385005278038e-06,0.07519710808992386
a3456,/mnt/data_disk/HDRData/1000hdr/HDRtest/a3456-DSC_0006-1-2.exr,/mnt/data_disk/ZQL/TIP_TMO_result/tradition/KimKautzConsistent/a3456.png,340,512,0.8879386132648711,0.8411950143281793,0.5364370315126976,0.5246696069284635,0.8432976161043919,0.20604159775253522,0.13142023980617523
a3457,/mnt/data_disk/HDRData/1000hdr/HDRtest/a3457-NKIM_025.exr,/mnt/data_disk/ZQL/TIP_TMO_result/tradition/KimKautzConsistent/a3457.png,341,512,0.9743839108205853,0.9089785433882074,0.9811664860003952,0.8499470349422363,0.9219841596997619,0.7779099101847108,0.18141184747219086
a3460,/mnt/data_disk/HDRData/1000hdr/HDRtest/a3460-20080514_105637__MG_9928.exr,/mnt/data_disk/ZQL/TIP_TMO_result/tradition/KimKautzConsistent/a3460.png,341,512,0.9256054443896428,0.840139446986323,0.7741182522478112,0.44771400361122704,0.881082905928503,0.01434510129395106,0.17501404881477356
a3462,/mnt/data_disk/HDRData/1000hdr/HDRtest/a3462-dgw_051.exr,/mnt/data_disk/ZQL/TIP_TMO_result/tradition/KimKautzConsistent/a3462.png,341,512,0.9392538352354924,0.7764156434002082,0.9907400018603374,0.5226060861566157,0.8351050174298682,0.2101071548833632,0.2866261899471283
a3464,/mnt/data_disk/HDRData/1000hdr/HDRtest/a3464-tc_DSC2199.exr,/mnt/data_disk/ZQL/TIP_TMO_result/tradition/KimKautzConsistent/a3464.png,340,512,0.921279175661746,0.7189987959070969,0.9849583904442184,0.7411848930360174,0.8442791770344394,0.6380906090375955,0.15808416903018951
a3465,/mnt/data_disk/HDRData/1000hdr/HDRtest/a3465-20060619_114622__MG_9153.exr,/mnt/data_disk/ZQL/TIP_TMO_result/tradition/KimKautzConsistent/a3465.png,341,512,0.9158323982098737,0.9031114367337789,0.6043472211365125,0.9071420549990592,0.8835815813385532,0.9307025286595653,0.17127789556980133
a3466,/mnt/data_disk/HDRData/1000hdr/HDRtest/a3466-IMG_3941.exr,/mnt/data_disk/ZQL/TIP_TMO_result/tradition/KimKautzConsistent/a3466.png,341,512,0.9712259691460414,0.8981595747438657,0.9788756998690534,0.75012121630181,0.9330836306963937,0.5671588019072262,0.16918691992759705
a3468,/mnt/data_disk/HDRData/1000hdr/HDRtest/a3468-IMG_4793.exr,/mnt/data_disk/ZQL/TIP_TMO_result/tradition/KimKautzConsistent/a3468.png,341,512,0.9185844334618237,0.8772513422390228,0.6639752486202841,0.667764207923804,0.9164300902678345,0.41909832557977333,0.14321041107177734
a3470,/mnt/data_disk/HDRData/1000hdr/HDRtest/a3470-IMG_0835.exr,/mnt/data_disk/ZQL/TIP_TMO_result/tradition/KimKautzConsistent/a3470.png,341,512,0.8878269961465576,0.8042480684500645,0.5978933840575631,0.39638594089861745,0.789802460080085,0.0029694217171498893,0.24092940986156464
a3474,/mnt/data_disk/HDRData/1000hdr/HDRtest/a3474-jmac_MG_1125.exr,/mnt/data_disk/ZQL/TIP_TMO_result/tradition/KimKautzConsistent/a3474.png,341,512,0.9267844586737455,0.9267213609382764,0.634111570191951,0.9596058100684015,0.9422791237396698,0.9769324963971332,0.11062848567962646
a3477,/mnt/data_disk/HDRData/1000hdr/HDRtest/a3477-_DSC0048.exr,/mnt/data_disk/ZQL/TIP_TMO_result/tradition/KimKautzConsistent/a3477.png,340,512,0.890409929679217,0.8080636202181445,0.6070857919894,0.608088349121158,0.8899136595202637,0.3262630387220521,0.1763840764760971
a3483,/mnt/data_disk/HDRData/1000hdr/HDRtest/a3483-_DSC0023-1.exr,/mnt/data_disk/ZQL/TIP_TMO_result/tradition/KimKautzConsistent/a3483.png,340,512,0.8937228154599188,0.7832384655003293,0.6719698697450389,0.7957932142220071,0.8953834227153237,0.6962030057286905,0.10303371399641037
a3486,/mnt/data_disk/HDRData/1000hdr/HDRtest/a3486-jmac_DSC3897.exr,/mnt/data_disk/ZQL/TIP_TMO_result/tradition/KimKautzConsistent/a3486.png,343,512,0.8468305730709478,0.7722384970033705,0.41337912812099514,0.4427871774926351,0.8699646144397304,0.015609740545539789,0.19380047917366028
a3491,/mnt/data_disk/HDRData/1000hdr/HDRtest/a3491-DSC_0091.exr,/mnt/data_disk/ZQL/TIP_TMO_result/tradition/KimKautzConsistent/a3491.png,340,512,0.9611152902286321,0.8878767228996327,0.9271229267535418,0.910834726657214,0.8835714328871389,0.9380980204272891,0.16652940213680267
a3493,/mnt/data_disk/HDRData/1000hdr/HDRtest/a3493-IMG_0279.exr,/mnt/data_disk/ZQL/TIP_TMO_result/tradition/KimKautzConsistent/a3493.png,341,512,0.8959389633798337,0.781673525857875,0.6889026771146683,0.4283393326946652,0.8566435561564497,3.5109232880674535e-05,0.21307764947414398
a3499,/mnt/data_disk/HDRData/1000hdr/HDRtest/a3499-jn_2007_12_11__BU_CRUISE_019.exr,/mnt/data_disk/ZQL/TIP_TMO_result/tradition/KimKautzConsistent/a3499.png,341,512,0.9258414237731608,0.7477152799615773,0.9558814899892063,0.8659691197469996,0.8515780516935603,0.8803601878004391,0.13370057940483093
a3503,/mnt/data_disk/HDRData/1000hdr/HDRtest/a3503-050731_155906__I2E5378.exr,/mnt/data_disk/ZQL/TIP_TMO_result/tradition/KimKautzConsistent/a3503.png,341,512,0.9413578128902997,0.9004370304383886,0.7710936902846222,0.8755759022574479,0.802056468189635,0.9490953363252607,0.16580259799957275
a3504,/mnt/data_disk/HDRData/1000hdr/HDRtest/a3504-IMG_0903.exr,/mnt/data_disk/ZQL/TIP_TMO_result/tradition/KimKautzConsistent/a3504.png,341,512,0.933310668086951,0.8967216960998918,0.7249866686176318,0.9578325766570943,0.9374937290230494,0.9781714242911393,0.15805324912071228
a3505,/mnt/data_disk/HDRData/1000hdr/HDRtest/a3505-CRW_0288.exr,/mnt/data_disk/ZQL/TIP_TMO_result/tradition/KimKautzConsistent/a3505.png,341,512,0.87888930346764,0.8519967215017759,0.4667453967701059,0.5575977586086509,0.9086181573615517,0.20657735985575007,0.23225413262844086
a3508,/mnt/data_disk/HDRData/1000hdr/HDRtest/a3508-NKIM_095.exr,/mnt/data_disk/ZQL/TIP_TMO_result/tradition/KimKautzConsistent/a3508.png,341,512,0.8767329200434935,0.840259763515297,0.4727875464862038,0.5382011869062966,0.8880524341533101,0.18834993965928296,0.2966153025627136
a3509,/mnt/data_disk/HDRData/1000hdr/HDRtest/a3509-_DGW6337.exr,/mnt/data_disk/ZQL/TIP_TMO_result/tradition/KimKautzConsistent/a3509.png,341,512,0.9606884436870783,0.8745489812547336,0.9488888537153932,0.7574097966069453,0.8712681745726811,0.6435514186412093,0.358320415019989
a3510,/mnt/data_disk/HDRData/1000hdr/HDRtest/a3510-JI2E4365.exr,/mnt/data_disk/ZQL/TIP_TMO_result/tradition/KimKautzConsistent/a3510.png,341,512,0.9190916621361036,0.8164491340288068,0.7746271420576906,0.7257736690584349,0.7601905904300208,0.691356747686849,0.25985804200172424
a3511,/mnt/data_disk/HDRData/1000hdr/HDRtest/a3511-jmac_MG_0542.exr,/mnt/data_disk/ZQL/TIP_TMO_result/tradition/KimKautzConsistent/a3511.png,341,512,0.9395960652611131,0.8460914086072027,0.8567275864677701,0.4592453750200768,0.8679586884395358,0.05053206160061774,0.12229807674884796
a3512,/mnt/data_disk/HDRData/1000hdr/HDRtest/a3512-LSstone_060805_9380.exr,/mnt/data_disk/ZQL/TIP_TMO_result/tradition/KimKautzConsistent/a3512.png,341,512,0.898880281450571,0.8321117005934198,0.6177496638432546,0.42708109789615256,0.8374300637825625,0.016732132009742624,0.1482604742050171
a3521,/mnt/data_disk/HDRData/1000hdr/HDRtest/a3521-JI2E5091.exr,/mnt/data_disk/ZQL/TIP_TMO_result/tradition/KimKautzConsistent/a3521.png,341,512,0.9097346874215275,0.7405628671542944,0.8595614002685127,0.5458042716872706,0.8472840153056463,0.24432452806889488,0.15157808363437653
a3522,/mnt/data_disk/HDRData/1000hdr/HDRtest/a3522-IMG_4772.exr,/mnt/data_disk/ZQL/TIP_TMO_result/tradition/KimKautzConsistent/a3522.png,341,512,0.9711240203279425,0.8886846030558175,0.9958370223488862,0.9112909306160106,0.8875433372212124,0.9350385240108089,0.12067074328660965
a3525,/mnt/data_disk/HDRData/1000hdr/HDRtest/a3525-IMG_0713.exr,/mnt/data_disk/ZQL/TIP_TMO_result/tradition/KimKautzConsistent/a3525.png,341,512,0.8622226179033454,0.954212869344239,0.24039397951612612,0.4777683869538276,0.9555365204778192,2.534298359611388e-07,0.18840712308883667
a3529,/mnt/data_disk/HDRData/1000hdr/HDRtest/a3529-WP_CRW_0659.exr,/mnt/data_disk/ZQL/TIP_TMO_result/tradition/KimKautzConsistent/a3529.png,341,512,0.9122470185300691,0.9041465625133256,0.5808474524707264,0.6288924207325666,0.902250881398857,0.35553396006627624,0.1607569307088852
a3531,/mnt/data_disk/HDRData/1000hdr/HDRtest/a3531-07-06-30-at-04h02m08s-_MG_1936.exr,/mnt/data_disk/ZQL/TIP_TMO_result/tradition/KimKautzConsistent/a3531.png,341,512,0.8365535846348677,0.7964060925990538,0.3219351989572609,0.34711771031341987,0.6942272624138193,8.158213020521421e-06,0.19317112863063812
a3540,/mnt/data_disk/HDRData/1000hdr/HDRtest/a3540-07-12-02-at-14h05m14s-_MG_8949.exr,/mnt/data_disk/ZQL/TIP_TMO_result/tradition/KimKautzConsistent/a3540.png,341,512,0.9303161631844568,0.8528447377066841,0.7822259790996687,0.7168420239290172,0.7923758461336223,0.641308201724412,0.2310844510793686
a3541,/mnt/data_disk/HDRData/1000hdr/HDRtest/a3541-IMG_4107.exr,/mnt/data_disk/ZQL/TIP_TMO_result/tradition/KimKautzConsistent/a3541.png,341,512,0.9319207386351803,0.8390490345089903,0.8180502877171484,0.7004180998277936,0.811325103062665,0.5895110965929222,0.12979069352149963
a3545,/mnt/data_disk/HDRData/1000hdr/HDRtest/a3545-jmac_DSC0491.exr,/mnt/data_disk/ZQL/TIP_TMO_result/tradition/KimKautzConsistent/a3545.png,340,512,0.9176720142067507,0.859186075940533,0.6890019361365042,0.4684694637196394,0.9107567444451714,0.02618218299410736,0.1057475209236145
a3548,/mnt/data_disk/HDRData/1000hdr/HDRtest/a3548-CRW_0993.exr,/mnt/data_disk/ZQL/TIP_TMO_result/tradition/KimKautzConsistent/a3548.png,341,512,0.9435627778446408,0.8654126862443684,0.8480012979417033,0.8722494101051348,0.9285293207129733,0.8159694994972962,0.12279251217842102
a3549,/mnt/data_disk/HDRData/1000hdr/HDRtest/a3549-KE_-2455.exr,/mnt/data_disk/ZQL/TIP_TMO_result/tradition/KimKautzConsistent/a3549.png,340,512,0.9783394119759906,0.9357116591302722,0.9604383379216015,0.9554595203775276,0.9181291329173203,0.9927899078377348,0.12174862623214722
a3557,/mnt/data_disk/HDRData/1000hdr/HDRtest/a3557-IMG_1507.exr,/mnt/data_disk/ZQL/TIP_TMO_result/tradition/KimKautzConsistent/a3557.png,341,512,0.9224175024405206,0.9470699323568219,0.5754962070230705,0.7449279445444341,0.9125710765974572,0.5772848124914112,0.09407498687505722
a3563,/mnt/data_disk/HDRData/1000hdr/HDRtest/a3563-07-11-30-at-15h55m08s-_MG_8326.exr,/mnt/data_disk/ZQL/TIP_TMO_result/tradition/KimKautzConsistent/a3563.png,341,512,0.8491259515897385,0.8822780530863702,0.2667413237839404,0.7339237055418237,0.8258092094840639,0.6420382015995835,0.16807711124420166
a3571,/mnt/data_disk/HDRData/1000hdr/HDRtest/a3571-IMG_0290.exr,/mnt/data_disk/ZQL/TIP_TMO_result/tradition/KimKautzConsistent/a3571.png,341,512,0.8235355612884766,0.7455010340718655,0.3315250638838694,0.393264008141513,0.7864805461063785,4.747017664755062e-05,0.07301535457372665
a3575,/mnt/data_disk/HDRData/1000hdr/HDRtest/a3575-IMG_0834.exr,/mnt/data_disk/ZQL/TIP_TMO_result/tradition/KimKautzConsistent/a3575.png,341,512,0.9235667915966872,0.795011065455686,0.8450641476598166,0.427751094758448,0.8484621777692232,0.007040011747672866,0.23122356832027435
a3576,/mnt/data_disk/HDRData/1000hdr/HDRtest/a3576-LS051026_day_15_LL003.exr,/mnt/data_disk/ZQL/TIP_TMO_result/tradition/KimKautzConsistent/a3576.png,341,512,0.9266407400865196,0.8606748378752348,0.7441601756196592,0.913180566044441,0.8909891400811999,0.9353719920076821,0.1781930774450302
a3585,/mnt/data_disk/HDRData/1000hdr/HDRtest/a3585-IMG_4211.exr,/mnt/data_disk/ZQL/TIP_TMO_result/tradition/KimKautzConsistent/a3585.png,341,512,0.8063052222990992,0.6562551411187325,0.3877702449857858,0.4713196413500718,0.6977483520823533,0.2448909306177903,0.145724356174469
a3586,/mnt/data_disk/HDRData/1000hdr/HDRtest/a3586-IMG_4591.exr,/mnt/data_disk/ZQL/TIP_TMO_result/tradition/KimKautzConsistent/a3586.png,341,512,0.8499286028657116,0.8336199597351964,0.33684850458443305,0.4280011383073672,0.8347624919252526,0.02123978468948171,0.1888267546892166
a3588,/mnt/data_disk/HDRData/1000hdr/HDRtest/a3588-CRW_0983.exr,/mnt/data_disk/ZQL/TIP_TMO_result/tradition/KimKautzConsistent/a3588.png,341,512,0.8985760689427476,0.8757393002088878,0.5439255957708978,0.6031863489575774,0.9248783086316209,0.28149438928353393,0.15094703435897827
a3591,/mnt/data_disk/HDRData/1000hdr/HDRtest/a3591-07-11-30-at-16h19m33s-_MG_8384.exr,/mnt/data_disk/ZQL/TIP_TMO_result/tradition/KimKautzConsistent/a3591.png,341,512,0.8730860943050608,0.8991688482309367,0.36550947117546123,0.5798025586757605,0.8450525788535395,0.3145525384979814,0.2000616043806076
a3593,/mnt/data_disk/HDRData/1000hdr/HDRtest/a3593-_DSC5689.exr,/mnt/data_disk/ZQL/TIP_TMO_result/tradition/KimKautzConsistent/a3593.png,341,512,0.8137222979433804,0.7911738781473513,0.21874049943972954,0.4059391317046941,0.7933568114951803,0.01852145191420783,0.2557775378227234
a3600,/mnt/data_disk/HDRData/1000hdr/HDRtest/a3600-JI2E3496.exr,/mnt/data_disk/ZQL/TIP_TMO_result/tradition/KimKautzConsistent/a3600.png,341,512,0.8933503295421862,0.8726964524637948,0.5178972833096788,0.5653527648257173,0.7935197342888081,0.3371857953626266,0.22293777763843536
a3602,/mnt/data_disk/HDRData/1000hdr/HDRtest/a3602-_DSC9759.exr,/mnt/data_disk/ZQL/TIP_TMO_result/tradition/KimKautzConsistent/a3602.png,341,512,0.8412822099290684,0.8230560404302792,0.30772434779917207,0.3573055903276959,0.7142930353679442,0.0003181452874475035,0.15144868195056915
a3605,/mnt/data_disk/HDRData/1000hdr/HDRtest/a3605-IMG_2772.exr,/mnt/data_disk/ZQL/TIP_TMO_result/tradition/KimKautzConsistent/a3605.png,341,512,0.9212399785012999,0.8321565372431607,0.7599346569353344,0.5571319025602345,0.9371431015449011,0.17712070357556783,0.12407588958740234
a3608,/mnt/data_disk/HDRData/1000hdr/HDRtest/a3608-NKIM_MG_7004.exr,/mnt/data_disk/ZQL/TIP_TMO_result/tradition/KimKautzConsistent/a3608.png,341,512,0.961253528086323,0.9138027525699772,0.8811874316451713,0.7274694828079964,0.8926583528767046,0.5622806127392882,0.11247178167104721
a3609,/mnt/data_disk/HDRData/1000hdr/HDRtest/a3609-IMG_1702.exr,/mnt/data_disk/ZQL/TIP_TMO_result/tradition/KimKautzConsistent/a3609.png,341,512,0.9056480142097043,0.919103204157553,0.5183134541543505,0.922608745185957,0.8755582779053177,0.9696592124665963,0.1506299525499344
a3613,/mnt/data_disk/HDRData/1000hdr/HDRtest/a3613-_DSC3264.exr,/mnt/data_disk/ZQL/TIP_TMO_result/tradition/KimKautzConsistent/a3613.png,341,512,0.8694181557614816,0.816954370115009,0.46804417145457616,0.37817682622803916,0.7563025951568522,5.1057299226180776e-05,0.21977117657661438
a3623,/mnt/data_disk/HDRData/1000hdr/HDRtest/a3623-20051220_201437__MG_9239.exr,/mnt/data_disk/ZQL/TIP_TMO_result/tradition/KimKautzConsistent/a3623.png,341,512,0.9015037409069946,0.7974486737334584,0.6954527248448635,0.4980820593366788,0.8674098008304719,0.1287543178428857,0.28880247473716736
a3624,/mnt/data_disk/HDRData/1000hdr/HDRtest/a3624-DSC_0070.exr,/mnt/data_disk/ZQL/TIP_TMO_result/tradition/KimKautzConsistent/a3624.png,340,512,0.9721524619264298,0.936991735565702,0.9150690792354073,0.722959489010678,0.9392734078460477,0.5066455701753082,0.1204986721277237
a3628,/mnt/data_disk/HDRData/1000hdr/HDRtest/a3628-_DSC9996.exr,/mnt/data_disk/ZQL/TIP_TMO_result/tradition/KimKautzConsistent/a3628.png,341,512,0.8523854759382588,0.7741211693390917,0.44110763480993936,0.3080498542668177,0.6160990333698254,6.751638100178566e-07,0.19871702790260315
a3633,/mnt/data_disk/HDRData/1000hdr/HDRtest/a3633-JI2E3892.exr,/mnt/data_disk/ZQL/TIP_TMO_result/tradition/KimKautzConsistent/a3633.png,341,512,0.8400599787251872,0.8482948506118513,0.26725387385888716,0.4157805360360474,0.7913698116577774,0.04019126041431737,0.11939804255962372
a3634,/mnt/data_disk/HDRData/1000hdr/HDRtest/a3634-IMG_4959.exr,/mnt/data_disk/ZQL/TIP_TMO_result/tradition/KimKautzConsistent/a3634.png,341,512,0.9250390317588317,0.877297398026001,0.704913198019659,0.8989265141050096,0.7988367409124778,0.9990162872975413,0.25864964723587036
a3635,/mnt/data_disk/HDRData/1000hdr/HDRtest/a3635-IMG_4031.exr,/mnt/data_disk/ZQL/TIP_TMO_result/tradition/KimKautzConsistent/a3635.png,341,512,0.920662209516705,0.8294933144162308,0.7609934900673107,0.4320834266626257,0.8590818816252109,0.0050849717000404785,0.26404690742492676
a3636,/mnt/data_disk/HDRData/1000hdr/HDRtest/a3636-20041222_195608__E6B6989.exr,/mnt/data_disk/ZQL/TIP_TMO_result/tradition/KimKautzConsistent/a3636.png,341,512,0.8183504609809775,0.8084912051363069,0.21733633468549693,0.3803109679153987,0.7602104086400231,0.00041152719077435987,0.12867498397827148
a3641,/mnt/data_disk/HDRData/1000hdr/HDRtest/a3641-_DSC4628.exr,/mnt/data_disk/ZQL/TIP_TMO_result/tradition/KimKautzConsistent/a3641.png,341,512,0.9358831662094008,0.8629117110145943,0.8010138085009469,0.6194512529577927,0.9169675595448763,0.32193494637070913,0.2927488088607788
a3644,/mnt/data_disk/HDRData/1000hdr/HDRtest/a3644-jmac_MG_5959.exr,/mnt/data_disk/ZQL/TIP_TMO_result/tradition/KimKautzConsistent/a3644.png,341,512,0.9280229461607025,0.8523975440951986,0.7679189041369736,0.5345740873041266,0.9066656098581727,0.16248256475008055,0.21776175498962402
a3649,/mnt/data_disk/HDRData/1000hdr/HDRtest/a3649-WP_CRW_0691.exr,/mnt/data_disk/ZQL/TIP_TMO_result/tradition/KimKautzConsistent/a3649.png,341,512,0.967222304847398,0.921833683667609,0.9079011104760184,0.6014906694571545,0.9588818873994073,0.24409945151490173,0.09326295554637909
a3654,/mnt/data_disk/HDRData/1000hdr/HDRtest/a3654-IMG_0777.exr,/mnt/data_disk/ZQL/TIP_TMO_result/tradition/KimKautzConsistent/a3654.png,341,512,0.9267324976010385,0.8802872871484861,0.7106579437328202,0.9277567240368119,0.8836869864171192,0.9718264616565044,0.17230598628520966
a3658,/mnt/data_disk/HDRData/1000hdr/HDRtest/a3658-jmac_MG_0418.exr,/mnt/data_disk/ZQL/TIP_TMO_result/tradition/KimKautzConsistent/a3658.png,341,512,0.9251583964103258,0.9000789690055698,0.6672923213272999,0.8648956607670506,0.8537158034700834,0.8760755180640177,0.13208246231079102
a3670,/mnt/data_disk/HDRData/1000hdr/HDRtest/a3670-jmac_MG_5917.exr,/mnt/data_disk/ZQL/TIP_TMO_result/tradition/KimKautzConsistent/a3670.png,341,512,0.8983501551719572,0.9359702147056712,0.45145356127056707,0.4386868111176481,0.8769032326561416,0.0004703895791546327,0.11541517078876495
a3673,/mnt/data_disk/HDRData/1000hdr/HDRtest/a3673-_DSC1109.exr,/mnt/data_disk/ZQL/TIP_TMO_result/tradition/KimKautzConsistent/a3673.png,341,512,0.9288762028135236,0.861020027791246,0.7581458334439268,0.6185460365425478,0.8946330577911769,0.3424590152939187,0.3420094847679138
a3677,/mnt/data_disk/HDRData/1000hdr/HDRtest/a3677-IMG_4696.exr,/mnt/data_disk/ZQL/TIP_TMO_result/tradition/KimKautzConsistent/a3677.png,341,512,0.8904725892737788,0.8601687750298525,0.520830217213313,0.46852013459086866,0.8914937230288145,0.045546546152922855,0.17339755594730377
a3686,/mnt/data_disk/HDRData/1000hdr/HDRtest/a3686-jmac_MG_0353.exr,/mnt/data_disk/ZQL/TIP_TMO_result/tradition/KimKautzConsistent/a3686.png,341,512,0.9382033301632291,0.8655981101544701,0.8116423894251658,0.5642456438145468,0.9022364146760409,0.22625487295305274,0.3060586452484131
a3688,/mnt/data_disk/HDRData/1000hdr/HDRtest/a3688-jmac_MG_1424.exr,/mnt/data_disk/ZQL/TIP_TMO_result/tradition/KimKautzConsistent/a3688.png,341,512,0.9511399686742519,0.9337832266340247,0.7785975329133717,0.7665596200502184,0.940111806423526,0.5930074336769108,0.17901559174060822
a3689,/mnt/data_disk/HDRData/1000hdr/HDRtest/a3689-JI2E3798.exr,/mnt/data_disk/ZQL/TIP_TMO_result/tradition/KimKautzConsistent/a3689.png,341,512,0.7890789220532063,0.7318526656469714,0.1869061298568761,0.40764930053424836,0.815297815709834,7.853586627496081e-07,0.12033428251743317
a3696,/mnt/data_disk/HDRData/1000hdr/HDRtest/a3696-jmac_DSC1242.exr,/mnt/data_disk/ZQL/TIP_TMO_result/tradition/KimKautzConsistent/a3696.png,343,512,0.907937909630816,0.8860773115647093,0.5835994196363913,0.8756055055927515,0.9129099708838493,0.8383010403016538,0.17127680778503418
a3697,/mnt/data_disk/HDRData/1000hdr/HDRtest/a3697-07-11-24-at-16h05m35s-_MG_6729.exr,/mnt/data_disk/ZQL/TIP_TMO_result/tradition/KimKautzConsistent/a3697.png,341,512,0.9374421515851143,0.8781483524006626,0.7841950858557037,0.9442353713764025,0.9327102755737317,0.9557604671790731,0.1708536595106125
a3700,/mnt/data_disk/HDRData/1000hdr/HDRtest/a3700-tc_DSC1892.exr,/mnt/data_disk/ZQL/TIP_TMO_result/tradition/KimKautzConsistent/a3700.png,340,512,0.9554825915381093,0.8548580148724763,0.9496644765888026,0.6036383922520521,0.8447193151947959,0.3625574693093082,0.1389176994562149
a3706,/mnt/data_disk/HDRData/1000hdr/HDRtest/a3706-dgw_065.exr,/mnt/data_disk/ZQL/TIP_TMO_result/tradition/KimKautzConsistent/a3706.png,341,512,0.9114716650702492,0.8309114584899019,0.6989392247176345,0.4735558687384388,0.8667811383330893,0.08033059914378828,0.316460520029068
a3707,/mnt/data_disk/HDRData/1000hdr/HDRtest/a3707-NKIM_121.exr,/mnt/data_disk/ZQL/TIP_TMO_result/tradition/KimKautzConsistent/a3707.png,341,512,0.8996139430070527,0.6968817186906083,0.8820166108075509,0.34083920682050006,0.6766797576040275,0.0049986560369725775,0.22709333896636963
a3710,/mnt/data_disk/HDRData/1000hdr/HDRtest/a3710-07-11-20-at-16h52m05s-_MG_5742.exr,/mnt/data_disk/ZQL/TIP_TMO_result/tradition/KimKautzConsistent/a3710.png,341,512,0.8685541603049156,0.835401281822782,0.43424606649965236,0.5006752783190747,0.9370717952972264,0.06427876134092299,0.09768698364496231
a3712,/mnt/data_disk/HDRData/1000hdr/HDRtest/a3712-IMG_4852.exr,/mnt/data_disk/ZQL/TIP_TMO_result/tradition/KimKautzConsistent/a3712.png,341,512,0.9627634357086176,0.8761165545870128,0.9604786440491185,0.768953961549538,0.8605803597301566,0.6773275633689193,0.13880619406700134
a3715,/mnt/data_disk/HDRData/1000hdr/HDRtest/a3715-_MG_7773.exr,/mnt/data_disk/ZQL/TIP_TMO_result/tradition/KimKautzConsistent/a3715.png,341,512,0.8327403948048017,0.7898934456352552,0.3120525444252218,0.32575610342001005,0.6515121596050213,4.7234998786164146e-08,0.24829865992069244
a3716,/mnt/data_disk/HDRData/1000hdr/HDRtest/a3716-IMG_0301.exr,/mnt/data_disk/ZQL/TIP_TMO_result/tradition/KimKautzConsistent/a3716.png,341,512,0.909833927655109,0.8340732494681987,0.682917385140411,0.5184536971835559,0.7528335640322533,0.2840738303348585,0.09336388111114502
a3719,/mnt/data_disk/HDRData/1000hdr/HDRtest/a3719-07-11-29-at-15h43m28s-_MG_8075.exr,/mnt/data_disk/ZQL/TIP_TMO_result/tradition/KimKautzConsistent/a3719.png,341,512,0.8999423058796929,0.898475013046648,0.5164088971994141,0.4578259268748731,0.915415245574986,0.000236608174760203,0.3355347216129303
a3720,/mnt/data_disk/HDRData/1000hdr/HDRtest/a3720-jmac_MG_0851.exr,/mnt/data_disk/ZQL/TIP_TMO_result/tradition/KimKautzConsistent/a3720.png,341,512,0.9619534851455669,0.8893097843966721,0.930307630589413,0.9483157462358962,0.9257501755603591,0.9708813169114332,0.18638555705547333
a3721,/mnt/data_disk/HDRData/1000hdr/HDRtest/a3721-KE_-01.exr,/mnt/data_disk/ZQL/TIP_TMO_result/tradition/KimKautzConsistent/a3721.png,340,512,0.9573763553236069,0.8422561670629457,0.987216956167433,0.7731755598828074,0.8341229928213926,0.7122281269442223,0.22408688068389893
a3724,/mnt/data_disk/HDRData/1000hdr/HDRtest/a3724-20060101_092918__E6B0305.exr,/mnt/data_disk/ZQL/TIP_TMO_result/tradition/KimKautzConsistent/a3724.png,341,512,0.9645412577005381,0.910742074737953,0.9092503265353922,0.9188956602137637,0.9478396992806437,0.8899516211468838,0.26982787251472473
a3727,/mnt/data_disk/HDRData/1000hdr/HDRtest/a3727-2004-01-18 11-49-42 CRW_2889.exr,/mnt/data_disk/ZQL/TIP_TMO_result/tradition/KimKautzConsistent/a3727.png,341,512,0.8442209588662627,0.9526059640945826,0.1622771901902771,0.46459644447543513,0.9291394302383863,5.3458712483969754e-05,0.15942861139774323
a3729,/mnt/data_disk/HDRData/1000hdr/HDRtest/a3729-07-11-24-at-21h39m19s-_MG_6853.exr,/mnt/data_disk/ZQL/TIP_TMO_result/tradition/KimKautzConsistent/a3729.png,341,512,0.8778290914509532,0.7705329958083708,0.5961766847878448,0.6664927335969227,0.6707271307985744,0.6622583363952711,0.15271101891994476
a3730,/mnt/data_disk/HDRData/1000hdr/HDRtest/a3730-IMG_0113.exr,/mnt/data_disk/ZQL/TIP_TMO_result/tradition/KimKautzConsistent/a3730.png,341,512,0.8346296403793689,0.8223969226375986,0.2756647963840303,0.5614501478152133,0.7000302805154163,0.42287001511501027,0.2458447366952896
a3732,/mnt/data_disk/HDRData/1000hdr/HDRtest/a3732-_DGW6272.exr,/mnt/data_disk/ZQL/TIP_TMO_result/tradition/KimKautzConsistent/a3732.png,341,512,0.959576846071822,0.9236685265699222,0.8523888249485322,0.9718193114648968,0.9515065198751641,0.9921321030546295,0.12469508498907089
a3733,/mnt/data_disk/HDRData/1000hdr/HDRtest/a3733-WP_CRW_4827.exr,/mnt/data_disk/ZQL/TIP_TMO_result/tradition/KimKautzConsistent/a3733.png,341,512,0.8667468948515116,0.8342077778100876,0.42604716518447583,0.40151955582840637,0.7035667114774073,0.09947240017940544,0.16738533973693848
a3735,/mnt/data_disk/HDRData/1000hdr/HDRtest/a3735-_MG_7825.exr,/mnt/data_disk/ZQL/TIP_TMO_result/tradition/KimKautzConsistent/a3735.png,341,512,0.8315395109102779,0.8180077558192405,0.26663509845545275,0.8664880987417883,0.8901070140225527,0.842869183461024,0.21276642382144928
a3737,/mnt/data_disk/HDRData/1000hdr/HDRtest/a3737-dgw_022.exr,/mnt/data_disk/ZQL/TIP_TMO_result/tradition/KimKautzConsistent/a3737.png,341,512,0.9167431623899347,0.8171316679760668,0.7579444537008305,0.4353384860742214,0.7368956975935954,0.13378127455484737,0.20912037789821625
a3739,/mnt/data_disk/HDRData/1000hdr/HDRtest/a3739-KE_-0068.exr,/mnt/data_disk/ZQL/TIP_TMO_result/tradition/KimKautzConsistent/a3739.png,340,512,0.7974871969668343,0.8518965023446722,0.08439431533934345,0.5016382901175339,0.9342954775048244,0.06898110273024348,0.12231273949146271
a3740,/mnt/data_disk/HDRData/1000hdr/HDRtest/a3740-_DSC1411.exr,/mnt/data_disk/ZQL/TIP_TMO_result/tradition/KimKautzConsistent/a3740.png,341,512,0.8461554215854984,0.8200511014211465,0.33688172215667556,0.32606967031045964,0.6218929053712567,0.030246435249662546,0.1356092244386673
a3742,/mnt/data_disk/HDRData/1000hdr/HDRtest/a3742-IMG_0206.exr,/mnt/data_disk/ZQL/TIP_TMO_result/tradition/KimKautzConsistent/a3742.png,341,512,0.8456552012122175,0.7453466544828945,0.45104445072639054,0.41992106653692013,0.839815482544475,2.66505293652417e-05,0.2698741555213928
a3743,/mnt/data_disk/HDRData/1000hdr/HDRtest/a3743-DSC_0038.exr,/mnt/data_disk/ZQL/TIP_TMO_result/tradition/KimKautzConsistent/a3743.png,340,512,0.8695521385366863,0.8738206501595239,0.3825262315274924,0.7002633859464007,0.7886691605078515,0.6118576113849498,0.1130710020661354
a3744,/mnt/data_disk/HDRData/1000hdr/HDRtest/a3744-NKIM_MG_6757.exr,/mnt/data_disk/ZQL/TIP_TMO_result/tradition/KimKautzConsistent/a3744.png,341,512,0.8253479103116235,0.7220423580389249,0.3782931020905388,0.38707365825691953,0.7741472053631928,1.1115064621738238e-07,0.20851777493953705
a3749,/mnt/data_disk/HDRData/1000hdr/HDRtest/a3749-IMG_4592.exr,/mnt/data_disk/ZQL/TIP_TMO_result/tradition/KimKautzConsistent/a3749.png,341,512,0.8901889203492065,0.7121866230065257,0.7865079122262884,0.4320778171219619,0.8542697649362236,0.009885869307700143,0.23647798597812653
a3750,/mnt/data_disk/HDRData/1000hdr/HDRtest/a3750-IMG_4253.exr,/mnt/data_disk/ZQL/TIP_TMO_result/tradition/KimKautzConsistent/a3750.png,341,512,0.7985593839075098,0.7369685884543775,0.22235872154598596,0.3201978618667373,0.6403956509163506,7.281712401221699e-08,0.20709265768527985
a3753,/mnt/data_disk/HDRData/1000hdr/HDRtest/a3753-dgw_073.exr,/mnt/data_disk/ZQL/TIP_TMO_result/tradition/KimKautzConsistent/a3753.png,341,512,0.806477646817557,0.8231360082342697,0.1483061936723263,0.8484612628736516,0.8742074285445938,0.8227150972027096,0.4176825284957886
a3754,/mnt/data_disk/HDRData/1000hdr/HDRtest/a3754-050731_151704__I2E5362.exr,/mnt/data_disk/ZQL/TIP_TMO_result/tradition/KimKautzConsistent/a3754.png,341,512,0.9208475465496885,0.9380674197043167,0.5798471840282189,0.7917761786513545,0.8814860662864623,0.7020662910162467,0.12722711265087128
a3756,/mnt/data_disk/HDRData/1000hdr/HDRtest/a3756-jmac_MG_5949.exr,/mnt/data_disk/ZQL/TIP_TMO_result/tradition/KimKautzConsistent/a3756.png,341,512,0.9584824473190028,0.8824908410989997,0.9187887847550086,0.8238384363313409,0.8966252053430785,0.7510516673196032,0.1408410519361496
a3760,/mnt/data_disk/HDRData/1000hdr/HDRtest/a3760-IMG_2504.exr,/mnt/data_disk/ZQL/TIP_TMO_result/tradition/KimKautzConsistent/a3760.png,341,512,0.9066136082434949,0.9408843439833259,0.49141385292384204,0.4744646595312819,0.9485429185584618,0.0003864005041019777,0.10142194479703903
a3764,/mnt/data_disk/HDRData/1000hdr/HDRtest/a3764-20060618_093109__MG_8792.exr,/mnt/data_disk/ZQL/TIP_TMO_result/tradition/KimKautzConsistent/a3764.png,341,512,0.8952488739985555,0.8620272391994981,0.5460831415227148,0.9091130862488275,0.8827978053141166,0.9354283671835384,0.18286700546741486
a3766,/mnt/data_disk/HDRData/1000hdr/HDRtest/a3766-20041219_194831__E6B5558.exr,/mnt/data_disk/ZQL/TIP_TMO_result/tradition/KimKautzConsistent/a3766.png,341,512,0.6992874012332719,0.48858021342656643,0.16373608468045145,0.1799776331534087,0.3599552663004895,6.327887598500309e-12,0.12242230027914047
a3769,/mnt/data_disk/HDRData/1000hdr/HDRtest/a3769-IMG_3943.exr,/mnt/data_disk/ZQL/TIP_TMO_result/tradition/KimKautzConsistent/a3769.png,341,512,0.9666826249369518,0.8920864901207859,0.9581869866069262,0.8116573902420996,0.9392090862038865,0.6841056942803125,0.12095142900943756
a3771,/mnt/data_disk/HDRData/1000hdr/HDRtest/a3771-07-06-01-at-13h03m06-s_MG_1256.exr,/mnt/data_disk/ZQL/TIP_TMO_result/tradition/KimKautzConsistent/a3771.png,341,512,0.9344780181832851,0.8292685420786564,0.8535117337878629,0.8906917358806059,0.9183122743788942,0.8630711973823177,0.25210118293762207
a3772,/mnt/data_disk/HDRData/1000hdr/HDRtest/a3772-dgw_123.exr,/mnt/data_disk/ZQL/TIP_TMO_result/tradition/KimKautzConsistent/a3772.png,341,512,0.9391826786606348,0.891940061997374,0.7715065998192085,0.6706266918665581,0.8329911273583791,0.5082622563747371,0.22228392958641052
a3774,/mnt/data_disk/HDRData/1000hdr/HDRtest/a3774-_DSC0017.exr,/mnt/data_disk/ZQL/TIP_TMO_result/tradition/KimKautzConsistent/a3774.png,340,512,0.9230615729898786,0.8574158121419266,0.7266706211456945,0.8939628046380133,0.8703609827504192,0.9175646265256072,0.1641286164522171
a3778,/mnt/data_disk/HDRData/1000hdr/HDRtest/a3778-IMG_4838.exr,/mnt/data_disk/ZQL/TIP_TMO_result/tradition/KimKautzConsistent/a3778.png,341,512,0.933961385485917,0.8164485547060029,0.8743654545520668,0.8921291916821632,0.7883137703581451,0.9959446130061812,0.28344058990478516
a3780,/mnt/data_disk/HDRData/1000hdr/HDRtest/a3780-JI2E3902.exr,/mnt/data_disk/ZQL/TIP_TMO_result/tradition/KimKautzConsistent/a3780.png,341,512,0.9134254213259787,0.8591342371769635,0.6622067956582629,0.47393109733297945,0.9241585147579545,0.023703679908004364,0.1511695235967636
a3781,/mnt/data_disk/HDRData/1000hdr/HDRtest/a3781-2004-06-24 06-45-08 CRW_2040.exr,/mnt/data_disk/ZQL/TIP_TMO_result/tradition/KimKautzConsistent/a3781.png,341,512,0.9532644909973461,0.8804389677648585,0.8866120491775464,0.8745847438540361,0.9077875539213462,0.8413819337867259,0.10129184275865555
a3783,/mnt/data_disk/HDRData/1000hdr/HDRtest/a3783-KE_-0052.exr,/mnt/data_disk/ZQL/TIP_TMO_result/tradition/KimKautzConsistent/a3783.png,340,512,0.8998217242439942,0.7911279157552502,0.6962731170969795,0.39720693166027143,0.7780145369796825,0.016399326340860422,0.1501501351594925
a3786,/mnt/data_disk/HDRData/1000hdr/HDRtest/a3786-_I2E8191.exr,/mnt/data_disk/ZQL/TIP_TMO_result/tradition/KimKautzConsistent/a3786.png,341,512,0.8511045210340307,0.8965928334398099,0.25803396451666677,0.5708785314847614,0.8745527502862668,0.2672043126832561,0.1749252825975418
a3796,/mnt/data_disk/HDRData/1000hdr/HDRtest/a3796-NKIM_MG_7319.exr,/mnt/data_disk/ZQL/TIP_TMO_result/tradition/KimKautzConsistent/a3796.png,341,512,0.8984041955240789,0.8349746207521991,0.6099364766268435,0.702967118092345,0.6682575543716798,0.7376766818130103,0.25667405128479004
a3798,/mnt/data_disk/HDRData/1000hdr/HDRtest/a3798-IMG_2539.exr,/mnt/data_disk/ZQL/TIP_TMO_result/tradition/KimKautzConsistent/a3798.png,341,512,0.8950944449645741,0.8719114857715803,0.5293877169582228,0.916987144420922,0.8345071999233443,0.9994670889184997,0.2139715701341629
a3800,/mnt/data_disk/HDRData/1000hdr/HDRtest/a3800-dgw_090.exr,/mnt/data_disk/ZQL/TIP_TMO_result/tradition/KimKautzConsistent/a3800.png,341,512,0.9558607578819613,0.8489562034322663,0.9635939061234505,0.7219325409955347,0.8201363322252434,0.623728749765826,0.17230644822120667
a3804,/mnt/data_disk/HDRData/1000hdr/HDRtest/a3804-_DSC3608.exr,/mnt/data_disk/ZQL/TIP_TMO_result/tradition/KimKautzConsistent/a3804.png,343,512,0.9284035895374768,0.7606387788366132,0.9469602083310135,0.8499500874107899,0.8738690213956323,0.8260311534259475,0.09695751965045929
a3816,/mnt/data_disk/HDRData/1000hdr/HDRtest/a3816-jmac_DSC3118.exr,/mnt/data_disk/ZQL/TIP_TMO_result/tradition/KimKautzConsistent/a3816.png,340,512,0.8180728996632799,0.9092680969525602,0.10321676803116187,0.4806468890691899,0.9612936543282617,1.2381011802347089e-07,0.1565193235874176
a3820,/mnt/data_disk/HDRData/1000hdr/HDRtest/a3820-dgw_025.exr,/mnt/data_disk/ZQL/TIP_TMO_result/tradition/KimKautzConsistent/a3820.png,341,512,0.6743525581646328,0.4804517177251934,0.08101029456271314,0.3681024708683454,0.7354371698848704,0.0007677718518203656,0.1132938340306282
a3822,/mnt/data_disk/HDRData/1000hdr/HDRtest/a3822-07-11-21-at-09h53m21s-_MG_5852.exr,/mnt/data_disk/ZQL/TIP_TMO_result/tradition/KimKautzConsistent/a3822.png,341,512,0.9309007546542358,0.9089442197297896,0.6889827413153822,0.5103491081830211,0.9203774142442328,0.10032080212180951,0.13848905265331268
a3827,/mnt/data_disk/HDRData/1000hdr/HDRtest/a3827-JI2E3823.exr,/mnt/data_disk/ZQL/TIP_TMO_result/tradition/KimKautzConsistent/a3827.png,341,512,0.837676599528668,0.7924577105683416,0.3334932495280794,0.43740119403440625,0.8675044583495954,0.007297929719217097,0.13230805099010468
a3830,/mnt/data_disk/HDRData/1000hdr/HDRtest/a3830-LS_060715_8670.exr,/mnt/data_disk/ZQL/TIP_TMO_result/tradition/KimKautzConsistent/a3830.png,341,512,0.8585918456533815,0.7749289918073262,0.47485979855543237,0.4322234622145959,0.8644465386421557,3.857870361402322e-07,0.2224547564983368
a3832,/mnt/data_disk/HDRData/1000hdr/HDRtest/a3832-20060613_091536__MG_7749.exr,/mnt/data_disk/ZQL/TIP_TMO_result/tradition/KimKautzConsistent/a3832.png,341,512,0.9363347392104318,0.8841876790153058,0.7662922497138184,0.5632823339685475,0.910571361740014,0.21599330619708107,0.21537411212921143
a3833,/mnt/data_disk/HDRData/1000hdr/HDRtest/a3833-_DSC0003-2.exr,/mnt/data_disk/ZQL/TIP_TMO_result/tradition/KimKautzConsistent/a3833.png,340,512,0.9356986680779573,0.8921410993280847,0.7483334979721762,0.7461410518322731,0.9414204110326655,0.5508616926318808,0.11503071337938309
a3834,/mnt/data_disk/HDRData/1000hdr/HDRtest/a3834-IMG_0007.exr,/mnt/data_disk/ZQL/TIP_TMO_result/tradition/KimKautzConsistent/a3834.png,341,512,0.8538238511934708,0.7327528056702157,0.5197995572213912,0.44323135216235526,0.8679634465735024,0.018499257751208104,0.23956207931041718
a3846,/mnt/data_disk/HDRData/1000hdr/HDRtest/a3846-IMG_3087.exr,/mnt/data_disk/ZQL/TIP_TMO_result/tradition/KimKautzConsistent/a3846.png,341,512,0.9701777524100138,0.89792220288735,0.9719303533237275,0.7939898462420917,0.9041366954422911,0.6838429970418922,0.12267989665269852
a3847,/mnt/data_disk/HDRData/1000hdr/HDRtest/a3847-NKIM_MG_6113.exr,/mnt/data_disk/ZQL/TIP_TMO_result/tradition/KimKautzConsistent/a3847.png,341,512,0.8480064665673908,0.6112535282042568,0.7255480468126092,0.41197928501526054,0.8238690646367678,8.950539375332323e-05,0.20224754512310028
a3848,/mnt/data_disk/HDRData/1000hdr/HDRtest/a3848-DSC_0024.exr,/mnt/data_disk/ZQL/TIP_TMO_result/tradition/KimKautzConsistent/a3848.png,340,512,0.9388839407570551,0.9184600255226677,0.7243271163462157,0.5012643660519294,0.9098136473105908,0.09271508479326802,0.09055832773447037
a3851,/mnt/data_disk/HDRData/1000hdr/HDRtest/a3851-IMG_3430.exr,/mnt/data_disk/ZQL/TIP_TMO_result/tradition/KimKautzConsistent/a3851.png,341,512,0.9312763788262036,0.8362941324681376,0.8188274719102665,0.7872234342674427,0.7217018978163273,0.852744970718558,0.11830433458089828
a3862,/mnt/data_disk/HDRData/1000hdr/HDRtest/a3862-JI2E0423.exr,/mnt/data_disk/ZQL/TIP_TMO_result/tradition/KimKautzConsistent/a3862.png,341,512,0.9174469059576544,0.8962816706373506,0.6253410945197599,0.5000592358379812,0.8960030655195614,0.10411540615640087,0.10638904571533203
a3863,/mnt/data_disk/HDRData/1000hdr/HDRtest/a3863-IMG_1159.exr,/mnt/data_disk/ZQL/TIP_TMO_result/tradition/KimKautzConsistent/a3863.png,341,512,0.8738477925161882,0.8088496336048653,0.5066901470105099,0.450439884314032,0.8852307891557203,0.01564897947234366,0.2054922878742218
a3864,/mnt/data_disk/HDRData/1000hdr/HDRtest/a3864-_DSC1992.exr,/mnt/data_disk/ZQL/TIP_TMO_result/tradition/KimKautzConsistent/a3864.png,341,512,0.7965553700870384,0.6744943725762089,0.30618985267763243,0.4476393866024714,0.839654973191261,0.05562380001368176,0.11803848296403885
a3872,/mnt/data_disk/HDRData/1000hdr/HDRtest/a3872-IMG_4058.exr,/mnt/data_disk/ZQL/TIP_TMO_result/tradition/KimKautzConsistent/a3872.png,341,512,0.8971314369197807,0.8617500913253843,0.5577675968663995,0.47975934288288336,0.8006334698766633,0.15888521588910345,0.21791203320026398
a3877,/mnt/data_disk/HDRData/1000hdr/HDRtest/a3877-KE_-0019.exr,/mnt/data_disk/ZQL/TIP_TMO_result/tradition/KimKautzConsistent/a3877.png,340,512,0.833108658335404,0.7980070305035157,0.3022072196291208,0.3525441604050931,0.7050874600645207,8.607456654673343e-07,0.1889975368976593
a3879,/mnt/data_disk/HDRData/1000hdr/HDRtest/a3879-IMG_0091.exr,/mnt/data_disk/ZQL/TIP_TMO_result/tradition/KimKautzConsistent/a3879.png,341,512,0.951058954818536,0.8579949475351472,0.9129884476960098,0.8942791323247432,0.9366664834908599,0.8518917811586266,0.2001727819442749
a3890,/mnt/data_disk/HDRData/1000hdr/HDRtest/a3890-IMG_4308.exr,/mnt/data_disk/ZQL/TIP_TMO_result/tradition/KimKautzConsistent/a3890.png,341,512,0.9314386598987321,0.7813383114387202,0.9259462248898319,0.7895132418954696,0.8273328760780045,0.7516936077129345,0.14292657375335693
a3893,/mnt/data_disk/HDRData/1000hdr/HDRtest/a3893-_DGW6301.exr,/mnt/data_disk/ZQL/TIP_TMO_result/tradition/KimKautzConsistent/a3893.png,341,512,0.9259078505010627,0.8322736838977115,0.7904792161772903,0.4157425701188992,0.8291350372293099,0.0023501030084884696,0.26756736636161804
a3899,/mnt/data_disk/HDRData/1000hdr/HDRtest/a3899-jmac_DSC2259.exr,/mnt/data_disk/ZQL/TIP_TMO_result/tradition/KimKautzConsistent/a3899.png,340,512,0.958650681947649,0.9156812151508453,0.8601215527881477,0.8337100178638248,0.9253029340354615,0.7421171016921883,0.13818001747131348
a3900,/mnt/data_disk/HDRData/1000hdr/HDRtest/a3900-jmac_DSC5843.exr,/mnt/data_disk/ZQL/TIP_TMO_result/tradition/KimKautzConsistent/a3900.png,340,512,0.9372050582530624,0.9566745547139427,0.6515735163425114,0.6861821676536027,0.940328705608117,0.43203562969908854,0.15277941524982452
a3902,/mnt/data_disk/HDRData/1000hdr/HDRtest/a3902-jmac_DSC3970.exr,/mnt/data_disk/ZQL/TIP_TMO_result/tradition/KimKautzConsistent/a3902.png,340,512,0.9424481833383527,0.8436608180076435,0.880698398271164,0.8526856003712155,0.8903099157019403,0.8150612850404907,0.10029217600822449
a3903,/mnt/data_disk/HDRData/1000hdr/HDRtest/a3903-IMG_2386.exr,/mnt/data_disk/ZQL/TIP_TMO_result/tradition/KimKautzConsistent/a3903.png,341,512,0.9459687598458634,0.8272711264167839,0.936270894135285,0.954511852449903,0.9226755370601754,0.9863481678396305,0.11930800974369049
a3906,/mnt/data_disk/HDRData/1000hdr/HDRtest/a3906-LS051025_day_3_LL003.exr,/mnt/data_disk/ZQL/TIP_TMO_result/tradition/KimKautzConsistent/a3906.png,341,512,0.9288184047389043,0.8534087614555296,0.7713369905643117,0.47106399294544626,0.8652688210388599,0.07685916485203263,0.19207321107387543
a3911,/mnt/data_disk/HDRData/1000hdr/HDRtest/a3911-07-07-01-at-10h50m55s-_MG_2028.exr,/mnt/data_disk/ZQL/TIP_TMO_result/tradition/KimKautzConsistent/a3911.png,341,512,0.8515205105748276,0.7190945151706645,0.5307523643950812,0.4207836743430351,0.8393566595878671,0.002210689098203063,0.18789248168468475
a3913,/mnt/data_disk/HDRData/1000hdr/HDRtest/a3913-IMG_0289.exr,/mnt/data_disk/ZQL/TIP_TMO_result/tradition/KimKautzConsistent/a3913.png,341,512,0.8539462438805319,0.7608436691195123,0.47191996525455854,0.5185972796751774,0.81391773182892,0.22327682752143482,0.11145743727684021
a3914,/mnt/data_disk/HDRData/1000hdr/HDRtest/a3914-DSC_0002-1.exr,/mnt/data_disk/ZQL/TIP_TMO_result/tradition/KimKautzConsistent/a3914.png,340,512,0.8732642382269387,0.8538639271390607,0.43225939852351025,0.5131985559116378,0.7953020981591578,0.23109501366411783,0.15354332327842712
a3919,/mnt/data_disk/HDRData/1000hdr/HDRtest/a3919-KE_-1608.exr,/mnt/data_disk/ZQL/TIP_TMO_result/tradition/KimKautzConsistent/a3919.png,340,512,0.8101455489937605,0.737959730885185,0.27575808664338386,0.36093359126960683,0.7218589676655491,8.214873664565158e-06,0.1616724282503128
a3923,/mnt/data_disk/HDRData/1000hdr/HDRtest/a3923-_DSC0095.exr,/mnt/data_disk/ZQL/TIP_TMO_result/tradition/KimKautzConsistent/a3923.png,340,512,0.957505713305929,0.8508596813601172,0.9715000052951925,0.9645091463100297,0.9373874166350651,0.9916308759849944,0.13948065042495728
a3924,/mnt/data_disk/HDRData/1000hdr/HDRtest/a3924-_DSC6358.exr,/mnt/data_disk/ZQL/TIP_TMO_result/tradition/KimKautzConsistent/a3924.png,341,512,0.6977673484501122,0.5143531844258755,0.11700077172560348,0.2832352811023,0.5664705622046,5.514612802673892e-22,0.24186807870864868
a3926,/mnt/data_disk/HDRData/1000hdr/HDRtest/a3926-dgw_077.exr,/mnt/data_disk/ZQL/TIP_TMO_result/tradition/KimKautzConsistent/a3926.png,341,512,0.8447401974755062,0.6652610508116751,0.591881429637646,0.3525526330702996,0.7051042663030074,9.998375918377512e-07,0.1888066977262497
a3927,/mnt/data_disk/HDRData/1000hdr/HDRtest/a3927-IMG_6048.exr,/mnt/data_disk/ZQL/TIP_TMO_result/tradition/KimKautzConsistent/a3927.png,341,512,0.8626143133233279,0.8159570186215376,0.431363857374162,0.76182054015892,0.8860309694756116,0.6376101108422283,0.19753135740756989
a3930,/mnt/data_disk/HDRData/1000hdr/HDRtest/a3930-IMG_5083.exr,/mnt/data_disk/ZQL/TIP_TMO_result/tradition/KimKautzConsistent/a3930.png,341,512,0.858325860619244,0.8699280988301941,0.32906750610496655,0.42184630286534314,0.8259143886054457,0.017778217125240504,0.20904624462127686
a3931,/mnt/data_disk/HDRData/1000hdr/HDRtest/a3931-_DGW6259.exr,/mnt/data_disk/ZQL/TIP_TMO_result/tradition/KimKautzConsistent/a3931.png,341,512,0.7888933327845851,0.5697167789702255,0.45561948501838734,0.3085287213510994,0.6170574427016448,5.540257747440602e-13,0.30680176615715027
a3940,/mnt/data_disk/HDRData/1000hdr/HDRtest/a3940-20050602_180025__MG_2820.exr,/mnt/data_disk/ZQL/TIP_TMO_result/tradition/KimKautzConsistent/a3940.png,341,512,0.9019836466038191,0.8815297729120919,0.5550216253312488,0.9658633982242963,0.9327589361565155,0.9989678602920772,0.15560264885425568
a3943,/mnt/data_disk/HDRData/1000hdr/HDRtest/a3943-_DSC0054.exr,/mnt/data_disk/ZQL/TIP_TMO_result/tradition/KimKautzConsistent/a3943.png,340,512,0.9278753119926364,0.8516707539771751,0.7682516270932738,0.8917901641292891,0.8946205119334045,0.8889598163251738,0.12898029386997223
a3947,/mnt/data_disk/HDRData/1000hdr/HDRtest/a3947-jmac_MG_1444.exr,/mnt/data_disk/ZQL/TIP_TMO_result/tradition/KimKautzConsistent/a3947.png,341,512,0.8082390126505501,0.8280925567400432,0.14985272291542354,0.4491568365485003,0.8156701615560187,0.08264351154098194,0.13920506834983826
a3948,/mnt/data_disk/HDRData/1000hdr/HDRtest/a3948-_DSC0045.exr,/mnt/data_disk/ZQL/TIP_TMO_result/tradition/KimKautzConsistent/a3948.png,340,512,0.8656741494412312,0.7435756071215923,0.570875642068469,0.4426137440940808,0.8657947411546056,0.01943274703355593,0.17566440999507904
a3954,/mnt/data_disk/HDRData/1000hdr/HDRtest/a3954-_MG_0841.exr,/mnt/data_disk/ZQL/TIP_TMO_result/tradition/KimKautzConsistent/a3954.png,341,512,0.9615083473313693,0.9308520526543793,0.8529569661465966,0.7978920427455309,0.8970440935415283,0.6987399919495335,0.23175372183322906
a3958,/mnt/data_disk/HDRData/1000hdr/HDRtest/a3958-_DSC3890.exr,/mnt/data_disk/ZQL/TIP_TMO_result/tradition/KimKautzConsistent/a3958.png,341,512,0.979959229103161,0.9362708371137268,0.9708134995409083,0.9689376211783893,0.9499611780782165,0.9879140642785621,0.09717736393213272
a3961,/mnt/data_disk/HDRData/1000hdr/HDRtest/a3961-_DSC0049.exr,/mnt/data_disk/ZQL/TIP_TMO_result/tradition/KimKautzConsistent/a3961.png,340,512,0.8180435974387394,0.7638297033995389,0.27669640573840715,0.5709827420914182,0.8215380619542685,0.32042742222856785,0.11082746833562851
a3963,/mnt/data_disk/HDRData/1000hdr/HDRtest/a3963-jmac_DSC3835.exr,/mnt/data_disk/ZQL/TIP_TMO_result/tradition/KimKautzConsistent/a3963.png,340,512,0.8627175111401134,0.8501379089138185,0.38024367840968076,0.9030941347158199,0.9176150236888848,0.8885732457427551,0.18323887884616852
a3964,/mnt/data_disk/HDRData/1000hdr/HDRtest/a3964-NKIM_MG_6716.exr,/mnt/data_disk/ZQL/TIP_TMO_result/tradition/KimKautzConsistent/a3964.png,341,512,0.8253590580511335,0.7290327056039889,0.3670001429978934,0.38099505768809594,0.7619901112856557,4.090536125002073e-09,0.18268795311450958
a3970,/mnt/data_disk/HDRData/1000hdr/HDRtest/a3970-WP_Amanda_3rd_bday014.exr,/mnt/data_disk/ZQL/TIP_TMO_result/tradition/KimKautzConsistent/a3970.png,341,512,0.929112843633892,0.814231145546017,0.845671393682758,0.5695859376122653,0.8642135844422844,0.2749582907822462,0.09162315726280212
a3973,/mnt/data_disk/HDRData/1000hdr/HDRtest/a3973-DSC_0068-2.exr,/mnt/data_disk/ZQL/TIP_TMO_result/tradition/KimKautzConsistent/a3973.png,340,512,0.9424525061927183,0.8753757562729865,0.8224912463172969,0.5263809331491407,0.9398057763415207,0.11295608995676057,0.1022258847951889
a3975,/mnt/data_disk/HDRData/1000hdr/HDRtest/a3975-jmac_MG_5721.exr,/mnt/data_disk/ZQL/TIP_TMO_result/tradition/KimKautzConsistent/a3975.png,341,512,0.9585541973991208,0.9212627687040091,0.8496692667202415,0.7398549029334553,0.934512865328202,0.5451969405387088,0.12437049299478531
a3976,/mnt/data_disk/HDRData/1000hdr/HDRtest/a3976-Ja_Pe-10.exr,/mnt/data_disk/ZQL/TIP_TMO_result/tradition/KimKautzConsistent/a3976.png,288,512,0.9215970459024416,0.91425062076618,0.6219427220465562,0.49285127177656574,0.9084626373667811,0.07723990618635036,0.15877577662467957
a3991,/mnt/data_disk/HDRData/1000hdr/HDRtest/a3991-DSC_0005-2.exr,/mnt/data_disk/ZQL/TIP_TMO_result/tradition/KimKautzConsistent/a3991.png,340,512,0.9640256478350913,0.874084895002064,0.9731716821087497,0.9179866238195493,0.8826989842955582,0.9532742633435406,0.14440666139125824
a3992,/mnt/data_disk/HDRData/1000hdr/HDRtest/a3992-KE_-0044.exr,/mnt/data_disk/ZQL/TIP_TMO_result/tradition/KimKautzConsistent/a3992.png,340,512,0.7741767008443002,0.5690981089154197,0.3760037757254915,0.9422323034901524,0.8900886093303111,0.9943759976499937,0.09320671111345291
a3993,/mnt/data_disk/HDRData/1000hdr/HDRtest/a3993-IMG_2812.exr,/mnt/data_disk/ZQL/TIP_TMO_result/tradition/KimKautzConsistent/a3993.png,341,512,0.7276288484487123,0.6055716568935094,0.10392478484168689,0.4253129628816773,0.8506259213184114,4.4449432199073856e-09,0.1419544816017151
a3995,/mnt/data_disk/HDRData/1000hdr/HDRtest/a3995-IMG_0187.exr,/mnt/data_disk/ZQL/TIP_TMO_result/tradition/KimKautzConsistent/a3995.png,341,512,0.9133965865928526,0.7436432362553284,0.8782053232977308,0.43845821833968024,0.8715974734844362,0.005318963194924351,0.1829981803894043
a4001,/mnt/data_disk/HDRData/1000hdr/HDRtest/a4001-jn_20070824_0168.exr,/mnt/data_disk/ZQL/TIP_TMO_result/tradition/KimKautzConsistent/a4001.png,341,512,0.9029558243635724,0.8609427009529402,0.5942870789126647,0.6262976562114309,0.8902574615694429,0.36233785085341885,0.1285749077796936
a4003,/mnt/data_disk/HDRData/1000hdr/HDRtest/a4003-NKIM_MG_6603.exr,/mnt/data_disk/ZQL/TIP_TMO_result/tradition/KimKautzConsistent/a4003.png,341,512,0.9412636722177486,0.9006888486795067,0.7700396271399492,0.726535493455682,0.8882808808076038,0.5647901061037601,0.18234986066818237
a4004,/mnt/data_disk/HDRData/1000hdr/HDRtest/a4004-050812_113412__MG_3770.exr,/mnt/data_disk/ZQL/TIP_TMO_result/tradition/KimKautzConsistent/a4004.png,341,512,0.8765355480161333,0.9123329740190013,0.36555091979352106,0.45529682754582135,0.9103075785619441,0.0002860765296985515,0.10095302760601044
a4007,/mnt/data_disk/HDRData/1000hdr/HDRtest/a4007-_MG_7167.exr,/mnt/data_disk/ZQL/TIP_TMO_result/tradition/KimKautzConsistent/a4007.png,341,512,0.9583074489582978,0.8521163810322394,0.9747300167976873,0.7814992486696275,0.8479366414967661,0.715061855842489,0.2433183789253235
a4008,/mnt/data_disk/HDRData/1000hdr/HDRtest/a4008-dgw_019.exr,/mnt/data_disk/ZQL/TIP_TMO_result/tradition/KimKautzConsistent/a4008.png,341,512,0.9210630778831046,0.8555660181622121,0.7170170955837365,0.8102683905789494,0.7765278657869387,0.8440089153709602,0.20049749314785004
a4009,/mnt/data_disk/HDRData/1000hdr/HDRtest/a4009-jmac_MG_7717.exr,/mnt/data_disk/ZQL/TIP_TMO_result/tradition/KimKautzConsistent/a4009.png,341,512,0.9333491813855681,0.8940216874729059,0.7298386077025659,0.8224213469879533,0.9035771921594835,0.7412655018164233,0.2563774287700653
a4013,/mnt/data_disk/HDRData/1000hdr/HDRtest/a4013-_I2E6911.exr,/mnt/data_disk/ZQL/TIP_TMO_result/tradition/KimKautzConsistent/a4013.png,341,512,0.8392237418921485,0.8332572315692681,0.28335893098072745,0.36774590498463156,0.7354260077928746,6.58021763885177e-05,0.2780040204524994
a4014,/mnt/data_disk/HDRData/1000hdr/HDRtest/a4014-JI2E4114.exr,/mnt/data_disk/ZQL/TIP_TMO_result/tradition/KimKautzConsistent/a4014.png,341,512,0.9331435872955298,0.8919287040959615,0.7320865352773572,0.4200259815402573,0.8365961624452634,0.0034558006352511813,0.22184109687805176
a4017,/mnt/data_disk/HDRData/1000hdr/HDRtest/a4017-DSC_0023.exr,/mnt/data_disk/ZQL/TIP_TMO_result/tradition/KimKautzConsistent/a4017.png,340,512,0.9649738653089363,0.8798010979832707,0.9690892416704399,0.9444217660038814,0.9396592347267799,0.949184297280983,0.1334640383720398
a4020,/mnt/data_disk/HDRData/1000hdr/HDRtest/a4020-IMG_3763.exr,/mnt/data_disk/ZQL/TIP_TMO_result/tradition/KimKautzConsistent/a4020.png,341,512,0.8691306530614543,0.7402192760350851,0.5979712073987853,0.6683310831263609,0.8547510943117249,0.4819110719409968,0.13374491035938263
a4025,/mnt/data_disk/HDRData/1000hdr/HDRtest/a4025-IMG_5601.exr,/mnt/data_disk/ZQL/TIP_TMO_result/tradition/KimKautzConsistent/a4025.png,341,512,0.9054356122745465,0.8309339644257412,0.6606191706977963,0.43258045765691217,0.8528981106582456,0.012262804655578729,0.19476842880249023
a4026,/mnt/data_disk/HDRData/1000hdr/HDRtest/a4026-NKIM_MG_6632.exr,/mnt/data_disk/ZQL/TIP_TMO_result/tradition/KimKautzConsistent/a4026.png,341,512,0.7945995142693613,0.9310630693589899,0.016081673016807276,0.4800316998734638,0.951833775782138,0.008229623964789561,0.1643124520778656
a4027,/mnt/data_disk/HDRData/1000hdr/HDRtest/a4027-IMG_2393.exr,/mnt/data_disk/ZQL/TIP_TMO_result/tradition/KimKautzConsistent/a4027.png,341,512,0.9219739479079726,0.8371788851797435,0.7556413949201649,0.785464915464336,0.9119708943277209,0.6589589366009512,0.15223675966262817
a4028,/mnt/data_disk/HDRData/1000hdr/HDRtest/a4028-060810_105728__MG_6096.exr,/mnt/data_disk/ZQL/TIP_TMO_result/tradition/KimKautzConsistent/a4028.png,341,512,0.9000121193746885,0.8224530718237242,0.6414492106197202,0.43979906558304205,0.8729894308682591,0.0066087002978250245,0.17701789736747742
a4038,/mnt/data_disk/HDRData/1000hdr/HDRtest/a4038-Ja_Pe-20.exr,/mnt/data_disk/ZQL/TIP_TMO_result/tradition/KimKautzConsistent/a4038.png,288,512,0.8804557384352829,0.8444501617061267,0.4875210136628456,0.47337223796225564,0.901122391408615,0.0456220845158962,0.17848250269889832
a4040,/mnt/data_disk/HDRData/1000hdr/HDRtest/a4040-IMG_0233.exr,/mnt/data_disk/ZQL/TIP_TMO_result/tradition/KimKautzConsistent/a4040.png,341,512,0.8823389625308781,0.7840873022493399,0.5996506900819213,0.46900619853826586,0.8803153286284235,0.05769706844810821,0.30283182859420776
a4047,/mnt/data_disk/HDRData/1000hdr/HDRtest/a4047-IMG_1285.exr,/mnt/data_disk/ZQL/TIP_TMO_result/tradition/KimKautzConsistent/a4047.png,341,512,0.9756881603392651,0.9271794349958662,0.9571884943571095,0.7542212810322333,0.9601082456298538,0.5483343164346127,0.10246606171131134
a4049,/mnt/data_disk/HDRData/1000hdr/HDRtest/a4049-_DSC3858.exr,/mnt/data_disk/ZQL/TIP_TMO_result/tradition/KimKautzConsistent/a4049.png,341,512,0.9232079574374343,0.7377979588335986,0.9582838868380321,0.7362855014289666,0.8506928136601298,0.6218781891978035,0.2956402003765106
a4051,/mnt/data_disk/HDRData/1000hdr/HDRtest/a4051-_DSC0018-3.exr,/mnt/data_disk/ZQL/TIP_TMO_result/tradition/KimKautzConsistent/a4051.png,340,512,0.9347438876033694,0.8657008493524828,0.7884517075606078,0.957939758430314,0.9237572219630115,0.9921222948976166,0.13912951946258545
a4052,/mnt/data_disk/HDRData/1000hdr/HDRtest/a4052-20060620_165511__MG_9535.exr,/mnt/data_disk/ZQL/TIP_TMO_result/tradition/KimKautzConsistent/a4052.png,341,512,0.8841106115433556,0.8921827007902131,0.43541891614110545,0.4393348430281717,0.854026094841168,0.02464359121517547,0.20340825617313385
a4060,/mnt/data_disk/HDRData/1000hdr/HDRtest/a4060-_DSC5597.exr,/mnt/data_disk/ZQL/TIP_TMO_result/tradition/KimKautzConsistent/a4060.png,341,512,0.9016685489204529,0.7909798743510221,0.7083702228259011,0.5033052459114686,0.8133287601727979,0.1932817316501395,0.23155879974365234
a4064,/mnt/data_disk/HDRData/1000hdr/HDRtest/a4064-07-12-02-at-16h23m18s-_MG_9020.exr,/mnt/data_disk/ZQL/TIP_TMO_result/tradition/KimKautzConsistent/a4064.png,341,512,0.9273585627337243,0.9164155705720887,0.6543174194123939,0.6423602485583333,0.9153420462265544,0.36937845089011223,0.20865362882614136
a4068,/mnt/data_disk/HDRData/1000hdr/HDRtest/a4068-tc_DSC2612.exr,/mnt/data_disk/ZQL/TIP_TMO_result/tradition/KimKautzConsistent/a4068.png,340,512,0.9119171704057624,0.7634438767953705,0.82831597535069,0.6216541960550424,0.649562720412239,0.5937456716978459,0.2000592052936554
a4075,/mnt/data_disk/HDRData/1000hdr/HDRtest/a4075-JI2E0444.exr,/mnt/data_disk/ZQL/TIP_TMO_result/tradition/KimKautzConsistent/a4075.png,341,512,0.8434174940580251,0.7399244875135066,0.44761361577923997,0.41921558802924996,0.8380450816340201,0.00038609442447980197,0.2894497215747833
a4076,/mnt/data_disk/HDRData/1000hdr/HDRtest/a4076-_DGW6244.exr,/mnt/data_disk/ZQL/TIP_TMO_result/tradition/KimKautzConsistent/a4076.png,341,512,0.8813166778205619,0.7817578331819378,0.5975218651308973,0.4187836293796321,0.8371396575090337,0.00042760125023041267,0.3322339355945587
a4080,/mnt/data_disk/HDRData/1000hdr/HDRtest/a4080-IMG_3765.exr,/mnt/data_disk/ZQL/TIP_TMO_result/tradition/KimKautzConsistent/a4080.png,341,512,0.9032040390098895,0.8422710057193163,0.6271350901395718,0.6300055905956314,0.8627288831469309,0.3972822980443319,0.19925017654895782
a4085,/mnt/data_disk/HDRData/1000hdr/HDRtest/a4085-_MG_2385.exr,/mnt/data_disk/ZQL/TIP_TMO_result/tradition/KimKautzConsistent/a4085.png,341,512,0.9685132577652267,0.8808107858427877,0.9921645966584576,0.8529132779513453,0.8568805544835788,0.8489460014191118,0.13709121942520142
a4087,/mnt/data_disk/HDRData/1000hdr/HDRtest/a4087-NKIM_MG_6395.exr,/mnt/data_disk/ZQL/TIP_TMO_result/tradition/KimKautzConsistent/a4087.png,341,512,0.9351644240647928,0.8568319194775186,0.8072028033679572,0.7033034042308364,0.9185834491147733,0.48802335934689944,0.27043217420578003
a4088,/mnt/data_disk/HDRData/1000hdr/HDRtest/a4088-dvf_041.exr,/mnt/data_disk/ZQL/TIP_TMO_result/tradition/KimKautzConsistent/a4088.png,341,512,0.9459596009498658,0.8321024156258465,0.9268743193322603,0.5133028876485162,0.8891732220266013,0.13743255327043113,0.09531231969594955
a4091,/mnt/data_disk/HDRData/1000hdr/HDRtest/a4091-_DSC0041.exr,/mnt/data_disk/ZQL/TIP_TMO_result/tradition/KimKautzConsistent/a4091.png,340,512,0.883729795170865,0.8065749273157445,0.5690354386206457,0.8040340688663075,0.849918991301917,0.758149146430698,0.16728122532367706
a4092,/mnt/data_disk/HDRData/1000hdr/HDRtest/a4092-07-12-03-at-09h35m54s-_MG_9192.exr,/mnt/data_disk/ZQL/TIP_TMO_result/tradition/KimKautzConsistent/a4092.png,341,512,0.9412906555422457,0.8665327892046328,0.8306410726802607,0.9320062737666628,0.9074876729278925,0.9565248746054331,0.2933117151260376
a4093,/mnt/data_disk/HDRData/1000hdr/HDRtest/a4093-jn_20071117-031.exr,/mnt/data_disk/ZQL/TIP_TMO_result/tradition/KimKautzConsistent/a4093.png,341,512,0.8980743364327091,0.8201937116878613,0.6333231195434333,0.787959721277296,0.8901696600480536,0.6857497825065383,0.28815171122550964
a4096,/mnt/data_disk/HDRData/1000hdr/HDRtest/a4096-jmac_MG_0095.exr,/mnt/data_disk/ZQL/TIP_TMO_result/tradition/KimKautzConsistent/a4096.png,341,512,0.7826368429853301,0.7871698997575622,0.09600091525492212,0.2976638694967997,0.5949797683739705,0.0003479706196288695,0.17482908070087433
a4097,/mnt/data_disk/HDRData/1000hdr/HDRtest/a4097-20080623_at_14h52m36__MG_9904.exr,/mnt/data_disk/ZQL/TIP_TMO_result/tradition/KimKautzConsistent/a4097.png,341,512,0.9319014198966433,0.9256509086305146,0.6678827843500844,0.8767731799363403,0.92807228756467,0.8254740723080105,0.13343381881713867
a4099,/mnt/data_disk/HDRData/1000hdr/HDRtest/a4099-_DSC0014-2.exr,/mnt/data_disk/ZQL/TIP_TMO_result/tradition/KimKautzConsistent/a4099.png,340,512,0.9514262968067247,0.8861058844745527,0.863771677572384,0.9386887026348809,0.9469149215030253,0.9304624837667366,0.11869226396083832
a4101,/mnt/data_disk/HDRData/1000hdr/HDRtest/a4101-IMG_5823.exr,/mnt/data_disk/ZQL/TIP_TMO_result/tradition/KimKautzConsistent/a4101.png,341,512,0.8074059557471536,0.7794568763501133,0.2054873163287358,0.3366582519772252,0.6728618055699458,0.00045469838450461284,0.17292627692222595
a4102,/mnt/data_disk/HDRData/1000hdr/HDRtest/a4102-07-06-30-at-11h38m56s-_MG_1997.exr,/mnt/data_disk/ZQL/TIP_TMO_result/tradition/KimKautzConsistent/a4102.png,341,512,0.9659829359768697,0.8834246525219035,0.9693970986641033,0.893865045082078,0.9363261899031526,0.8514039002610032,0.1962520182132721
a4104,/mnt/data_disk/HDRData/1000hdr/HDRtest/a4104-DSC_0260.exr,/mnt/data_disk/ZQL/TIP_TMO_result/tradition/KimKautzConsistent/a4104.png,340,512,0.9286818384570016,0.8682249570073682,0.744173834257756,0.4932084035013409,0.7178374199112791,0.2685793870914026,0.0877726748585701
a4105,/mnt/data_disk/HDRData/1000hdr/HDRtest/a4105-07-11-26-at-16h02m57s-_MG_7151.exr,/mnt/data_disk/ZQL/TIP_TMO_result/tradition/KimKautzConsistent/a4105.png,341,512,0.9197342748759384,0.8476967552884345,0.7222956627017686,0.8147328322672114,0.8665473196781065,0.7629183448563164,0.22200852632522583
a4107,/mnt/data_disk/HDRData/1000hdr/HDRtest/a4107-dvf_018.exr,/mnt/data_disk/ZQL/TIP_TMO_result/tradition/KimKautzConsistent/a4107.png,341,512,0.8071662716813466,0.6215676082838074,0.4563167087282605,0.40853648508994617,0.8170727091935425,2.609863498697342e-07,0.16744297742843628
a4108,/mnt/data_disk/HDRData/1000hdr/HDRtest/a4108-MB_080329_057.exr,/mnt/data_disk/ZQL/TIP_TMO_result/tradition/KimKautzConsistent/a4108.png,341,512,0.967804063254288,0.9089754229814271,0.9350565390363879,0.7485467850250193,0.8404532464309075,0.656640323619131,0.3018435835838318
a4110,/mnt/data_disk/HDRData/1000hdr/HDRtest/a4110-dgw_069.exr,/mnt/data_disk/ZQL/TIP_TMO_result/tradition/KimKautzConsistent/a4110.png,341,512,0.8887454809599097,0.803400394617662,0.6049883264278139,0.6255736518024005,0.845072482517246,0.4060748210875551,0.2934586703777313
a4113,/mnt/data_disk/HDRData/1000hdr/HDRtest/a4113-IMG_2800.exr,/mnt/data_disk/ZQL/TIP_TMO_result/tradition/KimKautzConsistent/a4113.png,341,512,0.8213807275335303,0.8472022986564677,0.18294844041341551,0.530590989222825,0.9147686568556035,0.14641332159004655,0.14167174696922302
a4116,/mnt/data_disk/HDRData/1000hdr/HDRtest/a4116-IMG_2042.exr,/mnt/data_disk/ZQL/TIP_TMO_result/tradition/KimKautzConsistent/a4116.png,341,512,0.887077013947734,0.7985316108393181,0.6032603929319427,0.4686211390055759,0.9282709131179122,0.008971364893239618,0.10606271028518677
a4117,/mnt/data_disk/HDRData/1000hdr/HDRtest/a4117-050918_141526__MG_5987.exr,/mnt/data_disk/ZQL/TIP_TMO_result/tradition/KimKautzConsistent/a4117.png,341,512,0.9236250872767722,0.8308771303875454,0.7779479271025592,0.6257706199286414,0.8937380462811505,0.3578031935761322,0.25608518719673157
a4124,/mnt/data_disk/HDRData/1000hdr/HDRtest/a4124-20080709_at_10h04m23__MG_4561.exr,/mnt/data_disk/ZQL/TIP_TMO_result/tradition/KimKautzConsistent/a4124.png,341,512,0.9413872148569575,0.8067757636613235,0.944462533760855,0.8022093725162562,0.9129090332893995,0.6915097117431129,0.18662674725055695
a4127,/mnt/data_disk/HDRData/1000hdr/HDRtest/a4127-DSC_0152.exr,/mnt/data_disk/ZQL/TIP_TMO_result/tradition/KimKautzConsistent/a4127.png,340,512,0.8976713574226521,0.9237739054273765,0.46531898058519505,0.5564193111454366,0.93355852237253,0.17928009991834323,0.10937775671482086
a4131,/mnt/data_disk/HDRData/1000hdr/HDRtest/a4131-DSC_0001-2.exr,/mnt/data_disk/ZQL/TIP_TMO_result/tradition/KimKautzConsistent/a4131.png,340,512,0.9264695282999187,0.8625328691843035,0.7397741662883104,0.9203267861640583,0.8977689818429437,0.9428845904851729,0.1195572093129158
a4134,/mnt/data_disk/HDRData/1000hdr/HDRtest/a4134-IMG_0086.exr,/mnt/data_disk/ZQL/TIP_TMO_result/tradition/KimKautzConsistent/a4134.png,341,512,0.9211768617254265,0.8872006943113203,0.6636177734095041,0.8974294879454734,0.9314592195135305,0.8633997563774162,0.12786701321601868
a4142,/mnt/data_disk/HDRData/1000hdr/HDRtest/a4142-_DGW6275.exr,/mnt/data_disk/ZQL/TIP_TMO_result/tradition/KimKautzConsistent/a4142.png,341,512,0.9135578835699876,0.8946564761800343,0.6040264876678101,0.7497210479562334,0.8605099508932733,0.6389321450191935,0.23141607642173767
a4143,/mnt/data_disk/HDRData/1000hdr/HDRtest/a4143-LSCRW_0029.exr,/mnt/data_disk/ZQL/TIP_TMO_result/tradition/KimKautzConsistent/a4143.png,384,512,0.9257311109011865,0.9398567213307139,0.6068354735961776,0.9395220839375535,0.918446830066909,0.960597337808198,0.10128776729106903
a4144,/mnt/data_disk/HDRData/1000hdr/HDRtest/a4144-050623_122602__MG_3246.exr,/mnt/data_disk/ZQL/TIP_TMO_result/tradition/KimKautzConsistent/a4144.png,341,512,0.9448796062946963,0.9116450042616672,0.7749931689193489,0.74697944031255,0.9257986374217774,0.5681602432033226,0.1459047496318817
a4150,/mnt/data_disk/HDRData/1000hdr/HDRtest/a4150-_DGW6309.exr,/mnt/data_disk/ZQL/TIP_TMO_result/tradition/KimKautzConsistent/a4150.png,341,512,0.9238552655888554,0.7636119557238294,0.9092900065131646,0.8789390599353917,0.7825422190745941,0.9753359007961893,0.31207388639450073
a4151,/mnt/data_disk/HDRData/1000hdr/HDRtest/a4151-dvf_026.exr,/mnt/data_disk/ZQL/TIP_TMO_result/tradition/KimKautzConsistent/a4151.png,341,512,0.8324494546284265,0.7545012086722884,0.3640326103307848,0.3625835783110533,0.7250483398634715,0.00011881675863509593,0.24248041212558746
a4154,/mnt/data_disk/HDRData/1000hdr/HDRtest/a4154-IMG_4620.exr,/mnt/data_disk/ZQL/TIP_TMO_result/tradition/KimKautzConsistent/a4154.png,341,512,0.9562417495682586,0.8675868031969286,0.9309317238777554,0.7381558121257933,0.8696333390461383,0.6066782852054483,0.1822080910205841
a4155,/mnt/data_disk/HDRData/1000hdr/HDRtest/a4155-WP_CRW_0237.exr,/mnt/data_disk/ZQL/TIP_TMO_result/tradition/KimKautzConsistent/a4155.png,341,512,0.9279262973651203,0.8704240232851909,0.7354170238740272,0.6414266968587252,0.8248353129114223,0.4580180808060282,0.1616789549589157
a4156,/mnt/data_disk/HDRData/1000hdr/HDRtest/a4156-IMG_0159.exr,/mnt/data_disk/ZQL/TIP_TMO_result/tradition/KimKautzConsistent/a4156.png,341,512,0.9006266179983742,0.7671928038112596,0.7462993986536336,0.4789587554107488,0.9087783973789695,0.04913911344252813,0.21769866347312927
a4158,/mnt/data_disk/HDRData/1000hdr/HDRtest/a4158-WP_CRW_4109.exr,/mnt/data_disk/ZQL/TIP_TMO_result/tradition/KimKautzConsistent/a4158.png,341,512,0.9662146946080079,0.8700248616943013,0.9963367893363214,0.816337050293856,0.7800063665405287,0.8526677340471832,0.1269858479499817
a4160,/mnt/data_disk/HDRData/1000hdr/HDRtest/a4160-jn_20070824_0167.exr,/mnt/data_disk/ZQL/TIP_TMO_result/tradition/KimKautzConsistent/a4160.png,341,512,0.8241090423936496,0.8415656851872919,0.20172045577029996,0.4353683346897126,0.8706788141829818,5.785519644339577e-05,0.2930498421192169
a4161,/mnt/data_disk/HDRData/1000hdr/HDRtest/a4161-tc_DSC2218.exr,/mnt/data_disk/ZQL/TIP_TMO_result/tradition/KimKautzConsistent/a4161.png,340,512,0.805068427484405,0.9687763639234668,0.018098426395491654,0.4736443062814914,0.9472886125629825,3.5263832204972224e-16,0.19881205260753632
a4167,/mnt/data_disk/HDRData/1000hdr/HDRtest/a4167-IMG_0031.exr,/mnt/data_disk/ZQL/TIP_TMO_result/tradition/KimKautzConsistent/a4167.png,341,512,0.8912744788253305,0.8906896592841729,0.4781104222184463,0.44666888736948046,0.8883990320831071,0.00493874265585376,0.21360233426094055
a4170,/mnt/data_disk/HDRData/1000hdr/HDRtest/a4170-jmac_DSC3333.exr,/mnt/data_disk/ZQL/TIP_TMO_result/tradition/KimKautzConsistent/a4170.png,343,512,0.902970018386566,0.7729393241671888,0.7506144371382553,0.38927186734826547,0.7718083335940195,0.006735401102511513,0.1749727874994278
a4174,/mnt/data_disk/HDRData/1000hdr/HDRtest/a4174-dgw_083.exr,/mnt/data_disk/ZQL/TIP_TMO_result/tradition/KimKautzConsistent/a4174.png,341,512,0.9590926742344066,0.8691011000365955,0.9479582244696337,0.684127582526545,0.9159155024286524,0.45233966262443775,0.3298312723636627
a4177,/mnt/data_disk/HDRData/1000hdr/HDRtest/a4177-jmac_DSC1412.exr,/mnt/data_disk/ZQL/TIP_TMO_result/tradition/KimKautzConsistent/a4177.png,340,512,0.9608655054776819,0.9539379705913036,0.8091535603580398,0.7099918417101981,0.9613073866296812,0.4586762967907151,0.10988899320363998
a4178,/mnt/data_disk/HDRData/1000hdr/HDRtest/a4178-IMG_0487.exr,/mnt/data_disk/ZQL/TIP_TMO_result/tradition/KimKautzConsistent/a4178.png,341,512,0.9332744565574594,0.9116216823105112,0.6996790167300438,0.4985817163754025,0.9656250914782324,0.03153834127257262,0.10453761368989944
a4184,/mnt/data_disk/HDRData/1000hdr/HDRtest/a4184-jmac_MG_5507.exr,/mnt/data_disk/ZQL/TIP_TMO_result/tradition/KimKautzConsistent/a4184.png,341,512,0.9020798139462773,0.832997387996386,0.6360479134239315,0.5626028024114007,0.8181698199742694,0.30703578484853206,0.2689054310321808
a4185,/mnt/data_disk/HDRData/1000hdr/HDRtest/a4185-DSC_0055-2.exr,/mnt/data_disk/ZQL/TIP_TMO_result/tradition/KimKautzConsistent/a4185.png,340,512,0.9418770523108582,0.8816513891562291,0.8074382142840894,0.5575939080999098,0.9156266859772266,0.1995611302225931,0.18969976902008057
a4188,/mnt/data_disk/HDRData/1000hdr/HDRtest/a4188-_MG_1604.exr,/mnt/data_disk/ZQL/TIP_TMO_result/tradition/KimKautzConsistent/a4188.png,341,512,0.8496573668665596,0.8010913955243734,0.383557387706646,0.5668141844375018,0.6567449495404338,0.4768834193345696,0.26027050614356995
a4191,/mnt/data_disk/HDRData/1000hdr/HDRtest/a4191-IMG_4849.exr,/mnt/data_disk/ZQL/TIP_TMO_result/tradition/KimKautzConsistent/a4191.png,341,512,0.9336341446113144,0.8580859462361964,0.7947566718929131,0.5033012807030955,0.8720195852680153,0.13458297613817577,0.1821395456790924
a4194,/mnt/data_disk/HDRData/1000hdr/HDRtest/a4194-LS051026_day_1_arive50.exr,/mnt/data_disk/ZQL/TIP_TMO_result/tradition/KimKautzConsistent/a4194.png,341,512,0.9173966392398208,0.7755146967866996,0.8414108859288609,0.7483719263909125,0.8769204514882242,0.6198234012936008,0.17097961902618408
a4197,/mnt/data_disk/HDRData/1000hdr/HDRtest/a4197-_MG_6428.exr,/mnt/data_disk/ZQL/TIP_TMO_result/tradition/KimKautzConsistent/a4197.png,341,512,0.8386886612837596,0.9455438868259574,0.14684900274246487,0.48406553187869816,0.9681310637252483,3.214802429149852e-11,0.09716843068599701
a4198,/mnt/data_disk/HDRData/1000hdr/HDRtest/a4198-_DSC6401.exr,/mnt/data_disk/ZQL/TIP_TMO_result/tradition/KimKautzConsistent/a4198.png,341,512,0.8039998578900387,0.6626054652259779,0.3644143513075232,0.415001793846817,0.828009732770084,0.0019938549235499984,0.2840414345264435
a4199,/mnt/data_disk/HDRData/1000hdr/HDRtest/a4199-jmac_MG_5003.exr,/mnt/data_disk/ZQL/TIP_TMO_result/tradition/KimKautzConsistent/a4199.png,341,512,0.8752609930004002,0.8083117081824632,0.5158277931097346,0.5526720288667823,0.8690069582910086,0.23633709944255613,0.3043861389160156
a4201,/mnt/data_disk/HDRData/1000hdr/HDRtest/a4201-_DSC0120.exr,/mnt/data_disk/ZQL/TIP_TMO_result/tradition/KimKautzConsistent/a4201.png,340,512,0.9026244713633874,0.8211647894103504,0.6600647837268463,0.7713000895102797,0.7852135661295158,0.7573866128910437,0.2563219368457794
a4202,/mnt/data_disk/HDRData/1000hdr/HDRtest/a4202-DSC_0439.exr,/mnt/data_disk/ZQL/TIP_TMO_result/tradition/KimKautzConsistent/a4202.png,343,512,0.8969190065037435,0.8793751100468133,0.5283670925117812,0.45339224832467995,0.8764904591765729,0.030294037472787035,0.1681947559118271
a4204,/mnt/data_disk/HDRData/1000hdr/HDRtest/a4204-_DGW7870.exr,/mnt/data_disk/ZQL/TIP_TMO_result/tradition/KimKautzConsistent/a4204.png,341,512,0.8363362964434794,0.8481293257943373,0.2496515043664456,0.46040343713539933,0.920793484898252,1.338937254664608e-05,0.11897890269756317
a4212,/mnt/data_disk/HDRData/1000hdr/HDRtest/a4212-Duggan_090321_5925.exr,/mnt/data_disk/ZQL/TIP_TMO_result/tradition/KimKautzConsistent/a4212.png,341,512,0.9436726126034158,0.8076612716684352,0.9586942822084613,0.7451468994084335,0.9085915430440621,0.5817022557728049,0.2102987915277481
a4214,/mnt/data_disk/HDRData/1000hdr/HDRtest/a4214-DSC_0267.exr,/mnt/data_disk/ZQL/TIP_TMO_result/tradition/KimKautzConsistent/a4214.png,343,512,0.8667549714034424,0.9065330305328166,0.3225530902646387,0.5041029980118097,0.9325645466137301,0.07564144940988919,0.15471185743808746
a4216,/mnt/data_disk/HDRData/1000hdr/HDRtest/a4216-DSC_0118.exr,/mnt/data_disk/ZQL/TIP_TMO_result/tradition/KimKautzConsistent/a4216.png,343,512,0.9302165592772795,0.9082666670156317,0.685753960645359,0.5956666838042082,0.9359478089392442,0.25538555866917223,0.15511590242385864
a4220,/mnt/data_disk/HDRData/1000hdr/HDRtest/a4220-Duggan_090305_5359.exr,/mnt/data_disk/ZQL/TIP_TMO_result/tradition/KimKautzConsistent/a4220.png,341,512,0.9447349104742482,0.8400479492900855,0.9032171284325987,0.4290329365114287,0.8193982665751581,0.03866760644769926,0.2162768691778183
a4228,/mnt/data_disk/HDRData/1000hdr/HDRtest/a4228-DSC_0037-2.exr,/mnt/data_disk/ZQL/TIP_TMO_result/tradition/KimKautzConsistent/a4228.png,340,512,0.8621201310499269,0.916112532863182,0.2867714609231393,0.4611778224572404,0.9223546553324126,9.895820683185771e-07,0.09690757095813751
a4230,/mnt/data_disk/HDRData/1000hdr/HDRtest/a4230-Duggan_090426_7798.exr,/mnt/data_disk/ZQL/TIP_TMO_result/tradition/KimKautzConsistent/a4230.png,341,512,0.8277748596323433,0.6898110737767416,0.4465267657657009,0.41522066360127985,0.8304170358028651,2.4291399694612102e-05,0.21984337270259857
a4231,/mnt/data_disk/HDRData/1000hdr/HDRtest/a4231-Duggan_080326_5786.exr,/mnt/data_disk/ZQL/TIP_TMO_result/tradition/KimKautzConsistent/a4231.png,341,512,0.9199023664403146,0.7395488479097511,0.9315270573362701,0.9165601556599479,0.8570507383999909,0.9760695729199049,0.11459945142269135
a4232,/mnt/data_disk/HDRData/1000hdr/HDRtest/a4232-Duggan_090323_6181.exr,/mnt/data_disk/ZQL/TIP_TMO_result/tradition/KimKautzConsistent/a4232.png,341,512,0.8537357481231315,0.8377187989021209,0.35075301391271313,0.5897782651623918,0.8543658381019803,0.3251906922228034,0.2758781313896179
a4235,/mnt/data_disk/HDRData/1000hdr/HDRtest/a4235-DSC_0433.exr,/mnt/data_disk/ZQL/TIP_TMO_result/tradition/KimKautzConsistent/a4235.png,343,512,0.9115690448858812,0.850143538933152,0.6659297944057664,0.36376711031812875,0.7218907017007247,0.005643518935532877,0.18345731496810913
a4236,/mnt/data_disk/HDRData/1000hdr/HDRtest/a4236-DSC_0384.exr,/mnt/data_disk/ZQL/TIP_TMO_result/tradition/KimKautzConsistent/a4236.png,343,512,0.8710017834006387,0.8666677129698288,0.4007414575715618,0.8075464041731165,0.934051720297659,0.681041088048574,0.12770885229110718
a4237,/mnt/data_disk/HDRData/1000hdr/HDRtest/a4237-20090417_at_18h06m01__MG_1955.exr,/mnt/data_disk/ZQL/TIP_TMO_result/tradition/KimKautzConsistent/a4237.png,341,512,0.816845405505975,0.7830393030559065,0.24407465229848768,0.3127604532157713,0.6255209059881292,4.4341345791811025e-10,0.17299529910087585
a4238,/mnt/data_disk/HDRData/1000hdr/HDRtest/a4238-Duggan_090320_5609.exr,/mnt/data_disk/ZQL/TIP_TMO_result/tradition/KimKautzConsistent/a4238.png,341,512,0.9229478233505672,0.870481402669672,0.7032195973216823,0.6387005807438125,0.916394288103122,0.36100687338450305,0.17065547406673431
a4239,/mnt/data_disk/HDRData/1000hdr/HDRtest/a4239-Duggan_080114_4429.exr,/mnt/data_disk/ZQL/TIP_TMO_result/tradition/KimKautzConsistent/a4239.png,341,512,0.8894710072897596,0.8094896694522247,0.5988647222721841,0.4731180432103696,0.7573676223882062,0.18886846403253296,0.1653197854757309
a4244,/mnt/data_disk/HDRData/1000hdr/HDRtest/a4244-Duggan_090504_8959.exr,/mnt/data_disk/ZQL/TIP_TMO_result/tradition/KimKautzConsistent/a4244.png,341,512,0.8980842474805386,0.8276717720393107,0.6204500345585413,0.863604476792857,0.8915812539423755,0.8356276996433384,0.17672595381736755
a4246,/mnt/data_disk/HDRData/1000hdr/HDRtest/a4246-Duggan_090330_6226.exr,/mnt/data_disk/ZQL/TIP_TMO_result/tradition/KimKautzConsistent/a4246.png,341,512,0.913001872698834,0.7655179402252468,0.8315061401590951,0.44366890195731673,0.8018033187340539,0.08553448518057961,0.18868675827980042
a4249,/mnt/data_disk/HDRData/1000hdr/HDRtest/a4249-Duggan_090322_6001.exr,/mnt/data_disk/ZQL/TIP_TMO_result/tradition/KimKautzConsistent/a4249.png,341,512,0.9021853056497421,0.8231716508973016,0.6537830080538491,0.45281902031490495,0.8811828769975737,0.024455163632236203,0.2390851527452469
a4254,/mnt/data_disk/HDRData/1000hdr/HDRtest/a4254-DSC_0066.exr,/mnt/data_disk/ZQL/TIP_TMO_result/tradition/KimKautzConsistent/a4254.png,340,512,0.8845366362870452,0.9129620735856316,0.4077183887165796,0.4466171718703161,0.8921311746577462,0.0011031690828859418,0.10405940562486649
a4258,/mnt/data_disk/HDRData/1000hdr/HDRtest/a4258-_DSC0012-4.exr,/mnt/data_disk/ZQL/TIP_TMO_result/tradition/KimKautzConsistent/a4258.png,340,512,0.8694914804870999,0.8386079004175929,0.4345338050142896,0.42919627042510927,0.8582823749616665,0.00011016588855202621,0.0746467262506485
a4262,/mnt/data_disk/HDRData/1000hdr/HDRtest/a4262-DSC_0065.exr,/mnt/data_disk/ZQL/TIP_TMO_result/tradition/KimKautzConsistent/a4262.png,340,512,0.8887221128175594,0.8805935958218438,0.4788471537072188,0.46352824172767365,0.9120272215504934,0.015029261904853918,0.11918889731168747
a4266,/mnt/data_disk/HDRData/1000hdr/HDRtest/a4266-DSC_0426.exr,/mnt/data_disk/ZQL/TIP_TMO_result/tradition/KimKautzConsistent/a4266.png,343,512,0.8768887622062531,0.7567529332304006,0.6152881857354094,0.40263454081222194,0.7704066304174685,0.03486245120697541,0.21183890104293823
a4267,/mnt/data_disk/HDRData/1000hdr/HDRtest/a4267-20090414_at_23h13m08__MG_1367.exr,/mnt/data_disk/ZQL/TIP_TMO_result/tradition/KimKautzConsistent/a4267.png,341,512,0.8357996919481483,0.5892909602904414,0.6962306987472902,0.3672443933258816,0.567988923882999,0.16649986276876416,0.15921245515346527
a4271,/mnt/data_disk/HDRData/1000hdr/HDRtest/a4271-Duggan_090227_5232.exr,/mnt/data_disk/ZQL/TIP_TMO_result/tradition/KimKautzConsistent/a4271.png,341,512,0.9403356183201446,0.9074381008919796,0.7523757956901074,0.8634417068345099,0.933023480144294,0.7938599335247257,0.21292082965373993
a4272,/mnt/data_disk/HDRData/1000hdr/HDRtest/a4272-DSC_0398.exr,/mnt/data_disk/ZQL/TIP_TMO_result/tradition/KimKautzConsistent/a4272.png,343,512,0.7946736774365438,0.6578689783667034,0.32393403251729863,0.3347404976534321,0.5972066568620857,0.07227433844477849,0.1203383281826973
a4275,/mnt/data_disk/HDRData/1000hdr/HDRtest/a4275-09-05-12-at-17h46m31s-_MG_8890.exr,/mnt/data_disk/ZQL/TIP_TMO_result/tradition/KimKautzConsistent/a4275.png,341,512,0.9024180857711714,0.8520126078964765,0.6058434990593583,0.3935024734765977,0.7736363112966667,0.013368635656528806,0.17436483502388
a4287,/mnt/data_disk/HDRData/1000hdr/HDRtest/a4287-_DSC0083.exr,/mnt/data_disk/ZQL/TIP_TMO_result/tradition/KimKautzConsistent/a4287.png,340,512,0.9162556821426159,0.8538667244945334,0.6891894495350238,0.9034928643236535,0.9027348521126325,0.9042508765346746,0.14209824800491333
a4291,/mnt/data_disk/HDRData/1000hdr/HDRtest/a4291-20090417_at_18h46m58__MG_2026.exr,/mnt/data_disk/ZQL/TIP_TMO_result/tradition/KimKautzConsistent/a4291.png,341,512,0.9330844585844,0.9270518112367115,0.67307826133035,0.7231436753705572,0.8779467222933732,0.5683406284477412,0.14645560085773468
a4297,/mnt/data_disk/HDRData/1000hdr/HDRtest/a4297-_DSC0034.exr,/mnt/data_disk/ZQL/TIP_TMO_result/tradition/KimKautzConsistent/a4297.png,340,512,0.9057586644241774,0.8090988423189133,0.7014865140958836,0.5071461615959666,0.8347118127923998,0.17958051039953343,0.1522153913974762
a4298,/mnt/data_disk/HDRData/1000hdr/HDRtest/a4298-Duggan_090504_9090.exr,/mnt/data_disk/ZQL/TIP_TMO_result/tradition/KimKautzConsistent/a4298.png,341,512,0.8389817369521002,0.9350179155724595,0.1590655180306558,0.8228024955370058,0.9337564482657839,0.7118485428082277,0.15892547369003296
a4302,/mnt/data_disk/HDRData/1000hdr/HDRtest/a4302-20090425_at_17h00m59__MG_0404.exr,/mnt/data_disk/ZQL/TIP_TMO_result/tradition/KimKautzConsistent/a4302.png,341,512,0.9254013510792791,0.882230294982362,0.6988080220862515,0.7061371032864734,0.8288850815390368,0.58338912503391,0.2602204978466034
a4304,/mnt/data_disk/HDRData/1000hdr/HDRtest/a4304-09-05-19-at-18h03m17s-_MG_9540.exr,/mnt/data_disk/ZQL/TIP_TMO_result/tradition/KimKautzConsistent/a4304.png,341,512,0.8537487743816586,0.7799681524889558,0.43922300371614426,0.383293244667862,0.765304345383255,0.0012821439524690666,0.18805445730686188
a4307,/mnt/data_disk/HDRData/1000hdr/HDRtest/a4307-20050328_161219__MG_0628.exr,/mnt/data_disk/ZQL/TIP_TMO_result/tradition/KimKautzConsistent/a4307.png,341,512,0.9276189985272709,0.862745155632327,0.7468828984487074,0.6638977106397408,0.8914106086559856,0.43638481262349593,0.10635928809642792
a4308,/mnt/data_disk/HDRData/1000hdr/HDRtest/a4308-Duggan_090209_4996.exr,/mnt/data_disk/ZQL/TIP_TMO_result/tradition/KimKautzConsistent/a4308.png,341,512,0.9495158014637517,0.8649348456075334,0.8894290695002522,0.8740632671376141,0.8616590743765464,0.8864674598986818,0.27014753222465515
a4310,/mnt/data_disk/HDRData/1000hdr/HDRtest/a4310-DSC_0007.exr,/mnt/data_disk/ZQL/TIP_TMO_result/tradition/KimKautzConsistent/a4310.png,340,512,0.9421528776352118,0.7929915259699207,0.977395203049735,0.9528391787404067,0.9316312431846526,0.9740471142961606,0.14479462802410126
a4312,/mnt/data_disk/HDRData/1000hdr/HDRtest/a4312-20090417_at_16h32m44__MG_1867.exr,/mnt/data_disk/ZQL/TIP_TMO_result/tradition/KimKautzConsistent/a4312.png,341,512,0.8012902731514371,0.737645508310951,0.2340195741181799,0.368995150279892,0.7379902926694357,7.890348309530433e-09,0.29808977246284485
a4317,/mnt/data_disk/HDRData/1000hdr/HDRtest/a4317-DSC_0224.exr,/mnt/data_disk/ZQL/TIP_TMO_result/tradition/KimKautzConsistent/a4317.png,343,512,0.8403542335202727,0.8020781416430413,0.3331281262280451,0.3237221503869385,0.6473357862841758,0.00010851448970123086,0.12709897756576538
a4318,/mnt/data_disk/HDRData/1000hdr/HDRtest/a4318-Duggan_090321_5920.exr,/mnt/data_disk/ZQL/TIP_TMO_result/tradition/KimKautzConsistent/a4318.png,341,512,0.9656289281626991,0.926599828193277,0.8884902675314693,0.784796404853348,0.9481016719422519,0.6214911377644441,0.1404642015695572
a4319,/mnt/data_disk/HDRData/1000hdr/HDRtest/a4319-DSC_0132.exr,/mnt/data_disk/ZQL/TIP_TMO_result/tradition/KimKautzConsistent/a4319.png,340,512,0.9443665679013103,0.8415769007280098,0.8977840931234121,0.8006747339219387,0.8702627105388283,0.7310867573050491,0.17161619663238525
a4323,/mnt/data_disk/HDRData/1000hdr/HDRtest/a4323-DSC_0010.exr,/mnt/data_disk/ZQL/TIP_TMO_result/tradition/KimKautzConsistent/a4323.png,343,512,0.94198305779101,0.8464249069866212,0.8723425971530505,0.39837305617452046,0.7655527590266207,0.031193353322420275,0.21637827157974243
a4324,/mnt/data_disk/HDRData/1000hdr/HDRtest/a4324-DSC_0002.exr,/mnt/data_disk/ZQL/TIP_TMO_result/tradition/KimKautzConsistent/a4324.png,343,512,0.9669349833859897,0.8772834161286921,0.9876594373650462,0.6506856108350068,0.7834115391926859,0.5179596824773275,0.16554713249206543
a4326,/mnt/data_disk/HDRData/1000hdr/HDRtest/a4326-DSC_0461.exr,/mnt/data_disk/ZQL/TIP_TMO_result/tradition/KimKautzConsistent/a4326.png,343,512,0.8686426115297105,0.7317826783108091,0.6105961807622704,0.33913925469726974,0.6772365483732716,0.0010419610212679012,0.16967380046844482
a4329,/mnt/data_disk/HDRData/1000hdr/HDRtest/a4329-DSC_0028.exr,/mnt/data_disk/ZQL/TIP_TMO_result/tradition/KimKautzConsistent/a4329.png,340,512,0.8592670158779991,0.8537519995900827,0.35670368031667166,0.45188677851821935,0.9036772492294278,9.630780701086692e-05,0.1030750647187233
a4331,/mnt/data_disk/HDRData/1000hdr/HDRtest/a4331-_DGW0241.exr,/mnt/data_disk/ZQL/TIP_TMO_result/tradition/KimKautzConsistent/a4331.png,341,512,0.7830313514027439,0.7723386131832649,0.11327081155644962,0.3256665684567785,0.6435166223861895,0.00781651452736755,0.15043231844902039
a4335,/mnt/data_disk/HDRData/1000hdr/HDRtest/a4335-Duggan_090123_4520.exr,/mnt/data_disk/ZQL/TIP_TMO_result/tradition/KimKautzConsistent/a4335.png,341,512,0.8886695205262394,0.847155895374206,0.5310834967991577,0.38201429099677314,0.7639631085243116,6.547346923465709e-05,0.2675632834434509
a4338,/mnt/data_disk/HDRData/1000hdr/HDRtest/a4338-DSC_0206.exr,/mnt/data_disk/ZQL/TIP_TMO_result/tradition/KimKautzConsistent/a4338.png,343,512,0.9052636038359123,0.8716482607699624,0.5907582209563728,0.5494676111762425,0.8764489785437501,0.22248624380873488,0.1148872897028923
a4339,/mnt/data_disk/HDRData/1000hdr/HDRtest/a4339-Duggan_090111_4244.exr,/mnt/data_disk/ZQL/TIP_TMO_result/tradition/KimKautzConsistent/a4339.png,341,512,0.933739050737322,0.774946940985809,0.9549272100578605,0.45982035005769356,0.8520470685725151,0.06759363154287204,0.2364661693572998
a4340,/mnt/data_disk/HDRData/1000hdr/HDRtest/a4340-DSC_0441.exr,/mnt/data_disk/ZQL/TIP_TMO_result/tradition/KimKautzConsistent/a4340.png,343,512,0.8763028582963068,0.6504267180492821,0.8251864668786921,0.4179557309323202,0.7608715459739925,0.07503991589064779,0.16639390587806702
a4342,/mnt/data_disk/HDRData/1000hdr/HDRtest/a4342-DSC_0043.exr,/mnt/data_disk/ZQL/TIP_TMO_result/tradition/KimKautzConsistent/a4342.png,340,512,0.9254826190028709,0.8095176424826036,0.8301647094621629,0.4569793617454644,0.8286194441681728,0.08533927932275602,0.12666289508342743
a4345,/mnt/data_disk/HDRData/1000hdr/HDRtest/a4345-Duggan_080411_5976.exr,/mnt/data_disk/ZQL/TIP_TMO_result/tradition/KimKautzConsistent/a4345.png,341,512,0.8923329756039826,0.7525342909070926,0.7205999968494675,0.43293232633668033,0.8617347716862307,0.004129880987129963,0.15330980718135834
a4354,/mnt/data_disk/HDRData/1000hdr/HDRtest/a4354-DSC_0347.exr,/mnt/data_disk/ZQL/TIP_TMO_result/tradition/KimKautzConsistent/a4354.png,343,512,0.9693154416898728,0.880383986761748,0.9986563196827687,0.7028231948710539,0.8992590316082105,0.5063873581338972,0.2275150567293167
a4356,/mnt/data_disk/HDRData/1000hdr/HDRtest/a4356-_DSC1335.exr,/mnt/data_disk/ZQL/TIP_TMO_result/tradition/KimKautzConsistent/a4356.png,341,512,0.728175399672632,0.5787348154063285,0.14233724617676002,0.371142426111364,0.7422847685340256,8.36887023753481e-08,0.0835190862417221
a4357,/mnt/data_disk/HDRData/1000hdr/HDRtest/a4357-Duggan_090124_4645.exr,/mnt/data_disk/ZQL/TIP_TMO_result/tradition/KimKautzConsistent/a4357.png,341,512,0.9049147868672653,0.8664971386482601,0.5970825087044267,0.4347844264536124,0.8505416096931296,0.019027243214095216,0.18744096159934998
a4366,/mnt/data_disk/HDRData/1000hdr/HDRtest/a4366-DSC_0447.exr,/mnt/data_disk/ZQL/TIP_TMO_result/tradition/KimKautzConsistent/a4366.png,343,512,0.9718958467624624,0.9323921145408054,0.9214371211528016,0.7953929191229869,0.9319936315400715,0.6587922067059024,0.10698077827692032
a4368,/mnt/data_disk/HDRData/1000hdr/HDRtest/a4368-Duggan_090321_5857.exr,/mnt/data_disk/ZQL/TIP_TMO_result/tradition/KimKautzConsistent/a4368.png,341,512,0.8524837625020494,0.8639016752761148,0.3076208417826912,0.39129153599593225,0.7825830523832099,1.9608654542624582e-08,0.21213749051094055
a4370,/mnt/data_disk/HDRData/1000hdr/HDRtest/a4370-DSC_0080.exr,/mnt/data_disk/ZQL/TIP_TMO_result/tradition/KimKautzConsistent/a4370.png,340,512,0.9486867065362975,0.8497207283899643,0.912169909036288,0.512882865886498,0.8909804151688853,0.13478531660411067,0.12801900506019592
a4374,/mnt/data_disk/HDRData/1000hdr/HDRtest/a4374-09-05-19-at-17h54m57s-_MG_9531.exr,/mnt/data_disk/ZQL/TIP_TMO_result/tradition/KimKautzConsistent/a4374.png,341,512,0.9403156724094923,0.864008857684166,0.82866628888287,0.7488607774404339,0.7800476150645741,0.7176739398162938,0.1324676275253296
a4377,/mnt/data_disk/HDRData/1000hdr/HDRtest/a4377-IMG_4929.exr,/mnt/data_disk/ZQL/TIP_TMO_result/tradition/KimKautzConsistent/a4377.png,341,512,0.942266428374092,0.9022393746176444,0.7739626252909998,0.563797909595474,0.9359963348254496,0.19159948436549837,0.13459214568138123
a4382,/mnt/data_disk/HDRData/1000hdr/HDRtest/a4382-DSC_0261.exr,/mnt/data_disk/ZQL/TIP_TMO_result/tradition/KimKautzConsistent/a4382.png,343,512,0.9186542192670293,0.816329709124014,0.7719676364162018,0.5897140329587776,0.914025718746897,0.26540234717065825,0.18634162843227386
a4384,/mnt/data_disk/HDRData/1000hdr/HDRtest/a4384-DSC_0322.exr,/mnt/data_disk/ZQL/TIP_TMO_result/tradition/KimKautzConsistent/a4384.png,343,512,0.928486523365703,0.772179401080162,0.9239506571983414,0.5529507277455334,0.8939651962495063,0.21193625924156057,0.1491422951221466
a4385,/mnt/data_disk/HDRData/1000hdr/HDRtest/a4385-_DGW9650.exr,/mnt/data_disk/ZQL/TIP_TMO_result/tradition/KimKautzConsistent/a4385.png,341,512,0.9449065184410561,0.8171897257533501,0.9485252164536994,0.5075211723791772,0.8035238618582328,0.2115184829001216,0.20241114497184753
a4386,/mnt/data_disk/HDRData/1000hdr/HDRtest/a4386-Duggan_090124_4632.exr,/mnt/data_disk/ZQL/TIP_TMO_result/tradition/KimKautzConsistent/a4386.png,341,512,0.9600294641310676,0.8725879022455163,0.9479578990208902,0.6006742218415637,0.8820686703316492,0.31927977335147834,0.1366041749715805
a4392,/mnt/data_disk/HDRData/1000hdr/HDRtest/a4392-Duggan_090331_6554.exr,/mnt/data_disk/ZQL/TIP_TMO_result/tradition/KimKautzConsistent/a4392.png,341,512,0.8693919623542457,0.8326596710181278,0.4431612427100213,0.45938697824906993,0.8876262608795596,0.03114769561858025,0.24915377795696259
a4394,/mnt/data_disk/HDRData/1000hdr/HDRtest/a4394-Duggan_090127_4837.exr,/mnt/data_disk/ZQL/TIP_TMO_result/tradition/KimKautzConsistent/a4394.png,341,512,0.8511927486863797,0.7470343002980898,0.4796261133567413,0.6447594856997358,0.840629599928737,0.4488893714707348,0.2091144174337387
a4395,/mnt/data_disk/HDRData/1000hdr/HDRtest/a4395-Duggan_090503_8734.exr,/mnt/data_disk/ZQL/TIP_TMO_result/tradition/KimKautzConsistent/a4395.png,341,512,0.8268012414712382,0.8842372714748321,0.16347940818673481,0.3503172061024398,0.7006294137170008,4.998487878879967e-06,0.08476284146308899
a4396,/mnt/data_disk/HDRData/1000hdr/HDRtest/a4396-DSC_0073-2.exr,/mnt/data_disk/ZQL/TIP_TMO_result/tradition/KimKautzConsistent/a4396.png,340,512,0.9298247872389358,0.8352941675488901,0.8109704084675052,0.6638840606505414,0.8908483516885863,0.43691976961249634,0.13329322636127472
a4398,/mnt/data_disk/HDRData/1000hdr/HDRtest/a4398-Duggan_050709_1062.exr,/mnt/data_disk/ZQL/TIP_TMO_result/tradition/KimKautzConsistent/a4398.png,341,512,0.8293582523292157,0.7980304650078449,0.28356118230287625,0.4003608037426182,0.7915036217240515,0.009217985761184802,0.15176540613174438
a4399,/mnt/data_disk/HDRData/1000hdr/HDRtest/a4399-Duggan_080410_5879.exr,/mnt/data_disk/ZQL/TIP_TMO_result/tradition/KimKautzConsistent/a4399.png,341,512,0.9321186112675821,0.8734605450529783,0.7574270451722643,0.7791109009895067,0.8591325506577288,0.6990892513212849,0.11473222821950912
a4409,/mnt/data_disk/HDRData/1000hdr/HDRtest/a4409-Duggan_090503_8738.exr,/mnt/data_disk/ZQL/TIP_TMO_result/tradition/KimKautzConsistent/a4409.png,341,512,0.9331403447493007,0.940682530455847,0.6514718086139174,0.9704293798501549,0.9411877841607685,0.9996709755395411,0.19668076932430267
a4419,/mnt/data_disk/HDRData/1000hdr/HDRtest/a4419-_DGW0269.exr,/mnt/data_disk/ZQL/TIP_TMO_result/tradition/KimKautzConsistent/a4419.png,341,512,0.8632300864571738,0.8162639568239287,0.43430841706421525,0.7986051480343409,0.8161600436863223,0.7810502523823595,0.18169604241847992
a4420,/mnt/data_disk/HDRData/1000hdr/HDRtest/a4420-DSC_0054.exr,/mnt/data_disk/ZQL/TIP_TMO_result/tradition/KimKautzConsistent/a4420.png,343,512,0.7778642686806255,0.6327385708384595,0.2813950878859391,0.267116146246252,0.5342322902786393,2.2138647431415787e-09,0.20062166452407837
a4421,/mnt/data_disk/HDRData/1000hdr/HDRtest/a4421-Duggan_090214_5129.exr,/mnt/data_disk/ZQL/TIP_TMO_result/tradition/KimKautzConsistent/a4421.png,341,512,0.8267206044161756,0.9543600935088205,0.0927121587510259,0.4648441749820113,0.9296883494102857,5.537369241040323e-10,0.13450655341148376
a4425,/mnt/data_disk/HDRData/1000hdr/HDRtest/a4425-DSC_0007.exr,/mnt/data_disk/ZQL/TIP_TMO_result/tradition/KimKautzConsistent/a4425.png,343,512,0.899720596556765,0.8388705119501315,0.6114138408277955,0.4490976882071456,0.8394352501463773,0.05876012626791388,0.18469546735286713
a4430,/mnt/data_disk/HDRData/1000hdr/HDRtest/a4430-09-05-19-at-19h04m03s-_MG_9559.exr,/mnt/data_disk/ZQL/TIP_TMO_result/tradition/KimKautzConsistent/a4430.png,341,512,0.886076021880478,0.815107254675794,0.5686564390412334,0.6698192408690791,0.7985205098226048,0.5411179719155532,0.1225467100739479
a4431,/mnt/data_disk/HDRData/1000hdr/HDRtest/a4431-Duggan_090330_6282.exr,/mnt/data_disk/ZQL/TIP_TMO_result/tradition/KimKautzConsistent/a4431.png,341,512,0.9298140012519691,0.9085318448637927,0.6827563011199125,0.7533438191553881,0.8728704764218062,0.6338171618889699,0.18289439380168915
a4432,/mnt/data_disk/HDRData/1000hdr/HDRtest/a4432-Duggan_081114_3124.exr,/mnt/data_disk/ZQL/TIP_TMO_result/tradition/KimKautzConsistent/a4432.png,341,512,0.8777911533518759,0.7221222497931172,0.6862196497685389,0.7665479085660248,0.75400188826355,0.7790939288684997,0.17495089769363403
a4433,/mnt/data_disk/HDRData/1000hdr/HDRtest/a4433-Duggan_090504_8957.exr,/mnt/data_disk/ZQL/TIP_TMO_result/tradition/KimKautzConsistent/a4433.png,341,512,0.8010592612945623,0.9287757300614936,0.03293424676037569,0.4527138051711053,0.9054276103422106,1.0575125831923882e-18,0.17316308617591858
a4434,/mnt/data_disk/HDRData/1000hdr/HDRtest/a4434-20090414_at_23h05m38__MG_1365.exr,/mnt/data_disk/ZQL/TIP_TMO_result/tradition/KimKautzConsistent/a4434.png,341,512,0.7492436774544026,0.7179607674445306,0.053527111664111726,0.3049157175656572,0.6098314351304884,8.259805231855332e-13,0.06555398553609848
a4435,/mnt/data_disk/HDRData/1000hdr/HDRtest/a4435-WP_CRW_0591.exr,/mnt/data_disk/ZQL/TIP_TMO_result/tradition/KimKautzConsistent/a4435.png,341,512,0.9353964980062107,0.8694831319258252,0.786027330047548,0.6274286126124698,0.8937307363452188,0.3611264888797208,0.20626625418663025
a4436,/mnt/data_disk/HDRData/1000hdr/HDRtest/a4436-DSC_0153.exr,/mnt/data_disk/ZQL/TIP_TMO_result/tradition/KimKautzConsistent/a4436.png,343,512,0.959311699032737,0.9136859003182911,0.8681410792522012,0.944727281046218,0.9200944223360386,0.9693601397563975,0.14571057260036469
a4442,/mnt/data_disk/HDRData/1000hdr/HDRtest/a4442-Duggan_080629_9284.exr,/mnt/data_disk/ZQL/TIP_TMO_result/tradition/KimKautzConsistent/a4442.png,341,512,0.8773091827930507,0.8374992877496295,0.4804369999289837,0.40002024890094623,0.7263923133857562,0.07364818441613634,0.15884248912334442
a4447,/mnt/data_disk/HDRData/1000hdr/HDRtest/a4447-Duggan_090321_5856.exr,/mnt/data_disk/ZQL/TIP_TMO_result/tradition/KimKautzConsistent/a4447.png,341,512,0.9046495396055156,0.8059639681638229,0.7000695013190495,0.4920289991554661,0.8294362029935075,0.15462179531742468,0.22916148602962494
a4448,/mnt/data_disk/HDRData/1000hdr/HDRtest/a4448-Duggan_080119_4778.exr,/mnt/data_disk/ZQL/TIP_TMO_result/tradition/KimKautzConsistent/a4448.png,341,512,0.9009766373204461,0.9373516135121771,0.4643061788782561,0.48221519223618325,0.9547375057503988,0.009692878721967627,0.11393627524375916
a4449,/mnt/data_disk/HDRData/1000hdr/HDRtest/a4449-DSC_0030.exr,/mnt/data_disk/ZQL/TIP_TMO_result/tradition/KimKautzConsistent/a4449.png,343,512,0.866023667209735,0.7394130226601972,0.5805453894334455,0.42732698062898006,0.7911716965300714,0.06348226472788873,0.16089409589767456
a4452,/mnt/data_disk/HDRData/1000hdr/HDRtest/a4452-DSC_0084.exr,/mnt/data_disk/ZQL/TIP_TMO_result/tradition/KimKautzConsistent/a4452.png,340,512,0.8847639415326473,0.8381514057575608,0.5226612985658874,0.472828807949885,0.8482221842900124,0.09743543160975765,0.18433882296085358
a4455,/mnt/data_disk/HDRData/1000hdr/HDRtest/a4455-Duggan_080106_4325.exr,/mnt/data_disk/ZQL/TIP_TMO_result/tradition/KimKautzConsistent/a4455.png,341,512,0.944577847888463,0.8855089296704439,0.8186283361260298,0.9474587539825952,0.9154380843987137,0.9794794235664768,0.24923230707645416
a4456,/mnt/data_disk/HDRData/1000hdr/HDRtest/a4456-DSC_0472.exr,/mnt/data_disk/ZQL/TIP_TMO_result/tradition/KimKautzConsistent/a4456.png,343,512,0.8661568112421133,0.7945910843675167,0.485666927393108,0.4152927179367185,0.8260647555436096,0.0045206803298274605,0.17116433382034302
a4457,/mnt/data_disk/HDRData/1000hdr/HDRtest/a4457-_DSC0012-5.exr,/mnt/data_disk/ZQL/TIP_TMO_result/tradition/KimKautzConsistent/a4457.png,340,512,0.9053394722135951,0.8647493309287935,0.6025634022414345,0.6202063562151935,0.9145128851155098,0.32589982731487716,0.10298137366771698
a4465,/mnt/data_disk/HDRData/1000hdr/HDRtest/a4465-DSC_0051.exr,/mnt/data_disk/ZQL/TIP_TMO_result/tradition/KimKautzConsistent/a4465.png,340,512,0.8153543288000779,0.8264850338083185,0.18163600389271017,0.3454210859252509,0.6277746766501888,0.06306749520031299,0.11314640939235687
a4466,/mnt/data_disk/HDRData/1000hdr/HDRtest/a4466-20090327_at_11h08m58__MG_0964.exr,/mnt/data_disk/ZQL/TIP_TMO_result/tradition/KimKautzConsistent/a4466.png,341,512,0.9216785287483173,0.8779474368211714,0.6823664393175303,0.6081177098360355,0.8700298616581914,0.34620555801387953,0.24934975802898407
a4467,/mnt/data_disk/HDRData/1000hdr/HDRtest/a4467-Duggan_090426_7873.exr,/mnt/data_disk/ZQL/TIP_TMO_result/tradition/KimKautzConsistent/a4467.png,341,512,0.9248474734953445,0.8664039059318059,0.7224939411625726,0.41865641484008764,0.8060313825803062,0.0312814470998691,0.23784831166267395
a4470,/mnt/data_disk/HDRData/1000hdr/HDRtest/a4470-Duggan_090123_4566.exr,/mnt/data_disk/ZQL/TIP_TMO_result/tradition/KimKautzConsistent/a4470.png,341,512,0.9557184819291588,0.8990139994977373,0.8697818046765998,0.5466747732061406,0.8449779066861374,0.24837163972614376,0.2057805359363556
a4471,/mnt/data_disk/HDRData/1000hdr/HDRtest/a4471-Duggan_090321_5859.exr,/mnt/data_disk/ZQL/TIP_TMO_result/tradition/KimKautzConsistent/a4471.png,341,512,0.9367554873232666,0.8745123901192166,0.7860866555468963,0.4213283768604827,0.842591410395332,6.534332563333876e-05,0.22737345099449158
a4472,/mnt/data_disk/HDRData/1000hdr/HDRtest/a4472-Duggan_090504_9026.exr,/mnt/data_disk/ZQL/TIP_TMO_result/tradition/KimKautzConsistent/a4472.png,341,512,0.9664224450961509,0.9038464729980141,0.9347684479489076,0.8892498121087018,0.8914182413313535,0.8870813828860502,0.29634401202201843
a4474,/mnt/data_disk/HDRData/1000hdr/HDRtest/a4474-09-05-19-at-18h56m31s-_MG_9553.exr,/mnt/data_disk/ZQL/TIP_TMO_result/tradition/KimKautzConsistent/a4474.png,341,512,0.8688212535912725,0.8236828896726699,0.4539890612756488,0.4638882924331522,0.8997632458231923,0.028013339043112085,0.12761828303337097
a4476,/mnt/data_disk/HDRData/1000hdr/HDRtest/a4476-IMG_4029.exr,/mnt/data_disk/ZQL/TIP_TMO_result/tradition/KimKautzConsistent/a4476.png,341,512,0.8798772414737467,0.815936570800432,0.5303167304378025,0.6848618332725624,0.8780684261079941,0.4916552404371308,0.1391511857509613
a4477,/mnt/data_disk/HDRData/1000hdr/HDRtest/a4477-20090327_at_06h09m52__MG_0855.exr,/mnt/data_disk/ZQL/TIP_TMO_result/tradition/KimKautzConsistent/a4477.png,341,512,0.8252182089686495,0.8269499505322673,0.2250482298928871,0.33928941079902003,0.6707263423458262,0.0078524792522139,0.19372239708900452
a4479,/mnt/data_disk/HDRData/1000hdr/HDRtest/a4479-09-05-19-at-18h39m42s-_MG_9545.exr,/mnt/data_disk/ZQL/TIP_TMO_result/tradition/KimKautzConsistent/a4479.png,341,512,0.8804362423257397,0.8362311144699861,0.5004910642436918,0.552607942658302,0.8680897512725573,0.23712613404404684,0.21253709495067596
a4480,/mnt/data_disk/HDRData/1000hdr/HDRtest/a4480-Duggan_090201_4896.exr,/mnt/data_disk/ZQL/TIP_TMO_result/tradition/KimKautzConsistent/a4480.png,341,512,0.7930027093863834,0.7707479639730804,0.1544459912202254,0.3553622313972599,0.7107244611019341,1.692585715328466e-09,0.23351752758026123
a4487,/mnt/data_disk/HDRData/1000hdr/HDRtest/a4487-Duggan_090322_5971.exr,/mnt/data_disk/ZQL/TIP_TMO_result/tradition/KimKautzConsistent/a4487.png,341,512,0.8951934937652873,0.7642926334555383,0.7166195887689959,0.45038970685138785,0.8342876369380654,0.06649177676471031,0.18544170260429382
