id,hdr_path,ldr_path,height,width,tmqi_q,tmqi_s,tmqi_n,tmqi2_q,tmqi2_s,tmqi2_n,nlpd
a2808,/mnt/data_disk/HDRData/1000hdr/HDRtest/a2808-20080516_072208__MG_0018.exr,/mnt/data_disk/ZQL/TIP_TMO_result/dnn/Unpaired/a2808.png,341,512,0.9485591823781186,0.8284907642228153,0.9519803541348554,0.46136450550099484,0.9041403035890062,0.01858870741298348,0.20426569879055023
a2824,/mnt/data_disk/HDRData/1000hdr/HDRtest/a2824-dvf_035.exr,/mnt/data_disk/ZQL/TIP_TMO_result/dnn/Unpaired/a2824.png,341,512,0.8781032269424581,0.790992041107045,0.5619392603227449,0.4317617624740606,0.8634745697139956,4.895523412566242e-05,0.12395171076059341
a2854,/mnt/data_disk/HDRData/1000hdr/HDRtest/a2854-NKIM_MG_7374.exr,/mnt/data_disk/ZQL/TIP_TMO_result/dnn/Unpaired/a2854.png,341,512,0.8991408237898981,0.9060360964282715,0.5001879960851321,0.47757097191832154,0.9188067586502128,0.03633518518643025,0.28965410590171814
a2861,/mnt/data_disk/HDRData/1000hdr/HDRtest/a2861-IMG_4397.exr,/mnt/data_disk/ZQL/TIP_TMO_result/dnn/Unpaired/a2861.png,341,512,0.7245275295046618,0.5886287863188845,0.11441311932074649,0.345605827896477,0.691211655792954,1.9774180824707285e-19,0.1701638549566269
a2862,/mnt/data_disk/HDRData/1000hdr/HDRtest/a2862-_DSC0055.exr,/mnt/data_disk/ZQL/TIP_TMO_result/dnn/Unpaired/a2862.png,340,512,0.8912963517751064,0.8341773385583804,0.5680451944581317,0.8644733368319306,0.9269602246945194,0.8019864489693418,0.18723639845848083
a2876,/mnt/data_disk/HDRData/1000hdr/HDRtest/a2876-jn_20080130_Las_Vegas_0082.exr,/mnt/data_disk/ZQL/TIP_TMO_result/dnn/Unpaired/a2876.png,341,512,0.7279983429200256,0.5348205882200773,0.21039066014052527,0.39419491765885706,0.7883897173739635,1.1794375070704115e-07,0.2189473807811737
a2883,/mnt/data_disk/HDRData/1000hdr/HDRtest/a2883-_DSC0008-2.exr,/mnt/data_disk/ZQL/TIP_TMO_result/dnn/Unpaired/a2883.png,340,512,0.8928221234350023,0.8176676905879583,0.605276879909068,0.46957096887442384,0.8087576414753448,0.13038429627350293,0.0806695818901062
a2913,/mnt/data_disk/HDRData/1000hdr/HDRtest/a2913-IMG_0138.exr,/mnt/data_disk/ZQL/TIP_TMO_result/dnn/Unpaired/a2913.png,341,512,0.825423422848413,0.7519080139367226,0.3313999043738453,0.9446692004737915,0.8961287347108037,0.9932096662367793,0.2057269662618637
a2933,/mnt/data_disk/HDRData/1000hdr/HDRtest/a2933-_I2E7313.exr,/mnt/data_disk/ZQL/TIP_TMO_result/dnn/Unpaired/a2933.png,341,512,0.7523793531892864,0.6057211342387743,0.20496148399178704,0.4159859367291165,0.831971873458233,6.343318181410353e-19,0.20397470891475677
a2956,/mnt/data_disk/HDRData/1000hdr/HDRtest/a2956-KE_-0035.exr,/mnt/data_disk/ZQL/TIP_TMO_result/dnn/Unpaired/a2956.png,340,512,0.8457437010995448,0.8676830854272313,0.2692867525642277,0.5871676136072383,0.9198772948124075,0.2544579324020692,0.15549084544181824
a2986,/mnt/data_disk/HDRData/1000hdr/HDRtest/a2986-_DGW6325.exr,/mnt/data_disk/ZQL/TIP_TMO_result/dnn/Unpaired/a2986.png,341,512,0.7600461058302581,0.7519576848637164,0.05511721183116897,0.9162444087770284,0.8632989377814136,0.9691898797726431,0.2504841387271881
a3267,/mnt/data_disk/HDRData/1000hdr/HDRtest/a3267-WP_CRW_0087.exr,/mnt/data_disk/ZQL/TIP_TMO_result/dnn/Unpaired/a3267.png,341,512,0.8730093481620216,0.7905951477901005,0.5322920086740134,0.8490977646107829,0.9051540568070031,0.7930414724145628,0.20299872756004333
a3285,/mnt/data_disk/HDRData/1000hdr/HDRtest/a3285-CRW_0291.exr,/mnt/data_disk/ZQL/TIP_TMO_result/dnn/Unpaired/a3285.png,341,512,0.8257932364987678,0.7957388151467631,0.2693590848228385,0.888634738320983,0.9067367236252181,0.870532753016748,0.3131279945373535
a3288,/mnt/data_disk/HDRData/1000hdr/HDRtest/a3288-KE_-0049.exr,/mnt/data_disk/ZQL/TIP_TMO_result/dnn/Unpaired/a3288.png,340,512,0.8057148404581347,0.7103066426234521,0.2955480994571907,0.5770694118944589,0.823719676927124,0.3304191468617938,0.18491443991661072
a3306,/mnt/data_disk/HDRData/1000hdr/HDRtest/a3306-IMG_4969.exr,/mnt/data_disk/ZQL/TIP_TMO_result/dnn/Unpaired/a3306.png,341,512,0.8443665476434452,0.7420008894144202,0.4494389555077248,0.4829517653830547,0.873521566932994,0.09238196383311534,0.2112351506948471
a3312,/mnt/data_disk/HDRData/1000hdr/HDRtest/a3312-IMG_1063.exr,/mnt/data_disk/ZQL/TIP_TMO_result/dnn/Unpaired/a3312.png,341,512,0.8521296107051263,0.671909739874577,0.6240665116145059,0.3955827564500677,0.7911460732196105,1.9439680524902833e-05,0.22074811160564423
a3315,/mnt/data_disk/HDRData/1000hdr/HDRtest/a3315-MB_20030906_022.exr,/mnt/data_disk/ZQL/TIP_TMO_result/dnn/Unpaired/a3315.png,341,512,0.7834291730501618,0.7777791977057325,0.10882778364332597,0.8043721342732757,0.8467152253391287,0.7620290432074226,0.2917804419994354
a3316,/mnt/data_disk/HDRData/1000hdr/HDRtest/a3316-20051225_163230__MG_1390.exr,/mnt/data_disk/ZQL/TIP_TMO_result/dnn/Unpaired/a3316.png,341,512,0.9508568697507238,0.9029081893458494,0.8299614258330912,0.609157729379034,0.9338621747794889,0.28445328397857905,0.13026830554008484
a3318,/mnt/data_disk/HDRData/1000hdr/HDRtest/a3318-JI2E5722.exr,/mnt/data_disk/ZQL/TIP_TMO_result/dnn/Unpaired/a3318.png,341,512,0.9459156799073181,0.884567756714853,0.8292792602136501,0.8791879640611384,0.9228944562013741,0.8354814719209027,0.13657747209072113
a3321,/mnt/data_disk/HDRData/1000hdr/HDRtest/a3321-DSC_0054.exr,/mnt/data_disk/ZQL/TIP_TMO_result/dnn/Unpaired/a3321.png,340,512,0.8814985726369063,0.8989515714159384,0.4111341905650099,0.44392667472128045,0.8835185288910826,0.004334820551478218,0.09149068593978882
a3325,/mnt/data_disk/HDRData/1000hdr/HDRtest/a3325-050819_154342__MG_5227.exr,/mnt/data_disk/ZQL/TIP_TMO_result/dnn/Unpaired/a3325.png,341,512,0.8721780786638127,0.8102035764201538,0.49478177334496065,0.48924742864549636,0.9307556997317131,0.04773915755927957,0.11262098699808121
a3337,/mnt/data_disk/HDRData/1000hdr/HDRtest/a3337-dgw_112.exr,/mnt/data_disk/ZQL/TIP_TMO_result/dnn/Unpaired/a3337.png,341,512,0.7481388748495604,0.709102046727711,0.058521455480873945,0.6845755313564414,0.8169614405213916,0.5521896221914913,0.3460991382598877
a3339,/mnt/data_disk/HDRData/1000hdr/HDRtest/a3339-_MG_7202.exr,/mnt/data_disk/ZQL/TIP_TMO_result/dnn/Unpaired/a3339.png,341,512,0.9026150596942311,0.7596093136971854,0.7739572944719725,0.40296670340975393,0.8059329668028342,4.400166736843997e-07,0.20539341866970062
a3341,/mnt/data_disk/HDRData/1000hdr/HDRtest/a3341-jmac_DSC2590.exr,/mnt/data_disk/ZQL/TIP_TMO_result/dnn/Unpaired/a3341.png,340,512,0.8967630297205272,0.6949715982043674,0.8666538237138832,0.41215894356522803,0.8185784898076749,0.0057393973227812135,0.12423260509967804
a3344,/mnt/data_disk/HDRData/1000hdr/HDRtest/a3344-NKIM_MG_6348.exr,/mnt/data_disk/ZQL/TIP_TMO_result/dnn/Unpaired/a3344.png,341,512,0.8191123199399333,0.8518776274957828,0.16779062700598452,0.41665756590948544,0.8333148356689188,2.961500520404402e-07,0.09119416773319244
a3345,/mnt/data_disk/HDRData/1000hdr/HDRtest/a3345-20080514_105211__MG_9917.exr,/mnt/data_disk/ZQL/TIP_TMO_result/dnn/Unpaired/a3345.png,341,512,0.9270940115872081,0.8411995806358272,0.7820121826673362,0.4438026904035248,0.8344947251194952,0.05311065568755447,0.15520258247852325
a3351,/mnt/data_disk/HDRData/1000hdr/HDRtest/a3351-KE_-1722.exr,/mnt/data_disk/ZQL/TIP_TMO_result/dnn/Unpaired/a3351.png,340,512,0.9111421554244907,0.7389578653241927,0.8724273148848172,0.5255240166267261,0.748881698411046,0.30216633484240607,0.14182917773723602
a3356,/mnt/data_disk/HDRData/1000hdr/HDRtest/a3356-_DSC9981.exr,/mnt/data_disk/ZQL/TIP_TMO_result/dnn/Unpaired/a3356.png,341,512,0.9212955911177648,0.7797702158564511,0.8594312567344308,0.40865370996056827,0.8153798761979008,0.0019275437232357732,0.1871422976255417
a3360,/mnt/data_disk/HDRData/1000hdr/HDRtest/a3360-IMG_0017.exr,/mnt/data_disk/ZQL/TIP_TMO_result/dnn/Unpaired/a3360.png,341,512,0.7916489794725499,0.8037539958617813,0.11165185214966032,0.954642699784334,0.9117733288457784,0.9975120707228897,0.16999900341033936
a3365,/mnt/data_disk/HDRData/1000hdr/HDRtest/a3365-jn_20071207_Xmas_House_0124.exr,/mnt/data_disk/ZQL/TIP_TMO_result/dnn/Unpaired/a3365.png,341,512,0.8647583805250307,0.6946666345656818,0.6576724544977374,0.8340920047140044,0.7793190799475824,0.8888649294804262,0.14475350081920624
a3366,/mnt/data_disk/HDRData/1000hdr/HDRtest/a3366-Ja_Pe-6.exr,/mnt/data_disk/ZQL/TIP_TMO_result/dnn/Unpaired/a3366.png,288,512,0.7678431719468767,0.7364382961509874,0.09660776817536283,0.8033247782302024,0.8905737936471566,0.7160757628132483,0.2120363563299179
a3369,/mnt/data_disk/HDRData/1000hdr/HDRtest/a3369-IMG_0004.exr,/mnt/data_disk/ZQL/TIP_TMO_result/dnn/Unpaired/a3369.png,341,512,0.7594063232444196,0.7705459852491158,0.037400491259325666,0.8012895542358389,0.8707542876790028,0.731824820792675,0.25110331177711487
a3371,/mnt/data_disk/HDRData/1000hdr/HDRtest/a3371-07-12-01-at-11h32m58s-_MG_8498.exr,/mnt/data_disk/ZQL/TIP_TMO_result/dnn/Unpaired/a3371.png,341,512,0.9429153593394227,0.8388667921522637,0.8929414023105754,0.7204674074146038,0.8565979156014832,0.5843368992277244,0.22136914730072021
a3382,/mnt/data_disk/HDRData/1000hdr/HDRtest/a3382-IMG_4032.exr,/mnt/data_disk/ZQL/TIP_TMO_result/dnn/Unpaired/a3382.png,341,512,0.9422518145945374,0.7889399879564536,0.986309508919132,0.8906260541171795,0.8513326410392064,0.9299194671951527,0.15542574226856232
a3388,/mnt/data_disk/HDRData/1000hdr/HDRtest/a3388-jmac_DSC2214.exr,/mnt/data_disk/ZQL/TIP_TMO_result/dnn/Unpaired/a3388.png,340,512,0.9600207421195213,0.8467059417030691,0.9972926736063786,0.889008828550699,0.861737898932686,0.9162797581687119,0.14276157319545746
a3390,/mnt/data_disk/HDRData/1000hdr/HDRtest/a3390-dgw_070.exr,/mnt/data_disk/ZQL/TIP_TMO_result/dnn/Unpaired/a3390.png,341,512,0.8088833144607822,0.690966372906625,0.3424111353067645,0.4920478203419113,0.8732071386052844,0.11088850207853818,0.23928718268871307
a3391,/mnt/data_disk/HDRData/1000hdr/HDRtest/a3391-050904_125814__I2E8654.exr,/mnt/data_disk/ZQL/TIP_TMO_result/dnn/Unpaired/a3391.png,341,512,0.859032246783372,0.7057947995298104,0.6005965866964422,0.4342942218585869,0.8440900708554263,0.024498372861747456,0.21675865352153778
a3393,/mnt/data_disk/HDRData/1000hdr/HDRtest/a3393-_DSC0057.exr,/mnt/data_disk/ZQL/TIP_TMO_result/dnn/Unpaired/a3393.png,340,512,0.7547119208547866,0.802451831710883,0.006274018830116331,0.9272708614939225,0.8676496649600954,0.9868920580277495,0.1582036018371582
a3394,/mnt/data_disk/HDRData/1000hdr/HDRtest/a3394-_DGW6419.exr,/mnt/data_disk/ZQL/TIP_TMO_result/dnn/Unpaired/a3394.png,341,512,0.8061738222374879,0.7191971194493358,0.28425873644588034,0.42327663869572507,0.8372271249617281,0.009326152429722023,0.341728538274765
a3400,/mnt/data_disk/HDRData/1000hdr/HDRtest/a3400-07-11-04-at-17h36m14s-_MG_4004.exr,/mnt/data_disk/ZQL/TIP_TMO_result/dnn/Unpaired/a3400.png,341,512,0.873657697923384,0.6302362615935199,0.8526513139104995,0.362994215007441,0.725981585984669,6.844030213035711e-06,0.20855674147605896
a3401,/mnt/data_disk/HDRData/1000hdr/HDRtest/a3401-20061111_122429__E6B5415.exr,/mnt/data_disk/ZQL/TIP_TMO_result/dnn/Unpaired/a3401.png,341,512,0.81286666387435,0.8615519640323122,0.13159685306400254,0.8497686475757558,0.9293345288684957,0.7702027662830159,0.11616399884223938
a3402,/mnt/data_disk/HDRData/1000hdr/HDRtest/a3402-jmac_DSC3153.exr,/mnt/data_disk/ZQL/TIP_TMO_result/dnn/Unpaired/a3402.png,340,512,0.8391883613063444,0.8053927076925885,0.3223203211538777,0.9265257762766353,0.8948866485158704,0.9581649040374003,0.16333606839179993
a3413,/mnt/data_disk/HDRData/1000hdr/HDRtest/a3413-20041217_193556__E6B0485.exr,/mnt/data_disk/ZQL/TIP_TMO_result/dnn/Unpaired/a3413.png,341,512,0.832895465625739,0.77792727147494,0.3304789438315539,0.4531653708137722,0.8624982418524257,0.04383249977511863,0.14936687052249908
a3414,/mnt/data_disk/HDRData/1000hdr/HDRtest/a3414-DSC_0002.exr,/mnt/data_disk/ZQL/TIP_TMO_result/dnn/Unpaired/a3414.png,340,512,0.83851218304135,0.8087449982202375,0.3140542017581765,0.44061196755672677,0.8760361010481452,0.0051878340653082975,0.16361893713474274
a3415,/mnt/data_disk/HDRData/1000hdr/HDRtest/a3415-jmac_DSC6092.exr,/mnt/data_disk/ZQL/TIP_TMO_result/dnn/Unpaired/a3415.png,340,512,0.895862931853577,0.8803834703483616,0.520574570145301,0.497817167813594,0.9163719702176599,0.07926236540952798,0.12144436687231064
a3416,/mnt/data_disk/HDRData/1000hdr/HDRtest/a3416-IMG_4746.exr,/mnt/data_disk/ZQL/TIP_TMO_result/dnn/Unpaired/a3416.png,341,512,0.8366867551972819,0.7333796326249978,0.4211436272858206,0.8729311098599695,0.8594480444079486,0.8864141753119903,0.20485545694828033
a3418,/mnt/data_disk/HDRData/1000hdr/HDRtest/a3418-2004-02-07 16-53-50 CRW_3754.exr,/mnt/data_disk/ZQL/TIP_TMO_result/dnn/Unpaired/a3418.png,341,512,0.9031041998119841,0.8300063351592629,0.6476131269469182,0.8841593180348994,0.8658608899916889,0.9024577460781101,0.10498987138271332
a3422,/mnt/data_disk/HDRData/1000hdr/HDRtest/a3422-WP_CRW_0302.exr,/mnt/data_disk/ZQL/TIP_TMO_result/dnn/Unpaired/a3422.png,341,512,0.8735710803889921,0.8522505606315419,0.43641539888733005,0.43102266456947713,0.8059047677832875,0.056140561355666814,0.15265201032161713
a3424,/mnt/data_disk/HDRData/1000hdr/HDRtest/a3424-CRW_0163.exr,/mnt/data_disk/ZQL/TIP_TMO_result/dnn/Unpaired/a3424.png,341,512,0.8790894072020516,0.799038923266073,0.5540515071165224,0.7811379665982574,0.8837234191438856,0.6785525140526293,0.25281277298927307
a3431,/mnt/data_disk/HDRData/1000hdr/HDRtest/a3431-_DSC0103-3.exr,/mnt/data_disk/ZQL/TIP_TMO_result/dnn/Unpaired/a3431.png,340,512,0.8006026996793785,0.748274568085066,0.21619906041474704,0.942761507821741,0.8860896823344283,0.9994333333090536,0.12939651310443878
a3432,/mnt/data_disk/HDRData/1000hdr/HDRtest/a3432-jmac_DSC3184.exr,/mnt/data_disk/ZQL/TIP_TMO_result/dnn/Unpaired/a3432.png,340,512,0.8978655686575442,0.7818149450498995,0.7009388887891879,0.5989460855589561,0.9094630028251318,0.2884291682927803,0.1366530805826187
a3433,/mnt/data_disk/HDRData/1000hdr/HDRtest/a3433-NKIM_MG_8213.exr,/mnt/data_disk/ZQL/TIP_TMO_result/dnn/Unpaired/a3433.png,341,512,0.8374501301518247,0.7792947708198762,0.3520514724379087,0.5993485478357372,0.8253252904731158,0.3733718051983586,0.22498510777950287
a3439,/mnt/data_disk/HDRData/1000hdr/HDRtest/a3439-IMG_3798.exr,/mnt/data_disk/ZQL/TIP_TMO_result/dnn/Unpaired/a3439.png,341,512,0.8089672044817726,0.7195523138773946,0.2975551926164501,0.7635592744316859,0.9659969930317731,0.5611215558315988,0.1199050024151802
a3441,/mnt/data_disk/HDRData/1000hdr/HDRtest/a3441-dgw_064.exr,/mnt/data_disk/ZQL/TIP_TMO_result/dnn/Unpaired/a3441.png,341,512,0.883088156092638,0.7646090384971276,0.6393294581697517,0.4939468385297614,0.8802370199899795,0.10765665706954328,0.24442875385284424
a3444,/mnt/data_disk/HDRData/1000hdr/HDRtest/a3444-WP_CRW_6313.exr,/mnt/data_disk/ZQL/TIP_TMO_result/dnn/Unpaired/a3444.png,341,512,0.9219008909384111,0.7929747052332198,0.8377588882165811,0.47407858051416973,0.8434955299104997,0.10466163111783981,0.1617126166820526
a3446,/mnt/data_disk/HDRData/1000hdr/HDRtest/a3446-050730_134124__MG_3716.exr,/mnt/data_disk/ZQL/TIP_TMO_result/dnn/Unpaired/a3446.png,341,512,0.9746997040653558,0.9140328023648201,0.9741179190831344,0.8883116842909764,0.9263482867334826,0.8502750818484703,0.19558094441890717
a3448,/mnt/data_disk/HDRData/1000hdr/HDRtest/a3448-IMG_0113.exr,/mnt/data_disk/ZQL/TIP_TMO_result/dnn/Unpaired/a3448.png,341,512,0.8501454636484749,0.7032503575161194,0.5516784096421673,0.4553177232699665,0.8824670738584356,0.028168372681497418,0.2212182879447937
a3449,/mnt/data_disk/HDRData/1000hdr/HDRtest/a3449-jmac_DSC2669.exr,/mnt/data_disk/ZQL/TIP_TMO_result/dnn/Unpaired/a3449.png,340,512,0.8759864400531869,0.8843543751200237,0.40210224998605737,0.8203422096912829,0.9228685188241601,0.7178159005584056,0.11549084633588791
a3451,/mnt/data_disk/HDRData/1000hdr/HDRtest/a3451-IMG_1088.exr,/mnt/data_disk/ZQL/TIP_TMO_result/dnn/Unpaired/a3451.png,341,512,0.9270661849300237,0.79253117739946,0.8736512596476219,0.5330191789801607,0.8394633355467467,0.22657502241357472,0.26756423711776733
a3452,/mnt/data_disk/HDRData/1000hdr/HDRtest/a3452-IMG_1205.exr,/mnt/data_disk/ZQL/TIP_TMO_result/dnn/Unpaired/a3452.png,341,512,0.8732644760985154,0.9513969701139317,0.2972460365689688,0.36081706351411463,0.7214257820457566,0.00020834498247267698,0.06622297316789627
a3456,/mnt/data_disk/HDRData/1000hdr/HDRtest/a3456-DSC_0006-1-2.exr,/mnt/data_disk/ZQL/TIP_TMO_result/dnn/Unpaired/a3456.png,340,512,0.9182534974117428,0.8135004153155805,0.7745710450029252,0.9508308776237107,0.9163031714626724,0.9853585837847489,0.13519041240215302
a3457,/mnt/data_disk/HDRData/1000hdr/HDRtest/a3457-NKIM_025.exr,/mnt/data_disk/ZQL/TIP_TMO_result/dnn/Unpaired/a3457.png,341,512,0.895266051857491,0.8707708874416944,0.5322082700321801,0.9401099369110828,0.9163731920539469,0.9638466817682189,0.16655288636684418
a3460,/mnt/data_disk/HDRData/1000hdr/HDRtest/a3460-20080514_105637__MG_9928.exr,/mnt/data_disk/ZQL/TIP_TMO_result/dnn/Unpaired/a3460.png,341,512,0.8451500813319192,0.7744222899485109,0.4007186987232849,0.5637820085368226,0.8945939577893797,0.23297005928426562,0.17848487198352814
a3462,/mnt/data_disk/HDRData/1000hdr/HDRtest/a3462-dgw_051.exr,/mnt/data_disk/ZQL/TIP_TMO_result/dnn/Unpaired/a3462.png,341,512,0.8785202249455737,0.7118163707628723,0.7111458087737369,0.8020653380954735,0.8188103637972171,0.78532031239373,0.27758851647377014
a3464,/mnt/data_disk/HDRData/1000hdr/HDRtest/a3464-tc_DSC2199.exr,/mnt/data_disk/ZQL/TIP_TMO_result/dnn/Unpaired/a3464.png,340,512,0.8646297162697971,0.6110279151230849,0.8357901562523185,0.6740144323893722,0.7999153781818845,0.54811348659686,0.17054647207260132
a3465,/mnt/data_disk/HDRData/1000hdr/HDRtest/a3465-20060619_114622__MG_9153.exr,/mnt/data_disk/ZQL/TIP_TMO_result/dnn/Unpaired/a3465.png,341,512,0.9567223094634147,0.8613683080649991,0.9459790276537428,0.9221594247497669,0.8913900041196992,0.9529288453798346,0.16952191293239594
a3466,/mnt/data_disk/HDRData/1000hdr/HDRtest/a3466-IMG_3941.exr,/mnt/data_disk/ZQL/TIP_TMO_result/dnn/Unpaired/a3466.png,341,512,0.9239008993580304,0.8428530432962207,0.7580214654611694,0.8061789423284873,0.9353225029845531,0.6770353816724216,0.17131349444389343
a3468,/mnt/data_disk/HDRData/1000hdr/HDRtest/a3468-IMG_4793.exr,/mnt/data_disk/ZQL/TIP_TMO_result/dnn/Unpaired/a3468.png,341,512,0.8238519904038457,0.8539691829231353,0.1856508586320402,0.8379536300155761,0.9117982801866233,0.764108979844529,0.12925861775875092
a3470,/mnt/data_disk/HDRData/1000hdr/HDRtest/a3470-IMG_0835.exr,/mnt/data_disk/ZQL/TIP_TMO_result/dnn/Unpaired/a3470.png,341,512,0.8476694812611189,0.7274815526816515,0.4932924523917036,0.49495334409346653,0.8686574299946132,0.12124925819231994,0.24681362509727478
a3474,/mnt/data_disk/HDRData/1000hdr/HDRtest/a3474-jmac_MG_1125.exr,/mnt/data_disk/ZQL/TIP_TMO_result/dnn/Unpaired/a3474.png,341,512,0.9650010302794915,0.8854029652305095,0.9588102472249269,0.9183999177393678,0.9032958282208047,0.9335040072579309,0.1051512062549591
a3477,/mnt/data_disk/HDRData/1000hdr/HDRtest/a3477-_DSC0048.exr,/mnt/data_disk/ZQL/TIP_TMO_result/dnn/Unpaired/a3477.png,340,512,0.7799619681583811,0.758879085417013,0.11661903431047187,0.8299950529328741,0.8796615561741222,0.780328549691626,0.1751764714717865
a3483,/mnt/data_disk/HDRData/1000hdr/HDRtest/a3483-_DSC0023-1.exr,/mnt/data_disk/ZQL/TIP_TMO_result/dnn/Unpaired/a3483.png,340,512,0.8891225555073146,0.7503080232575955,0.7042200662096476,0.4241661893035049,0.8060236788954407,0.04230869971156919,0.1038665771484375
a3486,/mnt/data_disk/HDRData/1000hdr/HDRtest/a3486-jmac_DSC3897.exr,/mnt/data_disk/ZQL/TIP_TMO_result/dnn/Unpaired/a3486.png,343,512,0.7868566678037833,0.6913442748874006,0.23329868481484778,0.6293561581926679,0.8823115466237884,0.37640076976154746,0.20671814680099487
a3491,/mnt/data_disk/HDRData/1000hdr/HDRtest/a3491-DSC_0091.exr,/mnt/data_disk/ZQL/TIP_TMO_result/dnn/Unpaired/a3491.png,340,512,0.9526494283598125,0.8302476748214619,0.9772752581729858,0.9429662674383843,0.9080166639835797,0.9779158708931888,0.16488096117973328
a3493,/mnt/data_disk/HDRData/1000hdr/HDRtest/a3493-IMG_0279.exr,/mnt/data_disk/ZQL/TIP_TMO_result/dnn/Unpaired/a3493.png,341,512,0.8137519457397172,0.7031546540798955,0.34785464833086654,0.41302214708732177,0.8260435261567645,7.680178790274702e-07,0.21145527064800262
a3499,/mnt/data_disk/HDRData/1000hdr/HDRtest/a3499-jn_2007_12_11__BU_CRUISE_019.exr,/mnt/data_disk/ZQL/TIP_TMO_result/dnn/Unpaired/a3499.png,341,512,0.8466663763141282,0.6864404823795356,0.5624835447833082,0.8530638146702099,0.8447381099904868,0.8613895193499328,0.1577606499195099
a3503,/mnt/data_disk/HDRData/1000hdr/HDRtest/a3503-050731_155906__I2E5378.exr,/mnt/data_disk/ZQL/TIP_TMO_result/dnn/Unpaired/a3503.png,341,512,0.9361307624460363,0.844054512039337,0.8370755370284383,0.572607687344599,0.8896210563711294,0.2555943183180686,0.17143473029136658
a3504,/mnt/data_disk/HDRData/1000hdr/HDRtest/a3504-IMG_0903.exr,/mnt/data_disk/ZQL/TIP_TMO_result/dnn/Unpaired/a3504.png,341,512,0.7986160374075933,0.8674907934086885,0.07389033432676273,0.9686925748237237,0.9382181231680055,0.999167026479442,0.1450459510087967
a3505,/mnt/data_disk/HDRData/1000hdr/HDRtest/a3505-CRW_0288.exr,/mnt/data_disk/ZQL/TIP_TMO_result/dnn/Unpaired/a3505.png,341,512,0.8974879657267439,0.8508557341880588,0.5777365873095384,0.4420334884135132,0.8702381376322893,0.013828839194737139,0.2153974026441574
a3508,/mnt/data_disk/HDRData/1000hdr/HDRtest/a3508-NKIM_095.exr,/mnt/data_disk/ZQL/TIP_TMO_result/dnn/Unpaired/a3508.png,341,512,0.8181978148640032,0.7751932645969786,0.26133273573603566,0.8227826871038102,0.9137829714074052,0.7317824028002153,0.28278398513793945
a3509,/mnt/data_disk/HDRData/1000hdr/HDRtest/a3509-_DGW6337.exr,/mnt/data_disk/ZQL/TIP_TMO_result/dnn/Unpaired/a3509.png,341,512,0.866997575113504,0.7966975313034481,0.48703684268670316,0.8468830357417527,0.8647306479626583,0.8290354235208471,0.353116899728775
a3510,/mnt/data_disk/HDRData/1000hdr/HDRtest/a3510-JI2E4365.exr,/mnt/data_disk/ZQL/TIP_TMO_result/dnn/Unpaired/a3510.png,341,512,0.9116297404394512,0.8068006078124144,0.7435874463214305,0.8928792581309982,0.8649673105680885,0.9207912056939079,0.24495190382003784
a3511,/mnt/data_disk/HDRData/1000hdr/HDRtest/a3511-jmac_MG_0542.exr,/mnt/data_disk/ZQL/TIP_TMO_result/dnn/Unpaired/a3511.png,341,512,0.8000191680614621,0.8058695231756502,0.14184121449408868,0.7709663954840748,0.8425990533277126,0.6993337376404369,0.12621672451496124
a3512,/mnt/data_disk/HDRData/1000hdr/HDRtest/a3512-LSstone_060805_9380.exr,/mnt/data_disk/ZQL/TIP_TMO_result/dnn/Unpaired/a3512.png,341,512,0.9133501400838508,0.7829654465879693,0.7998123747817417,0.5930028597410663,0.8829676935359874,0.30303802594614515,0.17563840746879578
a3521,/mnt/data_disk/HDRData/1000hdr/HDRtest/a3521-JI2E5091.exr,/mnt/data_disk/ZQL/TIP_TMO_result/dnn/Unpaired/a3521.png,341,512,0.9157566886838344,0.6989190794621349,0.9899240441616588,0.6641865641794931,0.8201449329339658,0.5082281954250203,0.1469302624464035
a3522,/mnt/data_disk/HDRData/1000hdr/HDRtest/a3522-IMG_4772.exr,/mnt/data_disk/ZQL/TIP_TMO_result/dnn/Unpaired/a3522.png,341,512,0.8985495263208945,0.8478222250468276,0.5892073255333641,0.8962341116588135,0.8743197165450849,0.9181485067725422,0.11964837461709976
a3525,/mnt/data_disk/HDRData/1000hdr/HDRtest/a3525-IMG_0713.exr,/mnt/data_disk/ZQL/TIP_TMO_result/dnn/Unpaired/a3525.png,341,512,0.8371849559595546,0.9291774022852752,0.15782049045470908,0.45306472107313983,0.9055171620919897,0.0006122800542899689,0.14793016016483307
a3529,/mnt/data_disk/HDRData/1000hdr/HDRtest/a3529-WP_CRW_0659.exr,/mnt/data_disk/ZQL/TIP_TMO_result/dnn/Unpaired/a3529.png,341,512,0.9296230918968187,0.8602324599888295,0.7644401103953776,0.914891194998407,0.9184205582318625,0.9113618317649514,0.1618606597185135
a3531,/mnt/data_disk/HDRData/1000hdr/HDRtest/a3531-07-06-30-at-04h02m08s-_MG_1936.exr,/mnt/data_disk/ZQL/TIP_TMO_result/dnn/Unpaired/a3531.png,341,512,0.8714110337557293,0.727058728252465,0.6365977103219457,0.4393353717449313,0.8786632486307895,7.4948590731195054e-06,0.20241302251815796
a3540,/mnt/data_disk/HDRData/1000hdr/HDRtest/a3540-07-12-02-at-14h05m14s-_MG_8949.exr,/mnt/data_disk/ZQL/TIP_TMO_result/dnn/Unpaired/a3540.png,341,512,0.9196054271669165,0.7916687759544551,0.8248418288694085,0.8944748956423263,0.8144478287690171,0.9745019625156354,0.21705608069896698
a3541,/mnt/data_disk/HDRData/1000hdr/HDRtest/a3541-IMG_4107.exr,/mnt/data_disk/ZQL/TIP_TMO_result/dnn/Unpaired/a3541.png,341,512,0.9186911205221313,0.789457602387043,0.8229712615100317,0.5024619227952373,0.7830476506473385,0.221876194943136,0.1342650204896927
a3545,/mnt/data_disk/HDRData/1000hdr/HDRtest/a3545-jmac_DSC0491.exr,/mnt/data_disk/ZQL/TIP_TMO_result/dnn/Unpaired/a3545.png,340,512,0.8795642542897224,0.7809960869270234,0.5881866696751102,0.47032930068796036,0.8687891911909641,0.07186941018495667,0.10788963735103607
a3548,/mnt/data_disk/HDRData/1000hdr/HDRtest/a3548-CRW_0993.exr,/mnt/data_disk/ZQL/TIP_TMO_result/dnn/Unpaired/a3548.png,341,512,0.8486579533728642,0.8297478824511414,0.33583329126117334,0.9112959048360072,0.9317008246134577,0.8908909850585568,0.1392500400543213
a3549,/mnt/data_disk/HDRData/1000hdr/HDRtest/a3549-KE_-2455.exr,/mnt/data_disk/ZQL/TIP_TMO_result/dnn/Unpaired/a3549.png,340,512,0.9143335342025334,0.8663665890877175,0.6556217636249995,0.9382622695371117,0.888808923403988,0.9877156156702355,0.11584539711475372
a3557,/mnt/data_disk/HDRData/1000hdr/HDRtest/a3557-IMG_1507.exr,/mnt/data_disk/ZQL/TIP_TMO_result/dnn/Unpaired/a3557.png,341,512,0.956962486879647,0.907322603992295,0.8634343258484927,0.7153632355308506,0.8493405702116613,0.5813859008500399,0.08856884390115738
a3563,/mnt/data_disk/HDRData/1000hdr/HDRtest/a3563-07-11-30-at-15h55m08s-_MG_8326.exr,/mnt/data_disk/ZQL/TIP_TMO_result/dnn/Unpaired/a3563.png,341,512,0.9247408947969609,0.8309110417393362,0.785256060251171,0.6938809201611306,0.8938269702887915,0.49393487003346964,0.18136467039585114
a3571,/mnt/data_disk/HDRData/1000hdr/HDRtest/a3571-IMG_0290.exr,/mnt/data_disk/ZQL/TIP_TMO_result/dnn/Unpaired/a3571.png,341,512,0.8316448725152061,0.6998561576141468,0.45052868956377196,0.3699747724635429,0.739753176886188,0.0001963680408977867,0.0846654623746872
a3575,/mnt/data_disk/HDRData/1000hdr/HDRtest/a3575-IMG_0834.exr,/mnt/data_disk/ZQL/TIP_TMO_result/dnn/Unpaired/a3575.png,341,512,0.8871705541285948,0.7016675876593197,0.7881560794968822,0.44458866194784097,0.8659885415094548,0.023188782386227114,0.23645222187042236
a3576,/mnt/data_disk/HDRData/1000hdr/HDRtest/a3576-LS051026_day_15_LL003.exr,/mnt/data_disk/ZQL/TIP_TMO_result/dnn/Unpaired/a3576.png,341,512,0.8416833372348668,0.8483415591917541,0.27507001209807563,0.9560115184140573,0.9150620133274014,0.9969610235007131,0.16791416704654694
a3585,/mnt/data_disk/HDRData/1000hdr/HDRtest/a3585-IMG_4211.exr,/mnt/data_disk/ZQL/TIP_TMO_result/dnn/Unpaired/a3585.png,341,512,0.8065142475504259,0.5210522792659503,0.6696048720716319,0.43824440533632286,0.6219671526221991,0.2545216580504466,0.1566203385591507
a3586,/mnt/data_disk/HDRData/1000hdr/HDRtest/a3586-IMG_4591.exr,/mnt/data_disk/ZQL/TIP_TMO_result/dnn/Unpaired/a3586.png,341,512,0.8175102802490051,0.7289444567207635,0.3262353653570722,0.4154338467400978,0.770352278206492,0.06051541527370368,0.19209831953048706
a3588,/mnt/data_disk/HDRData/1000hdr/HDRtest/a3588-CRW_0983.exr,/mnt/data_disk/ZQL/TIP_TMO_result/dnn/Unpaired/a3588.png,341,512,0.8105881061050644,0.8454237057535829,0.13999216441793885,0.4802085245489229,0.9484787017367857,0.01193834736106003,0.16302135586738586
a3591,/mnt/data_disk/HDRData/1000hdr/HDRtest/a3591-07-11-30-at-16h19m33s-_MG_8384.exr,/mnt/data_disk/ZQL/TIP_TMO_result/dnn/Unpaired/a3591.png,341,512,0.9450076407407065,0.8484838083691444,0.8891724348834293,0.6562393883076145,0.9148660506319132,0.397612725983316,0.20546990633010864
a3593,/mnt/data_disk/HDRData/1000hdr/HDRtest/a3593-_DSC5689.exr,/mnt/data_disk/ZQL/TIP_TMO_result/dnn/Unpaired/a3593.png,341,512,0.7955526928373641,0.7269596255088056,0.22248645208644038,0.5552005924903641,0.884532348539067,0.22586883644166122,0.26295456290245056
a3600,/mnt/data_disk/HDRData/1000hdr/HDRtest/a3600-JI2E3496.exr,/mnt/data_disk/ZQL/TIP_TMO_result/dnn/Unpaired/a3600.png,341,512,0.9480235093240172,0.8041937354165822,0.9962983208766876,0.8466002465254128,0.8426068612191177,0.8505936318317078,0.21195009350776672
a3602,/mnt/data_disk/HDRData/1000hdr/HDRtest/a3602-_DSC9759.exr,/mnt/data_disk/ZQL/TIP_TMO_result/dnn/Unpaired/a3602.png,341,512,0.8284636654657604,0.7116768963001645,0.4124354148878342,0.3274136032335544,0.6539816355016662,0.0008455709654425518,0.15055964887142181
a3605,/mnt/data_disk/HDRData/1000hdr/HDRtest/a3605-IMG_2772.exr,/mnt/data_disk/ZQL/TIP_TMO_result/dnn/Unpaired/a3605.png,341,512,0.857159189123555,0.7788716856337499,0.46018960153444466,0.656598825971251,0.9282741775385159,0.3849234744039859,0.12380935251712799
a3608,/mnt/data_disk/HDRData/1000hdr/HDRtest/a3608-NKIM_MG_7004.exr,/mnt/data_disk/ZQL/TIP_TMO_result/dnn/Unpaired/a3608.png,341,512,0.9458817899614265,0.8601522868540986,0.8734189917850461,0.6074057484988843,0.849954894237513,0.36485660276025556,0.12075446546077728
a3609,/mnt/data_disk/HDRData/1000hdr/HDRtest/a3609-IMG_1702.exr,/mnt/data_disk/ZQL/TIP_TMO_result/dnn/Unpaired/a3609.png,341,512,0.9530310820962313,0.8959716274239072,0.8569515885923745,0.8449494294191588,0.8978586707917352,0.7920401880465825,0.14703385531902313
a3613,/mnt/data_disk/HDRData/1000hdr/HDRtest/a3613-_DSC3264.exr,/mnt/data_disk/ZQL/TIP_TMO_result/dnn/Unpaired/a3613.png,341,512,0.8679921294655271,0.7534692846988964,0.567049640591714,0.40562310385716693,0.809524804241385,0.0017214034729489433,0.23027050495147705
a3623,/mnt/data_disk/HDRData/1000hdr/HDRtest/a3623-20051220_201437__MG_9239.exr,/mnt/data_disk/ZQL/TIP_TMO_result/dnn/Unpaired/a3623.png,341,512,0.7827106266521712,0.7508804395044334,0.1365237346917798,0.6196159518283444,0.8669218601317737,0.372310043524915,0.27000874280929565
a3624,/mnt/data_disk/HDRData/1000hdr/HDRtest/a3624-DSC_0070.exr,/mnt/data_disk/ZQL/TIP_TMO_result/dnn/Unpaired/a3624.png,340,512,0.8871629708807243,0.8932977800128019,0.4508608267632898,0.48517458703698435,0.9191847256349142,0.0511644484390546,0.12270399183034897
a3628,/mnt/data_disk/HDRData/1000hdr/HDRtest/a3628-_DSC9996.exr,/mnt/data_disk/ZQL/TIP_TMO_result/dnn/Unpaired/a3628.png,341,512,0.8822489070351496,0.6953062886219394,0.7688303691479492,0.349568116017418,0.699136231928183,1.0665297803617055e-10,0.20924045145511627
a3633,/mnt/data_disk/HDRData/1000hdr/HDRtest/a3633-JI2E3892.exr,/mnt/data_disk/ZQL/TIP_TMO_result/dnn/Unpaired/a3633.png,341,512,0.9151110191125684,0.7615452786372946,0.853642148825648,0.42111401676953547,0.7986044460542729,0.04362358748479796,0.15069995820522308
a3634,/mnt/data_disk/HDRData/1000hdr/HDRtest/a3634-IMG_4959.exr,/mnt/data_disk/ZQL/TIP_TMO_result/dnn/Unpaired/a3634.png,341,512,0.9310369728444028,0.8102090263223597,0.8664158151466567,0.8036104583439041,0.7596433826661119,0.8475775340216962,0.242637038230896
a3635,/mnt/data_disk/HDRData/1000hdr/HDRtest/a3635-IMG_4031.exr,/mnt/data_disk/ZQL/TIP_TMO_result/dnn/Unpaired/a3635.png,341,512,0.9014105625944877,0.7407760702054446,0.8031533148637161,0.5478884369171338,0.8556308997295892,0.2401459741046785,0.25541335344314575
a3636,/mnt/data_disk/HDRData/1000hdr/HDRtest/a3636-20041222_195608__E6B6989.exr,/mnt/data_disk/ZQL/TIP_TMO_result/dnn/Unpaired/a3636.png,341,512,0.83082704124856,0.770229999624271,0.33138525395602364,0.43417231023246383,0.8683381685857037,6.451879223968303e-06,0.1255049854516983
a3641,/mnt/data_disk/HDRData/1000hdr/HDRtest/a3641-_DSC4628.exr,/mnt/data_disk/ZQL/TIP_TMO_result/dnn/Unpaired/a3641.png,341,512,0.8282741464344465,0.8206175355081378,0.24753807741451,0.8579714442177528,0.9232122005119003,0.7927306879236055,0.27330926060676575
a3644,/mnt/data_disk/HDRData/1000hdr/HDRtest/a3644-jmac_MG_5959.exr,/mnt/data_disk/ZQL/TIP_TMO_result/dnn/Unpaired/a3644.png,341,512,0.8682793876926178,0.7942182600775662,0.49853640594212567,0.8203533201177113,0.9148048766991398,0.7259017635362828,0.2123105525970459
a3649,/mnt/data_disk/HDRData/1000hdr/HDRtest/a3649-WP_CRW_0691.exr,/mnt/data_disk/ZQL/TIP_TMO_result/dnn/Unpaired/a3649.png,341,512,0.9174003688297012,0.908686131958126,0.6050257956827478,0.5930094061082272,0.9230250541745144,0.2629937580419398,0.09334273636341095
a3654,/mnt/data_disk/HDRData/1000hdr/HDRtest/a3654-IMG_0777.exr,/mnt/data_disk/ZQL/TIP_TMO_result/dnn/Unpaired/a3654.png,341,512,0.9613704612642229,0.8574997912833529,0.9860037363161827,0.917445755658992,0.9029821800831506,0.9319093312348334,0.16974472999572754
a3658,/mnt/data_disk/HDRData/1000hdr/HDRtest/a3658-jmac_MG_0418.exr,/mnt/data_disk/ZQL/TIP_TMO_result/dnn/Unpaired/a3658.png,341,512,0.9333676446241933,0.8612398639407286,0.7873225126904503,0.5832431225209498,0.8911673061567799,0.27531893888511977,0.13100063800811768
a3670,/mnt/data_disk/HDRData/1000hdr/HDRtest/a3670-jmac_MG_5917.exr,/mnt/data_disk/ZQL/TIP_TMO_result/dnn/Unpaired/a3670.png,341,512,0.8680984435042784,0.9168968487201641,0.3156646067844718,0.4332239854539,0.8600412881673116,0.006406682740488354,0.09881918877363205
a3673,/mnt/data_disk/HDRData/1000hdr/HDRtest/a3673-_DSC1109.exr,/mnt/data_disk/ZQL/TIP_TMO_result/dnn/Unpaired/a3673.png,341,512,0.7922736453272486,0.8097871088548645,0.1076077130897369,0.9350703029229027,0.897367358594022,0.9727732472517835,0.3096808195114136
a3677,/mnt/data_disk/HDRData/1000hdr/HDRtest/a3677-IMG_4696.exr,/mnt/data_disk/ZQL/TIP_TMO_result/dnn/Unpaired/a3677.png,341,512,0.8124064661362158,0.8306457465698938,0.16416317780127251,0.8738210284857661,0.8825301994401366,0.8651118575313956,0.15310923755168915
a3686,/mnt/data_disk/HDRData/1000hdr/HDRtest/a3686-jmac_MG_0353.exr,/mnt/data_disk/ZQL/TIP_TMO_result/dnn/Unpaired/a3686.png,341,512,0.8724749444355543,0.8000918100808204,0.5131856585393375,0.5106679026753221,0.8930158982595413,0.128319907091103,0.2901759743690491
a3688,/mnt/data_disk/HDRData/1000hdr/HDRtest/a3688-jmac_MG_1424.exr,/mnt/data_disk/ZQL/TIP_TMO_result/dnn/Unpaired/a3688.png,341,512,0.8967839689182622,0.8999768032742976,0.49573118484951467,0.7065911882453032,0.9365960189016015,0.47658635758900486,0.15911531448364258
a3689,/mnt/data_disk/HDRData/1000hdr/HDRtest/a3689-JI2E3798.exr,/mnt/data_disk/ZQL/TIP_TMO_result/dnn/Unpaired/a3689.png,341,512,0.8544558270787612,0.6911640089748914,0.6006351463436231,0.4312359407853418,0.8206185654527892,0.04185331611789432,0.11513038724660873
a3696,/mnt/data_disk/HDRData/1000hdr/HDRtest/a3696-jmac_DSC1242.exr,/mnt/data_disk/ZQL/TIP_TMO_result/dnn/Unpaired/a3696.png,343,512,0.8018450852632356,0.8696912810860613,0.08280242480307964,0.9522503403580762,0.9208170183159985,0.983683662400154,0.1418294608592987
a3697,/mnt/data_disk/HDRData/1000hdr/HDRtest/a3697-07-11-24-at-16h05m35s-_MG_6729.exr,/mnt/data_disk/ZQL/TIP_TMO_result/dnn/Unpaired/a3697.png,341,512,0.9172335248523591,0.8154570538226407,0.764243257243639,0.8933679023541858,0.8894810498640446,0.8972547548443269,0.16922272741794586
a3700,/mnt/data_disk/HDRData/1000hdr/HDRtest/a3700-tc_DSC1892.exr,/mnt/data_disk/ZQL/TIP_TMO_result/dnn/Unpaired/a3700.png,340,512,0.8880652619806154,0.7983681635848817,0.6096093486015657,0.6301264395977604,0.9299606311823846,0.33029224801313617,0.15429481863975525
a3706,/mnt/data_disk/HDRData/1000hdr/HDRtest/a3706-dgw_065.exr,/mnt/data_disk/ZQL/TIP_TMO_result/dnn/Unpaired/a3706.png,341,512,0.819732859680846,0.7605346438971803,0.2897726451256891,0.8620665914073964,0.8731946235156739,0.8509385592991188,0.2961280345916748
a3707,/mnt/data_disk/HDRData/1000hdr/HDRtest/a3707-NKIM_121.exr,/mnt/data_disk/ZQL/TIP_TMO_result/dnn/Unpaired/a3707.png,341,512,0.8356163743331199,0.4870913639187505,0.9524982398184436,0.284400877563975,0.5687290125658643,7.274256208571291e-05,0.22869080305099487
a3710,/mnt/data_disk/HDRData/1000hdr/HDRtest/a3710-07-11-20-at-16h52m05s-_MG_5742.exr,/mnt/data_disk/ZQL/TIP_TMO_result/dnn/Unpaired/a3710.png,341,512,0.8541202872996699,0.7980406652534783,0.41249540840353366,0.44669051898101175,0.8920525475564532,0.0013284904055702804,0.10917957127094269
a3712,/mnt/data_disk/HDRData/1000hdr/HDRtest/a3712-IMG_4852.exr,/mnt/data_disk/ZQL/TIP_TMO_result/dnn/Unpaired/a3712.png,341,512,0.9410074591472413,0.8290274232412828,0.8985535241226359,0.8894130553082218,0.8619314335011254,0.9168946771153181,0.1355646550655365
a3715,/mnt/data_disk/HDRData/1000hdr/HDRtest/a3715-_MG_7773.exr,/mnt/data_disk/ZQL/TIP_TMO_result/dnn/Unpaired/a3715.png,341,512,0.8555276986864434,0.721422113983646,0.5502916966425746,0.3614060649743241,0.7228120818086721,4.813997608797573e-08,0.24390970170497894
a3716,/mnt/data_disk/HDRData/1000hdr/HDRtest/a3716-IMG_0301.exr,/mnt/data_disk/ZQL/TIP_TMO_result/dnn/Unpaired/a3716.png,341,512,0.8819900700602743,0.758283415418153,0.6441180074419175,0.4239826620901246,0.692115576813949,0.15584974736630014,0.12397321313619614
a3719,/mnt/data_disk/HDRData/1000hdr/HDRtest/a3719-07-11-29-at-15h43m28s-_MG_8075.exr,/mnt/data_disk/ZQL/TIP_TMO_result/dnn/Unpaired/a3719.png,341,512,0.8437672930471769,0.8560656047618812,0.2749588270699562,0.47148980299630405,0.9429550757562658,2.453023634229185e-05,0.30512285232543945
a3720,/mnt/data_disk/HDRData/1000hdr/HDRtest/a3720-jmac_MG_0851.exr,/mnt/data_disk/ZQL/TIP_TMO_result/dnn/Unpaired/a3720.png,341,512,0.9416748352790903,0.8277600883515702,0.9055776687849442,0.7758319331684306,0.9281404543799209,0.6235234119569403,0.17409288883209229
a3721,/mnt/data_disk/HDRData/1000hdr/HDRtest/a3721-KE_-01.exr,/mnt/data_disk/ZQL/TIP_TMO_result/dnn/Unpaired/a3721.png,340,512,0.8833030361640672,0.7670109089968248,0.6362739627944777,0.5671905714325167,0.8816102252381329,0.2527709176269005,0.23525811731815338
a3724,/mnt/data_disk/HDRData/1000hdr/HDRtest/a3724-20060101_092918__E6B0305.exr,/mnt/data_disk/ZQL/TIP_TMO_result/dnn/Unpaired/a3724.png,341,512,0.847541887558555,0.8779984023228381,0.2646058165081104,0.8344016487580072,0.9344045476059458,0.7343987499100685,0.24737891554832458
a3727,/mnt/data_disk/HDRData/1000hdr/HDRtest/a3727-2004-01-18 11-49-42 CRW_2889.exr,/mnt/data_disk/ZQL/TIP_TMO_result/dnn/Unpaired/a3727.png,341,512,0.8439585672228591,0.9142276283028752,0.20363468187533143,0.4399264105176906,0.8798499492070596,2.8718283216255198e-06,0.15067127346992493
a3729,/mnt/data_disk/HDRData/1000hdr/HDRtest/a3729-07-11-24-at-21h39m19s-_MG_6853.exr,/mnt/data_disk/ZQL/TIP_TMO_result/dnn/Unpaired/a3729.png,341,512,0.8352600041359511,0.6588386367758807,0.5473548294202458,0.2964041477114664,0.5886518388370368,0.004156456585895999,0.18100851774215698
a3730,/mnt/data_disk/HDRData/1000hdr/HDRtest/a3730-IMG_0113.exr,/mnt/data_disk/ZQL/TIP_TMO_result/dnn/Unpaired/a3730.png,341,512,0.8934909995712932,0.7780453583816702,0.6800349781291407,0.7158537117724464,0.850433062726882,0.5812743608180109,0.2471146583557129
a3732,/mnt/data_disk/HDRData/1000hdr/HDRtest/a3732-_DGW6272.exr,/mnt/data_disk/ZQL/TIP_TMO_result/dnn/Unpaired/a3732.png,341,512,0.9423349907007845,0.8827131682216018,0.808606824347424,0.8763196271943956,0.9565961092454845,0.7960431451433065,0.12174280732870102
a3733,/mnt/data_disk/HDRData/1000hdr/HDRtest/a3733-WP_CRW_4827.exr,/mnt/data_disk/ZQL/TIP_TMO_result/dnn/Unpaired/a3733.png,341,512,0.9279635910118968,0.7944252157217856,0.8760710138582662,0.8267086610843093,0.8760654076774504,0.7773519144911682,0.1784188598394394
a3735,/mnt/data_disk/HDRData/1000hdr/HDRtest/a3735-_MG_7825.exr,/mnt/data_disk/ZQL/TIP_TMO_result/dnn/Unpaired/a3735.png,341,512,0.7512964270941318,0.7775757128680538,0.013090777154937167,0.9374148119138996,0.8771988061127012,0.9976308177150981,0.1971442550420761
a3737,/mnt/data_disk/HDRData/1000hdr/HDRtest/a3737-dgw_022.exr,/mnt/data_disk/ZQL/TIP_TMO_result/dnn/Unpaired/a3737.png,341,512,0.8723996301739788,0.7716126835070517,0.5614082854964919,0.4939177336777523,0.8833136024485173,0.1045218649069873,0.2068072110414505
a3739,/mnt/data_disk/HDRData/1000hdr/HDRtest/a3739-KE_-0068.exr,/mnt/data_disk/ZQL/TIP_TMO_result/dnn/Unpaired/a3739.png,340,512,0.7593089665311737,0.8104090508688153,0.010379349514231943,0.646642032431191,0.9183425553859993,0.3749415094763827,0.1223607286810875
a3740,/mnt/data_disk/HDRData/1000hdr/HDRtest/a3740-_DSC1411.exr,/mnt/data_disk/ZQL/TIP_TMO_result/dnn/Unpaired/a3740.png,341,512,0.9340965681244316,0.7727901034891992,0.9618427505671737,0.3833569387719421,0.7473714918679063,0.01934238567597794,0.16508084535598755
a3742,/mnt/data_disk/HDRData/1000hdr/HDRtest/a3742-IMG_0206.exr,/mnt/data_disk/ZQL/TIP_TMO_result/dnn/Unpaired/a3742.png,341,512,0.7720756777640431,0.6533221714345526,0.22154330341275502,0.45635404344859887,0.8298773831585107,0.08283070373868706,0.2756710350513458
a3743,/mnt/data_disk/HDRData/1000hdr/HDRtest/a3743-DSC_0038.exr,/mnt/data_disk/ZQL/TIP_TMO_result/dnn/Unpaired/a3743.png,340,512,0.9469986286861256,0.8966209288569311,0.8151655323871708,0.7875887535251076,0.8390172307737633,0.7361602762764518,0.10650680214166641
a3744,/mnt/data_disk/HDRData/1000hdr/HDRtest/a3744-NKIM_MG_6757.exr,/mnt/data_disk/ZQL/TIP_TMO_result/dnn/Unpaired/a3744.png,341,512,0.7829107059959914,0.6591464450695578,0.26347414927416907,0.4312796707706554,0.8625592367992309,1.0474207991208575e-07,0.21288596093654633
a3749,/mnt/data_disk/HDRData/1000hdr/HDRtest/a3749-IMG_4592.exr,/mnt/data_disk/ZQL/TIP_TMO_result/dnn/Unpaired/a3749.png,341,512,0.802292607267453,0.6542193125809632,0.3698721007750228,0.4756633986538722,0.8410732587191154,0.11025353858862894,0.2281091809272766
a3750,/mnt/data_disk/HDRData/1000hdr/HDRtest/a3750-IMG_4253.exr,/mnt/data_disk/ZQL/TIP_TMO_result/dnn/Unpaired/a3750.png,341,512,0.8530843933150224,0.6630649274839351,0.6477902081568461,0.4156099679896374,0.8312195829289927,3.5305028212302647e-07,0.2206200212240219
a3753,/mnt/data_disk/HDRData/1000hdr/HDRtest/a3753-dgw_073.exr,/mnt/data_disk/ZQL/TIP_TMO_result/dnn/Unpaired/a3753.png,341,512,0.7370888400144089,0.7484937834991008,0.0034268116366953684,0.9358326259195654,0.8760646915090291,0.9956005603301017,0.4002463221549988
a3754,/mnt/data_disk/HDRData/1000hdr/HDRtest/a3754-050731_151704__I2E5362.exr,/mnt/data_disk/ZQL/TIP_TMO_result/dnn/Unpaired/a3754.png,341,512,0.859771189310734,0.8741078480563695,0.33072900584161974,0.4475419627806611,0.8940129768942383,0.0010709486670838829,0.13511890172958374
a3756,/mnt/data_disk/HDRData/1000hdr/HDRtest/a3756-jmac_MG_5949.exr,/mnt/data_disk/ZQL/TIP_TMO_result/dnn/Unpaired/a3756.png,341,512,0.9482759083333497,0.8409853107246045,0.9259165230799997,0.8185129555718417,0.8482807365595934,0.78874517458409,0.13206227123737335
a3760,/mnt/data_disk/HDRData/1000hdr/HDRtest/a3760-IMG_2504.exr,/mnt/data_disk/ZQL/TIP_TMO_result/dnn/Unpaired/a3760.png,341,512,0.9026197109047065,0.8973520312343066,0.5338977580154856,0.4709629632711498,0.9390824527657873,0.0028434737765123293,0.09908834099769592
a3764,/mnt/data_disk/HDRData/1000hdr/HDRtest/a3764-20060618_093109__MG_8792.exr,/mnt/data_disk/ZQL/TIP_TMO_result/dnn/Unpaired/a3764.png,341,512,0.7776992527614147,0.8449319347355025,0.030065408532578126,0.9447344283664199,0.8921189378375545,0.9973499188952853,0.15718881785869598
a3766,/mnt/data_disk/HDRData/1000hdr/HDRtest/a3766-20041219_194831__E6B5558.exr,/mnt/data_disk/ZQL/TIP_TMO_result/dnn/Unpaired/a3766.png,341,512,0.7261236006715114,0.41108599275369617,0.46184899229775545,0.21132029641951194,0.4226405928390236,2.8969775598871636e-16,0.15141844749450684
a3769,/mnt/data_disk/HDRData/1000hdr/HDRtest/a3769-IMG_3943.exr,/mnt/data_disk/ZQL/TIP_TMO_result/dnn/Unpaired/a3769.png,341,512,0.9053027891858655,0.8266468771525558,0.667292069603271,0.5485484154759593,0.9294503255328739,0.16764650541904488,0.12926353514194489
a3771,/mnt/data_disk/HDRData/1000hdr/HDRtest/a3771-07-06-01-at-13h03m06-s_MG_1256.exr,/mnt/data_disk/ZQL/TIP_TMO_result/dnn/Unpaired/a3771.png,341,512,0.8369098175309113,0.7679638151407162,0.36661804572886303,0.9175504888257286,0.8878001591550714,0.9473008184963859,0.24010644853115082
a3772,/mnt/data_disk/HDRData/1000hdr/HDRtest/a3772-dgw_123.exr,/mnt/data_disk/ZQL/TIP_TMO_result/dnn/Unpaired/a3772.png,341,512,0.8640759919383648,0.8347169939772585,0.4105654014797485,0.8827568811924184,0.9102479550018369,0.8552658073829998,0.21836110949516296
a3774,/mnt/data_disk/HDRData/1000hdr/HDRtest/a3774-_DSC0017.exr,/mnt/data_disk/ZQL/TIP_TMO_result/dnn/Unpaired/a3774.png,340,512,0.9157560881653216,0.8026878403578543,0.7782815306147806,0.8658889710935231,0.8671451016692684,0.8646328405177778,0.16687719523906708
a3778,/mnt/data_disk/HDRData/1000hdr/HDRtest/a3778-IMG_4838.exr,/mnt/data_disk/ZQL/TIP_TMO_result/dnn/Unpaired/a3778.png,341,512,0.8094246860331602,0.7465709922268662,0.2597715240777918,0.9003260385467731,0.8556534406528093,0.9449986364407369,0.26622363924980164
a3780,/mnt/data_disk/HDRData/1000hdr/HDRtest/a3780-JI2E3902.exr,/mnt/data_disk/ZQL/TIP_TMO_result/dnn/Unpaired/a3780.png,341,512,0.9306590697208931,0.8257435656218405,0.8343448041890555,0.9469522352232413,0.9344134888283416,0.9594909816181412,0.13259346783161163
a3781,/mnt/data_disk/HDRData/1000hdr/HDRtest/a3781-2004-06-24 06-45-08 CRW_2040.exr,/mnt/data_disk/ZQL/TIP_TMO_result/dnn/Unpaired/a3781.png,341,512,0.8419098236277998,0.8425903028386255,0.2839014935695131,0.9624798612150569,0.9343927180486019,0.990567004381512,0.12216242402791977
a3783,/mnt/data_disk/HDRData/1000hdr/HDRtest/a3783-KE_-0052.exr,/mnt/data_disk/ZQL/TIP_TMO_result/dnn/Unpaired/a3783.png,340,512,0.8672257398055534,0.7187189918667944,0.6264494643747758,0.4399461386914442,0.8745445787693216,0.00534769861356685,0.16264784336090088
a3786,/mnt/data_disk/HDRData/1000hdr/HDRtest/a3786-_I2E8191.exr,/mnt/data_disk/ZQL/TIP_TMO_result/dnn/Unpaired/a3786.png,341,512,0.7645063694803316,0.8347998690147184,0.007472741967308894,0.9473211434197105,0.9099273559455866,0.9847149308938344,0.16669508814811707
a3796,/mnt/data_disk/HDRData/1000hdr/HDRtest/a3796-NKIM_MG_7319.exr,/mnt/data_disk/ZQL/TIP_TMO_result/dnn/Unpaired/a3796.png,341,512,0.9494517066615599,0.8077845295795874,0.9992066085873703,0.4822300065487022,0.8308313642488087,0.1336286488485957,0.27008405327796936
a3798,/mnt/data_disk/HDRData/1000hdr/HDRtest/a3798-IMG_2539.exr,/mnt/data_disk/ZQL/TIP_TMO_result/dnn/Unpaired/a3798.png,341,512,0.9322615917329684,0.8166856695962892,0.8623345039437603,0.7430229799901669,0.9124037785385336,0.5736421814418,0.20805983245372772
a3800,/mnt/data_disk/HDRData/1000hdr/HDRtest/a3800-dgw_090.exr,/mnt/data_disk/ZQL/TIP_TMO_result/dnn/Unpaired/a3800.png,341,512,0.8538223466335024,0.7969738514089975,0.4125325547379141,0.6711733442340635,0.8235705926940106,0.5187760957741163,0.159377783536911
a3804,/mnt/data_disk/HDRData/1000hdr/HDRtest/a3804-_DSC3608.exr,/mnt/data_disk/ZQL/TIP_TMO_result/dnn/Unpaired/a3804.png,343,512,0.8521758144612994,0.697349162934858,0.5749475447828292,0.8810230490557404,0.8690624509173986,0.8929836471940821,0.13761283457279205
a3816,/mnt/data_disk/HDRData/1000hdr/HDRtest/a3816-jmac_DSC3118.exr,/mnt/data_disk/ZQL/TIP_TMO_result/dnn/Unpaired/a3816.png,340,512,0.8187476600745467,0.8724595368932132,0.14330748021285628,0.4803605447447895,0.9451818557831739,0.015539233706405033,0.14636819064617157
a3820,/mnt/data_disk/HDRData/1000hdr/HDRtest/a3820-dgw_025.exr,/mnt/data_disk/ZQL/TIP_TMO_result/dnn/Unpaired/a3820.png,341,512,0.6901756015012718,0.44907017652477643,0.19479453215132655,0.3518335314813215,0.7036656019688573,1.4609937857252301e-06,0.11511000990867615
a3822,/mnt/data_disk/HDRData/1000hdr/HDRtest/a3822-07-11-21-at-09h53m21s-_MG_5852.exr,/mnt/data_disk/ZQL/TIP_TMO_result/dnn/Unpaired/a3822.png,341,512,0.809998235252764,0.869089547675082,0.11274089632822272,0.6480578381330807,0.901335522229975,0.3947801540361863,0.14585117995738983
a3827,/mnt/data_disk/HDRData/1000hdr/HDRtest/a3827-JI2E3823.exr,/mnt/data_disk/ZQL/TIP_TMO_result/dnn/Unpaired/a3827.png,341,512,0.8830814293065634,0.7396131682949441,0.6861029467097882,0.535292159913485,0.8188020959766737,0.25178222385029636,0.1321556270122528
a3830,/mnt/data_disk/HDRData/1000hdr/HDRtest/a3830-LS_060715_8670.exr,/mnt/data_disk/ZQL/TIP_TMO_result/dnn/Unpaired/a3830.png,341,512,0.853660265409573,0.6952644684765065,0.5879090137500318,0.45483413235239595,0.8676565421179531,0.042011722586838864,0.22642740607261658
a3832,/mnt/data_disk/HDRData/1000hdr/HDRtest/a3832-20060613_091536__MG_7749.exr,/mnt/data_disk/ZQL/TIP_TMO_result/dnn/Unpaired/a3832.png,341,512,0.8960011156179973,0.845019039778938,0.5784063155010796,0.564472346166426,0.8856190157222515,0.24332567661060053,0.1941530406475067
a3833,/mnt/data_disk/HDRData/1000hdr/HDRtest/a3833-_DSC0003-2.exr,/mnt/data_disk/ZQL/TIP_TMO_result/dnn/Unpaired/a3833.png,340,512,0.8645541179988772,0.848366995854063,0.3927308400682209,0.8593504797426257,0.9312672252459462,0.7874337342393051,0.13087186217308044
a3834,/mnt/data_disk/HDRData/1000hdr/HDRtest/a3834-IMG_0007.exr,/mnt/data_disk/ZQL/TIP_TMO_result/dnn/Unpaired/a3834.png,341,512,0.7501508965435659,0.6840132572275279,0.09141461682631713,0.6148352373253857,0.8526506237518766,0.3770198508988948,0.22925831377506256
a3846,/mnt/data_disk/HDRData/1000hdr/HDRtest/a3846-IMG_3087.exr,/mnt/data_disk/ZQL/TIP_TMO_result/dnn/Unpaired/a3846.png,341,512,0.8636834028668243,0.8248549923398142,0.423479940691064,0.8759903701644447,0.9125481176992339,0.8394326226296556,0.13114996254444122
a3847,/mnt/data_disk/HDRData/1000hdr/HDRtest/a3847-NKIM_MG_6113.exr,/mnt/data_disk/ZQL/TIP_TMO_result/dnn/Unpaired/a3847.png,341,512,0.8127495391212637,0.5144157604925291,0.7258051978287806,0.39681269039461164,0.7926921458556797,0.0009332349335436076,0.21297316253185272
a3848,/mnt/data_disk/HDRData/1000hdr/HDRtest/a3848-DSC_0024.exr,/mnt/data_disk/ZQL/TIP_TMO_result/dnn/Unpaired/a3848.png,340,512,0.8679701089875915,0.8614477372628462,0.3919525056485029,0.43049750712365864,0.8584580742157475,0.0025369400315697894,0.09367261081933975
a3851,/mnt/data_disk/HDRData/1000hdr/HDRtest/a3851-IMG_3430.exr,/mnt/data_disk/ZQL/TIP_TMO_result/dnn/Unpaired/a3851.png,341,512,0.9347853798865011,0.7849407966693224,0.9419795086516464,0.8624006270816531,0.7790327734002138,0.9457684807630925,0.11461565643548965
a3862,/mnt/data_disk/HDRData/1000hdr/HDRtest/a3862-JI2E0423.exr,/mnt/data_disk/ZQL/TIP_TMO_result/dnn/Unpaired/a3862.png,341,512,0.8903047380530447,0.8409998237044073,0.5508171868886841,0.46578815619870706,0.9040191830877268,0.027557129309687328,0.11332299560308456
a3863,/mnt/data_disk/HDRData/1000hdr/HDRtest/a3863-IMG_1159.exr,/mnt/data_disk/ZQL/TIP_TMO_result/dnn/Unpaired/a3863.png,341,512,0.8404269445020269,0.7621014884526925,0.394689376191413,0.4544315386134725,0.8757742048528419,0.03308887237410314,0.21640627086162567
a3864,/mnt/data_disk/HDRData/1000hdr/HDRtest/a3864-_DSC1992.exr,/mnt/data_disk/ZQL/TIP_TMO_result/dnn/Unpaired/a3864.png,341,512,0.7405134703841756,0.5199794744979026,0.29668862151151565,0.3669321835119886,0.7336163375601125,0.0002480294638647477,0.12404295802116394
a3872,/mnt/data_disk/HDRData/1000hdr/HDRtest/a3872-IMG_4058.exr,/mnt/data_disk/ZQL/TIP_TMO_result/dnn/Unpaired/a3872.png,341,512,0.9393066086393933,0.7991269749817898,0.9451174259090294,0.7082653236221153,0.8992403212266907,0.5172903260175397,0.2215130776166916
a3877,/mnt/data_disk/HDRData/1000hdr/HDRtest/a3877-KE_-0019.exr,/mnt/data_disk/ZQL/TIP_TMO_result/dnn/Unpaired/a3877.png,340,512,0.8403891195213782,0.7159028805856756,0.4718530418286803,0.3943745907860647,0.7887490558938052,1.256783241631773e-07,0.18267078697681427
a3879,/mnt/data_disk/HDRData/1000hdr/HDRtest/a3879-IMG_0091.exr,/mnt/data_disk/ZQL/TIP_TMO_result/dnn/Unpaired/a3879.png,341,512,0.8502891683113996,0.8214577280357757,0.35637609421681504,0.9623232149937105,0.9264871966548804,0.9981592333325406,0.18021123111248016
a3890,/mnt/data_disk/HDRData/1000hdr/HDRtest/a3890-IMG_4308.exr,/mnt/data_disk/ZQL/TIP_TMO_result/dnn/Unpaired/a3890.png,341,512,0.8595383096009511,0.6943897433082001,0.625661187746832,0.48545522250997414,0.8604475284962435,0.11046291652370473,0.1689080148935318
a3893,/mnt/data_disk/HDRData/1000hdr/HDRtest/a3893-_DGW6301.exr,/mnt/data_disk/ZQL/TIP_TMO_result/dnn/Unpaired/a3893.png,341,512,0.8932327084677998,0.774101516599741,0.6856853681593231,0.42084789177593956,0.8327914947319133,0.008904288819965819,0.2595897912979126
a3899,/mnt/data_disk/HDRData/1000hdr/HDRtest/a3899-jmac_DSC2259.exr,/mnt/data_disk/ZQL/TIP_TMO_result/dnn/Unpaired/a3899.png,340,512,0.843435369563786,0.8624698886418426,0.2649325315443735,0.6864315745903349,0.9011476459650831,0.47171550321558664,0.13280119001865387
a3900,/mnt/data_disk/HDRData/1000hdr/HDRtest/a3900-jmac_DSC5843.exr,/mnt/data_disk/ZQL/TIP_TMO_result/dnn/Unpaired/a3900.png,340,512,0.8611236801238786,0.9370684967031823,0.2557667194952317,0.45818749167369477,0.9162058801566043,0.00016910319078521733,0.15737088024616241
a3902,/mnt/data_disk/HDRData/1000hdr/HDRtest/a3902-jmac_DSC3970.exr,/mnt/data_disk/ZQL/TIP_TMO_result/dnn/Unpaired/a3902.png,340,512,0.9195932690649014,0.7740156579384098,0.8592381924072586,0.731032847823327,0.8520189455676315,0.6100467500790225,0.1062992587685585
a3903,/mnt/data_disk/HDRData/1000hdr/HDRtest/a3903-IMG_2386.exr,/mnt/data_disk/ZQL/TIP_TMO_result/dnn/Unpaired/a3903.png,341,512,0.8933679853415158,0.7808625392049943,0.6740763892200544,0.9237928211500672,0.8580895804877241,0.9894960618124102,0.12761755287647247
a3906,/mnt/data_disk/HDRData/1000hdr/HDRtest/a3906-LS051025_day_3_LL003.exr,/mnt/data_disk/ZQL/TIP_TMO_result/dnn/Unpaired/a3906.png,341,512,0.91584849664228,0.8057667847381326,0.7731280666239878,0.8033237212904343,0.9030124502147515,0.7036349923661172,0.19126594066619873
a3911,/mnt/data_disk/HDRData/1000hdr/HDRtest/a3911-07-07-01-at-10h50m55s-_MG_2028.exr,/mnt/data_disk/ZQL/TIP_TMO_result/dnn/Unpaired/a3911.png,341,512,0.7827584221235981,0.6506502477588425,0.2762232781972113,0.4531805044091276,0.846008967628087,0.06035204119016824,0.19931353628635406
a3913,/mnt/data_disk/HDRData/1000hdr/HDRtest/a3913-IMG_0289.exr,/mnt/data_disk/ZQL/TIP_TMO_result/dnn/Unpaired/a3913.png,341,512,0.8311435722184799,0.570190994415407,0.7100288066321787,0.4319153862664007,0.7040492384474515,0.1597815340853499,0.12056427448987961
a3914,/mnt/data_disk/HDRData/1000hdr/HDRtest/a3914-DSC_0002-1.exr,/mnt/data_disk/ZQL/TIP_TMO_result/dnn/Unpaired/a3914.png,340,512,0.9178903717286198,0.8039805251184828,0.7899635885009273,0.6679826664071157,0.8668454494875096,0.4691198833267218,0.16101635992527008
a3919,/mnt/data_disk/HDRData/1000hdr/HDRtest/a3919-KE_-1608.exr,/mnt/data_disk/ZQL/TIP_TMO_result/dnn/Unpaired/a3919.png,340,512,0.8277430411916389,0.6545837675127667,0.5112357279712739,0.42114037021014533,0.8418773957308999,0.00040334468939071366,0.185804083943367
a3923,/mnt/data_disk/HDRData/1000hdr/HDRtest/a3923-_DSC0095.exr,/mnt/data_disk/ZQL/TIP_TMO_result/dnn/Unpaired/a3923.png,340,512,0.9429537149711373,0.8226503635081297,0.9242776382645984,0.940856470091338,0.893245853050666,0.9884670871320101,0.13958193361759186
a3924,/mnt/data_disk/HDRData/1000hdr/HDRtest/a3924-_DSC6358.exr,/mnt/data_disk/ZQL/TIP_TMO_result/dnn/Unpaired/a3924.png,341,512,0.67848250137815,0.4577784121188413,0.13064086963358723,0.35710909291309806,0.7142181858261961,7.037233060859362e-21,0.2490856945514679
a3926,/mnt/data_disk/HDRData/1000hdr/HDRtest/a3926-dgw_077.exr,/mnt/data_disk/ZQL/TIP_TMO_result/dnn/Unpaired/a3926.png,341,512,0.8294258664751615,0.5905180671660196,0.6531615477942129,0.33578902741814703,0.6715726448426583,5.409993635769563e-06,0.19961017370224
a3927,/mnt/data_disk/HDRData/1000hdr/HDRtest/a3927-IMG_6048.exr,/mnt/data_disk/ZQL/TIP_TMO_result/dnn/Unpaired/a3927.png,341,512,0.7672802647939889,0.7560003521794953,0.07438613781082079,0.6411321629445654,0.841497910989763,0.4407664148993679,0.1951112002134323
a3930,/mnt/data_disk/HDRData/1000hdr/HDRtest/a3930-IMG_5083.exr,/mnt/data_disk/ZQL/TIP_TMO_result/dnn/Unpaired/a3930.png,341,512,0.9147616444322907,0.8106485082706939,0.7569251957948904,0.43659802402301134,0.8612921698897298,0.011903878156292872,0.20579655468463898
a3931,/mnt/data_disk/HDRData/1000hdr/HDRtest/a3931-_DGW6259.exr,/mnt/data_disk/ZQL/TIP_TMO_result/dnn/Unpaired/a3931.png,341,512,0.754873627585497,0.4273760137705336,0.5880461484333408,0.32821080199798625,0.6564216039624854,3.3487147426556575e-11,0.3133673369884491
a3940,/mnt/data_disk/HDRData/1000hdr/HDRtest/a3940-20050602_180025__MG_2820.exr,/mnt/data_disk/ZQL/TIP_TMO_result/dnn/Unpaired/a3940.png,341,512,0.7935910171051392,0.8710337621971793,0.054831494382496654,0.5529387532264984,0.9376829088938886,0.16819459755910815,0.14025336503982544
a3943,/mnt/data_disk/HDRData/1000hdr/HDRtest/a3943-_DSC0054.exr,/mnt/data_disk/ZQL/TIP_TMO_result/dnn/Unpaired/a3943.png,340,512,0.8376836380546474,0.7997770442262653,0.3227910800623492,0.8730369876681229,0.8704850231863657,0.8755889521498801,0.14279039204120636
a3947,/mnt/data_disk/HDRData/1000hdr/HDRtest/a3947-jmac_MG_1444.exr,/mnt/data_disk/ZQL/TIP_TMO_result/dnn/Unpaired/a3947.png,341,512,0.9140374410654079,0.8438824193097947,0.6924548882352775,0.7761164659027844,0.9053934665471342,0.6468394652584347,0.14193935692310333
a3948,/mnt/data_disk/HDRData/1000hdr/HDRtest/a3948-_DSC0045.exr,/mnt/data_disk/ZQL/TIP_TMO_result/dnn/Unpaired/a3948.png,340,512,0.7383408492668613,0.6545320807167374,0.08339989603619226,0.798508173331129,0.8316353675904314,0.7653809790718266,0.18173865973949432
a3954,/mnt/data_disk/HDRData/1000hdr/HDRtest/a3954-_MG_0841.exr,/mnt/data_disk/ZQL/TIP_TMO_result/dnn/Unpaired/a3954.png,341,512,0.8695287277818291,0.8968362703214913,0.35002213512621255,0.6197268366432169,0.8862655221684739,0.3531881511179599,0.20269319415092468
a3958,/mnt/data_disk/HDRData/1000hdr/HDRtest/a3958-_DSC3890.exr,/mnt/data_disk/ZQL/TIP_TMO_result/dnn/Unpaired/a3958.png,341,512,0.9335848904224909,0.9014267503418407,0.7187764087266887,0.856327188077282,0.9507825156269627,0.7618718605276015,0.0970996543765068
a3961,/mnt/data_disk/HDRData/1000hdr/HDRtest/a3961-_DSC0049.exr,/mnt/data_disk/ZQL/TIP_TMO_result/dnn/Unpaired/a3961.png,340,512,0.8651815599832795,0.767781683651249,0.5251880311015122,0.4295792169292652,0.7995042472867828,0.05965418657174757,0.10852191597223282
a3963,/mnt/data_disk/HDRData/1000hdr/HDRtest/a3963-jmac_DSC3835.exr,/mnt/data_disk/ZQL/TIP_TMO_result/dnn/Unpaired/a3963.png,340,512,0.7673241574590559,0.7946215212845883,0.0400154347587961,0.9363122581193211,0.8979136165178838,0.9747108997207582,0.17180271446704865
a3964,/mnt/data_disk/HDRData/1000hdr/HDRtest/a3964-NKIM_MG_6716.exr,/mnt/data_disk/ZQL/TIP_TMO_result/dnn/Unpaired/a3964.png,341,512,0.8100210138822322,0.6630227087799211,0.39592773335981307,0.39486904551493723,0.7897380907007279,3.291466294515991e-10,0.19655819237232208
a3970,/mnt/data_disk/HDRData/1000hdr/HDRtest/a3970-WP_Amanda_3rd_bday014.exr,/mnt/data_disk/ZQL/TIP_TMO_result/dnn/Unpaired/a3970.png,341,512,0.8581176558402933,0.7780753461924903,0.4669394799259555,0.6108659884295558,0.8947375612343301,0.3269944156247813,0.1373886913061142
a3973,/mnt/data_disk/HDRData/1000hdr/HDRtest/a3973-DSC_0068-2.exr,/mnt/data_disk/ZQL/TIP_TMO_result/dnn/Unpaired/a3973.png,340,512,0.890033210391707,0.8064715390340444,0.607541175717112,0.4498854537052588,0.8862653423017334,0.013505565108784166,0.10858936607837677
a3975,/mnt/data_disk/HDRData/1000hdr/HDRtest/a3975-jmac_MG_5721.exr,/mnt/data_disk/ZQL/TIP_TMO_result/dnn/Unpaired/a3975.png,341,512,0.8917247210795134,0.8780718617172363,0.500031499518992,0.945126214196621,0.906054187239799,0.984198241153443,0.13201259076595306
a3976,/mnt/data_disk/HDRData/1000hdr/HDRtest/a3976-Ja_Pe-10.exr,/mnt/data_disk/ZQL/TIP_TMO_result/dnn/Unpaired/a3976.png,288,512,0.9126530400479904,0.8586769421894515,0.6581298104668342,0.9190305339372562,0.9386469164918128,0.8994141513826996,0.15622730553150177
a3991,/mnt/data_disk/HDRData/1000hdr/HDRtest/a3991-DSC_0005-2.exr,/mnt/data_disk/ZQL/TIP_TMO_result/dnn/Unpaired/a3991.png,340,512,0.940712150927775,0.8186231224480182,0.9165611511311788,0.8824767185131877,0.8505720741582502,0.914381362868125,0.14680494368076324
a3992,/mnt/data_disk/HDRData/1000hdr/HDRtest/a3992-KE_-0044.exr,/mnt/data_disk/ZQL/TIP_TMO_result/dnn/Unpaired/a3992.png,340,512,0.8491503426591588,0.557393441118112,0.859800034034184,0.9581086025850323,0.9209399441709281,0.9952772609991366,0.104527048766613
a3993,/mnt/data_disk/HDRData/1000hdr/HDRtest/a3993-IMG_2812.exr,/mnt/data_disk/ZQL/TIP_TMO_result/dnn/Unpaired/a3993.png,341,512,0.7022642230050795,0.5651499026054041,0.06582652195898177,0.39379293761641865,0.787585875230155,2.682304592200099e-12,0.13633961975574493
a3995,/mnt/data_disk/HDRData/1000hdr/HDRtest/a3995-IMG_0187.exr,/mnt/data_disk/ZQL/TIP_TMO_result/dnn/Unpaired/a3995.png,341,512,0.8783838861156663,0.6764665811903788,0.7827456978514951,0.5431520825200774,0.8841630140153038,0.20214115102485092,0.18628887832164764
a4001,/mnt/data_disk/HDRData/1000hdr/HDRtest/a4001-jn_20070824_0168.exr,/mnt/data_disk/ZQL/TIP_TMO_result/dnn/Unpaired/a4001.png,341,512,0.8413013142676598,0.773744996765247,0.38100885998093653,0.42439306723283565,0.8327517501823777,0.016034384283293603,0.13308404386043549
a4003,/mnt/data_disk/HDRData/1000hdr/HDRtest/a4003-NKIM_MG_6603.exr,/mnt/data_disk/ZQL/TIP_TMO_result/dnn/Unpaired/a4003.png,341,512,0.9569992238166256,0.8595544334972652,0.9513487704463582,0.8224971453521768,0.9116376589865771,0.7333566317177765,0.1677851676940918
a4004,/mnt/data_disk/HDRData/1000hdr/HDRtest/a4004-050812_113412__MG_3770.exr,/mnt/data_disk/ZQL/TIP_TMO_result/dnn/Unpaired/a4004.png,341,512,0.9478835913416325,0.9007091662269792,0.8138972902437811,0.4447246031833965,0.788935209610516,0.10051399675627708,0.09709537774324417
a4007,/mnt/data_disk/HDRData/1000hdr/HDRtest/a4007-_MG_7167.exr,/mnt/data_disk/ZQL/TIP_TMO_result/dnn/Unpaired/a4007.png,341,512,0.8773962043148227,0.7850272676697918,0.5680147757208783,0.8752105580000256,0.9086073291093019,0.8418137868907494,0.23284508287906647
a4008,/mnt/data_disk/HDRData/1000hdr/HDRtest/a4008-dgw_019.exr,/mnt/data_disk/ZQL/TIP_TMO_result/dnn/Unpaired/a4008.png,341,512,0.9273936035413435,0.765644772764126,0.9296535404035345,0.7097377671187828,0.7330178392535047,0.6864576949840607,0.1911109834909439
a4009,/mnt/data_disk/HDRData/1000hdr/HDRtest/a4009-jmac_MG_7717.exr,/mnt/data_disk/ZQL/TIP_TMO_result/dnn/Unpaired/a4009.png,341,512,0.9200166967797722,0.8493171299722252,0.7212573496920032,0.9258769085852652,0.9193402049929525,0.9324136121775779,0.2382676601409912
a4013,/mnt/data_disk/HDRData/1000hdr/HDRtest/a4013-_I2E6911.exr,/mnt/data_disk/ZQL/TIP_TMO_result/dnn/Unpaired/a4013.png,341,512,0.804359659625653,0.8161428808870357,0.1476625974156147,0.42908871735726545,0.8577913319704388,0.0003861027440921577,0.2588292360305786
a4014,/mnt/data_disk/HDRData/1000hdr/HDRtest/a4014-JI2E4114.exr,/mnt/data_disk/ZQL/TIP_TMO_result/dnn/Unpaired/a4014.png,341,512,0.9433136741848092,0.8239772666357532,0.9242031225251228,0.5407870997687875,0.8882667543413112,0.19330744519626372,0.21294961869716644
a4017,/mnt/data_disk/HDRData/1000hdr/HDRtest/a4017-DSC_0023.exr,/mnt/data_disk/ZQL/TIP_TMO_result/dnn/Unpaired/a4017.png,340,512,0.9050186548244494,0.8385157095223045,0.6448563338048623,0.9461755428175695,0.9117385407654426,0.9806125448696966,0.13823510706424713
a4020,/mnt/data_disk/HDRData/1000hdr/HDRtest/a4020-IMG_3763.exr,/mnt/data_disk/ZQL/TIP_TMO_result/dnn/Unpaired/a4020.png,341,512,0.7814943669023491,0.7018273981157271,0.19414246465491913,0.829124899545229,0.8181678992428161,0.840081899847642,0.12632600963115692
a4025,/mnt/data_disk/HDRData/1000hdr/HDRtest/a4025-IMG_5601.exr,/mnt/data_disk/ZQL/TIP_TMO_result/dnn/Unpaired/a4025.png,341,512,0.7964207534159543,0.7726083950930009,0.16641727740224835,0.522418030617045,0.8102304194975778,0.23460564173651222,0.19167232513427734
a4026,/mnt/data_disk/HDRData/1000hdr/HDRtest/a4026-NKIM_MG_6632.exr,/mnt/data_disk/ZQL/TIP_TMO_result/dnn/Unpaired/a4026.png,341,512,0.7785419476864298,0.9095265081884574,4.0837748580005995e-05,0.4998498170486429,0.9279347309010127,0.07176490319627303,0.12129975110292435
a4027,/mnt/data_disk/HDRData/1000hdr/HDRtest/a4027-IMG_2393.exr,/mnt/data_disk/ZQL/TIP_TMO_result/dnn/Unpaired/a4027.png,341,512,0.8234529065833722,0.769541762782344,0.29509014282696927,0.9426516647390544,0.8928821288167691,0.9924212006613397,0.14458249509334564
a4028,/mnt/data_disk/HDRData/1000hdr/HDRtest/a4028-060810_105728__MG_6096.exr,/mnt/data_disk/ZQL/TIP_TMO_result/dnn/Unpaired/a4028.png,341,512,0.8379869588487805,0.7622693108131833,0.3812796839855553,0.49325628677736727,0.8901872642876173,0.09632530926711726,0.17657123506069183
a4038,/mnt/data_disk/HDRData/1000hdr/HDRtest/a4038-Ja_Pe-20.exr,/mnt/data_disk/ZQL/TIP_TMO_result/dnn/Unpaired/a4038.png,288,512,0.7900433733772687,0.8091578638327226,0.1000767152842648,0.6585303812343933,0.8948428161817268,0.42221794628705983,0.17234721779823303
a4040,/mnt/data_disk/HDRData/1000hdr/HDRtest/a4040-IMG_0233.exr,/mnt/data_disk/ZQL/TIP_TMO_result/dnn/Unpaired/a4040.png,341,512,0.7658768177249308,0.7215228746113065,0.10596466183238662,0.7734608424504716,0.8677994675112833,0.6791222173896598,0.2803713381290436
a4047,/mnt/data_disk/HDRData/1000hdr/HDRtest/a4047-IMG_1285.exr,/mnt/data_disk/ZQL/TIP_TMO_result/dnn/Unpaired/a4047.png,341,512,0.8752941082678437,0.8912351991060334,0.38847326590402204,0.7231467868430662,0.9586284378612733,0.48766513582485915,0.10944564640522003
a4049,/mnt/data_disk/HDRData/1000hdr/HDRtest/a4049-_DSC3858.exr,/mnt/data_disk/ZQL/TIP_TMO_result/dnn/Unpaired/a4049.png,341,512,0.803263468386018,0.6540845189429638,0.3752757003952473,0.708398836658005,0.8583844910632203,0.5584131822527897,0.27904653549194336
a4051,/mnt/data_disk/HDRData/1000hdr/HDRtest/a4051-_DSC0018-3.exr,/mnt/data_disk/ZQL/TIP_TMO_result/dnn/Unpaired/a4051.png,340,512,0.858942786016919,0.8269655947356039,0.3943342623824993,0.9563914358588501,0.9169398573926694,0.9958430143250309,0.14536462724208832
a4052,/mnt/data_disk/HDRData/1000hdr/HDRtest/a4052-20060620_165511__MG_9535.exr,/mnt/data_disk/ZQL/TIP_TMO_result/dnn/Unpaired/a4052.png,341,512,0.9431708539728976,0.8476763001084873,0.8781112962573396,0.5220298222072104,0.9085756658240493,0.1354839785903715,0.21032141149044037
a4060,/mnt/data_disk/HDRData/1000hdr/HDRtest/a4060-_DSC5597.exr,/mnt/data_disk/ZQL/TIP_TMO_result/dnn/Unpaired/a4060.png,341,512,0.8888024115566804,0.7352306810941531,0.7313130719492802,0.6022790042791668,0.8435721274349768,0.3609858811233568,0.24167494475841522
a4064,/mnt/data_disk/HDRData/1000hdr/HDRtest/a4064-07-12-02-at-16h23m18s-_MG_9020.exr,/mnt/data_disk/ZQL/TIP_TMO_result/dnn/Unpaired/a4064.png,341,512,0.960222662196692,0.873809719077315,0.9470185087838517,0.8036019487505393,0.9145811852837671,0.6926227122173115,0.20213577151298523
a4068,/mnt/data_disk/HDRData/1000hdr/HDRtest/a4068-tc_DSC2612.exr,/mnt/data_disk/ZQL/TIP_TMO_result/dnn/Unpaired/a4068.png,340,512,0.9085074084647564,0.7102292423970147,0.9145769069317532,0.6411933296323786,0.710547843236863,0.5718388160278943,0.19286280870437622
a4075,/mnt/data_disk/HDRData/1000hdr/HDRtest/a4075-JI2E0444.exr,/mnt/data_disk/ZQL/TIP_TMO_result/dnn/Unpaired/a4075.png,341,512,0.7615278565624833,0.6539011712523016,0.17404944403482098,0.43783201230673197,0.8499737703617833,0.025690254251680533,0.2860826551914215
a4076,/mnt/data_disk/HDRData/1000hdr/HDRtest/a4076-_DGW6244.exr,/mnt/data_disk/ZQL/TIP_TMO_result/dnn/Unpaired/a4076.png,341,512,0.7966750738316428,0.6567330842538839,0.3361257773741939,0.5299820459926442,0.8524157847812588,0.2075483072040296,0.32512328028678894
a4080,/mnt/data_disk/HDRData/1000hdr/HDRtest/a4080-IMG_3765.exr,/mnt/data_disk/ZQL/TIP_TMO_result/dnn/Unpaired/a4080.png,341,512,0.8292090369233536,0.8038316373939435,0.2747453292393366,0.8652232864692868,0.8747420429736151,0.8557045299649585,0.18904295563697815
a4085,/mnt/data_disk/HDRData/1000hdr/HDRtest/a4085-_MG_2385.exr,/mnt/data_disk/ZQL/TIP_TMO_result/dnn/Unpaired/a4085.png,341,512,0.9079228358958541,0.8297804341051882,0.6783465163205802,0.8052792708106218,0.875253606848196,0.7353049347730477,0.1516450196504593
a4087,/mnt/data_disk/HDRData/1000hdr/HDRtest/a4087-NKIM_MG_6395.exr,/mnt/data_disk/ZQL/TIP_TMO_result/dnn/Unpaired/a4087.png,341,512,0.8173138486867871,0.819429334685442,0.19884171647675142,0.9529264700764606,0.9101882516616949,0.9956646884912262,0.24189727008342743
a4088,/mnt/data_disk/HDRData/1000hdr/HDRtest/a4088-dvf_041.exr,/mnt/data_disk/ZQL/TIP_TMO_result/dnn/Unpaired/a4088.png,341,512,0.8663442606423014,0.7627125193501305,0.5408622498926142,0.6373824690594034,0.8764086357375243,0.3983563023812825,0.12973837554454803
a4091,/mnt/data_disk/HDRData/1000hdr/HDRtest/a4091-_DSC0041.exr,/mnt/data_disk/ZQL/TIP_TMO_result/dnn/Unpaired/a4091.png,340,512,0.7713154699135617,0.7707716884854499,0.0733417326854349,0.7645884710755554,0.8375828772196512,0.6915940649314596,0.16186411678791046
a4092,/mnt/data_disk/HDRData/1000hdr/HDRtest/a4092-07-12-03-at-09h35m54s-_MG_9192.exr,/mnt/data_disk/ZQL/TIP_TMO_result/dnn/Unpaired/a4092.png,341,512,0.8132596165562708,0.8219056718533844,0.17812072462730488,0.9431411703691123,0.8884947547797107,0.9977875859585138,0.26399359107017517
a4093,/mnt/data_disk/HDRData/1000hdr/HDRtest/a4093-jn_20071117-031.exr,/mnt/data_disk/ZQL/TIP_TMO_result/dnn/Unpaired/a4093.png,341,512,0.8162436617313543,0.7812261172059453,0.24371333943450932,0.8186269547872693,0.8642812330151582,0.7729726765593803,0.26119863986968994
a4096,/mnt/data_disk/HDRData/1000hdr/HDRtest/a4096-jmac_MG_0095.exr,/mnt/data_disk/ZQL/TIP_TMO_result/dnn/Unpaired/a4096.png,341,512,0.8061011842463057,0.7653464491311898,0.21820636260135795,0.42710835821774173,0.8541924175026722,2.429893281134966e-05,0.1695590615272522
a4097,/mnt/data_disk/HDRData/1000hdr/HDRtest/a4097-20080623_at_14h52m36__MG_9904.exr,/mnt/data_disk/ZQL/TIP_TMO_result/dnn/Unpaired/a4097.png,341,512,0.9709279258014232,0.8925106913877385,0.9872839998554392,0.9444902156150226,0.9449174025241233,0.944063028705922,0.14277246594429016
a4099,/mnt/data_disk/HDRData/1000hdr/HDRtest/a4099-_DSC0014-2.exr,/mnt/data_disk/ZQL/TIP_TMO_result/dnn/Unpaired/a4099.png,340,512,0.8514320819246142,0.8357303363181493,0.34161153801656696,0.9134755044272168,0.928985278059272,0.8979657307951616,0.13186310231685638
a4101,/mnt/data_disk/HDRData/1000hdr/HDRtest/a4101-IMG_5823.exr,/mnt/data_disk/ZQL/TIP_TMO_result/dnn/Unpaired/a4101.png,341,512,0.8216203277354897,0.6501817366528649,0.4841493728868462,0.3572080680806629,0.7121872831841441,0.0022288529771817087,0.19450463354587555
a4102,/mnt/data_disk/HDRData/1000hdr/HDRtest/a4102-07-06-30-at-11h38m56s-_MG_1997.exr,/mnt/data_disk/ZQL/TIP_TMO_result/dnn/Unpaired/a4102.png,341,512,0.8791561754474665,0.8239565622715502,0.5128901041321323,0.8787564385238193,0.9295232358700622,0.8279896411775763,0.1967637985944748
a4104,/mnt/data_disk/HDRData/1000hdr/HDRtest/a4104-DSC_0260.exr,/mnt/data_disk/ZQL/TIP_TMO_result/dnn/Unpaired/a4104.png,340,512,0.9560349511778764,0.8398995372446295,0.9823227932460098,0.6421787947795974,0.7792273157130852,0.5051302738461094,0.09251423925161362
a4105,/mnt/data_disk/HDRData/1000hdr/HDRtest/a4105-07-11-26-at-16h02m57s-_MG_7151.exr,/mnt/data_disk/ZQL/TIP_TMO_result/dnn/Unpaired/a4105.png,341,512,0.9161224127611156,0.7429766817687669,0.8982642188109167,0.5515186200173077,0.8054886880884314,0.297548551946184,0.22669717669487
a4107,/mnt/data_disk/HDRData/1000hdr/HDRtest/a4107-dvf_018.exr,/mnt/data_disk/ZQL/TIP_TMO_result/dnn/Unpaired/a4107.png,341,512,0.7475214496807185,0.5857645358780078,0.21452858991319473,0.4215994251517582,0.8431988502927114,1.0805022153891075e-11,0.18616198003292084
a4108,/mnt/data_disk/HDRData/1000hdr/HDRtest/a4108-MB_080329_057.exr,/mnt/data_disk/ZQL/TIP_TMO_result/dnn/Unpaired/a4108.png,341,512,0.9225397858540207,0.8546907066457204,0.728088328639767,0.8209489940938031,0.8262249600763633,0.8156730281112429,0.29642072319984436
a4110,/mnt/data_disk/HDRData/1000hdr/HDRtest/a4110-dgw_069.exr,/mnt/data_disk/ZQL/TIP_TMO_result/dnn/Unpaired/a4110.png,341,512,0.7933652112735987,0.7276958115997211,0.21151816895823933,0.7346583762607861,0.8656142957505216,0.6037024567710506,0.28364667296409607
a4113,/mnt/data_disk/HDRData/1000hdr/HDRtest/a4113-IMG_2800.exr,/mnt/data_disk/ZQL/TIP_TMO_result/dnn/Unpaired/a4113.png,341,512,0.8554668065012885,0.8142443378966304,0.39480093424968643,0.4815626485583322,0.8671092269165347,0.09601607020012966,0.1417507827281952
a4116,/mnt/data_disk/HDRData/1000hdr/HDRtest/a4116-IMG_2042.exr,/mnt/data_disk/ZQL/TIP_TMO_result/dnn/Unpaired/a4116.png,341,512,0.8697405142353218,0.7602201967547526,0.5655380485981908,0.4967433589568471,0.9083112501902302,0.08517546772346406,0.13350628316402435
a4117,/mnt/data_disk/HDRData/1000hdr/HDRtest/a4117-050918_141526__MG_5987.exr,/mnt/data_disk/ZQL/TIP_TMO_result/dnn/Unpaired/a4117.png,341,512,0.8141761780304839,0.7743785194351627,0.2433499089586708,0.9384994722270921,0.8806333642921031,0.9963655801620809,0.24105022847652435
a4124,/mnt/data_disk/HDRData/1000hdr/HDRtest/a4124-20080709_at_10h04m23__MG_4561.exr,/mnt/data_disk/ZQL/TIP_TMO_result/dnn/Unpaired/a4124.png,341,512,0.8673637803618954,0.7345905512327502,0.597549056252963,0.9407858581619186,0.9065610247626401,0.975010691561197,0.18296705186367035
a4127,/mnt/data_disk/HDRData/1000hdr/HDRtest/a4127-DSC_0152.exr,/mnt/data_disk/ZQL/TIP_TMO_result/dnn/Unpaired/a4127.png,340,512,0.7927103436734431,0.8724950474944698,0.050993064894381525,0.9399613399202607,0.9234150020939266,0.9565076777465948,0.10489324480295181
a4131,/mnt/data_disk/HDRData/1000hdr/HDRtest/a4131-DSC_0001-2.exr,/mnt/data_disk/ZQL/TIP_TMO_result/dnn/Unpaired/a4131.png,340,512,0.9366635643062907,0.7958298367512725,0.9332626194217671,0.8622039598586669,0.8879005869512816,0.8365073327660523,0.12191031873226166
a4134,/mnt/data_disk/HDRData/1000hdr/HDRtest/a4134-IMG_0086.exr,/mnt/data_disk/ZQL/TIP_TMO_result/dnn/Unpaired/a4134.png,341,512,0.7821901573401657,0.8454992637247032,0.04172205868807706,0.9598739378020997,0.9214428340547404,0.9983050415494591,0.1306569129228592
a4142,/mnt/data_disk/HDRData/1000hdr/HDRtest/a4142-_DGW6275.exr,/mnt/data_disk/ZQL/TIP_TMO_result/dnn/Unpaired/a4142.png,341,512,0.9365425398116369,0.8551131329465509,0.8195351197118831,0.7289668609862527,0.9056236037405556,0.5523101182319498,0.22554562985897064
a4143,/mnt/data_disk/HDRData/1000hdr/HDRtest/a4143-LSCRW_0029.exr,/mnt/data_disk/ZQL/TIP_TMO_result/dnn/Unpaired/a4143.png,384,512,0.9708371710930167,0.914613872376838,0.9459719837642525,0.9371169428391264,0.8764450841534214,0.9977888015248315,0.10654285550117493
a4144,/mnt/data_disk/HDRData/1000hdr/HDRtest/a4144-050623_122602__MG_3246.exr,/mnt/data_disk/ZQL/TIP_TMO_result/dnn/Unpaired/a4144.png,341,512,0.8741654716375541,0.8733020577803966,0.40826553699857027,0.8590186881871243,0.872064752579394,0.8459726237948547,0.13454286754131317
a4150,/mnt/data_disk/HDRData/1000hdr/HDRtest/a4150-_DGW6309.exr,/mnt/data_disk/ZQL/TIP_TMO_result/dnn/Unpaired/a4150.png,341,512,0.8394704474226996,0.6865069433885554,0.51965853130713,0.7416638709157519,0.7960869918786755,0.6872407499528282,0.3013004660606384
a4151,/mnt/data_disk/HDRData/1000hdr/HDRtest/a4151-dvf_026.exr,/mnt/data_disk/ZQL/TIP_TMO_result/dnn/Unpaired/a4151.png,341,512,0.8466762383226323,0.6766687860042597,0.5813194636502167,0.42366676165989203,0.8451711866722144,0.002162336647569753,0.2469262182712555
a4154,/mnt/data_disk/HDRData/1000hdr/HDRtest/a4154-IMG_4620.exr,/mnt/data_disk/ZQL/TIP_TMO_result/dnn/Unpaired/a4154.png,341,512,0.9421015526008103,0.8176134587012988,0.9281558909235332,0.8621971575448024,0.8854325162926138,0.8389617987969912,0.17095381021499634
a4155,/mnt/data_disk/HDRData/1000hdr/HDRtest/a4155-WP_CRW_0237.exr,/mnt/data_disk/ZQL/TIP_TMO_result/dnn/Unpaired/a4155.png,341,512,0.8831604635296765,0.8545785304079807,0.4871530322039129,0.9353400998825532,0.8927904322973044,0.977889767467802,0.1479956954717636
a4156,/mnt/data_disk/HDRData/1000hdr/HDRtest/a4156-IMG_0159.exr,/mnt/data_disk/ZQL/TIP_TMO_result/dnn/Unpaired/a4156.png,341,512,0.8179531935844307,0.7124493099047026,0.3547450160328717,0.4757038080534221,0.9095026497745798,0.041904966332264336,0.211470365524292
a4158,/mnt/data_disk/HDRData/1000hdr/HDRtest/a4158-WP_CRW_4109.exr,/mnt/data_disk/ZQL/TIP_TMO_result/dnn/Unpaired/a4158.png,341,512,0.8902718447617815,0.7805959111273449,0.6550560230310136,0.8253630921408308,0.7198434371497983,0.9308827471318633,0.13633090257644653
a4160,/mnt/data_disk/HDRData/1000hdr/HDRtest/a4160-jn_20070824_0167.exr,/mnt/data_disk/ZQL/TIP_TMO_result/dnn/Unpaired/a4160.png,341,512,0.7685983580069248,0.7994440161301666,0.03972711906187203,0.4478693987036397,0.8582872211412645,0.03745157626601478,0.2792985439300537
a4161,/mnt/data_disk/HDRData/1000hdr/HDRtest/a4161-tc_DSC2218.exr,/mnt/data_disk/ZQL/TIP_TMO_result/dnn/Unpaired/a4161.png,340,512,0.7906370971096146,0.9545746239078894,0.0003476328738282755,0.4600846796788692,0.9201693586936189,6.64119398156017e-10,0.12671245634555817
a4167,/mnt/data_disk/HDRData/1000hdr/HDRtest/a4167-IMG_0031.exr,/mnt/data_disk/ZQL/TIP_TMO_result/dnn/Unpaired/a4167.png,341,512,0.8643814902515891,0.8358908923694175,0.4104603830252292,0.5066068711395275,0.9053851408435382,0.1078286014355168,0.2008429318666458
a4170,/mnt/data_disk/HDRData/1000hdr/HDRtest/a4170-jmac_DSC3333.exr,/mnt/data_disk/ZQL/TIP_TMO_result/dnn/Unpaired/a4170.png,343,512,0.8409987085825594,0.7101282027024763,0.4855543043045306,0.47090367581556103,0.8776542484159453,0.06415310321517677,0.18159474432468414
a4174,/mnt/data_disk/HDRData/1000hdr/HDRtest/a4174-dgw_083.exr,/mnt/data_disk/ZQL/TIP_TMO_result/dnn/Unpaired/a4174.png,341,512,0.8811813633130717,0.8126149809993517,0.5435757783141213,0.9209017650824571,0.9046722210885786,0.9371313090763357,0.31513866782188416
a4177,/mnt/data_disk/HDRData/1000hdr/HDRtest/a4177-jmac_DSC1412.exr,/mnt/data_disk/ZQL/TIP_TMO_result/dnn/Unpaired/a4177.png,340,512,0.9645843935540263,0.9270828479931317,0.8804867754558642,0.6544570611010224,0.9433345173421672,0.36557960485987767,0.10645448416471481
a4178,/mnt/data_disk/HDRData/1000hdr/HDRtest/a4178-IMG_0487.exr,/mnt/data_disk/ZQL/TIP_TMO_result/dnn/Unpaired/a4178.png,341,512,0.9142047128387183,0.8772280089714916,0.6365941378706513,0.6817174287266987,0.9506110027348277,0.41282385471856986,0.10092347115278244
a4184,/mnt/data_disk/HDRData/1000hdr/HDRtest/a4184-jmac_MG_5507.exr,/mnt/data_disk/ZQL/TIP_TMO_result/dnn/Unpaired/a4184.png,341,512,0.8705714148376149,0.7607022179354456,0.5696818590797594,0.7068069384501937,0.860683893534108,0.5529299833662794,0.26503223180770874
a4185,/mnt/data_disk/HDRData/1000hdr/HDRtest/a4185-DSC_0055-2.exr,/mnt/data_disk/ZQL/TIP_TMO_result/dnn/Unpaired/a4185.png,340,512,0.8002527200769922,0.8102001951859897,0.137870465526125,0.6988523663197945,0.89676620279161,0.5009385298479792,0.17540813982486725
a4188,/mnt/data_disk/HDRData/1000hdr/HDRtest/a4188-_MG_1604.exr,/mnt/data_disk/ZQL/TIP_TMO_result/dnn/Unpaired/a4188.png,341,512,0.9126405727840107,0.7452237274244753,0.8698147569506639,0.7107722203323634,0.8268462831459304,0.5946981575187965,0.27054643630981445
a4191,/mnt/data_disk/HDRData/1000hdr/HDRtest/a4191-IMG_4849.exr,/mnt/data_disk/ZQL/TIP_TMO_result/dnn/Unpaired/a4191.png,341,512,0.8814764538708956,0.8042340422024766,0.5594879489823407,0.5889782683956994,0.9207979405066501,0.25715859628474885,0.18738137185573578
a4194,/mnt/data_disk/HDRData/1000hdr/HDRtest/a4194-LS051026_day_1_arive50.exr,/mnt/data_disk/ZQL/TIP_TMO_result/dnn/Unpaired/a4194.png,341,512,0.8093228669712597,0.7326176879845507,0.27962766087572427,0.8683692087973607,0.8959631111428817,0.8407753064518396,0.16796565055847168
a4197,/mnt/data_disk/HDRData/1000hdr/HDRtest/a4197-_MG_6428.exr,/mnt/data_disk/ZQL/TIP_TMO_result/dnn/Unpaired/a4197.png,341,512,0.8328295223216836,0.9082557294741459,0.16223487919198518,0.4805557985208511,0.9611115580344344,3.90072678451252e-08,0.07870982587337494
a4198,/mnt/data_disk/HDRData/1000hdr/HDRtest/a4198-_DSC6401.exr,/mnt/data_disk/ZQL/TIP_TMO_result/dnn/Unpaired/a4198.png,341,512,0.7060840009474982,0.5783625201421935,0.06283587243133787,0.42879214321441683,0.8162999433974386,0.041284343031395096,0.2764171361923218
a4199,/mnt/data_disk/HDRData/1000hdr/HDRtest/a4199-jmac_MG_5003.exr,/mnt/data_disk/ZQL/TIP_TMO_result/dnn/Unpaired/a4199.png,341,512,0.7744389876704447,0.7765290602957727,0.0781753168069033,0.892944398827497,0.8611385279393834,0.9247502697156105,0.2841508090496063
a4201,/mnt/data_disk/HDRData/1000hdr/HDRtest/a4201-_DSC0120.exr,/mnt/data_disk/ZQL/TIP_TMO_result/dnn/Unpaired/a4201.png,340,512,0.8384098525086224,0.7708607324350251,0.37007580545239976,0.7558698092365943,0.8144490767516853,0.6972905417215034,0.26346057653427124
a4202,/mnt/data_disk/HDRData/1000hdr/HDRtest/a4202-DSC_0439.exr,/mnt/data_disk/ZQL/TIP_TMO_result/dnn/Unpaired/a4202.png,343,512,0.9111743904056709,0.8278467894844252,0.7024875819269119,0.9518391893528395,0.9120758336703697,0.9916025450353093,0.17100033164024353
a4204,/mnt/data_disk/HDRData/1000hdr/HDRtest/a4204-_DGW7870.exr,/mnt/data_disk/ZQL/TIP_TMO_result/dnn/Unpaired/a4204.png,341,512,0.8728872404520558,0.803386337620892,0.5101188122974459,0.42746495466671347,0.8510495247634303,0.003880384569996655,0.11321815848350525
a4212,/mnt/data_disk/HDRData/1000hdr/HDRtest/a4212-Duggan_090321_5925.exr,/mnt/data_disk/ZQL/TIP_TMO_result/dnn/Unpaired/a4212.png,341,512,0.85878792705038,0.754546029077612,0.5106076428959466,0.9366309094596987,0.8989557294543185,0.9743060894650791,0.1987466961145401
a4214,/mnt/data_disk/HDRData/1000hdr/HDRtest/a4214-DSC_0267.exr,/mnt/data_disk/ZQL/TIP_TMO_result/dnn/Unpaired/a4214.png,343,512,0.8179684006276747,0.8663969653684562,0.14675136420967702,0.618578700206238,0.9564993552468695,0.2806580451656065,0.17495959997177124
a4216,/mnt/data_disk/HDRData/1000hdr/HDRtest/a4216-DSC_0118.exr,/mnt/data_disk/ZQL/TIP_TMO_result/dnn/Unpaired/a4216.png,343,512,0.8819590390768447,0.8594166764969906,0.47273480418881564,0.7238960807908199,0.9372206395123917,0.5105715220692483,0.15446504950523376
a4220,/mnt/data_disk/HDRData/1000hdr/HDRtest/a4220-Duggan_090305_5359.exr,/mnt/data_disk/ZQL/TIP_TMO_result/dnn/Unpaired/a4220.png,341,512,0.8957783226235588,0.8383689102012715,0.588152576804499,0.4446433310928906,0.8785314529034042,0.010755209282377056,0.20094412565231323
a4228,/mnt/data_disk/HDRData/1000hdr/HDRtest/a4228-DSC_0037-2.exr,/mnt/data_disk/ZQL/TIP_TMO_result/dnn/Unpaired/a4228.png,340,512,0.9291834020526433,0.8769711379506654,0.7321875397774583,0.45573617074407446,0.8848703842259206,0.02660195726222836,0.09121082723140717
a4230,/mnt/data_disk/HDRData/1000hdr/HDRtest/a4230-Duggan_090426_7798.exr,/mnt/data_disk/ZQL/TIP_TMO_result/dnn/Unpaired/a4230.png,341,512,0.7525931483695407,0.6504953136888146,0.14166887353175558,0.4222788233153909,0.8443693984646747,0.00018824816610709367,0.2139313668012619
a4231,/mnt/data_disk/HDRData/1000hdr/HDRtest/a4231-Duggan_080326_5786.exr,/mnt/data_disk/ZQL/TIP_TMO_result/dnn/Unpaired/a4231.png,341,512,0.8487442922686274,0.6274354696399547,0.6948894624662016,0.7891182431776769,0.8084859749966625,0.7697505113586911,0.12515223026275635
a4232,/mnt/data_disk/HDRData/1000hdr/HDRtest/a4232-Duggan_090323_6181.exr,/mnt/data_disk/ZQL/TIP_TMO_result/dnn/Unpaired/a4232.png,341,512,0.754670694855518,0.7993228513708323,0.007694192155598868,0.9085613043816063,0.8425266807881204,0.9745959279750923,0.2535822093486786
a4235,/mnt/data_disk/HDRData/1000hdr/HDRtest/a4235-DSC_0433.exr,/mnt/data_disk/ZQL/TIP_TMO_result/dnn/Unpaired/a4235.png,343,512,0.8941415555671672,0.7977723496485183,0.6483373515301281,0.4181482907947679,0.797030418858023,0.0392661627315128,0.19117507338523865
a4236,/mnt/data_disk/HDRData/1000hdr/HDRtest/a4236-DSC_0384.exr,/mnt/data_disk/ZQL/TIP_TMO_result/dnn/Unpaired/a4236.png,343,512,0.7892605737804972,0.8282919073801945,0.0785012425308377,0.9126197122393005,0.92553564803789,0.899703776440711,0.13139519095420837
a4237,/mnt/data_disk/HDRData/1000hdr/HDRtest/a4237-20090417_at_18h06m01__MG_1955.exr,/mnt/data_disk/ZQL/TIP_TMO_result/dnn/Unpaired/a4237.png,341,512,0.852218972890029,0.7250813441112264,0.5240733161443595,0.38730801925734,0.7746159273121449,1.1120253503612058e-07,0.17407581210136414
a4238,/mnt/data_disk/HDRData/1000hdr/HDRtest/a4238-Duggan_090320_5609.exr,/mnt/data_disk/ZQL/TIP_TMO_result/dnn/Unpaired/a4238.png,341,512,0.8149614212862994,0.8283455225251024,0.1777147180060714,0.9301287461629058,0.9133964395747738,0.9468610527510378,0.14950448274612427
a4239,/mnt/data_disk/HDRData/1000hdr/HDRtest/a4239-Duggan_080114_4429.exr,/mnt/data_disk/ZQL/TIP_TMO_result/dnn/Unpaired/a4239.png,341,512,0.8664295591634399,0.788280535861893,0.49769920878863194,0.39130220110802355,0.7824618332123394,0.0001425690037077356,0.16047729551792145
a4244,/mnt/data_disk/HDRData/1000hdr/HDRtest/a4244-Duggan_090504_8959.exr,/mnt/data_disk/ZQL/TIP_TMO_result/dnn/Unpaired/a4244.png,341,512,0.8019652433423415,0.6875423141651666,0.3124952107378101,0.4280540306889386,0.8278936515973973,0.02821440978047993,0.18918676674365997
a4246,/mnt/data_disk/HDRData/1000hdr/HDRtest/a4246-Duggan_090330_6226.exr,/mnt/data_disk/ZQL/TIP_TMO_result/dnn/Unpaired/a4246.png,341,512,0.7868941125561261,0.6875408034270798,0.23907737815508742,0.5005511085254337,0.755986067877144,0.24511614917372354,0.18952824175357819
a4249,/mnt/data_disk/HDRData/1000hdr/HDRtest/a4249-Duggan_090322_6001.exr,/mnt/data_disk/ZQL/TIP_TMO_result/dnn/Unpaired/a4249.png,341,512,0.7736659470721264,0.7724934795270466,0.07954144178934078,0.7546576280610038,0.8746413659443482,0.6346738901776594,0.21852785348892212
a4254,/mnt/data_disk/HDRData/1000hdr/HDRtest/a4254-DSC_0066.exr,/mnt/data_disk/ZQL/TIP_TMO_result/dnn/Unpaired/a4254.png,340,512,0.8518551725555518,0.8237313860731803,0.361275211520719,0.4294544431928963,0.8582125994807944,0.0006962869049981136,0.11115671694278717
a4258,/mnt/data_disk/HDRData/1000hdr/HDRtest/a4258-_DSC0012-4.exr,/mnt/data_disk/ZQL/TIP_TMO_result/dnn/Unpaired/a4258.png,340,512,0.8737499654898689,0.8246827036234624,0.480426201009467,0.4585066354053252,0.8905699524348986,0.026443318375751867,0.08743386715650558
a4262,/mnt/data_disk/HDRData/1000hdr/HDRtest/a4262-DSC_0065.exr,/mnt/data_disk/ZQL/TIP_TMO_result/dnn/Unpaired/a4262.png,340,512,0.8843205993854982,0.8399890448875231,0.5170887191633735,0.4547480833866711,0.8947470222400398,0.014749144533302479,0.12557458877563477
a4266,/mnt/data_disk/HDRData/1000hdr/HDRtest/a4266-DSC_0426.exr,/mnt/data_disk/ZQL/TIP_TMO_result/dnn/Unpaired/a4266.png,343,512,0.8070927727112176,0.6709359387752425,0.3665210711720168,0.9223537064714682,0.8861379613695989,0.9585694515733376,0.2150772213935852
a4267,/mnt/data_disk/HDRData/1000hdr/HDRtest/a4267-20090414_at_23h13m08__MG_1367.exr,/mnt/data_disk/ZQL/TIP_TMO_result/dnn/Unpaired/a4267.png,341,512,0.7834823187810577,0.5326251811585733,0.5031044963353627,0.33933719394837375,0.6782309075057347,0.00044348039101279327,0.15543095767498016
a4271,/mnt/data_disk/HDRData/1000hdr/HDRtest/a4271-Duggan_090227_5232.exr,/mnt/data_disk/ZQL/TIP_TMO_result/dnn/Unpaired/a4271.png,341,512,0.8269315895697514,0.8677009100473234,0.18287681426542615,0.9468589570674208,0.9251973152082561,0.9685205989265857,0.19510610401630402
a4272,/mnt/data_disk/HDRData/1000hdr/HDRtest/a4272-DSC_0398.exr,/mnt/data_disk/ZQL/TIP_TMO_result/dnn/Unpaired/a4272.png,343,512,0.7858483672953396,0.49958210589789104,0.5932702815630101,0.34715381991389166,0.5061641734362402,0.18814346639154308,0.12076139450073242
a4275,/mnt/data_disk/HDRData/1000hdr/HDRtest/a4275-09-05-12-at-17h46m31s-_MG_8890.exr,/mnt/data_disk/ZQL/TIP_TMO_result/dnn/Unpaired/a4275.png,341,512,0.927241580988167,0.8087228185434625,0.8435310515386352,0.511597045345674,0.8507899317918679,0.17240415889948005,0.16824786365032196
a4287,/mnt/data_disk/HDRData/1000hdr/HDRtest/a4287-_DSC0083.exr,/mnt/data_disk/ZQL/TIP_TMO_result/dnn/Unpaired/a4287.png,340,512,0.825639868443895,0.815359815914537,0.24207954056732256,0.9182194038280891,0.8850331451061795,0.9514056625499986,0.14557842910289764
a4291,/mnt/data_disk/HDRData/1000hdr/HDRtest/a4291-20090417_at_18h46m58__MG_2026.exr,/mnt/data_disk/ZQL/TIP_TMO_result/dnn/Unpaired/a4291.png,341,512,0.9556189716193718,0.84780657467917,0.9641047678700719,0.8165262874720378,0.9195797971503702,0.7134727777937054,0.12956638634204865
a4297,/mnt/data_disk/HDRData/1000hdr/HDRtest/a4297-_DSC0034.exr,/mnt/data_disk/ZQL/TIP_TMO_result/dnn/Unpaired/a4297.png,340,512,0.8297193871318522,0.7449259776549784,0.36469391534419604,0.8096799968369854,0.8896622540157492,0.7296977396582217,0.15795882046222687
a4298,/mnt/data_disk/HDRData/1000hdr/HDRtest/a4298-Duggan_090504_9090.exr,/mnt/data_disk/ZQL/TIP_TMO_result/dnn/Unpaired/a4298.png,341,512,0.8121051621953915,0.8217315594492075,0.1733910658960027,0.4615780941873074,0.8971900500381638,0.02596613833645099,0.1592220962047577
a4302,/mnt/data_disk/HDRData/1000hdr/HDRtest/a4302-20090425_at_17h00m59__MG_0404.exr,/mnt/data_disk/ZQL/TIP_TMO_result/dnn/Unpaired/a4302.png,341,512,0.9319385399728649,0.8275981063504181,0.8394848637578103,0.8719477533434562,0.8977454985223355,0.8461500081645769,0.25162816047668457
a4304,/mnt/data_disk/HDRData/1000hdr/HDRtest/a4304-09-05-19-at-18h03m17s-_MG_9540.exr,/mnt/data_disk/ZQL/TIP_TMO_result/dnn/Unpaired/a4304.png,341,512,0.9026630197298806,0.6617884686652284,0.9811093076075486,0.38757940689338144,0.742200764846754,0.03295804894000888,0.20261463522911072
a4307,/mnt/data_disk/HDRData/1000hdr/HDRtest/a4307-20050328_161219__MG_0628.exr,/mnt/data_disk/ZQL/TIP_TMO_result/dnn/Unpaired/a4307.png,341,512,0.7927894662264808,0.8294150135933038,0.089597085861541,0.9387460605351161,0.8882223103239052,0.9892698107463269,0.13106627762317657
a4308,/mnt/data_disk/HDRData/1000hdr/HDRtest/a4308-Duggan_090209_4996.exr,/mnt/data_disk/ZQL/TIP_TMO_result/dnn/Unpaired/a4308.png,341,512,0.8978869332990332,0.8300005377480498,0.6152384965346793,0.9273018258347122,0.8788805467856043,0.9757231048838201,0.2580425441265106
a4310,/mnt/data_disk/HDRData/1000hdr/HDRtest/a4310-DSC_0007.exr,/mnt/data_disk/ZQL/TIP_TMO_result/dnn/Unpaired/a4310.png,340,512,0.8689563664361527,0.727825172456937,0.619936327067833,0.9545384386705145,0.9174467884462539,0.9916300888947749,0.147895947098732
a4312,/mnt/data_disk/HDRData/1000hdr/HDRtest/a4312-20090417_at_16h32m44__MG_1867.exr,/mnt/data_disk/ZQL/TIP_TMO_result/dnn/Unpaired/a4312.png,341,512,0.7669529267928691,0.6538285173147008,0.19773405952459033,0.40784764739723584,0.8156540585274887,4.12362669829027e-05,0.3063114285469055
a4317,/mnt/data_disk/HDRData/1000hdr/HDRtest/a4317-DSC_0224.exr,/mnt/data_disk/ZQL/TIP_TMO_result/dnn/Unpaired/a4317.png,343,512,0.9061437510746582,0.7325456896820074,0.8516214774449451,0.3791400373307874,0.7582784053296259,1.6693319488947746e-06,0.15310153365135193
a4318,/mnt/data_disk/HDRData/1000hdr/HDRtest/a4318-Duggan_090321_5920.exr,/mnt/data_disk/ZQL/TIP_TMO_result/dnn/Unpaired/a4318.png,341,512,0.8789623347792707,0.8958808350981239,0.4016980017509007,0.9044983450439104,0.9397126201728285,0.8692840699149922,0.12774211168289185
a4319,/mnt/data_disk/HDRData/1000hdr/HDRtest/a4319-DSC_0132.exr,/mnt/data_disk/ZQL/TIP_TMO_result/dnn/Unpaired/a4319.png,340,512,0.8688721409924617,0.7444526872073405,0.5886474425061128,0.6998326409130669,0.8429559668370259,0.5567093149891078,0.17413198947906494
a4323,/mnt/data_disk/HDRData/1000hdr/HDRtest/a4323-DSC_0010.exr,/mnt/data_disk/ZQL/TIP_TMO_result/dnn/Unpaired/a4323.png,343,512,0.8489787608072004,0.8035962725710255,0.3761103231535901,0.45157486567325833,0.7564920112950395,0.1466577200514771,0.19965092837810516
a4324,/mnt/data_disk/HDRData/1000hdr/HDRtest/a4324-DSC_0002.exr,/mnt/data_disk/ZQL/TIP_TMO_result/dnn/Unpaired/a4324.png,343,512,0.9070687172318539,0.827943926988027,0.6761707030492691,0.7035590466916706,0.7410051230279772,0.6661129703553639,0.15422262251377106
a4326,/mnt/data_disk/HDRData/1000hdr/HDRtest/a4326-DSC_0461.exr,/mnt/data_disk/ZQL/TIP_TMO_result/dnn/Unpaired/a4326.png,343,512,0.8219964098978096,0.7133840485569539,0.37460724424325065,0.4092027354438391,0.8184054664285623,4.459116000816865e-09,0.16719268262386322
a4329,/mnt/data_disk/HDRData/1000hdr/HDRtest/a4329-DSC_0028.exr,/mnt/data_disk/ZQL/TIP_TMO_result/dnn/Unpaired/a4329.png,340,512,0.8869031731781167,0.7977374327077901,0.6035843157594258,0.43295476608227307,0.855800845340414,0.010108686824132162,0.10215449333190918
a4331,/mnt/data_disk/HDRData/1000hdr/HDRtest/a4331-_DGW0241.exr,/mnt/data_disk/ZQL/TIP_TMO_result/dnn/Unpaired/a4331.png,341,512,0.8489326563667379,0.7426417320863778,0.47422386970515507,0.4249635872877157,0.847278029335736,0.002649145239695438,0.16021127998828888
a4335,/mnt/data_disk/HDRData/1000hdr/HDRtest/a4335-Duggan_090123_4520.exr,/mnt/data_disk/ZQL/TIP_TMO_result/dnn/Unpaired/a4335.png,341,512,0.8557166179007996,0.7981758020592504,0.4210632598249198,0.4485311056821681,0.8970526475313185,9.563833017616002e-06,0.26029354333877563
a4338,/mnt/data_disk/HDRData/1000hdr/HDRtest/a4338-DSC_0206.exr,/mnt/data_disk/ZQL/TIP_TMO_result/dnn/Unpaired/a4338.png,343,512,0.928835486395818,0.8484268816083782,0.7804153477652571,0.43949518403927607,0.8568579855297055,0.022132382548846665,0.1187032088637352
a4339,/mnt/data_disk/HDRData/1000hdr/HDRtest/a4339-Duggan_090111_4244.exr,/mnt/data_disk/ZQL/TIP_TMO_result/dnn/Unpaired/a4339.png,341,512,0.8531943886902514,0.710733647673047,0.5560082976010756,0.4003992869308944,0.7893765549802332,0.01142201888155562,0.22821857035160065
a4340,/mnt/data_disk/HDRData/1000hdr/HDRtest/a4340-DSC_0441.exr,/mnt/data_disk/ZQL/TIP_TMO_result/dnn/Unpaired/a4340.png,343,512,0.8599129963471636,0.5998313457209592,0.8301169585780585,0.46084528082073295,0.7647213357874956,0.15696922585397038,0.16597770154476166
a4342,/mnt/data_disk/HDRData/1000hdr/HDRtest/a4342-DSC_0043.exr,/mnt/data_disk/ZQL/TIP_TMO_result/dnn/Unpaired/a4342.png,340,512,0.9151172765570408,0.7268739073697398,0.9249522927123279,0.4219250684688949,0.8101775388305315,0.0336725981072583,0.13710223138332367
a4345,/mnt/data_disk/HDRData/1000hdr/HDRtest/a4345-Duggan_080411_5976.exr,/mnt/data_disk/ZQL/TIP_TMO_result/dnn/Unpaired/a4345.png,341,512,0.8405195631180395,0.6897403670183133,0.5198097057163201,0.45296637407140045,0.8527145010538517,0.0532182470889492,0.17290358245372772
a4354,/mnt/data_disk/HDRData/1000hdr/HDRtest/a4354-DSC_0347.exr,/mnt/data_disk/ZQL/TIP_TMO_result/dnn/Unpaired/a4354.png,343,512,0.8858580653295076,0.8014939352573915,0.5906606672325282,0.4920831504070852,0.9002424530467888,0.0839238477673816,0.21656355261802673
a4356,/mnt/data_disk/HDRData/1000hdr/HDRtest/a4356-_DSC1335.exr,/mnt/data_disk/ZQL/TIP_TMO_result/dnn/Unpaired/a4356.png,341,512,0.6986582876211447,0.5052150847587771,0.13427263465143252,0.30622910133166636,0.6124582014389106,1.2244221328175291e-09,0.08857588469982147
a4357,/mnt/data_disk/HDRData/1000hdr/HDRtest/a4357-Duggan_090124_4645.exr,/mnt/data_disk/ZQL/TIP_TMO_result/dnn/Unpaired/a4357.png,341,512,0.8990225529253779,0.7921080864077231,0.6893817072601542,0.5454546299944715,0.8627501584273185,0.22815910156162444,0.19108101725578308
a4366,/mnt/data_disk/HDRData/1000hdr/HDRtest/a4366-DSC_0447.exr,/mnt/data_disk/ZQL/TIP_TMO_result/dnn/Unpaired/a4366.png,343,512,0.8891716476145411,0.8965196190187013,0.4573984440562419,0.7799527085406248,0.8991203084963635,0.6607851085848861,0.10877867788076401
a4368,/mnt/data_disk/HDRData/1000hdr/HDRtest/a4368-Duggan_090321_5857.exr,/mnt/data_disk/ZQL/TIP_TMO_result/dnn/Unpaired/a4368.png,341,512,0.9224307076716813,0.7587311653233522,0.9093969798200683,0.3961811274412419,0.7923542130388782,8.041843605629144e-06,0.22227628529071808
a4370,/mnt/data_disk/HDRData/1000hdr/HDRtest/a4370-DSC_0080.exr,/mnt/data_disk/ZQL/TIP_TMO_result/dnn/Unpaired/a4370.png,340,512,0.8613576982356381,0.7580642547639441,0.5195411238265958,0.47279290336698493,0.8866593864980356,0.05892642023593428,0.15481893718242645
a4374,/mnt/data_disk/HDRData/1000hdr/HDRtest/a4374-09-05-19-at-17h54m57s-_MG_9531.exr,/mnt/data_disk/ZQL/TIP_TMO_result/dnn/Unpaired/a4374.png,341,512,0.8923002888032103,0.7895013421647655,0.6516502017081895,0.5195146392111419,0.7212592064463343,0.3177700719759496,0.1423061043024063
a4377,/mnt/data_disk/HDRData/1000hdr/HDRtest/a4377-IMG_4929.exr,/mnt/data_disk/ZQL/TIP_TMO_result/dnn/Unpaired/a4377.png,341,512,0.8586987541437706,0.8519901981556838,0.3562412797386419,0.47187967146040694,0.9172676460891959,0.026491696831617964,0.1316378116607666
a4382,/mnt/data_disk/HDRData/1000hdr/HDRtest/a4382-DSC_0261.exr,/mnt/data_disk/ZQL/TIP_TMO_result/dnn/Unpaired/a4382.png,343,512,0.7902935359151915,0.788940527399935,0.12259636875855802,0.8855444725390451,0.9113165226096411,0.859772422468449,0.16526652872562408
a4384,/mnt/data_disk/HDRData/1000hdr/HDRtest/a4384-DSC_0322.exr,/mnt/data_disk/ZQL/TIP_TMO_result/dnn/Unpaired/a4384.png,343,512,0.8289288097592455,0.7342460352489264,0.37758434359387555,0.6874713191415274,0.9065831014732403,0.4683595368098145,0.15288935601711273
a4385,/mnt/data_disk/HDRData/1000hdr/HDRtest/a4385-_DGW9650.exr,/mnt/data_disk/ZQL/TIP_TMO_result/dnn/Unpaired/a4385.png,341,512,0.8998273823038135,0.7384038948429533,0.7973727314053446,0.6330293142660526,0.7646766550723919,0.5013819734597134,0.2030583769083023
a4386,/mnt/data_disk/HDRData/1000hdr/HDRtest/a4386-Duggan_090124_4632.exr,/mnt/data_disk/ZQL/TIP_TMO_result/dnn/Unpaired/a4386.png,341,512,0.8643361865607845,0.8080514498228479,0.4534800479090639,0.8617822461187272,0.865586029763566,0.8579784624738883,0.14948785305023193
a4392,/mnt/data_disk/HDRData/1000hdr/HDRtest/a4392-Duggan_090331_6554.exr,/mnt/data_disk/ZQL/TIP_TMO_result/dnn/Unpaired/a4392.png,341,512,0.7720561002131842,0.8009478107614297,0.04838191406803485,0.5145103478212999,0.8897070965331143,0.13931359910948551,0.2304135262966156
a4394,/mnt/data_disk/HDRData/1000hdr/HDRtest/a4394-Duggan_090127_4837.exr,/mnt/data_disk/ZQL/TIP_TMO_result/dnn/Unpaired/a4394.png,341,512,0.8649254095554907,0.7183243708992165,0.6129961618461487,0.43688120855360857,0.8124193332343377,0.06134308387287945,0.208756685256958
a4395,/mnt/data_disk/HDRData/1000hdr/HDRtest/a4395-Duggan_090503_8734.exr,/mnt/data_disk/ZQL/TIP_TMO_result/dnn/Unpaired/a4395.png,341,512,0.7986217145935466,0.8477733023883524,0.09231030654188463,0.26668444453083434,0.5333688890030652,5.860340905185455e-11,0.08553294837474823
a4396,/mnt/data_disk/HDRData/1000hdr/HDRtest/a4396-DSC_0073-2.exr,/mnt/data_disk/ZQL/TIP_TMO_result/dnn/Unpaired/a4396.png,340,512,0.8240322814593302,0.7490073609145088,0.3286925359503729,0.7782472622622953,0.8542406336506967,0.7022538908738941,0.13798682391643524
a4398,/mnt/data_disk/HDRData/1000hdr/HDRtest/a4398-Duggan_050709_1062.exr,/mnt/data_disk/ZQL/TIP_TMO_result/dnn/Unpaired/a4398.png,341,512,0.8378006547989089,0.7945747162412733,0.33100769526547175,0.4841364019349737,0.8940140847819324,0.074258719088015,0.16140565276145935
a4399,/mnt/data_disk/HDRData/1000hdr/HDRtest/a4399-Duggan_080410_5879.exr,/mnt/data_disk/ZQL/TIP_TMO_result/dnn/Unpaired/a4399.png,341,512,0.9267733739124597,0.8266038337895883,0.8067067421946248,0.6627437204017528,0.8388751422886604,0.4866122985148451,0.1331966668367386
a4409,/mnt/data_disk/HDRData/1000hdr/HDRtest/a4409-Duggan_090503_8738.exr,/mnt/data_disk/ZQL/TIP_TMO_result/dnn/Unpaired/a4409.png,341,512,0.9670139362030873,0.9036407131537736,0.9392625137652592,0.9393149464316012,0.8864425514147538,0.9921873414484486,0.1808728277683258
a4419,/mnt/data_disk/HDRData/1000hdr/HDRtest/a4419-_DGW0269.exr,/mnt/data_disk/ZQL/TIP_TMO_result/dnn/Unpaired/a4419.png,341,512,0.8721971743275494,0.7792414610912795,0.5469200890208125,0.48008205669321197,0.8632669029041055,0.09689721048231843,0.1792326271533966
a4420,/mnt/data_disk/HDRData/1000hdr/HDRtest/a4420-DSC_0054.exr,/mnt/data_disk/ZQL/TIP_TMO_result/dnn/Unpaired/a4420.png,343,512,0.7735106318623199,0.6894608977814576,0.17634035134307766,0.40791152420752425,0.8158230484150475,1.0376720208820798e-15,0.19896069169044495
a4421,/mnt/data_disk/HDRData/1000hdr/HDRtest/a4421-Duggan_090214_5129.exr,/mnt/data_disk/ZQL/TIP_TMO_result/dnn/Unpaired/a4421.png,341,512,0.8449089762998053,0.9435151900400887,0.1749132494302933,0.3862045241795411,0.7724083447788974,7.035801848191199e-07,0.10425005853176117
a4425,/mnt/data_disk/HDRData/1000hdr/HDRtest/a4425-DSC_0007.exr,/mnt/data_disk/ZQL/TIP_TMO_result/dnn/Unpaired/a4425.png,343,512,0.8303660050905758,0.809011168823091,0.2732310955604967,0.5148014949861284,0.7918441986793546,0.23775879129290217,0.1604311764240265
a4430,/mnt/data_disk/HDRData/1000hdr/HDRtest/a4430-09-05-19-at-19h04m03s-_MG_9559.exr,/mnt/data_disk/ZQL/TIP_TMO_result/dnn/Unpaired/a4430.png,341,512,0.8618877894393876,0.5971970555556507,0.8496335880982239,0.33920297517580555,0.6620464930850628,0.0163594572665483,0.13842709362506866
a4431,/mnt/data_disk/HDRData/1000hdr/HDRtest/a4431-Duggan_090330_6282.exr,/mnt/data_disk/ZQL/TIP_TMO_result/dnn/Unpaired/a4431.png,341,512,0.9557517333189706,0.882330961435625,0.9002314629554882,0.914332614403688,0.85943210777437,0.969233121033006,0.17130844295024872
a4432,/mnt/data_disk/HDRData/1000hdr/HDRtest/a4432-Duggan_081114_3124.exr,/mnt/data_disk/ZQL/TIP_TMO_result/dnn/Unpaired/a4432.png,341,512,0.8712891058879852,0.7060726198744643,0.6763725551673074,0.8597834622757492,0.7731203335871444,0.946446590964354,0.17152433097362518
a4433,/mnt/data_disk/HDRData/1000hdr/HDRtest/a4433-Duggan_090504_8957.exr,/mnt/data_disk/ZQL/TIP_TMO_result/dnn/Unpaired/a4433.png,341,512,0.7972050093536609,0.8974156320616236,0.04476521088286169,0.4139159133400969,0.8278318266801937,8.589554622616531e-17,0.1493622064590454
a4434,/mnt/data_disk/HDRData/1000hdr/HDRtest/a4434-20090414_at_23h05m38__MG_1365.exr,/mnt/data_disk/ZQL/TIP_TMO_result/dnn/Unpaired/a4434.png,341,512,0.7055930511005294,0.5438011019842391,0.10442244077756775,0.29517832785343723,0.5903566555808053,1.2606910156520466e-10,0.07426811009645462
a4435,/mnt/data_disk/HDRData/1000hdr/HDRtest/a4435-WP_CRW_0591.exr,/mnt/data_disk/ZQL/TIP_TMO_result/dnn/Unpaired/a4435.png,341,512,0.8098915136394619,0.7913092804588763,0.20130909551724713,0.6660452920115894,0.8818500394983625,0.4502405445248163,0.2197362780570984
a4436,/mnt/data_disk/HDRData/1000hdr/HDRtest/a4436-DSC_0153.exr,/mnt/data_disk/ZQL/TIP_TMO_result/dnn/Unpaired/a4436.png,343,512,0.9436120161568047,0.8671237428338388,0.8452146346282388,0.9676553611204869,0.9440700766675637,0.9912406455734101,0.13886700570583344
a4442,/mnt/data_disk/HDRData/1000hdr/HDRtest/a4442-Duggan_080629_9284.exr,/mnt/data_disk/ZQL/TIP_TMO_result/dnn/Unpaired/a4442.png,341,512,0.8932028761683708,0.7670827293826037,0.6985857253429335,0.485400144903065,0.8853990969094758,0.0854011928966542,0.17388135194778442
a4447,/mnt/data_disk/HDRData/1000hdr/HDRtest/a4447-Duggan_090321_5856.exr,/mnt/data_disk/ZQL/TIP_TMO_result/dnn/Unpaired/a4447.png,341,512,0.8588651734426678,0.7273086861671073,0.5594967399009045,0.8726930840781246,0.9027086149263432,0.842677553229906,0.22267113626003265
a4448,/mnt/data_disk/HDRData/1000hdr/HDRtest/a4448-Duggan_080119_4778.exr,/mnt/data_disk/ZQL/TIP_TMO_result/dnn/Unpaired/a4448.png,341,512,0.871563495361081,0.8940967327873133,0.364518866950195,0.4810049907303242,0.9521343240587853,0.009875657401863122,0.11731093376874924
a4449,/mnt/data_disk/HDRData/1000hdr/HDRtest/a4449-DSC_0030.exr,/mnt/data_disk/ZQL/TIP_TMO_result/dnn/Unpaired/a4449.png,343,512,0.8375181500141043,0.6930654143370041,0.4962114260554146,0.43051767162429905,0.8607913932087031,0.000243950039894939,0.16425864398479462
a4452,/mnt/data_disk/HDRData/1000hdr/HDRtest/a4452-DSC_0084.exr,/mnt/data_disk/ZQL/TIP_TMO_result/dnn/Unpaired/a4452.png,340,512,0.8259347647472961,0.766941406800891,0.31135430961063537,0.6471169528937598,0.8760812594909825,0.4181526462965372,0.20961996912956238
a4455,/mnt/data_disk/HDRData/1000hdr/HDRtest/a4455-Duggan_080106_4325.exr,/mnt/data_disk/ZQL/TIP_TMO_result/dnn/Unpaired/a4455.png,341,512,0.8765744471748739,0.8234749929035562,0.49864972871495966,0.7794871904875318,0.8751017169932256,0.6838726639818381,0.2520102262496948
a4456,/mnt/data_disk/HDRData/1000hdr/HDRtest/a4456-DSC_0472.exr,/mnt/data_disk/ZQL/TIP_TMO_result/dnn/Unpaired/a4456.png,343,512,0.773636028876323,0.7647472386770698,0.08725258721291873,0.484431278702136,0.8747529113895764,0.09410964601469557,0.16477586328983307
a4457,/mnt/data_disk/HDRData/1000hdr/HDRtest/a4457-_DSC0012-5.exr,/mnt/data_disk/ZQL/TIP_TMO_result/dnn/Unpaired/a4457.png,340,512,0.8125718553399083,0.8041977149751076,0.19687253195269436,0.9351039014578187,0.8961386975979765,0.974069105317661,0.11164720356464386
a4465,/mnt/data_disk/HDRData/1000hdr/HDRtest/a4465-DSC_0051.exr,/mnt/data_disk/ZQL/TIP_TMO_result/dnn/Unpaired/a4465.png,340,512,0.8753415821930894,0.8420566971176369,0.4620624573091804,0.7067245493324075,0.8736632725964377,0.5397858260683773,0.12434964627027512
a4466,/mnt/data_disk/HDRData/1000hdr/HDRtest/a4466-20090327_at_11h08m58__MG_0964.exr,/mnt/data_disk/ZQL/TIP_TMO_result/dnn/Unpaired/a4466.png,341,512,0.9580012750156705,0.8437048518340173,0.9888207466729342,0.6399294632035799,0.9138203005547905,0.36603862585236924,0.24882037937641144
a4467,/mnt/data_disk/HDRData/1000hdr/HDRtest/a4467-Duggan_090426_7873.exr,/mnt/data_disk/ZQL/TIP_TMO_result/dnn/Unpaired/a4467.png,341,512,0.9436033524707341,0.8197096792896298,0.9345083382172175,0.4384071046373244,0.8737792842172429,0.003034925057405889,0.22515913844108582
a4470,/mnt/data_disk/HDRData/1000hdr/HDRtest/a4470-Duggan_090123_4566.exr,/mnt/data_disk/ZQL/TIP_TMO_result/dnn/Unpaired/a4470.png,341,512,0.9173432676720514,0.8511605005056732,0.700842413874309,0.8002152648579599,0.9057044489559025,0.6947260807600172,0.19785499572753906
a4471,/mnt/data_disk/HDRData/1000hdr/HDRtest/a4471-Duggan_090321_5859.exr,/mnt/data_disk/ZQL/TIP_TMO_result/dnn/Unpaired/a4471.png,341,512,0.8942185194183266,0.8057562712001779,0.6346487266216086,0.4356668011313274,0.8708604168909485,0.00047318537170630716,0.21562807261943817
a4472,/mnt/data_disk/HDRData/1000hdr/HDRtest/a4472-Duggan_090504_9026.exr,/mnt/data_disk/ZQL/TIP_TMO_result/dnn/Unpaired/a4472.png,341,512,0.9586926753243675,0.8697728177480828,0.9439034516527608,0.911668596741595,0.9115336342659952,0.9118035592171948,0.27868929505348206
a4474,/mnt/data_disk/HDRData/1000hdr/HDRtest/a4474-09-05-19-at-18h56m31s-_MG_9553.exr,/mnt/data_disk/ZQL/TIP_TMO_result/dnn/Unpaired/a4474.png,341,512,0.8994060961192587,0.7820692315725477,0.7103440198447665,0.49234389173080834,0.8870220744029879,0.09766570905862884,0.12192420661449432
a4476,/mnt/data_disk/HDRData/1000hdr/HDRtest/a4476-IMG_4029.exr,/mnt/data_disk/ZQL/TIP_TMO_result/dnn/Unpaired/a4476.png,341,512,0.8938660918436412,0.699252984558285,0.8379339438188218,0.7986992663509611,0.7979529484307898,0.7994455842711324,0.13686327636241913
a4477,/mnt/data_disk/HDRData/1000hdr/HDRtest/a4477-20090327_at_06h09m52__MG_0855.exr,/mnt/data_disk/ZQL/TIP_TMO_result/dnn/Unpaired/a4477.png,341,512,0.9052214134240125,0.7693285266586322,0.7722936409677021,0.507219827107265,0.8472535914220155,0.1671860627925144,0.20596815645694733
a4479,/mnt/data_disk/HDRData/1000hdr/HDRtest/a4479-09-05-19-at-18h39m42s-_MG_9545.exr,/mnt/data_disk/ZQL/TIP_TMO_result/dnn/Unpaired/a4479.png,341,512,0.7665261582906783,0.7763228134170085,0.05302438482842875,0.7359801444408043,0.8428637879218651,0.6290965009597435,0.21290543675422668
a4480,/mnt/data_disk/HDRData/1000hdr/HDRtest/a4480-Duggan_090201_4896.exr,/mnt/data_disk/ZQL/TIP_TMO_result/dnn/Unpaired/a4480.png,341,512,0.8065778997006093,0.6966798368186171,0.32129244735394247,0.3946111177807879,0.7891961038782391,2.6131683336611062e-05,0.2350701093673706
a4487,/mnt/data_disk/HDRData/1000hdr/HDRtest/a4487-Duggan_090322_5971.exr,/mnt/data_disk/ZQL/TIP_TMO_result/dnn/Unpaired/a4487.png,341,512,0.8216052200960672,0.7221932501429216,0.3581925604150042,0.5399331414914659,0.8845565869971859,0.19530969598574588,0.1802297830581665
