id,hdr_path,ldr_path,height,width,tmqi_q,tmqi_s,tmqi_n,tmqi2_q,tmqi2_s,tmqi2_n,nlpd
a2808,/mnt/data_disk/HDRData/1000hdr/HDRtest/a2808-20080516_072208__MG_0018.exr,/mnt/data_disk/ZQL/TIP_TMO_result/tradition/WardHistAdj/a2808.png,341,512,0.9156313509227721,0.835184532102861,0.718039901144463,0.6997622272653536,0.8780599954114782,0.5214644591192291,0.20524536073207855
a2824,/mnt/data_disk/HDRData/1000hdr/HDRtest/a2824-dvf_035.exr,/mnt/data_disk/ZQL/TIP_TMO_result/tradition/WardHistAdj/a2824.png,341,512,0.891064776566263,0.7853346536953381,0.6514322409531764,0.7884501529125161,0.8055853690499704,0.7713149367750618,0.13047422468662262
a2854,/mnt/data_disk/HDRData/1000hdr/HDRtest/a2854-NKIM_MG_7374.exr,/mnt/data_disk/ZQL/TIP_TMO_result/tradition/WardHistAdj/a2854.png,341,512,0.939371320006242,0.9170720850157111,0.7298047926398723,0.7977981267198672,0.8336777153817334,0.7619185380580009,0.2891896069049835
a2861,/mnt/data_disk/HDRData/1000hdr/HDRtest/a2861-IMG_4397.exr,/mnt/data_disk/ZQL/TIP_TMO_result/tradition/WardHistAdj/a2861.png,341,512,nan,nan,0.5039557873619394,0.30974211093550275,0.6183290435966418,0.0011551782743637118,0.19248279929161072
a2862,/mnt/data_disk/HDRData/1000hdr/HDRtest/a2862-_DSC0055.exr,/mnt/data_disk/ZQL/TIP_TMO_result/tradition/WardHistAdj/a2862.png,340,512,0.8863635220308428,0.801787417343539,0.5932309965949326,0.8027830108487997,0.863566568248813,0.7419994534487865,0.21268050372600555
a2876,/mnt/data_disk/HDRData/1000hdr/HDRtest/a2876-jn_20080130_Las_Vegas_0082.exr,/mnt/data_disk/ZQL/TIP_TMO_result/tradition/WardHistAdj/a2876.png,341,512,0.8284592318381906,0.5134300494996178,0.8319591958721514,0.6276567632742976,0.727443662726243,0.5278698638223523,0.23180489242076874
a2883,/mnt/data_disk/HDRData/1000hdr/HDRtest/a2883-_DSC0008-2.exr,/mnt/data_disk/ZQL/TIP_TMO_result/tradition/WardHistAdj/a2883.png,340,512,0.9023152298417872,0.9112512306359624,0.5107417720270744,0.8285578665468464,0.8671024335406832,0.7900132995530096,0.08426298946142197
a2913,/mnt/data_disk/HDRData/1000hdr/HDRtest/a2913-IMG_0138.exr,/mnt/data_disk/ZQL/TIP_TMO_result/tradition/WardHistAdj/a2913.png,341,512,0.8874480633683794,0.7860624860809903,0.6275900571044436,0.8675196031652621,0.8928694942787835,0.8421697120517407,0.22141724824905396
a2933,/mnt/data_disk/HDRData/1000hdr/HDRtest/a2933-_I2E7313.exr,/mnt/data_disk/ZQL/TIP_TMO_result/tradition/WardHistAdj/a2933.png,341,512,0.7676727545810738,0.34002116108727565,0.9440918119947812,0.3259449321211877,0.6471608467411729,0.0047290175012024895,0.2391657829284668
a2956,/mnt/data_disk/HDRData/1000hdr/HDRtest/a2956-KE_-0035.exr,/mnt/data_disk/ZQL/TIP_TMO_result/tradition/WardHistAdj/a2956.png,340,512,0.9586321919616305,0.8718269713641429,0.9396325705341643,0.6970491918506748,0.9207282867153431,0.47337009698600657,0.19495826959609985
a2986,/mnt/data_disk/HDRData/1000hdr/HDRtest/a2986-_DGW6325.exr,/mnt/data_disk/ZQL/TIP_TMO_result/tradition/WardHistAdj/a2986.png,341,512,0.7461578446146957,0.7699091080608734,0.007668320750528221,0.9070129975220221,0.8542968561747393,0.959729138869305,0.23033609986305237
a3267,/mnt/data_disk/HDRData/1000hdr/HDRtest/a3267-WP_CRW_0087.exr,/mnt/data_disk/ZQL/TIP_TMO_result/tradition/WardHistAdj/a3267.png,341,512,0.936841263134121,0.8212053207158121,0.8849341768523588,0.9058798583080765,0.8813382711171532,0.9304214454989996,0.2139158993959427
a3285,/mnt/data_disk/HDRData/1000hdr/HDRtest/a3285-CRW_0291.exr,/mnt/data_disk/ZQL/TIP_TMO_result/tradition/WardHistAdj/a3285.png,341,512,0.9040804963650163,0.7964890067692203,0.7137240695802478,0.9290523794663785,0.8993416833913681,0.9587630755413888,0.3406235873699188
a3288,/mnt/data_disk/HDRData/1000hdr/HDRtest/a3288-KE_-0049.exr,/mnt/data_disk/ZQL/TIP_TMO_result/tradition/WardHistAdj/a3288.png,340,512,0.8548334352356921,0.7555514570524763,0.48596850811882825,0.9204596572307345,0.8432297173006575,0.9976895971608115,0.17655083537101746
a3306,/mnt/data_disk/HDRData/1000hdr/HDRtest/a3306-IMG_4969.exr,/mnt/data_disk/ZQL/TIP_TMO_result/tradition/WardHistAdj/a3306.png,341,512,0.8706519779477138,0.759013776730254,0.5731749603841644,0.878776840350136,0.8527175757797775,0.9048361049204946,0.2085648626089096
a3312,/mnt/data_disk/HDRData/1000hdr/HDRtest/a3312-IMG_1063.exr,/mnt/data_disk/ZQL/TIP_TMO_result/tradition/WardHistAdj/a3312.png,341,512,0.9236473935134378,0.7461115280374291,0.9438943138662671,0.40052876063918696,0.8004030272534282,0.0006544940249457369,0.2114713490009308
a3315,/mnt/data_disk/HDRData/1000hdr/HDRtest/a3315-MB_20030906_022.exr,/mnt/data_disk/ZQL/TIP_TMO_result/tradition/WardHistAdj/a3315.png,341,512,0.8721719977403795,0.7977726442721507,0.5152828024642857,0.8227478330026851,0.8331679042059306,0.8123277617994396,0.3085598349571228
a3316,/mnt/data_disk/HDRData/1000hdr/HDRtest/a3316-20051225_163230__MG_1390.exr,/mnt/data_disk/ZQL/TIP_TMO_result/tradition/WardHistAdj/a3316.png,341,512,0.9422913094254954,0.9163387106287595,0.7500227898430939,0.6123587510986871,0.9141293965853036,0.3105881056120707,0.13493481278419495
a3318,/mnt/data_disk/HDRData/1000hdr/HDRtest/a3318-JI2E5722.exr,/mnt/data_disk/ZQL/TIP_TMO_result/tradition/WardHistAdj/a3318.png,341,512,0.9131823644626046,0.8936661932493702,0.6033262393783225,0.6054419598367118,0.8105746821458167,0.40030923752760694,0.14231839776039124
a3321,/mnt/data_disk/HDRData/1000hdr/HDRtest/a3321-DSC_0054.exr,/mnt/data_disk/ZQL/TIP_TMO_result/tradition/WardHistAdj/a3321.png,340,512,0.9517500505486313,0.9453224215364772,0.7632632207427001,0.5419333522015803,0.814565146370273,0.26930155803288763,0.08488359302282333
a3325,/mnt/data_disk/HDRData/1000hdr/HDRtest/a3325-050819_154342__MG_5227.exr,/mnt/data_disk/ZQL/TIP_TMO_result/tradition/WardHistAdj/a3325.png,341,512,0.9057470586229058,0.8660969012419657,0.6028325135354629,0.9153505033794078,0.9044367379505871,0.9262642688082285,0.08859370648860931
a3337,/mnt/data_disk/HDRData/1000hdr/HDRtest/a3337-dgw_112.exr,/mnt/data_disk/ZQL/TIP_TMO_result/tradition/WardHistAdj/a3337.png,341,512,0.8157282236923913,0.7699291883913604,0.2568672791464227,0.6859498187968365,0.8338471980883796,0.5380524395052932,0.346152663230896
a3339,/mnt/data_disk/HDRData/1000hdr/HDRtest/a3339-_MG_7202.exr,/mnt/data_disk/ZQL/TIP_TMO_result/tradition/WardHistAdj/a3339.png,341,512,0.9407409712970611,0.7816891498321326,0.990429550393072,0.39380011726273617,0.7839774629229559,0.0036227716025164242,0.22053863108158112
a3341,/mnt/data_disk/HDRData/1000hdr/HDRtest/a3341-jmac_DSC2590.exr,/mnt/data_disk/ZQL/TIP_TMO_result/tradition/WardHistAdj/a3341.png,340,512,0.9255157922687873,0.759008227358465,0.9301969615182689,0.8938740880422588,0.8186679257958227,0.9690802502886948,0.1251939982175827
a3344,/mnt/data_disk/HDRData/1000hdr/HDRtest/a3344-NKIM_MG_6348.exr,/mnt/data_disk/ZQL/TIP_TMO_result/tradition/WardHistAdj/a3344.png,341,512,0.9681760794700132,0.9520030985810213,0.861673188685649,0.6820573321955582,0.8274211249498632,0.5366935394412532,0.06410811841487885
a3345,/mnt/data_disk/HDRData/1000hdr/HDRtest/a3345-20080514_105211__MG_9917.exr,/mnt/data_disk/ZQL/TIP_TMO_result/tradition/WardHistAdj/a3345.png,341,512,0.9396769116112655,0.8638350502448024,0.8246928645426935,0.7742846246834225,0.8760291598742243,0.6725400894926207,0.18360984325408936
a3351,/mnt/data_disk/HDRData/1000hdr/HDRtest/a3351-KE_-1722.exr,/mnt/data_disk/ZQL/TIP_TMO_result/tradition/WardHistAdj/a3351.png,340,512,0.9174267978999353,0.8220550466935925,0.753390945070889,0.8788068145335158,0.7749724505390089,0.9826411785280228,0.13301882147789001
a3356,/mnt/data_disk/HDRData/1000hdr/HDRtest/a3356-_DSC9981.exr,/mnt/data_disk/ZQL/TIP_TMO_result/tradition/WardHistAdj/a3356.png,341,512,0.9361855060584559,0.7907579413366217,0.9400581713504026,0.39056511878202727,0.7788359511707519,0.002294286393302662,0.1996425837278366
a3360,/mnt/data_disk/HDRData/1000hdr/HDRtest/a3360-IMG_0017.exr,/mnt/data_disk/ZQL/TIP_TMO_result/tradition/WardHistAdj/a3360.png,341,512,0.805304929639906,0.7955310666016543,0.17600449947815475,0.9158845149343582,0.8938865357122503,0.9378824941564662,0.1756279021501541
a3365,/mnt/data_disk/HDRData/1000hdr/HDRtest/a3365-jn_20071207_Xmas_House_0124.exr,/mnt/data_disk/ZQL/TIP_TMO_result/tradition/WardHistAdj/a3365.png,341,512,0.9188835574514297,0.7457979905866632,0.9114695382677449,0.9063631256831615,0.8157673003947423,0.9969589509715807,0.12433735281229019
a3366,/mnt/data_disk/HDRData/1000hdr/HDRtest/a3366-Ja_Pe-6.exr,/mnt/data_disk/ZQL/TIP_TMO_result/tradition/WardHistAdj/a3366.png,288,512,0.8708740921653171,0.7540412084038652,0.5834337634067733,0.9358674143074321,0.8807768026645719,0.9909580259502925,0.23362036049365997
a3369,/mnt/data_disk/HDRData/1000hdr/HDRtest/a3369-IMG_0004.exr,/mnt/data_disk/ZQL/TIP_TMO_result/tradition/WardHistAdj/a3369.png,341,512,0.7876077814002985,0.7807732867257476,0.12133942362072943,0.9253903371307515,0.8534603777136358,0.997320296547867,0.25768280029296875
a3371,/mnt/data_disk/HDRData/1000hdr/HDRtest/a3371-07-12-01-at-11h32m58s-_MG_8498.exr,/mnt/data_disk/ZQL/TIP_TMO_result/tradition/WardHistAdj/a3371.png,341,512,0.9321344334795165,0.8619079200938864,0.7779785874675879,0.49088608107794357,0.8669454623811991,0.11482669977468803,0.2348359078168869
a3382,/mnt/data_disk/HDRData/1000hdr/HDRtest/a3382-IMG_4032.exr,/mnt/data_disk/ZQL/TIP_TMO_result/tradition/WardHistAdj/a3382.png,341,512,0.9611144981316652,0.8515862150888609,0.9955863215978873,0.8637937901945003,0.855960950249544,0.8716266301394567,0.15782766044139862
a3388,/mnt/data_disk/HDRData/1000hdr/HDRtest/a3388-jmac_DSC2214.exr,/mnt/data_disk/ZQL/TIP_TMO_result/tradition/WardHistAdj/a3388.png,340,512,0.9603800720399986,0.882780308711447,0.931419320544811,0.864891358336692,0.860224808912674,0.8695579077607097,0.14655746519565582
a3390,/mnt/data_disk/HDRData/1000hdr/HDRtest/a3390-dgw_070.exr,/mnt/data_disk/ZQL/TIP_TMO_result/tradition/WardHistAdj/a3390.png,341,512,0.8536228705079568,0.6825727682163187,0.6122272098616064,0.7157176627583919,0.8412581781869192,0.5901771473298646,0.26010528206825256
a3391,/mnt/data_disk/HDRData/1000hdr/HDRtest/a3391-050904_125814__I2E8654.exr,/mnt/data_disk/ZQL/TIP_TMO_result/tradition/WardHistAdj/a3391.png,341,512,0.900072797748579,0.6682579974758204,0.9481944308296999,0.868934982633873,0.7604748499197965,0.9773951153479497,0.23242953419685364
a3393,/mnt/data_disk/HDRData/1000hdr/HDRtest/a3393-_DSC0057.exr,/mnt/data_disk/ZQL/TIP_TMO_result/tradition/WardHistAdj/a3393.png,340,512,0.769984963404443,0.8272049350934038,0.023126641963054216,0.9411029316256612,0.885755757313669,0.9964501059376534,0.1444774568080902
a3394,/mnt/data_disk/HDRData/1000hdr/HDRtest/a3394-_DGW6419.exr,/mnt/data_disk/ZQL/TIP_TMO_result/tradition/WardHistAdj/a3394.png,341,512,0.9146064057284448,0.7187629646485626,0.938647098239442,0.4047165110480062,0.8090383475353762,0.00039467456063624356,0.38242191076278687
a3400,/mnt/data_disk/HDRData/1000hdr/HDRtest/a3400-07-11-04-at-17h36m14s-_MG_4004.exr,/mnt/data_disk/ZQL/TIP_TMO_result/tradition/WardHistAdj/a3400.png,341,512,0.9032490466581082,0.7384979526584662,0.8200101041645236,0.3906220738977128,0.7775989061589005,0.0036452416365250987,0.20681080222129822
a3401,/mnt/data_disk/HDRData/1000hdr/HDRtest/a3401-20061111_122429__E6B5415.exr,/mnt/data_disk/ZQL/TIP_TMO_result/tradition/WardHistAdj/a3401.png,341,512,0.7907644379462465,0.8919746358683864,0.031092845659041076,0.7472922086056447,0.9247204556705063,0.5698639615407831,0.1008719727396965
a3402,/mnt/data_disk/HDRData/1000hdr/HDRtest/a3402-jmac_DSC3153.exr,/mnt/data_disk/ZQL/TIP_TMO_result/tradition/WardHistAdj/a3402.png,340,512,0.8584980311839828,0.837652489360248,0.3760161305493955,0.9149874411517711,0.897884123735101,0.9320907585684414,0.15716782212257385
a3413,/mnt/data_disk/HDRData/1000hdr/HDRtest/a3413-20041217_193556__E6B0485.exr,/mnt/data_disk/ZQL/TIP_TMO_result/tradition/WardHistAdj/a3413.png,341,512,0.8294495292833127,0.700617535977447,0.4368984328268414,0.8464600542903836,0.7122207399563973,0.9806993686243699,0.19039571285247803
a3414,/mnt/data_disk/HDRData/1000hdr/HDRtest/a3414-DSC_0002.exr,/mnt/data_disk/ZQL/TIP_TMO_result/tradition/WardHistAdj/a3414.png,340,512,0.9414871302678033,0.838279292719322,0.8842594405844884,0.9128850445920994,0.8679892340644143,0.9577808551197845,0.18085037171840668
a3415,/mnt/data_disk/HDRData/1000hdr/HDRtest/a3415-jmac_DSC6092.exr,/mnt/data_disk/ZQL/TIP_TMO_result/tradition/WardHistAdj/a3415.png,340,512,0.9502673960444213,0.8975725048224927,0.8354207987969873,0.7481383981104125,0.78742809091145,0.7088487053093749,0.13947351276874542
a3416,/mnt/data_disk/HDRData/1000hdr/HDRtest/a3416-IMG_4746.exr,/mnt/data_disk/ZQL/TIP_TMO_result/tradition/WardHistAdj/a3416.png,341,512,0.8199968384243593,0.7286250655955284,0.33954551236262487,0.9034211602591875,0.8278067607017897,0.9790355598165854,0.2059839963912964
a3418,/mnt/data_disk/HDRData/1000hdr/HDRtest/a3418-2004-02-07 16-53-50 CRW_3754.exr,/mnt/data_disk/ZQL/TIP_TMO_result/tradition/WardHistAdj/a3418.png,341,512,0.9342410443470943,0.8230495548390868,0.8636694100863513,0.5675336410630671,0.8637731246278743,0.27129415749826,0.10008472949266434
a3422,/mnt/data_disk/HDRData/1000hdr/HDRtest/a3422-WP_CRW_0302.exr,/mnt/data_disk/ZQL/TIP_TMO_result/tradition/WardHistAdj/a3422.png,341,512,0.9642360113361992,0.8972660012470386,0.931574903706869,0.8781617473198612,0.8977189055100763,0.8586045891296461,0.1660313457250595
a3424,/mnt/data_disk/HDRData/1000hdr/HDRtest/a3424-CRW_0163.exr,/mnt/data_disk/ZQL/TIP_TMO_result/tradition/WardHistAdj/a3424.png,341,512,0.9350224165030906,0.8088177376514364,0.8963683443699941,0.8922581497980778,0.8463247812334674,0.9381915183626882,0.2604999840259552
a3431,/mnt/data_disk/HDRData/1000hdr/HDRtest/a3431-_DSC0103-3.exr,/mnt/data_disk/ZQL/TIP_TMO_result/tradition/WardHistAdj/a3431.png,340,512,0.81812418942389,0.7800832866966448,0.25418338272682933,0.8374586653517574,0.8749851186835355,0.7999322120199793,0.13350868225097656
a3432,/mnt/data_disk/HDRData/1000hdr/HDRtest/a3432-jmac_DSC3184.exr,/mnt/data_disk/ZQL/TIP_TMO_result/tradition/WardHistAdj/a3432.png,340,512,0.9209317883356947,0.8123082552648287,0.7945032294098917,0.7603884659832574,0.897397866421313,0.6233790655452016,0.12015895545482635
a3433,/mnt/data_disk/HDRData/1000hdr/HDRtest/a3433-NKIM_MG_8213.exr,/mnt/data_disk/ZQL/TIP_TMO_result/tradition/WardHistAdj/a3433.png,341,512,0.929053174954326,0.8623102952223897,0.757018276937501,0.8707628289296956,0.8835991637997198,0.8579264940596714,0.2439626008272171
a3439,/mnt/data_disk/HDRData/1000hdr/HDRtest/a3439-IMG_3798.exr,/mnt/data_disk/ZQL/TIP_TMO_result/tradition/WardHistAdj/a3439.png,341,512,0.8442854769426396,0.772018464680352,0.39983226605086253,0.49900086401082017,0.9672630276800895,0.03073870034155079,0.12047822028398514
a3441,/mnt/data_disk/HDRData/1000hdr/HDRtest/a3441-dgw_064.exr,/mnt/data_disk/ZQL/TIP_TMO_result/tradition/WardHistAdj/a3441.png,341,512,0.8605870539642314,0.75960129794734,0.5123706590454646,0.45745788145175953,0.8974142999205201,0.01750146298299898,0.2680858373641968
a3444,/mnt/data_disk/HDRData/1000hdr/HDRtest/a3444-WP_CRW_6313.exr,/mnt/data_disk/ZQL/TIP_TMO_result/tradition/WardHistAdj/a3444.png,341,512,0.9358039045406061,0.7993150018588454,0.920385777409893,0.575825434924554,0.7705575171558797,0.38109335269322825,0.1641850620508194
a3446,/mnt/data_disk/HDRData/1000hdr/HDRtest/a3446-050730_134124__MG_3716.exr,/mnt/data_disk/ZQL/TIP_TMO_result/tradition/WardHistAdj/a3446.png,341,512,0.9545819527580162,0.9160358302503995,0.8319973228635322,0.6786180493137618,0.8234042513686188,0.5338318472589048,0.20162910223007202
a3448,/mnt/data_disk/HDRData/1000hdr/HDRtest/a3448-IMG_0113.exr,/mnt/data_disk/ZQL/TIP_TMO_result/tradition/WardHistAdj/a3448.png,341,512,0.8809446076609415,0.7233441609209764,0.7039638849906567,0.9116773267623217,0.8730748069758492,0.9502798465487944,0.2233068346977234
a3449,/mnt/data_disk/HDRData/1000hdr/HDRtest/a3449-jmac_DSC2669.exr,/mnt/data_disk/ZQL/TIP_TMO_result/tradition/WardHistAdj/a3449.png,340,512,0.9557288625701857,0.9249720025822461,0.8241833037289502,0.8885723730889106,0.933455909537058,0.8436888366407632,0.11726949363946915
a3451,/mnt/data_disk/HDRData/1000hdr/HDRtest/a3451-IMG_1088.exr,/mnt/data_disk/ZQL/TIP_TMO_result/tradition/WardHistAdj/a3451.png,341,512,0.9423060268081962,0.7948737249641037,0.9746741046066927,0.8393059192861387,0.84525821918702,0.8333536193852573,0.2837041914463043
a3452,/mnt/data_disk/HDRData/1000hdr/HDRtest/a3452-IMG_1205.exr,/mnt/data_disk/ZQL/TIP_TMO_result/tradition/WardHistAdj/a3452.png,341,512,0.8906374635615437,0.9778948163432527,0.3521623655048598,0.3658335032042796,0.6724506807616201,0.0592163256469391,0.0636003315448761
a3456,/mnt/data_disk/HDRData/1000hdr/HDRtest/a3456-DSC_0006-1-2.exr,/mnt/data_disk/ZQL/TIP_TMO_result/tradition/WardHistAdj/a3456.png,340,512,0.9015941097912061,0.8598037517086403,0.5878744095073536,0.5200709217533046,0.854592348315277,0.18554949519133218,0.14369989931583405
a3457,/mnt/data_disk/HDRData/1000hdr/HDRtest/a3457-NKIM_025.exr,/mnt/data_disk/ZQL/TIP_TMO_result/tradition/WardHistAdj/a3457.png,341,512,0.9351032670345985,0.893383830894935,0.7423167813828042,0.8758180926115109,0.9138045125449674,0.8378316726780543,0.16860705614089966
a3460,/mnt/data_disk/HDRData/1000hdr/HDRtest/a3460-20080514_105637__MG_9928.exr,/mnt/data_disk/ZQL/TIP_TMO_result/tradition/WardHistAdj/a3460.png,341,512,0.9031148009698482,0.7928448980498509,0.7142243437765411,0.926564319100927,0.8788738016850384,0.9742548365168154,0.18088173866271973
a3462,/mnt/data_disk/HDRData/1000hdr/HDRtest/a3462-dgw_051.exr,/mnt/data_disk/ZQL/TIP_TMO_result/tradition/WardHistAdj/a3462.png,341,512,0.9395840043595655,0.7844820900585885,0.97655257718579,0.8447237927016712,0.8184381953031479,0.8710093901001945,0.28161635994911194
a3464,/mnt/data_disk/HDRData/1000hdr/HDRtest/a3464-tc_DSC2199.exr,/mnt/data_disk/ZQL/TIP_TMO_result/tradition/WardHistAdj/a3464.png,340,512,0.9223906691828682,0.7203028331795542,0.989988803729627,0.915749522948536,0.847026748475673,0.984472297421399,0.1543368548154831
a3465,/mnt/data_disk/HDRData/1000hdr/HDRtest/a3465-20060619_114622__MG_9153.exr,/mnt/data_disk/ZQL/TIP_TMO_result/tradition/WardHistAdj/a3465.png,341,512,0.9183571100320478,0.881371728072043,0.6556320454823603,0.6704450404837365,0.849167776647248,0.4917223043202252,0.1720430701971054
a3466,/mnt/data_disk/HDRData/1000hdr/HDRtest/a3466-IMG_3941.exr,/mnt/data_disk/ZQL/TIP_TMO_result/tradition/WardHistAdj/a3466.png,341,512,0.9561382310582686,0.8766657274429939,0.9133240818807448,0.8931471436393941,0.9214004676887176,0.8648938195900706,0.16473524272441864
a3468,/mnt/data_disk/HDRData/1000hdr/HDRtest/a3468-IMG_4793.exr,/mnt/data_disk/ZQL/TIP_TMO_result/tradition/WardHistAdj/a3468.png,341,512,0.8494854584521921,0.8736153259410366,0.2797464768040807,0.8962546144688021,0.9079436890934749,0.8845655398441292,0.11265864223241806
a3470,/mnt/data_disk/HDRData/1000hdr/HDRtest/a3470-IMG_0835.exr,/mnt/data_disk/ZQL/TIP_TMO_result/tradition/WardHistAdj/a3470.png,341,512,0.8726275625380313,0.7440056947631127,0.612440067716712,0.9203399883316578,0.8465749878331604,0.9941049888301551,0.24418196082115173
a3474,/mnt/data_disk/HDRData/1000hdr/HDRtest/a3474-jmac_MG_1125.exr,/mnt/data_disk/ZQL/TIP_TMO_result/tradition/WardHistAdj/a3474.png,341,512,0.9514716002787714,0.8921467292405645,0.8532193657649341,0.751140117855053,0.9047717518363437,0.5975084838737622,0.12853890657424927
a3477,/mnt/data_disk/HDRData/1000hdr/HDRtest/a3477-_DSC0048.exr,/mnt/data_disk/ZQL/TIP_TMO_result/tradition/WardHistAdj/a3477.png,340,512,0.8178092351493403,0.7592802105282206,0.2821181035782258,0.9255842362210185,0.859497836661139,0.9916706357808979,0.18330752849578857
a3483,/mnt/data_disk/HDRData/1000hdr/HDRtest/a3483-_DSC0023-1.exr,/mnt/data_disk/ZQL/TIP_TMO_result/tradition/WardHistAdj/a3483.png,340,512,0.9421164610286084,0.8795259123200719,0.8128185489886209,0.5340590721628057,0.8957758823177105,0.1723422620079008,0.0944661796092987
a3486,/mnt/data_disk/HDRData/1000hdr/HDRtest/a3486-jmac_DSC3897.exr,/mnt/data_disk/ZQL/TIP_TMO_result/tradition/WardHistAdj/a3486.png,343,512,0.7812099301241575,0.6543942097271623,0.26276615226402295,0.9189460139131491,0.847125828989418,0.9907661988368801,0.23274557292461395
a3491,/mnt/data_disk/HDRData/1000hdr/HDRtest/a3491-DSC_0091.exr,/mnt/data_disk/ZQL/TIP_TMO_result/tradition/WardHistAdj/a3491.png,340,512,0.9621768258745647,0.8725400797533764,0.9630864346166607,0.8261772152482264,0.8860542590444915,0.7663001714519613,0.15986424684524536
a3493,/mnt/data_disk/HDRData/1000hdr/HDRtest/a3493-IMG_0279.exr,/mnt/data_disk/ZQL/TIP_TMO_result/tradition/WardHistAdj/a3493.png,341,512,0.9214895129846379,0.7376926254647546,0.9464827883720318,0.4113395484661411,0.8191645060129361,0.0035145909193461315,0.23091167211532593
a3499,/mnt/data_disk/HDRData/1000hdr/HDRtest/a3499-jn_2007_12_11__BU_CRUISE_019.exr,/mnt/data_disk/ZQL/TIP_TMO_result/tradition/WardHistAdj/a3499.png,341,512,0.9151865492795501,0.7371985982247021,0.9037895547982291,0.910105261201095,0.8467679841830998,0.9734425382190902,0.1324874460697174
a3503,/mnt/data_disk/HDRData/1000hdr/HDRtest/a3503-050731_155906__I2E5378.exr,/mnt/data_disk/ZQL/TIP_TMO_result/tradition/WardHistAdj/a3503.png,341,512,0.9299539636122307,0.8888338470272009,0.7167690612971814,0.5666727366909272,0.8081765800898182,0.3251688932920363,0.17791250348091125
a3504,/mnt/data_disk/HDRData/1000hdr/HDRtest/a3504-IMG_0903.exr,/mnt/data_disk/ZQL/TIP_TMO_result/tradition/WardHistAdj/a3504.png,341,512,0.8347364109401444,0.860180149475333,0.22684021668272433,0.9048513405191461,0.9134286960489407,0.8962739849893515,0.16226233541965485
a3505,/mnt/data_disk/HDRData/1000hdr/HDRtest/a3505-CRW_0288.exr,/mnt/data_disk/ZQL/TIP_TMO_result/tradition/WardHistAdj/a3505.png,341,512,0.9010118012880649,0.9106786927170766,0.5040184112776043,0.46603742196600084,0.8624871791746874,0.0695876647573143,0.22380700707435608
a3508,/mnt/data_disk/HDRData/1000hdr/HDRtest/a3508-NKIM_095.exr,/mnt/data_disk/ZQL/TIP_TMO_result/tradition/WardHistAdj/a3508.png,341,512,0.8672396542663039,0.7446279137468071,0.5784255026414394,0.907643093538238,0.8751526137788506,0.9401335732976254,0.3086566627025604
a3509,/mnt/data_disk/HDRData/1000hdr/HDRtest/a3509-_DGW6337.exr,/mnt/data_disk/ZQL/TIP_TMO_result/tradition/WardHistAdj/a3509.png,341,512,0.9362668072087336,0.8448282537704083,0.8365611358184254,0.9044795175341382,0.882769953345073,0.9261890817232034,0.3568487763404846
a3510,/mnt/data_disk/HDRData/1000hdr/HDRtest/a3510-JI2E4365.exr,/mnt/data_disk/ZQL/TIP_TMO_result/tradition/WardHistAdj/a3510.png,341,512,0.9547437163840048,0.8360587953019671,0.9806900549617313,0.6730544186303946,0.8414641084032333,0.5046447288575558,0.27223098278045654
a3511,/mnt/data_disk/HDRData/1000hdr/HDRtest/a3511-jmac_MG_0542.exr,/mnt/data_disk/ZQL/TIP_TMO_result/tradition/WardHistAdj/a3511.png,341,512,0.8494258537528535,0.8452936580702803,0.31777720574408624,0.9328416256093215,0.8673710370754858,0.9983122141431571,0.12437722086906433
a3512,/mnt/data_disk/HDRData/1000hdr/HDRtest/a3512-LSstone_060805_9380.exr,/mnt/data_disk/ZQL/TIP_TMO_result/tradition/WardHistAdj/a3512.png,341,512,0.9394581176175274,0.7939969336711499,0.9564325239834001,0.8715267848610108,0.8458436657966213,0.8972099039254002,0.17245107889175415
a3521,/mnt/data_disk/HDRData/1000hdr/HDRtest/a3521-JI2E5091.exr,/mnt/data_disk/ZQL/TIP_TMO_result/tradition/WardHistAdj/a3521.png,341,512,0.9455495141623039,0.7987801115016474,0.989690317419856,0.9000316165374624,0.8461009855352459,0.953962247539679,0.1491890251636505
a3522,/mnt/data_disk/HDRData/1000hdr/HDRtest/a3522-IMG_4772.exr,/mnt/data_disk/ZQL/TIP_TMO_result/tradition/WardHistAdj/a3522.png,341,512,0.9597561616102676,0.8805804186869906,0.9311558455202178,0.9234967897651367,0.8830971635208551,0.9638964160094184,0.12596824765205383
a3525,/mnt/data_disk/HDRData/1000hdr/HDRtest/a3525-IMG_0713.exr,/mnt/data_disk/ZQL/TIP_TMO_result/tradition/WardHistAdj/a3525.png,341,512,0.933603194769699,0.9659954444460758,0.6146753526329257,0.5060105320749491,0.9205252254557031,0.09149583869419502,0.14395882189273834
a3529,/mnt/data_disk/HDRData/1000hdr/HDRtest/a3529-WP_CRW_0659.exr,/mnt/data_disk/ZQL/TIP_TMO_result/tradition/WardHistAdj/a3529.png,341,512,0.9328647345419938,0.8207788940192535,0.8586333984406096,0.7788723872637697,0.8374304920654456,0.7203142824620937,0.1798257827758789
a3531,/mnt/data_disk/HDRData/1000hdr/HDRtest/a3531-07-06-30-at-04h02m08s-_MG_1936.exr,/mnt/data_disk/ZQL/TIP_TMO_result/tradition/WardHistAdj/a3531.png,341,512,0.9067740454335135,0.6996161575770137,0.9254496334020184,0.414986453004248,0.8054702617250498,0.024502644283446274,0.22663739323616028
a3540,/mnt/data_disk/HDRData/1000hdr/HDRtest/a3540-07-12-02-at-14h05m14s-_MG_8949.exr,/mnt/data_disk/ZQL/TIP_TMO_result/tradition/WardHistAdj/a3540.png,341,512,0.9503223430522162,0.8141049840816603,0.9927290227774593,0.8899691979631689,0.783505245958845,0.9964331499674928,0.22500380873680115
a3541,/mnt/data_disk/HDRData/1000hdr/HDRtest/a3541-IMG_4107.exr,/mnt/data_disk/ZQL/TIP_TMO_result/tradition/WardHistAdj/a3541.png,341,512,0.9537858649993014,0.8514811634194003,0.9442413093561569,0.7963445193812588,0.828003216935606,0.7646858218269116,0.11667510122060776
a3545,/mnt/data_disk/HDRData/1000hdr/HDRtest/a3545-jmac_DSC0491.exr,/mnt/data_disk/ZQL/TIP_TMO_result/tradition/WardHistAdj/a3545.png,340,512,0.943027483207568,0.874624022268028,0.8277004021555486,0.7550638287332132,0.8449061198340313,0.665221537632395,0.08548256009817123
a3548,/mnt/data_disk/HDRData/1000hdr/HDRtest/a3548-CRW_0993.exr,/mnt/data_disk/ZQL/TIP_TMO_result/tradition/WardHistAdj/a3548.png,341,512,0.9113926857040365,0.8289522682080084,0.7019163029535724,0.8682229950003519,0.9189122001057408,0.8175337898949631,0.14234158396720886
a3549,/mnt/data_disk/HDRData/1000hdr/HDRtest/a3549-KE_-2455.exr,/mnt/data_disk/ZQL/TIP_TMO_result/tradition/WardHistAdj/a3549.png,340,512,0.9364823649567131,0.9252735570064854,0.6975894567631853,0.6627709108824137,0.844089846106627,0.48145197565820036,0.12772688269615173
a3557,/mnt/data_disk/HDRData/1000hdr/HDRtest/a3557-IMG_1507.exr,/mnt/data_disk/ZQL/TIP_TMO_result/tradition/WardHistAdj/a3557.png,341,512,0.9566263936134469,0.9456388220248114,0.7949124399241991,0.8185380004246308,0.8761636976464554,0.760912303202806,0.09422958642244339
a3563,/mnt/data_disk/HDRData/1000hdr/HDRtest/a3563-07-11-30-at-15h55m08s-_MG_8326.exr,/mnt/data_disk/ZQL/TIP_TMO_result/tradition/WardHistAdj/a3563.png,341,512,0.9406988814998425,0.8105180943575194,0.9322920683495997,0.47436368832742715,0.8571383082398107,0.09158906841504352,0.21823567152023315
a3571,/mnt/data_disk/HDRData/1000hdr/HDRtest/a3571-IMG_0290.exr,/mnt/data_disk/ZQL/TIP_TMO_result/tradition/WardHistAdj/a3571.png,341,512,0.939812607903963,0.833837159461614,0.8812024828156301,0.5517739687292027,0.8333797181293173,0.270168219329088,0.07811892032623291
a3575,/mnt/data_disk/HDRData/1000hdr/HDRtest/a3575-IMG_0834.exr,/mnt/data_disk/ZQL/TIP_TMO_result/tradition/WardHistAdj/a3575.png,341,512,0.9205031565507581,0.7475396460598008,0.9190690551618413,0.8597431976186238,0.8246347184270183,0.8948516768102293,0.23176789283752441
a3576,/mnt/data_disk/HDRData/1000hdr/HDRtest/a3576-LS051026_day_15_LL003.exr,/mnt/data_disk/ZQL/TIP_TMO_result/tradition/WardHistAdj/a3576.png,341,512,0.7924278466459006,0.8609015983950143,0.059674674864567165,0.7903920761709669,0.9025244761055419,0.6782596762363917,0.1587991565465927
a3585,/mnt/data_disk/HDRData/1000hdr/HDRtest/a3585-IMG_4211.exr,/mnt/data_disk/ZQL/TIP_TMO_result/tradition/WardHistAdj/a3585.png,341,512,0.8524338298205787,0.6733668992098535,0.6230502675738735,0.828412168698168,0.6795675062256853,0.9772568311706509,0.14607615768909454
a3586,/mnt/data_disk/HDRData/1000hdr/HDRtest/a3586-IMG_4591.exr,/mnt/data_disk/ZQL/TIP_TMO_result/tradition/WardHistAdj/a3586.png,341,512,0.9447848619058048,0.8975356933120588,0.7988009999519835,0.8827766715112997,0.8349537731135982,0.9305995699090011,0.1836080253124237
a3588,/mnt/data_disk/HDRData/1000hdr/HDRtest/a3588-CRW_0983.exr,/mnt/data_disk/ZQL/TIP_TMO_result/tradition/WardHistAdj/a3588.png,341,512,0.902106444256061,0.8037752262056381,0.6878069020885725,0.8286534946341046,0.9185126848591477,0.7387943044090616,0.19926615059375763
a3591,/mnt/data_disk/HDRData/1000hdr/HDRtest/a3591-07-11-30-at-16h19m33s-_MG_8384.exr,/mnt/data_disk/ZQL/TIP_TMO_result/tradition/WardHistAdj/a3591.png,341,512,0.9472472512937349,0.8445934804515405,0.9119267949457008,0.4900963936969715,0.8447607692216343,0.13543201817230865,0.221958190202713
a3593,/mnt/data_disk/HDRData/1000hdr/HDRtest/a3593-_DSC5689.exr,/mnt/data_disk/ZQL/TIP_TMO_result/tradition/WardHistAdj/a3593.png,341,512,0.8619717918045458,0.6946013556571546,0.6403644706784564,0.7983167509625195,0.8646089072529118,0.7320245946721273,0.302011102437973
a3600,/mnt/data_disk/HDRData/1000hdr/HDRtest/a3600-JI2E3496.exr,/mnt/data_disk/ZQL/TIP_TMO_result/tradition/WardHistAdj/a3600.png,341,512,0.9451922011364418,0.8156438006739567,0.9535614946309362,0.7756749386357804,0.8173146184418177,0.7340352588297431,0.21153269708156586
a3602,/mnt/data_disk/HDRData/1000hdr/HDRtest/a3602-_DSC9759.exr,/mnt/data_disk/ZQL/TIP_TMO_result/tradition/WardHistAdj/a3602.png,341,512,0.9595106331850813,0.9179387825440561,0.8619879275831329,0.8276801283025967,0.8041671755424082,0.8511930810627852,0.12617523968219757
a3605,/mnt/data_disk/HDRData/1000hdr/HDRtest/a3605-IMG_2772.exr,/mnt/data_disk/ZQL/TIP_TMO_result/tradition/WardHistAdj/a3605.png,341,512,0.877484863954603,0.825217923462523,0.5011080777679744,0.7991001097094894,0.9069865081518792,0.6912137112670995,0.10922981053590775
a3608,/mnt/data_disk/HDRData/1000hdr/HDRtest/a3608-NKIM_MG_7004.exr,/mnt/data_disk/ZQL/TIP_TMO_result/tradition/WardHistAdj/a3608.png,341,512,0.9460081908561251,0.8741267949385987,0.8486918502735672,0.7020587559456382,0.9102030083038511,0.4939145035874252,0.1425807625055313
a3609,/mnt/data_disk/HDRData/1000hdr/HDRtest/a3609-IMG_1702.exr,/mnt/data_disk/ZQL/TIP_TMO_result/tradition/WardHistAdj/a3609.png,341,512,0.9044981573077794,0.9008386197532611,0.5395947993514828,0.6630226028494866,0.8687928193778008,0.4572523863211724,0.1507830023765564
a3613,/mnt/data_disk/HDRData/1000hdr/HDRtest/a3613-_DSC3264.exr,/mnt/data_disk/ZQL/TIP_TMO_result/tradition/WardHistAdj/a3613.png,341,512,0.9341005799838531,0.7577066240847677,0.9931287726652214,0.37989404080301054,0.7582593440057117,0.0015287376003093726,0.24399103224277496
a3623,/mnt/data_disk/HDRData/1000hdr/HDRtest/a3623-20051220_201437__MG_9239.exr,/mnt/data_disk/ZQL/TIP_TMO_result/tradition/WardHistAdj/a3623.png,341,512,0.8541594339830957,0.7706861313453874,0.45671625904571445,0.9175631139829112,0.8502709939560545,0.984855234009768,0.2826184928417206
a3624,/mnt/data_disk/HDRData/1000hdr/HDRtest/a3624-DSC_0070.exr,/mnt/data_disk/ZQL/TIP_TMO_result/tradition/WardHistAdj/a3624.png,340,512,0.9368391883852836,0.9106264452844961,0.7242594758556239,0.8437930471346984,0.9129552476357548,0.7746308466336421,0.13185268640518188
a3628,/mnt/data_disk/HDRData/1000hdr/HDRtest/a3628-_DSC9996.exr,/mnt/data_disk/ZQL/TIP_TMO_result/tradition/WardHistAdj/a3628.png,341,512,0.8979968945267703,0.7179977544474148,0.8266185837865211,0.33471139133277794,0.6694227420919378,4.057361818314476e-08,0.21597978472709656
a3633,/mnt/data_disk/HDRData/1000hdr/HDRtest/a3633-JI2E3892.exr,/mnt/data_disk/ZQL/TIP_TMO_result/tradition/WardHistAdj/a3633.png,341,512,0.8836632689323393,0.773136393284937,0.6273800974074109,0.41264257589686504,0.8204066705657893,0.004878481227940801,0.14899364113807678
a3634,/mnt/data_disk/HDRData/1000hdr/HDRtest/a3634-IMG_4959.exr,/mnt/data_disk/ZQL/TIP_TMO_result/tradition/WardHistAdj/a3634.png,341,512,0.9310916866325947,0.8770131319229723,0.7445122375546789,0.8695364387149165,0.7498405356868443,0.9892323417429886,0.25687259435653687
a3635,/mnt/data_disk/HDRData/1000hdr/HDRtest/a3635-IMG_4031.exr,/mnt/data_disk/ZQL/TIP_TMO_result/tradition/WardHistAdj/a3635.png,341,512,0.9556230905476197,0.834012140037434,0.9909062121081512,0.6295461497634718,0.8462473211314029,0.41284497839554074,0.2629340589046478
a3636,/mnt/data_disk/HDRData/1000hdr/HDRtest/a3636-20041222_195608__E6B6989.exr,/mnt/data_disk/ZQL/TIP_TMO_result/tradition/WardHistAdj/a3636.png,341,512,0.860880495191267,0.6589064082299361,0.7057376293976773,0.8154566622921161,0.675726680905246,0.9551866436789862,0.1422504186630249
a3641,/mnt/data_disk/HDRData/1000hdr/HDRtest/a3641-_DSC4628.exr,/mnt/data_disk/ZQL/TIP_TMO_result/tradition/WardHistAdj/a3641.png,341,512,0.8810130786246095,0.823347842230945,0.5247725980048356,0.9336128064908064,0.9102483256162446,0.9569772873653681,0.2914023995399475
a3644,/mnt/data_disk/HDRData/1000hdr/HDRtest/a3644-jmac_MG_5959.exr,/mnt/data_disk/ZQL/TIP_TMO_result/tradition/WardHistAdj/a3644.png,341,512,0.8660440609537812,0.7899471738391832,0.4926962932550679,0.929194733320401,0.8912537023391227,0.9671357643016794,0.21682041883468628
a3649,/mnt/data_disk/HDRData/1000hdr/HDRtest/a3649-WP_CRW_0691.exr,/mnt/data_disk/ZQL/TIP_TMO_result/tradition/WardHistAdj/a3649.png,341,512,0.9010864247444793,0.9062521510467003,0.5111803062494302,0.5053671551277047,0.8985353001293971,0.11219901012601224,0.10711296647787094
a3654,/mnt/data_disk/HDRData/1000hdr/HDRtest/a3654-IMG_0777.exr,/mnt/data_disk/ZQL/TIP_TMO_result/tradition/WardHistAdj/a3654.png,341,512,0.9521284600621911,0.8724717488773198,0.8934382850823702,0.6224139878178062,0.8793815056606878,0.3654464699749246,0.17513202130794525
a3658,/mnt/data_disk/HDRData/1000hdr/HDRtest/a3658-jmac_MG_0418.exr,/mnt/data_disk/ZQL/TIP_TMO_result/tradition/WardHistAdj/a3658.png,341,512,0.9525645787443006,0.8661049458841751,0.9082315666437876,0.8297389255521181,0.8648790197819329,0.7945988313223035,0.13546039164066315
a3670,/mnt/data_disk/HDRData/1000hdr/HDRtest/a3670-jmac_MG_5917.exr,/mnt/data_disk/ZQL/TIP_TMO_result/tradition/WardHistAdj/a3670.png,341,512,0.9705799868688848,0.9649677424618975,0.8558701992009304,0.6676452893539364,0.8373616015527934,0.49792897715507944,0.07223141193389893
a3673,/mnt/data_disk/HDRData/1000hdr/HDRtest/a3673-_DSC1109.exr,/mnt/data_disk/ZQL/TIP_TMO_result/tradition/WardHistAdj/a3673.png,341,512,0.863920371154511,0.8363436273334054,0.4072538685372928,0.9430197488481334,0.9033405631783527,0.9826989345179142,0.32636114954948425
a3677,/mnt/data_disk/HDRData/1000hdr/HDRtest/a3677-IMG_4696.exr,/mnt/data_disk/ZQL/TIP_TMO_result/tradition/WardHistAdj/a3677.png,341,512,0.8063960318746548,0.8736191526268013,0.09506280358177502,0.7151080255557738,0.8876668818960949,0.5425491692154526,0.13618162274360657
a3686,/mnt/data_disk/HDRData/1000hdr/HDRtest/a3686-jmac_MG_0353.exr,/mnt/data_disk/ZQL/TIP_TMO_result/tradition/WardHistAdj/a3686.png,341,512,0.9476821375563288,0.8229499578439697,0.9566553310745485,0.5260369037713946,0.8795091056601028,0.17256470188268638,0.3238780200481415
a3688,/mnt/data_disk/HDRData/1000hdr/HDRtest/a3688-jmac_MG_1424.exr,/mnt/data_disk/ZQL/TIP_TMO_result/tradition/WardHistAdj/a3688.png,341,512,0.9668269992612424,0.9345644449618498,0.8826993299907676,0.8786125567126088,0.926444738470457,0.8307803749547606,0.17354047298431396
a3689,/mnt/data_disk/HDRData/1000hdr/HDRtest/a3689-JI2E3798.exr,/mnt/data_disk/ZQL/TIP_TMO_result/tradition/WardHistAdj/a3689.png,341,512,0.8807170763893142,0.8055006761644861,0.5527947499079199,0.4300579462400729,0.8414541566723245,0.018661735807821246,0.1099996566772461
a3696,/mnt/data_disk/HDRData/1000hdr/HDRtest/a3696-jmac_DSC1242.exr,/mnt/data_disk/ZQL/TIP_TMO_result/tradition/WardHistAdj/a3696.png,343,512,0.7862742399249125,0.8660224451188928,0.03757064795940248,0.5781403206598794,0.8989529799862208,0.257327661333538,0.1407512128353119
a3697,/mnt/data_disk/HDRData/1000hdr/HDRtest/a3697-07-11-24-at-16h05m35s-_MG_6729.exr,/mnt/data_disk/ZQL/TIP_TMO_result/tradition/WardHistAdj/a3697.png,341,512,0.9346624543998756,0.8655442261970141,0.7881922945750497,0.6971325690277936,0.8663165413208271,0.5279485967347602,0.1880457103252411
a3700,/mnt/data_disk/HDRData/1000hdr/HDRtest/a3700-tc_DSC1892.exr,/mnt/data_disk/ZQL/TIP_TMO_result/tradition/WardHistAdj/a3700.png,340,512,0.9339561758112669,0.836898608115452,0.8357019958120817,0.7953509680665083,0.8723744118058819,0.7183275243271346,0.14652776718139648
a3706,/mnt/data_disk/HDRData/1000hdr/HDRtest/a3706-dgw_065.exr,/mnt/data_disk/ZQL/TIP_TMO_result/tradition/WardHistAdj/a3706.png,341,512,0.8542224251968299,0.7740206308291017,0.4515792538070843,0.9332512812885632,0.8708306764297737,0.9956718861473525,0.3030601739883423
a3707,/mnt/data_disk/HDRData/1000hdr/HDRtest/a3707-NKIM_121.exr,/mnt/data_disk/ZQL/TIP_TMO_result/tradition/WardHistAdj/a3707.png,341,512,0.9153651473312885,0.7380588982769661,0.9032325862681597,0.3877418363202087,0.7599769937719684,0.015506678868448986,0.22283583879470825
a3710,/mnt/data_disk/HDRData/1000hdr/HDRtest/a3710-07-11-20-at-16h52m05s-_MG_5742.exr,/mnt/data_disk/ZQL/TIP_TMO_result/tradition/WardHistAdj/a3710.png,341,512,0.903141791690267,0.8457018150161837,0.6209220526134036,0.7395833859169436,0.8846271040198158,0.5945396678140715,0.08994782716035843
a3712,/mnt/data_disk/HDRData/1000hdr/HDRtest/a3712-IMG_4852.exr,/mnt/data_disk/ZQL/TIP_TMO_result/tradition/WardHistAdj/a3712.png,341,512,0.9664490653294235,0.880687650072658,0.9778118813128479,0.9366784020539219,0.884346788032107,0.9890100160757369,0.12262605875730515
a3715,/mnt/data_disk/HDRData/1000hdr/HDRtest/a3715-_MG_7773.exr,/mnt/data_disk/ZQL/TIP_TMO_result/tradition/WardHistAdj/a3715.png,341,512,0.884911429813559,0.6872438903573876,0.8032744612555437,0.6326292748215714,0.6854629583968368,0.5797955912463059,0.2534809410572052
a3716,/mnt/data_disk/HDRData/1000hdr/HDRtest/a3716-IMG_0301.exr,/mnt/data_disk/ZQL/TIP_TMO_result/tradition/WardHistAdj/a3716.png,341,512,0.9035431578212361,0.8101664460628505,0.6854285692401881,0.4313712504710168,0.7840905573006003,0.0786519436414334,0.11237853020429611
a3719,/mnt/data_disk/HDRData/1000hdr/HDRtest/a3719-07-11-29-at-15h43m28s-_MG_8075.exr,/mnt/data_disk/ZQL/TIP_TMO_result/tradition/WardHistAdj/a3719.png,341,512,0.9402294864122868,0.8305817143032378,0.8902421656746264,0.43671465425963985,0.8730062781062264,0.000423030413053287,0.3555517792701721
a3720,/mnt/data_disk/HDRData/1000hdr/HDRtest/a3720-jmac_MG_0851.exr,/mnt/data_disk/ZQL/TIP_TMO_result/tradition/WardHistAdj/a3720.png,341,512,0.9658589797475323,0.884750168695381,0.9660485044439348,0.8609422046918496,0.9115003370712733,0.8103840723124257,0.1826794147491455
a3721,/mnt/data_disk/HDRData/1000hdr/HDRtest/a3721-KE_-01.exr,/mnt/data_disk/ZQL/TIP_TMO_result/tradition/WardHistAdj/a3721.png,340,512,0.9409128628900256,0.8219201803967424,0.911564257867085,0.44473351388737564,0.8771141914425831,0.012352836332168162,0.24415957927703857
a3724,/mnt/data_disk/HDRData/1000hdr/HDRtest/a3724-20060101_092918__E6B0305.exr,/mnt/data_disk/ZQL/TIP_TMO_result/tradition/WardHistAdj/a3724.png,341,512,0.9328275650855014,0.8912865444098139,0.7311386525001864,0.8661336112508391,0.9333850951065539,0.7988821273951244,0.2683327794075012
a3727,/mnt/data_disk/HDRData/1000hdr/HDRtest/a3727-2004-01-18 11-49-42 CRW_2889.exr,/mnt/data_disk/ZQL/TIP_TMO_result/tradition/WardHistAdj/a3727.png,341,512,0.886856343863003,0.9462552390957291,0.37409547148148253,0.329300745869562,0.652544877404967,0.006056614334156908,0.16061894595623016
a3729,/mnt/data_disk/HDRData/1000hdr/HDRtest/a3729-07-11-24-at-21h39m19s-_MG_6853.exr,/mnt/data_disk/ZQL/TIP_TMO_result/tradition/WardHistAdj/a3729.png,341,512,0.8920249657085024,0.8017730981341273,0.6280566193284518,0.41395736890794826,0.7475943389295374,0.08032039888635908,0.16086193919181824
a3730,/mnt/data_disk/HDRData/1000hdr/HDRtest/a3730-IMG_0113.exr,/mnt/data_disk/ZQL/TIP_TMO_result/tradition/WardHistAdj/a3730.png,341,512,0.9287547630699179,0.7552933619317015,0.9604898761422991,0.6149212154406927,0.8311967451988918,0.39864568568249353,0.27824878692626953
a3732,/mnt/data_disk/HDRData/1000hdr/HDRtest/a3732-_DGW6272.exr,/mnt/data_disk/ZQL/TIP_TMO_result/tradition/WardHistAdj/a3732.png,341,512,0.9605827186305709,0.8927759898715611,0.9144524985312539,0.7254731233107892,0.9282436600744205,0.5227025865471577,0.14077359437942505
a3733,/mnt/data_disk/HDRData/1000hdr/HDRtest/a3733-WP_CRW_4827.exr,/mnt/data_disk/ZQL/TIP_TMO_result/tradition/WardHistAdj/a3733.png,341,512,0.9367562683098064,0.7917151889419262,0.942120867618156,0.793341199888989,0.8119765372379518,0.774705862540026,0.18708790838718414
a3735,/mnt/data_disk/HDRData/1000hdr/HDRtest/a3735-_MG_7825.exr,/mnt/data_disk/ZQL/TIP_TMO_result/tradition/WardHistAdj/a3735.png,341,512,0.7855398834875458,0.8264907638299063,0.06783631856172441,0.9463177896898165,0.8936511572223339,0.9989844221572991,0.18555882573127747
a3737,/mnt/data_disk/HDRData/1000hdr/HDRtest/a3737-dgw_022.exr,/mnt/data_disk/ZQL/TIP_TMO_result/tradition/WardHistAdj/a3737.png,341,512,0.9156583709523582,0.7565357764877711,0.8674201828838709,0.9130813549903234,0.8462623871639808,0.9799003228166661,0.21899700164794922
a3739,/mnt/data_disk/HDRData/1000hdr/HDRtest/a3739-KE_-0068.exr,/mnt/data_disk/ZQL/TIP_TMO_result/tradition/WardHistAdj/a3739.png,340,512,0.7679944680511748,0.8694025541117091,7.221012774583728e-05,0.5547262200036879,0.9481449067730292,0.16130753323434652,0.09643610566854477
a3740,/mnt/data_disk/HDRData/1000hdr/HDRtest/a3740-_DSC1411.exr,/mnt/data_disk/ZQL/TIP_TMO_result/tradition/WardHistAdj/a3740.png,341,512,0.8820913046700941,0.7974549781918602,0.5748027880596602,0.3480441535681559,0.6915360822195463,0.004552224916765482,0.16604284942150116
a3742,/mnt/data_disk/HDRData/1000hdr/HDRtest/a3742-IMG_0206.exr,/mnt/data_disk/ZQL/TIP_TMO_result/tradition/WardHistAdj/a3742.png,341,512,0.8493507722624861,0.6861742728820857,0.5791729383596618,0.6042654824470697,0.8249392530931393,0.38359171180100016,0.2781625986099243
a3743,/mnt/data_disk/HDRData/1000hdr/HDRtest/a3743-DSC_0038.exr,/mnt/data_disk/ZQL/TIP_TMO_result/tradition/WardHistAdj/a3743.png,340,512,0.9276851648195862,0.9267055880067305,0.6397420562861097,0.6610061104671712,0.7183336592878854,0.6036785616464571,0.10890740901231766
a3744,/mnt/data_disk/HDRData/1000hdr/HDRtest/a3744-NKIM_MG_6757.exr,/mnt/data_disk/ZQL/TIP_TMO_result/tradition/WardHistAdj/a3744.png,341,512,0.8554418347610935,0.6243727646810153,0.7447541200220769,0.8427683148840732,0.8181292165341008,0.8674074132340458,0.22903558611869812
a3749,/mnt/data_disk/HDRData/1000hdr/HDRtest/a3749-IMG_4592.exr,/mnt/data_disk/ZQL/TIP_TMO_result/tradition/WardHistAdj/a3749.png,341,512,0.8202496850577583,0.6882455042003305,0.4075895173054224,0.9293345677750153,0.8589779518871212,0.9996911836629093,0.21754620969295502
a3750,/mnt/data_disk/HDRData/1000hdr/HDRtest/a3750-IMG_4253.exr,/mnt/data_disk/ZQL/TIP_TMO_result/tradition/WardHistAdj/a3750.png,341,512,0.8865398433165365,0.6723232749710331,0.8461523723847,0.7045561926105421,0.7374372160803212,0.671675169140763,0.23359864950180054
a3753,/mnt/data_disk/HDRData/1000hdr/HDRtest/a3753-dgw_073.exr,/mnt/data_disk/ZQL/TIP_TMO_result/tradition/WardHistAdj/a3753.png,341,512,0.7670048794853284,0.8123182910650306,0.02599936983963464,0.9466157818961589,0.893994483809039,0.9992370799832789,0.3921529948711395
a3754,/mnt/data_disk/HDRData/1000hdr/HDRtest/a3754-050731_151704__I2E5362.exr,/mnt/data_disk/ZQL/TIP_TMO_result/tradition/WardHistAdj/a3754.png,341,512,0.9438929675570695,0.9335892841309755,0.7315349483639348,0.6777158767102338,0.7492178015661467,0.6062139518543208,0.1149044930934906
a3756,/mnt/data_disk/HDRData/1000hdr/HDRtest/a3756-jmac_MG_5949.exr,/mnt/data_disk/ZQL/TIP_TMO_result/tradition/WardHistAdj/a3756.png,341,512,0.959677714280569,0.9027262884052615,0.8901916212849237,0.7213734653186892,0.8655859177839331,0.5771610128534453,0.11241097748279572
a3760,/mnt/data_disk/HDRData/1000hdr/HDRtest/a3760-IMG_2504.exr,/mnt/data_disk/ZQL/TIP_TMO_result/tradition/WardHistAdj/a3760.png,341,512,0.9583438429824686,0.9546150009599716,0.79124749069843,0.6676467171004725,0.9492972977459943,0.3859961364549507,0.07361029088497162
a3764,/mnt/data_disk/HDRData/1000hdr/HDRtest/a3764-20060618_093109__MG_8792.exr,/mnt/data_disk/ZQL/TIP_TMO_result/tradition/WardHistAdj/a3764.png,341,512,0.7815668601504605,0.8502670576804731,0.0364005681378515,0.8306007666836365,0.8689442602657997,0.7922572731014732,0.15421970188617706
a3766,/mnt/data_disk/HDRData/1000hdr/HDRtest/a3766-20041219_194831__E6B5558.exr,/mnt/data_disk/ZQL/TIP_TMO_result/tradition/WardHistAdj/a3766.png,341,512,0.7246405248234571,0.4533277434593648,0.3528866597504972,0.2336307038106912,0.4672614076190049,2.3774689321006336e-12,0.14225655794143677
a3769,/mnt/data_disk/HDRData/1000hdr/HDRtest/a3769-IMG_3943.exr,/mnt/data_disk/ZQL/TIP_TMO_result/tradition/WardHistAdj/a3769.png,341,512,0.9292823688898677,0.8648374143942625,0.7540504562017772,0.6556450315972069,0.9009000521435887,0.4103900110508251,0.1160227358341217
a3771,/mnt/data_disk/HDRData/1000hdr/HDRtest/a3771-07-06-01-at-13h03m06-s_MG_1256.exr,/mnt/data_disk/ZQL/TIP_TMO_result/tradition/WardHistAdj/a3771.png,341,512,0.9094990549980593,0.8518108902699034,0.6500654371098413,0.8994539541967574,0.8291066210921315,0.9698012873013833,0.23415502905845642
a3772,/mnt/data_disk/HDRData/1000hdr/HDRtest/a3772-dgw_123.exr,/mnt/data_disk/ZQL/TIP_TMO_result/tradition/WardHistAdj/a3772.png,341,512,0.8924471213821671,0.8395482932779762,0.5660430147261687,0.8932911546592086,0.8659609130145669,0.9206213963038504,0.2289973497390747
a3774,/mnt/data_disk/HDRData/1000hdr/HDRtest/a3774-_DSC0017.exr,/mnt/data_disk/ZQL/TIP_TMO_result/tradition/WardHistAdj/a3774.png,340,512,0.9229951960459872,0.8280922284248415,0.778898698419487,0.6246144415742337,0.8930128461410212,0.35621603700744625,0.18231205642223358
a3778,/mnt/data_disk/HDRData/1000hdr/HDRtest/a3778-IMG_4838.exr,/mnt/data_disk/ZQL/TIP_TMO_result/tradition/WardHistAdj/a3778.png,341,512,0.8339662031313675,0.755190883282991,0.37098964782668986,0.48571582142505,0.7781402346729143,0.19329140817718576,0.29151779413223267
a3780,/mnt/data_disk/HDRData/1000hdr/HDRtest/a3780-JI2E3902.exr,/mnt/data_disk/ZQL/TIP_TMO_result/tradition/WardHistAdj/a3780.png,341,512,0.8975012143220846,0.8660858565115723,0.552973961686233,0.4846460715507255,0.9134124674894274,0.05587967561202352,0.13327305018901825
a3781,/mnt/data_disk/HDRData/1000hdr/HDRtest/a3781-2004-06-24 06-45-08 CRW_2040.exr,/mnt/data_disk/ZQL/TIP_TMO_result/tradition/WardHistAdj/a3781.png,341,512,0.8451921124554385,0.8619204058963496,0.2741633624251977,0.852059941325136,0.9157896663094841,0.7883302163407879,0.13180536031723022
a3783,/mnt/data_disk/HDRData/1000hdr/HDRtest/a3783-KE_-0052.exr,/mnt/data_disk/ZQL/TIP_TMO_result/tradition/WardHistAdj/a3783.png,340,512,0.899933896356034,0.7269456275199895,0.8212484912766504,0.9033277161706221,0.8652491083004171,0.941406324040827,0.1728508472442627
a3786,/mnt/data_disk/HDRData/1000hdr/HDRtest/a3786-_I2E8191.exr,/mnt/data_disk/ZQL/TIP_TMO_result/tradition/WardHistAdj/a3786.png,341,512,0.7982653944010659,0.8613320036012357,0.07829013530660302,0.9491808867112914,0.90027263757747,0.9980891358451129,0.1770646870136261
a3796,/mnt/data_disk/HDRData/1000hdr/HDRtest/a3796-NKIM_MG_7319.exr,/mnt/data_disk/ZQL/TIP_TMO_result/tradition/WardHistAdj/a3796.png,341,512,0.93794100305438,0.8210033660371655,0.8928632617797013,0.4304264596478899,0.8249056114231648,0.035947307872615,0.29445141553878784
a3798,/mnt/data_disk/HDRData/1000hdr/HDRtest/a3798-IMG_2539.exr,/mnt/data_disk/ZQL/TIP_TMO_result/tradition/WardHistAdj/a3798.png,341,512,0.856537890446233,0.8433286811566105,0.35734737459843446,0.44498210246459297,0.8851546119433253,0.004809592985860619,0.21447564661502838
a3800,/mnt/data_disk/HDRData/1000hdr/HDRtest/a3800-dgw_090.exr,/mnt/data_disk/ZQL/TIP_TMO_result/tradition/WardHistAdj/a3800.png,341,512,0.9493045763285757,0.8704357543559683,0.8778397284892582,0.9151270341738483,0.8552072991361447,0.975046769211552,0.16123372316360474
a3804,/mnt/data_disk/HDRData/1000hdr/HDRtest/a3804-_DSC3608.exr,/mnt/data_disk/ZQL/TIP_TMO_result/tradition/WardHistAdj/a3804.png,343,512,0.9211844192402783,0.7236355589834902,0.9742715106161294,0.8046581243331087,0.8398359953270547,0.7694802533391627,0.13206571340560913
a3816,/mnt/data_disk/HDRData/1000hdr/HDRtest/a3816-jmac_DSC3118.exr,/mnt/data_disk/ZQL/TIP_TMO_result/tradition/WardHistAdj/a3816.png,340,512,0.8383349782544754,0.9441707919268729,0.14682828604843326,0.5250384803422816,0.9594445135155638,0.09063244716899944,0.11962106078863144
a3820,/mnt/data_disk/HDRData/1000hdr/HDRtest/a3820-dgw_025.exr,/mnt/data_disk/ZQL/TIP_TMO_result/tradition/WardHistAdj/a3820.png,341,512,0.8107134003827596,0.7795952484221804,0.2202635895576865,0.4233271840682737,0.8428241308032188,0.0038302373333285963,0.12032446265220642
a3822,/mnt/data_disk/HDRData/1000hdr/HDRtest/a3822-07-11-21-at-09h53m21s-_MG_5852.exr,/mnt/data_disk/ZQL/TIP_TMO_result/tradition/WardHistAdj/a3822.png,341,512,0.8935537877827073,0.8789578885283567,0.5092920916408408,0.906097224288936,0.8918444510242299,0.9203499975536422,0.16410662233829498
a3827,/mnt/data_disk/HDRData/1000hdr/HDRtest/a3827-JI2E3823.exr,/mnt/data_disk/ZQL/TIP_TMO_result/tradition/WardHistAdj/a3827.png,341,512,0.8872902973770956,0.8683143441595998,0.48952202176902354,0.43950171587425724,0.8511747521018628,0.02782867964665166,0.13577622175216675
a3830,/mnt/data_disk/HDRData/1000hdr/HDRtest/a3830-LS_060715_8670.exr,/mnt/data_disk/ZQL/TIP_TMO_result/tradition/WardHistAdj/a3830.png,341,512,0.833750787447483,0.6724649111101364,0.5124227249064398,0.9041259800926307,0.8398534733448686,0.9683984868403929,0.2301352322101593
a3832,/mnt/data_disk/HDRData/1000hdr/HDRtest/a3832-20060613_091536__MG_7749.exr,/mnt/data_disk/ZQL/TIP_TMO_result/tradition/WardHistAdj/a3832.png,341,512,0.9686806850967093,0.8971942791020111,0.9627543116105269,0.8053817853028138,0.8650119036760194,0.7457516669296083,0.19544659554958344
a3833,/mnt/data_disk/HDRData/1000hdr/HDRtest/a3833-_DSC0003-2.exr,/mnt/data_disk/ZQL/TIP_TMO_result/tradition/WardHistAdj/a3833.png,340,512,0.8794086978825135,0.8231876798769562,0.5156224392682051,0.8403422098396061,0.9010408071785269,0.7796436125006854,0.15485361218452454
a3834,/mnt/data_disk/HDRData/1000hdr/HDRtest/a3834-IMG_0007.exr,/mnt/data_disk/ZQL/TIP_TMO_result/tradition/WardHistAdj/a3834.png,341,512,0.758918536416219,0.6933506363759979,0.11262642231245029,0.9187799134478936,0.8396734348808456,0.9978863920149414,0.22416582703590393
a3846,/mnt/data_disk/HDRData/1000hdr/HDRtest/a3846-IMG_3087.exr,/mnt/data_disk/ZQL/TIP_TMO_result/tradition/WardHistAdj/a3846.png,341,512,0.8758934286588687,0.8828394723991448,0.4037901881485955,0.8315774292012424,0.8886808564799611,0.7744740019225238,0.10524376481771469
a3847,/mnt/data_disk/HDRData/1000hdr/HDRtest/a3847-NKIM_MG_6113.exr,/mnt/data_disk/ZQL/TIP_TMO_result/tradition/WardHistAdj/a3847.png,341,512,0.875282473739735,0.6038671677398056,0.9255321994363066,0.5754025163052121,0.7534386235378103,0.3973664090726139,0.20623049139976501
a3848,/mnt/data_disk/HDRData/1000hdr/HDRtest/a3848-DSC_0024.exr,/mnt/data_disk/ZQL/TIP_TMO_result/tradition/WardHistAdj/a3848.png,340,512,0.9580416025815666,0.927516127850736,0.8353265032460256,0.6747287836811297,0.8753178708229202,0.474139696539339,0.07966675609350204
a3851,/mnt/data_disk/HDRData/1000hdr/HDRtest/a3851-IMG_3430.exr,/mnt/data_disk/ZQL/TIP_TMO_result/tradition/WardHistAdj/a3851.png,341,512,0.9595790534927056,0.8449305721797908,0.9976124266132343,0.8413195831531619,0.7729382930195653,0.9097008732867585,0.11045067012310028
a3862,/mnt/data_disk/HDRData/1000hdr/HDRtest/a3862-JI2E0423.exr,/mnt/data_disk/ZQL/TIP_TMO_result/tradition/WardHistAdj/a3862.png,341,512,0.9571855402282453,0.8995191508132641,0.8788880537878867,0.7293547121582165,0.8507309957968155,0.6079784285196173,0.0909421294927597
a3863,/mnt/data_disk/HDRData/1000hdr/HDRtest/a3863-IMG_1159.exr,/mnt/data_disk/ZQL/TIP_TMO_result/tradition/WardHistAdj/a3863.png,341,512,0.8370152403795383,0.7353430603749529,0.41967996313745115,0.9074402924010163,0.8412711762231838,0.9736094085788487,0.2390262633562088
a3864,/mnt/data_disk/HDRData/1000hdr/HDRtest/a3864-_DSC1992.exr,/mnt/data_disk/ZQL/TIP_TMO_result/tradition/WardHistAdj/a3864.png,341,512,0.8599928326685802,0.7223300591756714,0.5754270836656119,0.5755156949296344,0.7811466819254421,0.3698847079338267,0.10753319412469864
a3872,/mnt/data_disk/HDRData/1000hdr/HDRtest/a3872-IMG_4058.exr,/mnt/data_disk/ZQL/TIP_TMO_result/tradition/WardHistAdj/a3872.png,341,512,0.9379431636786799,0.8133133855720336,0.907742836998294,0.7835059516598073,0.8483417576515901,0.7186701456680246,0.22084569931030273
a3877,/mnt/data_disk/HDRData/1000hdr/HDRtest/a3877-KE_-0019.exr,/mnt/data_disk/ZQL/TIP_TMO_result/tradition/WardHistAdj/a3877.png,340,512,0.8689887530220067,0.6178665369850245,0.8494102192086675,0.4169637050097615,0.6134963956893573,0.22043101433016563,0.21417105197906494
a3879,/mnt/data_disk/HDRData/1000hdr/HDRtest/a3879-IMG_0091.exr,/mnt/data_disk/ZQL/TIP_TMO_result/tradition/WardHistAdj/a3879.png,341,512,0.820284881901224,0.8344215077539474,0.19352102304532354,0.8813282370692657,0.9153284354084636,0.8473280387300677,0.17115500569343567
a3890,/mnt/data_disk/HDRData/1000hdr/HDRtest/a3890-IMG_4308.exr,/mnt/data_disk/ZQL/TIP_TMO_result/tradition/WardHistAdj/a3890.png,341,512,0.9230662655217056,0.7409073965369,0.9507375906099842,0.5250482982663026,0.8573833390629958,0.1927132574696095,0.16208674013614655
a3893,/mnt/data_disk/HDRData/1000hdr/HDRtest/a3893-_DGW6301.exr,/mnt/data_disk/ZQL/TIP_TMO_result/tradition/WardHistAdj/a3893.png,341,512,0.9320114674821229,0.8064050513041473,0.8804080803993786,0.4777954785776926,0.8122350954795501,0.14335586167583517,0.26223334670066833
a3899,/mnt/data_disk/HDRData/1000hdr/HDRtest/a3899-jmac_DSC2259.exr,/mnt/data_disk/ZQL/TIP_TMO_result/tradition/WardHistAdj/a3899.png,340,512,0.8886206763145998,0.9112959852773588,0.43262274938056744,0.8902992723109195,0.933969719940112,0.8466288246817271,0.11506390571594238
a3900,/mnt/data_disk/HDRData/1000hdr/HDRtest/a3900-jmac_DSC5843.exr,/mnt/data_disk/ZQL/TIP_TMO_result/tradition/WardHistAdj/a3900.png,340,512,0.9699776922052693,0.9622635452786155,0.8563781222401841,0.8502756680820709,0.8331741326530983,0.8673772035110434,0.14700467884540558
a3902,/mnt/data_disk/HDRData/1000hdr/HDRtest/a3902-jmac_DSC3970.exr,/mnt/data_disk/ZQL/TIP_TMO_result/tradition/WardHistAdj/a3902.png,340,512,0.9614542419187385,0.870420405942637,0.9620101225559844,0.8748561576232907,0.8833591383650968,0.8663531768814845,0.10986008495092392
a3903,/mnt/data_disk/HDRData/1000hdr/HDRtest/a3903-IMG_2386.exr,/mnt/data_disk/ZQL/TIP_TMO_result/tradition/WardHistAdj/a3903.png,341,512,0.8896423292865002,0.7374967551660664,0.7323222631500124,0.6377293529040493,0.827813478734794,0.4476452270733046,0.13569508492946625
a3906,/mnt/data_disk/HDRData/1000hdr/HDRtest/a3906-LS051025_day_3_LL003.exr,/mnt/data_disk/ZQL/TIP_TMO_result/tradition/WardHistAdj/a3906.png,341,512,0.9349813389831761,0.8033268196681034,0.9068051632030517,0.8872236880240125,0.8236096704553455,0.9508377055926797,0.19221612811088562
a3911,/mnt/data_disk/HDRData/1000hdr/HDRtest/a3911-07-07-01-at-10h50m55s-_MG_2028.exr,/mnt/data_disk/ZQL/TIP_TMO_result/tradition/WardHistAdj/a3911.png,341,512,0.8408566579913385,0.6436321282176874,0.6114998353922705,0.8647102009368639,0.8207175061885447,0.9087028956851831,0.21983222663402557
a3913,/mnt/data_disk/HDRData/1000hdr/HDRtest/a3913-IMG_0289.exr,/mnt/data_disk/ZQL/TIP_TMO_result/tradition/WardHistAdj/a3913.png,341,512,0.8742510130534629,0.7028521294591629,0.7016157814879818,0.7877068272109996,0.7365167964916828,0.8388968579303164,0.10291485488414764
a3914,/mnt/data_disk/HDRData/1000hdr/HDRtest/a3914-DSC_0002-1.exr,/mnt/data_disk/ZQL/TIP_TMO_result/tradition/WardHistAdj/a3914.png,340,512,0.9221293739403392,0.7948879669323465,0.8356047654603718,0.6575813711998326,0.8767424537542127,0.43842028864545257,0.1733805537223816
a3919,/mnt/data_disk/HDRData/1000hdr/HDRtest/a3919-KE_-1608.exr,/mnt/data_disk/ZQL/TIP_TMO_result/tradition/WardHistAdj/a3919.png,340,512,0.9059648501994075,0.6736892029485618,0.977270382253272,0.8629074231776965,0.831313762200481,0.894501084154912,0.1943187415599823
a3923,/mnt/data_disk/HDRData/1000hdr/HDRtest/a3923-_DSC0095.exr,/mnt/data_disk/ZQL/TIP_TMO_result/tradition/WardHistAdj/a3923.png,340,512,0.932935055822835,0.8242310872784845,0.8525652032302561,0.6838344033332796,0.7894805852360397,0.5781882214305195,0.1534694880247116
a3924,/mnt/data_disk/HDRData/1000hdr/HDRtest/a3924-_DSC6358.exr,/mnt/data_disk/ZQL/TIP_TMO_result/tradition/WardHistAdj/a3924.png,341,512,0.7234394498240723,0.35444786174478693,0.6052964873780944,0.2997487482532614,0.5994972516063852,2.449001375669751e-07,0.2686995267868042
a3926,/mnt/data_disk/HDRData/1000hdr/HDRtest/a3926-dgw_077.exr,/mnt/data_disk/ZQL/TIP_TMO_result/tradition/WardHistAdj/a3926.png,341,512,0.8949464775451597,0.6542648345837033,0.9441915376727245,0.3554239475194201,0.702474639875589,0.0083732551632512,0.19866244494915009
a3927,/mnt/data_disk/HDRData/1000hdr/HDRtest/a3927-IMG_6048.exr,/mnt/data_disk/ZQL/TIP_TMO_result/tradition/WardHistAdj/a3927.png,341,512,0.8539193838361835,0.8401795289984858,0.3481671265833337,0.8853325209964988,0.7919956809054228,0.9786693610875749,0.18431468307971954
a3930,/mnt/data_disk/HDRData/1000hdr/HDRtest/a3930-IMG_5083.exr,/mnt/data_disk/ZQL/TIP_TMO_result/tradition/WardHistAdj/a3930.png,341,512,0.9358638503337767,0.776072670961706,0.9675336370697838,0.45298201425981,0.8321286797128126,0.07383534880680746,0.2403225153684616
a3931,/mnt/data_disk/HDRData/1000hdr/HDRtest/a3931-_DGW6259.exr,/mnt/data_disk/ZQL/TIP_TMO_result/tradition/WardHistAdj/a3931.png,341,512,0.7885056731755511,0.4134669120589889,0.8440127644285222,0.29761752239484457,0.5952270016071786,8.043182510621686e-06,0.3254706859588623
a3940,/mnt/data_disk/HDRData/1000hdr/HDRtest/a3940-20050602_180025__MG_2820.exr,/mnt/data_disk/ZQL/TIP_TMO_result/tradition/WardHistAdj/a3940.png,341,512,0.7853546390047691,0.8339529235881175,0.06063347366822543,0.7213956709544762,0.9057069104668132,0.5370844314421392,0.16569985449314117
a3943,/mnt/data_disk/HDRData/1000hdr/HDRtest/a3943-_DSC0054.exr,/mnt/data_disk/ZQL/TIP_TMO_result/tradition/WardHistAdj/a3943.png,340,512,0.9024249515771671,0.8369974740921641,0.631316099240868,0.9375715350680521,0.8829940951224267,0.9921489750136776,0.14108304679393768
a3947,/mnt/data_disk/HDRData/1000hdr/HDRtest/a3947-jmac_MG_1444.exr,/mnt/data_disk/ZQL/TIP_TMO_result/tradition/WardHistAdj/a3947.png,341,512,0.9508714208467007,0.9233089563495467,0.7946314405794004,0.4588021154045013,0.7704140120783521,0.14719021873065039,0.15265248715877533
a3948,/mnt/data_disk/HDRData/1000hdr/HDRtest/a3948-_DSC0045.exr,/mnt/data_disk/ZQL/TIP_TMO_result/tradition/WardHistAdj/a3948.png,340,512,0.744598314091431,0.7035658179081472,0.05295056950100326,0.9265611381512273,0.8573941524363371,0.9957281238661176,0.15786901116371155
a3954,/mnt/data_disk/HDRData/1000hdr/HDRtest/a3954-_MG_0841.exr,/mnt/data_disk/ZQL/TIP_TMO_result/tradition/WardHistAdj/a3954.png,341,512,0.9639658322559386,0.9370465126130532,0.8588724488975082,0.8400405518473995,0.9019448988657541,0.7781362048290447,0.2289731651544571
a3958,/mnt/data_disk/HDRData/1000hdr/HDRtest/a3958-_DSC3890.exr,/mnt/data_disk/ZQL/TIP_TMO_result/tradition/WardHistAdj/a3958.png,341,512,0.9151096318882626,0.9156071241086826,0.5800953327533984,0.8961785890309787,0.934586429211543,0.8577707488504144,0.10986968874931335
a3961,/mnt/data_disk/HDRData/1000hdr/HDRtest/a3961-_DSC0049.exr,/mnt/data_disk/ZQL/TIP_TMO_result/tradition/WardHistAdj/a3961.png,340,512,0.8888430984625281,0.8818655272800421,0.4775993997372724,0.8413718634860143,0.719213996497466,0.9635297304745627,0.12167959660291672
a3963,/mnt/data_disk/HDRData/1000hdr/HDRtest/a3963-jmac_DSC3835.exr,/mnt/data_disk/ZQL/TIP_TMO_result/tradition/WardHistAdj/a3963.png,340,512,0.7722546402424951,0.8486968666781844,0.014951446947544567,0.8132053746638279,0.9151652333097041,0.7112455160179518,0.1405259370803833
a3964,/mnt/data_disk/HDRData/1000hdr/HDRtest/a3964-NKIM_MG_6716.exr,/mnt/data_disk/ZQL/TIP_TMO_result/tradition/WardHistAdj/a3964.png,341,512,0.8747890736981095,0.6385082954481914,0.8415684942106492,0.373303933432214,0.7321985857889584,0.014409281075469677,0.2045460045337677
a3970,/mnt/data_disk/HDRData/1000hdr/HDRtest/a3970-WP_Amanda_3rd_bday014.exr,/mnt/data_disk/ZQL/TIP_TMO_result/tradition/WardHistAdj/a3970.png,341,512,0.9112367033610808,0.7787629103598585,0.7938650596999804,0.9097345504863144,0.8713358376976458,0.948133263274983,0.13241249322891235
a3973,/mnt/data_disk/HDRData/1000hdr/HDRtest/a3973-DSC_0068-2.exr,/mnt/data_disk/ZQL/TIP_TMO_result/tradition/WardHistAdj/a3973.png,340,512,0.9360542488242072,0.9091079139337864,0.7217464199202228,0.6707043915722699,0.7994518597336091,0.5419569234109308,0.08733148127794266
a3975,/mnt/data_disk/HDRData/1000hdr/HDRtest/a3975-jmac_MG_5721.exr,/mnt/data_disk/ZQL/TIP_TMO_result/tradition/WardHistAdj/a3975.png,341,512,0.9504346462529261,0.9143789570362483,0.8071024876685337,0.8693575873618509,0.8970501416452549,0.8416650330784468,0.13170592486858368
a3976,/mnt/data_disk/HDRData/1000hdr/HDRtest/a3976-Ja_Pe-10.exr,/mnt/data_disk/ZQL/TIP_TMO_result/tradition/WardHistAdj/a3976.png,288,512,0.9331303742890827,0.8579693318437609,0.7916247922428374,0.8215676715036051,0.923271387334107,0.7198639556731032,0.15982121229171753
a3991,/mnt/data_disk/HDRData/1000hdr/HDRtest/a3991-DSC_0005-2.exr,/mnt/data_disk/ZQL/TIP_TMO_result/tradition/WardHistAdj/a3991.png,340,512,0.9398416729528006,0.8720606242789697,0.8109692099461551,0.8273566116145844,0.8668671890867962,0.7878460341423726,0.1357896625995636
a3992,/mnt/data_disk/HDRData/1000hdr/HDRtest/a3992-KE_-0044.exr,/mnt/data_disk/ZQL/TIP_TMO_result/tradition/WardHistAdj/a3992.png,340,512,0.9163544880268756,0.7452057304464933,0.8952662847191603,0.6831664243635923,0.9202090098509036,0.446123838876281,0.1279529333114624
a3993,/mnt/data_disk/HDRData/1000hdr/HDRtest/a3993-IMG_2812.exr,/mnt/data_disk/ZQL/TIP_TMO_result/tradition/WardHistAdj/a3993.png,341,512,0.83984221342343,0.7462303120825031,0.41722125924148634,0.4402257744091985,0.8532691331268402,0.02718241569155691,0.14465217292308807
a3995,/mnt/data_disk/HDRData/1000hdr/HDRtest/a3995-IMG_0187.exr,/mnt/data_disk/ZQL/TIP_TMO_result/tradition/WardHistAdj/a3995.png,341,512,0.8885381831874721,0.7036609613270648,0.7930992389107375,0.9243418746169767,0.8636421424790879,0.9850416067548656,0.17968153953552246
a4001,/mnt/data_disk/HDRData/1000hdr/HDRtest/a4001-jn_20070824_0168.exr,/mnt/data_disk/ZQL/TIP_TMO_result/tradition/WardHistAdj/a4001.png,341,512,0.9481461299638831,0.8968781097150621,0.82239515252788,0.8626716965728297,0.8835175454067391,0.8418258477389203,0.12675787508487701
a4003,/mnt/data_disk/HDRData/1000hdr/HDRtest/a4003-NKIM_MG_6603.exr,/mnt/data_disk/ZQL/TIP_TMO_result/tradition/WardHistAdj/a4003.png,341,512,0.9717457671477758,0.903123399650845,0.9733575939293577,0.8353727178904855,0.8625494901066341,0.8081959456743368,0.1647149920463562
a4004,/mnt/data_disk/HDRData/1000hdr/HDRtest/a4004-050812_113412__MG_3770.exr,/mnt/data_disk/ZQL/TIP_TMO_result/tradition/WardHistAdj/a4004.png,341,512,0.9358733722982568,0.9231816146204906,0.6971440478216575,0.3702475783468472,0.7287747159043415,0.011720440789352825,0.09251102060079575
a4007,/mnt/data_disk/HDRData/1000hdr/HDRtest/a4007-_MG_7167.exr,/mnt/data_disk/ZQL/TIP_TMO_result/tradition/WardHistAdj/a4007.png,341,512,0.876269702783948,0.8236034258608254,0.4966769624605424,0.854139189882205,0.8765626741216388,0.8317157056427714,0.21446385979652405
a4008,/mnt/data_disk/HDRData/1000hdr/HDRtest/a4008-dgw_019.exr,/mnt/data_disk/ZQL/TIP_TMO_result/tradition/WardHistAdj/a4008.png,341,512,0.927595398923442,0.8707204805992551,0.7327541510778354,0.8013638208590146,0.820095642414657,0.7826319993033721,0.200490802526474
a4009,/mnt/data_disk/HDRData/1000hdr/HDRtest/a4009-jmac_MG_7717.exr,/mnt/data_disk/ZQL/TIP_TMO_result/tradition/WardHistAdj/a4009.png,341,512,0.938706953666365,0.8680856086792881,0.8105282442036368,0.8994434978943646,0.8705121222272199,0.9283748735615095,0.246054008603096
a4013,/mnt/data_disk/HDRData/1000hdr/HDRtest/a4013-_I2E6911.exr,/mnt/data_disk/ZQL/TIP_TMO_result/tradition/WardHistAdj/a4013.png,341,512,0.9365831648901614,0.7950983918576296,0.9341592780847863,0.45919836865715624,0.8466116776022748,0.07178505971203768,0.2989028990268707
a4014,/mnt/data_disk/HDRData/1000hdr/HDRtest/a4014-JI2E4114.exr,/mnt/data_disk/ZQL/TIP_TMO_result/tradition/WardHistAdj/a4014.png,341,512,0.9625444269656666,0.8612020342236654,0.9872055368057049,0.9204020399420441,0.8832327588104629,0.9575713210736253,0.21231821179389954
a4017,/mnt/data_disk/HDRData/1000hdr/HDRtest/a4017-DSC_0023.exr,/mnt/data_disk/ZQL/TIP_TMO_result/tradition/WardHistAdj/a4017.png,340,512,0.8983488369337937,0.8487811257955791,0.5863921507213927,0.7091616958373466,0.895165283662732,0.523158108011961,0.1318470984697342
a4020,/mnt/data_disk/HDRData/1000hdr/HDRtest/a4020-IMG_3763.exr,/mnt/data_disk/ZQL/TIP_TMO_result/tradition/WardHistAdj/a4020.png,341,512,0.7848265954102734,0.7999797833129597,0.09072932457634145,0.8130333482490407,0.9201547323851845,0.7059119641128969,0.11725347489118576
a4025,/mnt/data_disk/HDRData/1000hdr/HDRtest/a4025-IMG_5601.exr,/mnt/data_disk/ZQL/TIP_TMO_result/tradition/WardHistAdj/a4025.png,341,512,0.8977892392581639,0.8032319717212317,0.6614639581095659,0.6247232254077263,0.8338685122138051,0.4155779386016475,0.2017011195421219
a4026,/mnt/data_disk/HDRData/1000hdr/HDRtest/a4026-NKIM_MG_6632.exr,/mnt/data_disk/ZQL/TIP_TMO_result/tradition/WardHistAdj/a4026.png,341,512,0.7909042807595558,0.9542797644077681,0.0006078774633570175,0.6520789061472858,0.9464059650708655,0.35775184722370623,0.08892620354890823
a4027,/mnt/data_disk/HDRData/1000hdr/HDRtest/a4027-IMG_2393.exr,/mnt/data_disk/ZQL/TIP_TMO_result/tradition/WardHistAdj/a4027.png,341,512,0.8059495286577971,0.807444738919277,0.16436683672720964,0.6382096992529182,0.8735766538232824,0.4028427446825538,0.1346268653869629
a4028,/mnt/data_disk/HDRData/1000hdr/HDRtest/a4028-060810_105728__MG_6096.exr,/mnt/data_disk/ZQL/TIP_TMO_result/tradition/WardHistAdj/a4028.png,341,512,0.9103890055227555,0.7846934151053522,0.7768963402741561,0.9266945398308768,0.8712288364018782,0.9821602432598754,0.18667390942573547
a4038,/mnt/data_disk/HDRData/1000hdr/HDRtest/a4038-Ja_Pe-20.exr,/mnt/data_disk/ZQL/TIP_TMO_result/tradition/WardHistAdj/a4038.png,288,512,0.8003062656357838,0.7754298436288951,0.17945484947126483,0.913777284339548,0.8606104809862914,0.9669440876928044,0.19914956390857697
a4040,/mnt/data_disk/HDRData/1000hdr/HDRtest/a4040-IMG_0233.exr,/mnt/data_disk/ZQL/TIP_TMO_result/tradition/WardHistAdj/a4040.png,341,512,0.8370692271467957,0.7380219673769384,0.41552719568278945,0.9233541909627626,0.8499434963291648,0.9967648855963605,0.3039156198501587
a4047,/mnt/data_disk/HDRData/1000hdr/HDRtest/a4047-IMG_1285.exr,/mnt/data_disk/ZQL/TIP_TMO_result/tradition/WardHistAdj/a4047.png,341,512,0.8811076454028386,0.9149435060335316,0.38633246475876054,0.6419672984031035,0.9526891969861401,0.33124539982006707,0.11733292043209076
a4049,/mnt/data_disk/HDRData/1000hdr/HDRtest/a4049-_DSC3858.exr,/mnt/data_disk/ZQL/TIP_TMO_result/tradition/WardHistAdj/a4049.png,341,512,0.8899629609081686,0.7064297769849017,0.7968375269653634,0.8393045447440757,0.8492295865216364,0.8293795029665151,0.29757222533226013
a4051,/mnt/data_disk/HDRData/1000hdr/HDRtest/a4051-_DSC0018-3.exr,/mnt/data_disk/ZQL/TIP_TMO_result/tradition/WardHistAdj/a4051.png,340,512,0.8303159645860122,0.8118479730835728,0.26909962130536885,0.8124413677798162,0.897679355084377,0.7272033804752555,0.1561698466539383
a4052,/mnt/data_disk/HDRData/1000hdr/HDRtest/a4052-20060620_165511__MG_9535.exr,/mnt/data_disk/ZQL/TIP_TMO_result/tradition/WardHistAdj/a4052.png,341,512,0.9399783754743528,0.8409671623520903,0.8688961202161104,0.5170114180792492,0.8767064283829336,0.15731640777556496,0.22664551436901093
a4060,/mnt/data_disk/HDRData/1000hdr/HDRtest/a4060-_DSC5597.exr,/mnt/data_disk/ZQL/TIP_TMO_result/tradition/WardHistAdj/a4060.png,341,512,0.9295294326273402,0.7683013868608215,0.939089321924868,0.7994925701849065,0.8425246405609975,0.7564604998088156,0.24434702098369598
a4064,/mnt/data_disk/HDRData/1000hdr/HDRtest/a4064-07-12-02-at-16h23m18s-_MG_9020.exr,/mnt/data_disk/ZQL/TIP_TMO_result/tradition/WardHistAdj/a4064.png,341,512,0.9630342010885709,0.8948461750568726,0.9276535445215596,0.8528203154311427,0.879611313618492,0.8260293172437935,0.2101164609193802
a4068,/mnt/data_disk/HDRData/1000hdr/HDRtest/a4068-tc_DSC2612.exr,/mnt/data_disk/ZQL/TIP_TMO_result/tradition/WardHistAdj/a4068.png,340,512,0.9251188426838084,0.7862226437717842,0.8727470633127582,0.8240918010017158,0.6938626973400923,0.9543209046633392,0.1904734969139099
a4075,/mnt/data_disk/HDRData/1000hdr/HDRtest/a4075-JI2E0444.exr,/mnt/data_disk/ZQL/TIP_TMO_result/tradition/WardHistAdj/a4075.png,341,512,0.8534391292871404,0.6637031171206216,0.6487131450747193,0.44388024406662746,0.8270539444684676,0.06070654366478738,0.3115886449813843
a4076,/mnt/data_disk/HDRData/1000hdr/HDRtest/a4076-_DGW6244.exr,/mnt/data_disk/ZQL/TIP_TMO_result/tradition/WardHistAdj/a4076.png,341,512,0.859374052136919,0.7219970327005413,0.572306758304747,0.6508668156434866,0.8307554210951019,0.4709782101918712,0.32556504011154175
a4080,/mnt/data_disk/HDRData/1000hdr/HDRtest/a4080-IMG_3765.exr,/mnt/data_disk/ZQL/TIP_TMO_result/tradition/WardHistAdj/a4080.png,341,512,0.8069078954821346,0.7829932941558266,0.19870367438032088,0.9220003873722443,0.8456071110873319,0.9983936636571568,0.19944284856319427
a4085,/mnt/data_disk/HDRData/1000hdr/HDRtest/a4085-_MG_2385.exr,/mnt/data_disk/ZQL/TIP_TMO_result/tradition/WardHistAdj/a4085.png,341,512,0.9534477294250862,0.8583727985442042,0.9288284284791738,0.9110907118046752,0.865260950510413,0.9569204730989375,0.14317728579044342
a4087,/mnt/data_disk/HDRData/1000hdr/HDRtest/a4087-NKIM_MG_6395.exr,/mnt/data_disk/ZQL/TIP_TMO_result/tradition/WardHistAdj/a4087.png,341,512,0.8227599504391275,0.8542061784461301,0.18064407336168667,0.7228467677656307,0.9030348470685614,0.5426586884626999,0.2314489483833313
a4088,/mnt/data_disk/HDRData/1000hdr/HDRtest/a4088-dvf_041.exr,/mnt/data_disk/ZQL/TIP_TMO_result/tradition/WardHistAdj/a4088.png,341,512,0.897384387308239,0.8006878042258827,0.6634722066430566,0.9258541634409305,0.8784662862949919,0.9732420405868691,0.12898415327072144
a4091,/mnt/data_disk/HDRData/1000hdr/HDRtest/a4091-_DSC0041.exr,/mnt/data_disk/ZQL/TIP_TMO_result/tradition/WardHistAdj/a4091.png,340,512,0.839702776500389,0.8024046042073698,0.3292992158853706,0.9222950772298464,0.850148351788123,0.9944418026715697,0.16229037940502167
a4092,/mnt/data_disk/HDRData/1000hdr/HDRtest/a4092-07-12-03-at-09h35m54s-_MG_9192.exr,/mnt/data_disk/ZQL/TIP_TMO_result/tradition/WardHistAdj/a4092.png,341,512,0.8254803920740285,0.8533728851356726,0.19348139260145153,0.9002938922804751,0.9049206222935308,0.8956671622674195,0.26252481341362
a4093,/mnt/data_disk/HDRData/1000hdr/HDRtest/a4093-jn_20071117-031.exr,/mnt/data_disk/ZQL/TIP_TMO_result/tradition/WardHistAdj/a4093.png,341,512,0.8681745801010733,0.7507856086543713,0.5729595391419379,0.8749897541404466,0.8291178122700703,0.9208616960108229,0.300091415643692
a4096,/mnt/data_disk/HDRData/1000hdr/HDRtest/a4096-jmac_MG_0095.exr,/mnt/data_disk/ZQL/TIP_TMO_result/tradition/WardHistAdj/a4096.png,341,512,0.8542623510650758,0.7514270674301318,0.48973676122125426,0.7137482867953437,0.7593135648849819,0.6681830087057056,0.1998577117919922
a4097,/mnt/data_disk/HDRData/1000hdr/HDRtest/a4097-20080623_at_14h52m36__MG_9904.exr,/mnt/data_disk/ZQL/TIP_TMO_result/tradition/WardHistAdj/a4097.png,341,512,0.953200749275156,0.8827816193895104,0.8819025686512496,0.7657593718351481,0.8951798782282527,0.6363388654420433,0.15272192656993866
a4099,/mnt/data_disk/HDRData/1000hdr/HDRtest/a4099-_DSC0014-2.exr,/mnt/data_disk/ZQL/TIP_TMO_result/tradition/WardHistAdj/a4099.png,340,512,0.8913884143334161,0.8610859028401977,0.5247513345358743,0.8474106056296948,0.9336197804558295,0.7612014308035601,0.1308569461107254
a4101,/mnt/data_disk/HDRData/1000hdr/HDRtest/a4101-IMG_5823.exr,/mnt/data_disk/ZQL/TIP_TMO_result/tradition/WardHistAdj/a4101.png,341,512,0.8345925986411065,0.6991515933218878,0.46845600678514254,0.39483104190590196,0.7002005233124892,0.08946156049931477,0.1863023340702057
a4102,/mnt/data_disk/HDRData/1000hdr/HDRtest/a4102-07-06-30-at-11h38m56s-_MG_1997.exr,/mnt/data_disk/ZQL/TIP_TMO_result/tradition/WardHistAdj/a4102.png,341,512,0.9210869062825362,0.8499188305249834,0.7271086690788492,0.914178929919975,0.9106681574914078,0.917689702348542,0.1928832232952118
a4104,/mnt/data_disk/HDRData/1000hdr/HDRtest/a4104-DSC_0260.exr,/mnt/data_disk/ZQL/TIP_TMO_result/tradition/WardHistAdj/a4104.png,340,512,0.9667290066470009,0.8732931480721395,0.9937626673070317,0.8731199274850507,0.7876167584180052,0.9586230965520964,0.09312853217124939
a4105,/mnt/data_disk/HDRData/1000hdr/HDRtest/a4105-07-11-26-at-16h02m57s-_MG_7151.exr,/mnt/data_disk/ZQL/TIP_TMO_result/tradition/WardHistAdj/a4105.png,341,512,0.948993114563051,0.8450089311936797,0.92322117260719,0.40249626679005185,0.8048607340639286,0.00013179951617512008,0.26141178607940674
a4107,/mnt/data_disk/HDRData/1000hdr/HDRtest/a4107-dvf_018.exr,/mnt/data_disk/ZQL/TIP_TMO_result/tradition/WardHistAdj/a4107.png,341,512,0.8325463100294861,0.5508781250654874,0.7649180339843331,0.6007909876702328,0.7718124713052692,0.4297695040351963,0.19614917039871216
a4108,/mnt/data_disk/HDRData/1000hdr/HDRtest/a4108-MB_080329_057.exr,/mnt/data_disk/ZQL/TIP_TMO_result/tradition/WardHistAdj/a4108.png,341,512,0.9637723763929094,0.8880377204615357,0.9453239945336521,0.7147534663354438,0.8416980161807224,0.5878089164901651,0.30891725420951843
a4110,/mnt/data_disk/HDRData/1000hdr/HDRtest/a4110-dgw_069.exr,/mnt/data_disk/ZQL/TIP_TMO_result/tradition/WardHistAdj/a4110.png,341,512,0.8654952190343841,0.7596243341745234,0.5412308631647156,0.9097229366027446,0.8691125959104337,0.9503332772950556,0.2985418736934662
a4113,/mnt/data_disk/HDRData/1000hdr/HDRtest/a4113-IMG_2800.exr,/mnt/data_disk/ZQL/TIP_TMO_result/tradition/WardHistAdj/a4113.png,341,512,0.9274124739684145,0.7817234048724547,0.8973624955059111,0.884165315020385,0.7809085492982129,0.9874220807425572,0.1724090427160263
a4116,/mnt/data_disk/HDRData/1000hdr/HDRtest/a4116-IMG_2042.exr,/mnt/data_disk/ZQL/TIP_TMO_result/tradition/WardHistAdj/a4116.png,341,512,0.8733139165366369,0.790537659769425,0.5341894356997093,0.6585639363540842,0.8927922404643801,0.4243356322437883,0.1326206922531128
a4117,/mnt/data_disk/HDRData/1000hdr/HDRtest/a4117-050918_141526__MG_5987.exr,/mnt/data_disk/ZQL/TIP_TMO_result/tradition/WardHistAdj/a4117.png,341,512,0.84397796939523,0.8373211717023823,0.3013659631609548,0.9493180845647728,0.903532929283746,0.9951032398457997,0.2289382964372635
a4124,/mnt/data_disk/HDRData/1000hdr/HDRtest/a4124-20080709_at_10h04m23__MG_4561.exr,/mnt/data_disk/ZQL/TIP_TMO_result/tradition/WardHistAdj/a4124.png,341,512,0.8557924935407047,0.759900040310027,0.4840828565943988,0.7255305397545989,0.8866823933394525,0.5643786861697453,0.17688849568367004
a4127,/mnt/data_disk/HDRData/1000hdr/HDRtest/a4127-DSC_0152.exr,/mnt/data_disk/ZQL/TIP_TMO_result/tradition/WardHistAdj/a4127.png,340,512,0.8218882264179768,0.9172191703860807,0.10967926477752256,0.7117453686675075,0.9223895622781837,0.5011011750568312,0.10235009342432022
a4131,/mnt/data_disk/HDRData/1000hdr/HDRtest/a4131-DSC_0001-2.exr,/mnt/data_disk/ZQL/TIP_TMO_result/tradition/WardHistAdj/a4131.png,340,512,0.9529532531960418,0.8715548176789855,0.9008018580993794,0.839814737319142,0.832014732681378,0.8476147419569059,0.1195826306939125
a4134,/mnt/data_disk/HDRData/1000hdr/HDRtest/a4134-IMG_0086.exr,/mnt/data_disk/ZQL/TIP_TMO_result/tradition/WardHistAdj/a4134.png,341,512,0.8231795643461122,0.8750343357414688,0.15861643711373402,0.924552084270267,0.9165717759818273,0.9325323925587067,0.11630850285291672
a4142,/mnt/data_disk/HDRData/1000hdr/HDRtest/a4142-_DGW6275.exr,/mnt/data_disk/ZQL/TIP_TMO_result/tradition/WardHistAdj/a4142.png,341,512,0.9387834927518355,0.8834355127199455,0.7837452449152147,0.6460780965329395,0.7778175673016933,0.5143386257641857,0.2205554097890854
a4143,/mnt/data_disk/HDRData/1000hdr/HDRtest/a4143-LSCRW_0029.exr,/mnt/data_disk/ZQL/TIP_TMO_result/tradition/WardHistAdj/a4143.png,384,512,0.964667035197349,0.9152169322251745,0.9020956846881719,0.8315614870408639,0.8096218016511564,0.8535011724305713,0.11655952781438828
a4144,/mnt/data_disk/HDRData/1000hdr/HDRtest/a4144-050623_122602__MG_3246.exr,/mnt/data_disk/ZQL/TIP_TMO_result/tradition/WardHistAdj/a4144.png,341,512,0.8227716160826712,0.9069623686956313,0.12315202326640098,0.5969329578130854,0.8916885610344228,0.30217735459174805,0.12323324382305145
a4150,/mnt/data_disk/HDRData/1000hdr/HDRtest/a4150-_DGW6309.exr,/mnt/data_disk/ZQL/TIP_TMO_result/tradition/WardHistAdj/a4150.png,341,512,0.8720252968849073,0.6897633978826578,0.7136979720400684,0.6405146027164907,0.8298574285297972,0.4511717769031843,0.3253940939903259
a4151,/mnt/data_disk/HDRData/1000hdr/HDRtest/a4151-dvf_026.exr,/mnt/data_disk/ZQL/TIP_TMO_result/tradition/WardHistAdj/a4151.png,341,512,0.8991377313846036,0.693199791057935,0.8866795897154628,0.7549630586798942,0.8197635616780067,0.6901625556817818,0.2697468400001526
a4154,/mnt/data_disk/HDRData/1000hdr/HDRtest/a4154-IMG_4620.exr,/mnt/data_disk/ZQL/TIP_TMO_result/tradition/WardHistAdj/a4154.png,341,512,0.9542363736150798,0.8554180107983204,0.9399018277604877,0.8979891559811799,0.8676015593159402,0.9283767526464196,0.16220057010650635
a4155,/mnt/data_disk/HDRData/1000hdr/HDRtest/a4155-WP_CRW_0237.exr,/mnt/data_disk/ZQL/TIP_TMO_result/tradition/WardHistAdj/a4155.png,341,512,0.878321437578296,0.8529469452460031,0.4620512554877999,0.8492116609696343,0.8455998589832426,0.8528234629560261,0.16278548538684845
a4156,/mnt/data_disk/HDRData/1000hdr/HDRtest/a4156-IMG_0159.exr,/mnt/data_disk/ZQL/TIP_TMO_result/tradition/WardHistAdj/a4156.png,341,512,0.8300015499956687,0.7255142709960227,0.39764518213351563,0.9336239081954626,0.8965018328847763,0.9707459835061489,0.21602106094360352
a4158,/mnt/data_disk/HDRData/1000hdr/HDRtest/a4158-WP_CRW_4109.exr,/mnt/data_disk/ZQL/TIP_TMO_result/tradition/WardHistAdj/a4158.png,341,512,0.9673912072402135,0.8776097387167345,0.9902697387379312,0.8790978661771651,0.7948303344035957,0.9633653979507344,0.12495508044958115
a4160,/mnt/data_disk/HDRData/1000hdr/HDRtest/a4160-jn_20070824_0167.exr,/mnt/data_disk/ZQL/TIP_TMO_result/tradition/WardHistAdj/a4160.png,341,512,0.8038238514817284,0.7759591567856057,0.19409725005448317,0.4707145715412269,0.8233951813176404,0.11803396176481337,0.30895960330963135
a4161,/mnt/data_disk/HDRData/1000hdr/HDRtest/a4161-tc_DSC2218.exr,/mnt/data_disk/ZQL/TIP_TMO_result/tradition/WardHistAdj/a4161.png,340,512,0.8217216767299549,0.9904152393321086,0.04731263835048911,0.4645660991476467,0.9290792722428943,5.2926052399020427e-05,0.17206455767154694
a4167,/mnt/data_disk/HDRData/1000hdr/HDRtest/a4167-IMG_0031.exr,/mnt/data_disk/ZQL/TIP_TMO_result/tradition/WardHistAdj/a4167.png,341,512,0.9459642236408783,0.8251441263703606,0.9403688458718061,0.7406510051858102,0.852490928776553,0.6288110815950673,0.2372319996356964
a4170,/mnt/data_disk/HDRData/1000hdr/HDRtest/a4170-jmac_DSC3333.exr,/mnt/data_disk/ZQL/TIP_TMO_result/tradition/WardHistAdj/a4170.png,343,512,0.8405404412919958,0.7155730833269236,0.4732957642375892,0.9233914347883504,0.8509722443205316,0.9958106252561691,0.18241257965564728
a4174,/mnt/data_disk/HDRData/1000hdr/HDRtest/a4174-dgw_083.exr,/mnt/data_disk/ZQL/TIP_TMO_result/tradition/WardHistAdj/a4174.png,341,512,0.9389167143495913,0.8354962434949424,0.8719482458162736,0.8696929282515877,0.908787623738314,0.8305982327648614,0.32937416434288025
a4177,/mnt/data_disk/HDRData/1000hdr/HDRtest/a4177-jmac_DSC1412.exr,/mnt/data_disk/ZQL/TIP_TMO_result/tradition/WardHistAdj/a4177.png,340,512,0.9820821768420324,0.9493643343961561,0.962338771846394,0.73998797605307,0.9257308814091104,0.5542450706970296,0.10799769312143326
a4178,/mnt/data_disk/HDRData/1000hdr/HDRtest/a4178-IMG_0487.exr,/mnt/data_disk/ZQL/TIP_TMO_result/tradition/WardHistAdj/a4178.png,341,512,0.8626340636251217,0.8997904378777856,0.3105991338563102,0.5247185763940919,0.93221662778359,0.11722052500459379,0.09484773129224777
a4184,/mnt/data_disk/HDRData/1000hdr/HDRtest/a4184-jmac_MG_5507.exr,/mnt/data_disk/ZQL/TIP_TMO_result/tradition/WardHistAdj/a4184.png,341,512,0.9266350350446872,0.7707782601803846,0.9139663630274579,0.6500088348022405,0.8405822416384804,0.4594354279660006,0.2850370407104492
a4185,/mnt/data_disk/HDRData/1000hdr/HDRtest/a4185-DSC_0055-2.exr,/mnt/data_disk/ZQL/TIP_TMO_result/tradition/WardHistAdj/a4185.png,340,512,0.8941471109905081,0.8730591557811974,0.5220005291499238,0.9480726277442412,0.908315704175735,0.9878295513127473,0.1803736388683319
a4188,/mnt/data_disk/HDRData/1000hdr/HDRtest/a4188-_MG_1604.exr,/mnt/data_disk/ZQL/TIP_TMO_result/tradition/WardHistAdj/a4188.png,341,512,0.9002409853887399,0.7178010441616576,0.8421332481418976,0.5120837886760344,0.8065570323565454,0.21761054499552349,0.29082316160202026
a4191,/mnt/data_disk/HDRData/1000hdr/HDRtest/a4191-IMG_4849.exr,/mnt/data_disk/ZQL/TIP_TMO_result/tradition/WardHistAdj/a4191.png,341,512,0.8929634726167948,0.8083008423169299,0.6224000430755611,0.873165272844173,0.875996403899038,0.870334141789308,0.1987469345331192
a4194,/mnt/data_disk/HDRData/1000hdr/HDRtest/a4194-LS051026_day_1_arive50.exr,/mnt/data_disk/ZQL/TIP_TMO_result/tradition/WardHistAdj/a4194.png,341,512,0.8693454647723682,0.7594469336875707,0.5645366670397207,0.9325512154304645,0.8846371269308391,0.98046530393009,0.16675399243831635
a4197,/mnt/data_disk/HDRData/1000hdr/HDRtest/a4197-_MG_6428.exr,/mnt/data_disk/ZQL/TIP_TMO_result/tradition/WardHistAdj/a4197.png,341,512,0.8725821299175158,0.9549975640882926,0.28934723732098905,0.48548319410227514,0.9701948959397897,0.0007714922647605409,0.05817147716879845
a4198,/mnt/data_disk/HDRData/1000hdr/HDRtest/a4198-_DSC6401.exr,/mnt/data_disk/ZQL/TIP_TMO_result/tradition/WardHistAdj/a4198.png,341,512,0.7287642059970473,0.583339732630651,0.1381297558790745,0.8950976368959613,0.7959743166225355,0.9942209571693873,0.27947068214416504
a4199,/mnt/data_disk/HDRData/1000hdr/HDRtest/a4199-jmac_MG_5003.exr,/mnt/data_disk/ZQL/TIP_TMO_result/tradition/WardHistAdj/a4199.png,341,512,0.8080447294061245,0.806679235767636,0.17414792495214243,0.9331823038491767,0.8672481961776588,0.9991164115206946,0.2832394242286682
a4201,/mnt/data_disk/HDRData/1000hdr/HDRtest/a4201-_DSC0120.exr,/mnt/data_disk/ZQL/TIP_TMO_result/tradition/WardHistAdj/a4201.png,340,512,0.9085932730013707,0.7737370747053857,0.7860421250155226,0.43658374961680035,0.780585662303139,0.09258183693046174,0.28092506527900696
a4202,/mnt/data_disk/HDRData/1000hdr/HDRtest/a4202-DSC_0439.exr,/mnt/data_disk/ZQL/TIP_TMO_result/tradition/WardHistAdj/a4202.png,343,512,0.9076711506552705,0.8303810590864383,0.6756952102550015,0.8058377334785365,0.8857633772211146,0.7259120897359583,0.17719551920890808
a4204,/mnt/data_disk/HDRData/1000hdr/HDRtest/a4204-_DGW7870.exr,/mnt/data_disk/ZQL/TIP_TMO_result/tradition/WardHistAdj/a4204.png,341,512,0.9239838806603944,0.888283795904876,0.6795430075658012,0.5404648147701638,0.8999895114700187,0.18094011807030902,0.105371855199337
a4212,/mnt/data_disk/HDRData/1000hdr/HDRtest/a4212-Duggan_090321_5925.exr,/mnt/data_disk/ZQL/TIP_TMO_result/tradition/WardHistAdj/a4212.png,341,512,0.8583286847093479,0.7747722334207895,0.4736177784729358,0.9265457641850305,0.908699142876469,0.944392385493592,0.18243180215358734
a4214,/mnt/data_disk/HDRData/1000hdr/HDRtest/a4214-DSC_0267.exr,/mnt/data_disk/ZQL/TIP_TMO_result/tradition/WardHistAdj/a4214.png,343,512,0.7915027866757004,0.8313446382356271,0.08325749779645612,0.7371621222422444,0.9407816600453791,0.5335425844391096,0.21232104301452637
a4216,/mnt/data_disk/HDRData/1000hdr/HDRtest/a4216-DSC_0118.exr,/mnt/data_disk/ZQL/TIP_TMO_result/tradition/WardHistAdj/a4216.png,343,512,0.9019205423487087,0.8233044204634297,0.6518909527476078,0.7385181509853118,0.8967574899610294,0.5802788120095943,0.17966228723526
a4220,/mnt/data_disk/HDRData/1000hdr/HDRtest/a4220-Duggan_090305_5359.exr,/mnt/data_disk/ZQL/TIP_TMO_result/tradition/WardHistAdj/a4220.png,341,512,0.9030255303422527,0.8585527539147385,0.5986682408221875,0.9165523486036986,0.8486863226200297,0.9844183745873676,0.19314999878406525
a4228,/mnt/data_disk/HDRData/1000hdr/HDRtest/a4228-DSC_0037-2.exr,/mnt/data_disk/ZQL/TIP_TMO_result/tradition/WardHistAdj/a4228.png,340,512,0.9331132890222839,0.932846763286367,0.6638721058737379,0.43627220909075587,0.872345899501484,0.00019851868002773135,0.07703583687543869
a4230,/mnt/data_disk/HDRData/1000hdr/HDRtest/a4230-Duggan_090426_7798.exr,/mnt/data_disk/ZQL/TIP_TMO_result/tradition/WardHistAdj/a4230.png,341,512,0.7580258375253874,0.6337454122394068,0.18776295614461666,0.8870880157241325,0.8235584375474194,0.9506175939008458,0.21709199249744415
a4231,/mnt/data_disk/HDRData/1000hdr/HDRtest/a4231-Duggan_080326_5786.exr,/mnt/data_disk/ZQL/TIP_TMO_result/tradition/WardHistAdj/a4231.png,341,512,0.8910350993360385,0.8313500419383575,0.5711920091112568,0.8966269315335911,0.8642961309981887,0.9289577320689935,0.10869421064853668
a4232,/mnt/data_disk/HDRData/1000hdr/HDRtest/a4232-Duggan_090323_6181.exr,/mnt/data_disk/ZQL/TIP_TMO_result/tradition/WardHistAdj/a4232.png,341,512,0.7818588867484625,0.830694197428769,0.05266229669592812,0.9218266321087858,0.8449458251306127,0.9987074390869589,0.24921369552612305
a4235,/mnt/data_disk/HDRData/1000hdr/HDRtest/a4235-DSC_0433.exr,/mnt/data_disk/ZQL/TIP_TMO_result/tradition/WardHistAdj/a4235.png,343,512,0.9434339025919205,0.7947071740194261,0.9829649178782871,0.43343464284979977,0.7369095003652921,0.12995978533430744,0.20280304551124573
a4236,/mnt/data_disk/HDRData/1000hdr/HDRtest/a4236-DSC_0384.exr,/mnt/data_disk/ZQL/TIP_TMO_result/tradition/WardHistAdj/a4236.png,343,512,0.7729333734660848,0.8584379444596975,0.011001448080197276,0.7464298854684017,0.9242693021148604,0.5685904688219432,0.11418730765581131
a4237,/mnt/data_disk/HDRData/1000hdr/HDRtest/a4237-20090417_at_18h06m01__MG_1955.exr,/mnt/data_disk/ZQL/TIP_TMO_result/tradition/WardHistAdj/a4237.png,341,512,0.8871829796771072,0.6697136654225094,0.8561986868751205,0.37411286357160983,0.7430813349658311,0.005144392177388616,0.1968967467546463
a4238,/mnt/data_disk/HDRData/1000hdr/HDRtest/a4238-Duggan_090320_5609.exr,/mnt/data_disk/ZQL/TIP_TMO_result/tradition/WardHistAdj/a4238.png,341,512,0.7884702948382301,0.8572254494835723,0.05064252110584594,0.7562100555629084,0.9069406202124513,0.6054794909133656,0.12555938959121704
a4239,/mnt/data_disk/HDRData/1000hdr/HDRtest/a4239-Duggan_080114_4429.exr,/mnt/data_disk/ZQL/TIP_TMO_result/tradition/WardHistAdj/a4239.png,341,512,0.9132699157168687,0.7680166228946138,0.8283775724092679,0.8921364798918869,0.7903269710441605,0.9939459887396134,0.16780135035514832
a4244,/mnt/data_disk/HDRData/1000hdr/HDRtest/a4244-Duggan_090504_8959.exr,/mnt/data_disk/ZQL/TIP_TMO_result/tradition/WardHistAdj/a4244.png,341,512,0.9250845804789422,0.8889867504231769,0.6853494253824253,0.8245515672936731,0.758246743181458,0.8908563914058881,0.17707474529743195
a4246,/mnt/data_disk/HDRData/1000hdr/HDRtest/a4246-Duggan_090330_6226.exr,/mnt/data_disk/ZQL/TIP_TMO_result/tradition/WardHistAdj/a4246.png,341,512,0.9131436905203345,0.7838645982039764,0.7967121275932056,0.6208439873635138,0.8437638850659865,0.3979240896610409,0.1842915266752243
a4249,/mnt/data_disk/HDRData/1000hdr/HDRtest/a4249-Duggan_090322_6001.exr,/mnt/data_disk/ZQL/TIP_TMO_result/tradition/WardHistAdj/a4249.png,341,512,0.7999335737900547,0.7692789959835382,0.18561224227069079,0.9212216935902209,0.8456831656863671,0.9967602214940745,0.22776082158088684
a4254,/mnt/data_disk/HDRData/1000hdr/HDRtest/a4254-DSC_0066.exr,/mnt/data_disk/ZQL/TIP_TMO_result/tradition/WardHistAdj/a4254.png,340,512,0.9658680090006093,0.9484608196387219,0.8520909088938341,0.7379741254928385,0.8508671703097753,0.6250810806759016,0.0885455310344696
a4258,/mnt/data_disk/HDRData/1000hdr/HDRtest/a4258-_DSC0012-4.exr,/mnt/data_disk/ZQL/TIP_TMO_result/tradition/WardHistAdj/a4258.png,340,512,0.9184182220236434,0.8733741125086774,0.6694734644734018,0.4780219828149556,0.8693113502939093,0.08673261533600199,0.09419990330934525
a4262,/mnt/data_disk/HDRData/1000hdr/HDRtest/a4262-DSC_0065.exr,/mnt/data_disk/ZQL/TIP_TMO_result/tradition/WardHistAdj/a4262.png,340,512,0.9470223044746157,0.8905280021523927,0.826097239572726,0.6232579218954026,0.7242132036762817,0.5223026401145234,0.10710399597883224
a4266,/mnt/data_disk/HDRData/1000hdr/HDRtest/a4266-DSC_0426.exr,/mnt/data_disk/ZQL/TIP_TMO_result/tradition/WardHistAdj/a4266.png,343,512,0.8170625323778005,0.6961840195626242,0.3768490092674337,0.9040917099803882,0.8318368893610912,0.9763465305996851,0.2135791927576065
a4267,/mnt/data_disk/HDRData/1000hdr/HDRtest/a4267-20090414_at_23h13m08__MG_1367.exr,/mnt/data_disk/ZQL/TIP_TMO_result/tradition/WardHistAdj/a4267.png,341,512,0.8547977654173013,0.597436067964603,0.8014914953746348,0.7559794052833679,0.5893948712816739,0.9225639392850619,0.15838676691055298
a4271,/mnt/data_disk/HDRData/1000hdr/HDRtest/a4271-Duggan_090227_5232.exr,/mnt/data_disk/ZQL/TIP_TMO_result/tradition/WardHistAdj/a4271.png,341,512,0.8790571491902679,0.8995133355878442,0.3970221044185484,0.9388227647437886,0.9238834381626565,0.9537620913249206,0.19894899427890778
a4272,/mnt/data_disk/HDRData/1000hdr/HDRtest/a4272-DSC_0398.exr,/mnt/data_disk/ZQL/TIP_TMO_result/tradition/WardHistAdj/a4272.png,343,512,0.8975362257181532,0.837009099318121,0.601165236392463,0.8093745532174246,0.7519923273766969,0.8667567790581523,0.129789337515831
a4275,/mnt/data_disk/HDRData/1000hdr/HDRtest/a4275-09-05-12-at-17h46m31s-_MG_8890.exr,/mnt/data_disk/ZQL/TIP_TMO_result/tradition/WardHistAdj/a4275.png,341,512,0.9268581808458358,0.8347081378855267,0.7923088647358824,0.8295967142309891,0.8238501449520318,0.8353432835099465,0.17280665040016174
a4287,/mnt/data_disk/HDRData/1000hdr/HDRtest/a4287-_DSC0083.exr,/mnt/data_disk/ZQL/TIP_TMO_result/tradition/WardHistAdj/a4287.png,340,512,0.890363501177598,0.8460428113818041,0.5429202580934025,0.9455428100604382,0.9056306756773063,0.9854549444435702,0.14941786229610443
a4291,/mnt/data_disk/HDRData/1000hdr/HDRtest/a4291-20090417_at_18h46m58__MG_2026.exr,/mnt/data_disk/ZQL/TIP_TMO_result/tradition/WardHistAdj/a4291.png,341,512,0.9609236430413246,0.9136262153835436,0.8792453802427522,0.8452903573670882,0.8818840121962236,0.8086967025379529,0.1373618096113205
a4297,/mnt/data_disk/HDRData/1000hdr/HDRtest/a4297-_DSC0034.exr,/mnt/data_disk/ZQL/TIP_TMO_result/tradition/WardHistAdj/a4297.png,340,512,0.8145707571028342,0.7518712543996152,0.27701975311851124,0.9026599256466084,0.8527982219733232,0.9525216293198935,0.16493023931980133
a4298,/mnt/data_disk/HDRData/1000hdr/HDRtest/a4298-Duggan_090504_9090.exr,/mnt/data_disk/ZQL/TIP_TMO_result/tradition/WardHistAdj/a4298.png,341,512,0.952759763858859,0.9055824846340237,0.8380587753589627,0.6654194457337725,0.8237779905275854,0.5070609009399598,0.1702653467655182
a4302,/mnt/data_disk/HDRData/1000hdr/HDRtest/a4302-20090425_at_17h00m59__MG_0404.exr,/mnt/data_disk/ZQL/TIP_TMO_result/tradition/WardHistAdj/a4302.png,341,512,0.9519250685573667,0.8476909372305292,0.9384901215120769,0.8484923313594281,0.8705569514946383,0.826427711224218,0.2633810341358185
a4304,/mnt/data_disk/HDRData/1000hdr/HDRtest/a4304-09-05-19-at-18h03m17s-_MG_9540.exr,/mnt/data_disk/ZQL/TIP_TMO_result/tradition/WardHistAdj/a4304.png,341,512,0.8727067638332353,0.7156290239168545,0.6666447692789027,0.5239935782984322,0.7749392457062919,0.27304791089057256,0.20361563563346863
a4307,/mnt/data_disk/HDRData/1000hdr/HDRtest/a4307-20050328_161219__MG_0628.exr,/mnt/data_disk/ZQL/TIP_TMO_result/tradition/WardHistAdj/a4307.png,341,512,0.7773768825386856,0.8448127012999178,0.02932719086024172,0.8311084107730964,0.8646226753349382,0.7975941462112546,0.15999504923820496
a4308,/mnt/data_disk/HDRData/1000hdr/HDRtest/a4308-Duggan_090209_4996.exr,/mnt/data_disk/ZQL/TIP_TMO_result/tradition/WardHistAdj/a4308.png,341,512,0.9363141291601808,0.8583425996116855,0.8121376611084165,0.7929672064633093,0.8545028525925006,0.7314315603341179,0.27250799536705017
a4310,/mnt/data_disk/HDRData/1000hdr/HDRtest/a4310-DSC_0007.exr,/mnt/data_disk/ZQL/TIP_TMO_result/tradition/WardHistAdj/a4310.png,340,512,0.8768626003203557,0.7389589644278028,0.6481212166949907,0.8015695951027054,0.8975756736004444,0.7055635166049664,0.15450648963451385
a4312,/mnt/data_disk/HDRData/1000hdr/HDRtest/a4312-20090417_at_16h32m44__MG_1867.exr,/mnt/data_disk/ZQL/TIP_TMO_result/tradition/WardHistAdj/a4312.png,341,512,0.8368039860750671,0.5943907744875551,0.6912026724725705,0.3822701228485195,0.7538070416562414,0.01073320404079767,0.33575010299682617
a4317,/mnt/data_disk/HDRData/1000hdr/HDRtest/a4317-DSC_0224.exr,/mnt/data_disk/ZQL/TIP_TMO_result/tradition/WardHistAdj/a4317.png,343,512,0.9421606833164372,0.8000478657398302,0.9632592451303628,0.3905863647856486,0.7811434775480864,2.9252023210764742e-05,0.16886985301971436
a4318,/mnt/data_disk/HDRData/1000hdr/HDRtest/a4318-Duggan_090321_5920.exr,/mnt/data_disk/ZQL/TIP_TMO_result/tradition/WardHistAdj/a4318.png,341,512,0.9375264009772166,0.9174384788638588,0.7172760854650051,0.7729665711302569,0.9412186838523988,0.604714458408115,0.12967650592327118
a4319,/mnt/data_disk/HDRData/1000hdr/HDRtest/a4319-DSC_0132.exr,/mnt/data_disk/ZQL/TIP_TMO_result/tradition/WardHistAdj/a4319.png,340,512,0.9224785584531238,0.7794305250497501,0.8681463597637055,0.8719828258195674,0.8393107493130014,0.9046549023261333,0.18315991759300232
a4323,/mnt/data_disk/HDRData/1000hdr/HDRtest/a4323-DSC_0010.exr,/mnt/data_disk/ZQL/TIP_TMO_result/tradition/WardHistAdj/a4323.png,343,512,0.9491823692785188,0.8385627994275937,0.9368579360577286,0.45607472142231803,0.7778987863584976,0.1342506564861384,0.22635263204574585
a4324,/mnt/data_disk/HDRData/1000hdr/HDRtest/a4324-DSC_0002.exr,/mnt/data_disk/ZQL/TIP_TMO_result/tradition/WardHistAdj/a4324.png,343,512,0.9626322379651562,0.8812131810221181,0.9500299731543392,0.8591355900265512,0.7678340569832429,0.9504371230698594,0.16201719641685486
a4326,/mnt/data_disk/HDRData/1000hdr/HDRtest/a4326-DSC_0461.exr,/mnt/data_disk/ZQL/TIP_TMO_result/tradition/WardHistAdj/a4326.png,343,512,0.9230271900082968,0.7317823349599224,0.9697863681036287,0.38062438146053096,0.7609360578901588,0.00031270503090311674,0.1877453327178955
a4329,/mnt/data_disk/HDRData/1000hdr/HDRtest/a4329-DSC_0028.exr,/mnt/data_disk/ZQL/TIP_TMO_result/tradition/WardHistAdj/a4329.png,340,512,0.9477754879265534,0.8766797261239224,0.856034121881201,0.3696531340238244,0.7210616080037858,0.018244660043862937,0.08737820386886597
a4331,/mnt/data_disk/HDRData/1000hdr/HDRtest/a4331-_DGW0241.exr,/mnt/data_disk/ZQL/TIP_TMO_result/tradition/WardHistAdj/a4331.png,341,512,0.887312124741012,0.7395686723054699,0.7132465765603936,0.5648252627658168,0.747104809152152,0.38254571637948154,0.18299740552902222
a4335,/mnt/data_disk/HDRData/1000hdr/HDRtest/a4335-Duggan_090123_4520.exr,/mnt/data_disk/ZQL/TIP_TMO_result/tradition/WardHistAdj/a4335.png,341,512,0.9259806314366222,0.7752418330588615,0.9004642637673688,0.4462799831049001,0.8440520880159055,0.048507878193894696,0.2836618423461914
a4338,/mnt/data_disk/HDRData/1000hdr/HDRtest/a4338-DSC_0206.exr,/mnt/data_disk/ZQL/TIP_TMO_result/tradition/WardHistAdj/a4338.png,343,512,0.949112065464749,0.9235292681120466,0.7826036522755934,0.47017370702268857,0.7734674421797194,0.16687997186565767,0.10954000800848007
a4339,/mnt/data_disk/HDRData/1000hdr/HDRtest/a4339-Duggan_090111_4244.exr,/mnt/data_disk/ZQL/TIP_TMO_result/tradition/WardHistAdj/a4339.png,341,512,0.9222899572350025,0.8015213824616182,0.8239567048101576,0.7406598985011286,0.8720111766983364,0.6093086203039209,0.2214265912771225
a4340,/mnt/data_disk/HDRData/1000hdr/HDRtest/a4340-DSC_0441.exr,/mnt/data_disk/ZQL/TIP_TMO_result/tradition/WardHistAdj/a4340.png,343,512,0.9322757104966666,0.820749395531751,0.8546934128546694,0.8275594339871956,0.6590054920648517,0.9961133759095394,0.1705436259508133
a4342,/mnt/data_disk/HDRData/1000hdr/HDRtest/a4342-DSC_0043.exr,/mnt/data_disk/ZQL/TIP_TMO_result/tradition/WardHistAdj/a4342.png,340,512,0.9337563171550732,0.7620873060675342,0.9815454644595191,0.8257699002737111,0.8477406009746684,0.8037991995727538,0.14255888760089874
a4345,/mnt/data_disk/HDRData/1000hdr/HDRtest/a4345-Duggan_080411_5976.exr,/mnt/data_disk/ZQL/TIP_TMO_result/tradition/WardHistAdj/a4345.png,341,512,0.8966998811137045,0.7002283571049778,0.8550290261069851,0.9104854558556317,0.8525459053303195,0.968425006380944,0.17108145356178284
a4354,/mnt/data_disk/HDRData/1000hdr/HDRtest/a4354-DSC_0347.exr,/mnt/data_disk/ZQL/TIP_TMO_result/tradition/WardHistAdj/a4354.png,343,512,0.9645103272055056,0.8798936066220211,0.9656577964355813,0.4670218300493439,0.8969302756621114,0.03711338443657637,0.23447735607624054
a4356,/mnt/data_disk/HDRData/1000hdr/HDRtest/a4356-_DSC1335.exr,/mnt/data_disk/ZQL/TIP_TMO_result/tradition/WardHistAdj/a4356.png,341,512,0.8678737739957805,0.7968289904083122,0.4918704510839502,0.6173753613760766,0.8648738941451448,0.36987682860700843,0.07378733158111572
a4357,/mnt/data_disk/HDRData/1000hdr/HDRtest/a4357-Duggan_090124_4645.exr,/mnt/data_disk/ZQL/TIP_TMO_result/tradition/WardHistAdj/a4357.png,341,512,0.9380256861706112,0.8162284375167042,0.9026565499813151,0.908294660721652,0.8366311781865288,0.9799581432567752,0.19459277391433716
a4366,/mnt/data_disk/HDRData/1000hdr/HDRtest/a4366-DSC_0447.exr,/mnt/data_disk/ZQL/TIP_TMO_result/tradition/WardHistAdj/a4366.png,343,512,0.9216486481681317,0.9157292408876837,0.6198903799978962,0.7154593904454656,0.9002497417926983,0.5306690390982328,0.10090043395757675
a4368,/mnt/data_disk/HDRData/1000hdr/HDRtest/a4368-Duggan_090321_5857.exr,/mnt/data_disk/ZQL/TIP_TMO_result/tradition/WardHistAdj/a4368.png,341,512,0.9425629197607122,0.8046680925179568,0.9568641405266324,0.7954909124858952,0.8299885836936999,0.7609932412780905,0.22827504575252533
a4370,/mnt/data_disk/HDRData/1000hdr/HDRtest/a4370-DSC_0080.exr,/mnt/data_disk/ZQL/TIP_TMO_result/tradition/WardHistAdj/a4370.png,340,512,0.921067772991348,0.8102808553333856,0.7992076255528667,0.9126612105343626,0.8984857516231896,0.9268366694455357,0.1434171348810196
a4374,/mnt/data_disk/HDRData/1000hdr/HDRtest/a4374-09-05-19-at-17h54m57s-_MG_9531.exr,/mnt/data_disk/ZQL/TIP_TMO_result/tradition/WardHistAdj/a4374.png,341,512,0.9663614630065309,0.8861764361612015,0.966917586845346,0.8864704838767237,0.7984802465784414,0.974460721175006,0.1223221942782402
a4377,/mnt/data_disk/HDRData/1000hdr/HDRtest/a4377-IMG_4929.exr,/mnt/data_disk/ZQL/TIP_TMO_result/tradition/WardHistAdj/a4377.png,341,512,0.9212968508250825,0.9110517013109112,0.6252313586137951,0.6853537755255157,0.914660889499439,0.45604666155159246,0.10598034411668777
a4382,/mnt/data_disk/HDRData/1000hdr/HDRtest/a4382-DSC_0261.exr,/mnt/data_disk/ZQL/TIP_TMO_result/tradition/WardHistAdj/a4382.png,343,512,0.802669057615427,0.7877836368447941,0.1742457717869114,0.934815686959672,0.8993367251951034,0.9702946487242405,0.17071281373500824
a4384,/mnt/data_disk/HDRData/1000hdr/HDRtest/a4384-DSC_0322.exr,/mnt/data_disk/ZQL/TIP_TMO_result/tradition/WardHistAdj/a4384.png,343,512,0.8408821553733448,0.7156912670911735,0.47503934019043476,0.9296605930020249,0.8772851610977633,0.9820360249062864,0.1551920473575592
a4385,/mnt/data_disk/HDRData/1000hdr/HDRtest/a4385-_DGW9650.exr,/mnt/data_disk/ZQL/TIP_TMO_result/tradition/WardHistAdj/a4385.png,341,512,0.9433500084544985,0.8340624823230119,0.905065099487768,0.8935411297230789,0.7956978590040225,0.9913844004421354,0.19166137278079987
a4386,/mnt/data_disk/HDRData/1000hdr/HDRtest/a4386-Duggan_090124_4632.exr,/mnt/data_disk/ZQL/TIP_TMO_result/tradition/WardHistAdj/a4386.png,341,512,0.9391415206694241,0.8623484520445628,0.8237974384764677,0.9325412787510148,0.8883879119160412,0.9766946455859884,0.13644134998321533
a4392,/mnt/data_disk/HDRData/1000hdr/HDRtest/a4392-Duggan_090331_6554.exr,/mnt/data_disk/ZQL/TIP_TMO_result/tradition/WardHistAdj/a4392.png,341,512,0.7877447515005832,0.7781366813245296,0.1248179514155746,0.9194838676889996,0.8415640139635934,0.9974037214144058,0.2565477192401886
a4394,/mnt/data_disk/HDRData/1000hdr/HDRtest/a4394-Duggan_090127_4837.exr,/mnt/data_disk/ZQL/TIP_TMO_result/tradition/WardHistAdj/a4394.png,341,512,0.9225660836272934,0.7241365846957896,0.9829357283304736,0.7739900410958851,0.8121603287986069,0.7358197533931633,0.23807074129581451
a4395,/mnt/data_disk/HDRData/1000hdr/HDRtest/a4395-Duggan_090503_8734.exr,/mnt/data_disk/ZQL/TIP_TMO_result/tradition/WardHistAdj/a4395.png,341,512,0.8935389035494077,0.9264207285310828,0.43821191799873854,0.5402617762973922,0.5773701509693122,0.5031534016254723,0.07008900493383408
a4396,/mnt/data_disk/HDRData/1000hdr/HDRtest/a4396-DSC_0073-2.exr,/mnt/data_disk/ZQL/TIP_TMO_result/tradition/WardHistAdj/a4396.png,340,512,0.8595009430826123,0.836126156496839,0.3836421557865485,0.9380348272918811,0.8877940306969425,0.9882756238868198,0.14017994701862335
a4398,/mnt/data_disk/HDRData/1000hdr/HDRtest/a4398-Duggan_050709_1062.exr,/mnt/data_disk/ZQL/TIP_TMO_result/tradition/WardHistAdj/a4398.png,341,512,0.9130819770727494,0.725990613526232,0.9127240198747547,0.8839271011381822,0.811895828078989,0.9559583741973753,0.18984265625476837
a4399,/mnt/data_disk/HDRData/1000hdr/HDRtest/a4399-Duggan_080410_5879.exr,/mnt/data_disk/ZQL/TIP_TMO_result/tradition/WardHistAdj/a4399.png,341,512,0.9491193369039147,0.8413991228066002,0.9309831238447324,0.844956912152681,0.7924597881277196,0.8974540361776425,0.12054839730262756
a4409,/mnt/data_disk/HDRData/1000hdr/HDRtest/a4409-Duggan_090503_8738.exr,/mnt/data_disk/ZQL/TIP_TMO_result/tradition/WardHistAdj/a4409.png,341,512,0.9671733481630288,0.941349344419596,0.8732365579099279,0.5284916327264595,0.8321225279780171,0.22486073747490198,0.1862093210220337
a4419,/mnt/data_disk/HDRData/1000hdr/HDRtest/a4419-_DGW0269.exr,/mnt/data_disk/ZQL/TIP_TMO_result/tradition/WardHistAdj/a4419.png,341,512,0.9223841574626441,0.8859233002173685,0.6733769032691449,0.5777760336002883,0.8522755701027372,0.3032764970978393,0.17767448723316193
a4420,/mnt/data_disk/HDRData/1000hdr/HDRtest/a4420-DSC_0054.exr,/mnt/data_disk/ZQL/TIP_TMO_result/tradition/WardHistAdj/a4420.png,343,512,0.8670152823226142,0.6579378407961138,0.7474499631803045,0.3638535828732445,0.7277063244503501,8.412961388274235e-07,0.22950918972492218
a4421,/mnt/data_disk/HDRData/1000hdr/HDRtest/a4421-Duggan_090214_5129.exr,/mnt/data_disk/ZQL/TIP_TMO_result/tradition/WardHistAdj/a4421.png,341,512,0.9203175534730221,0.9706436131503458,0.5276181504047753,0.3717103913780898,0.6986467531721413,0.044774029584038366,0.12546785175800323
a4425,/mnt/data_disk/HDRData/1000hdr/HDRtest/a4425-DSC_0007.exr,/mnt/data_disk/ZQL/TIP_TMO_result/tradition/WardHistAdj/a4425.png,343,512,0.8532779095721794,0.8802106179242205,0.2897340459506714,0.47763108149085837,0.7583745117502768,0.1968876512314399,0.1446988433599472
a4430,/mnt/data_disk/HDRData/1000hdr/HDRtest/a4430-09-05-19-at-19h04m03s-_MG_9559.exr,/mnt/data_disk/ZQL/TIP_TMO_result/tradition/WardHistAdj/a4430.png,341,512,0.9236156817911811,0.8603283475882354,0.7251449332313968,0.4343869040019779,0.8576924872315678,0.011081320772388003,0.13181662559509277
a4431,/mnt/data_disk/HDRData/1000hdr/HDRtest/a4431-Duggan_090330_6282.exr,/mnt/data_disk/ZQL/TIP_TMO_result/tradition/WardHistAdj/a4431.png,341,512,0.9548880424680211,0.9098773807332917,0.8448557688893229,0.7687899482124448,0.8281145499364181,0.7094653464884716,0.16881680488586426
a4432,/mnt/data_disk/HDRData/1000hdr/HDRtest/a4432-Duggan_081114_3124.exr,/mnt/data_disk/ZQL/TIP_TMO_result/tradition/WardHistAdj/a4432.png,341,512,0.8977160488869395,0.7126454797570095,0.8358183866360142,0.8665548419977303,0.7684132842972694,0.9646963996981911,0.18367235362529755
a4433,/mnt/data_disk/HDRData/1000hdr/HDRtest/a4433-Duggan_090504_8957.exr,/mnt/data_disk/ZQL/TIP_TMO_result/tradition/WardHistAdj/a4433.png,341,512,0.9142928643535015,0.9665724528435228,0.49835244995659783,0.3415222754316048,0.6830104022800346,3.414858317498271e-05,0.1327095776796341
a4434,/mnt/data_disk/HDRData/1000hdr/HDRtest/a4434-20090414_at_23h05m38__MG_1365.exr,/mnt/data_disk/ZQL/TIP_TMO_result/tradition/WardHistAdj/a4434.png,341,512,0.8592937194598503,0.8506221769057287,0.3613401094344683,0.24331279906787165,0.48625804310511683,0.00036755503062646993,0.06132085248827934
a4435,/mnt/data_disk/HDRData/1000hdr/HDRtest/a4435-WP_CRW_0591.exr,/mnt/data_disk/ZQL/TIP_TMO_result/tradition/WardHistAdj/a4435.png,341,512,0.900132226206736,0.8450462624366233,0.6035139790842757,0.9179915069360035,0.8958141901146577,0.9401688237573493,0.20826534926891327
a4436,/mnt/data_disk/HDRData/1000hdr/HDRtest/a4436-DSC_0153.exr,/mnt/data_disk/ZQL/TIP_TMO_result/tradition/WardHistAdj/a4436.png,343,512,0.9579326081678583,0.8859109041666067,0.9087025913275323,0.7275243177734966,0.934098031515977,0.5209506040310161,0.1437668353319168
a4442,/mnt/data_disk/HDRData/1000hdr/HDRtest/a4442-Duggan_080629_9284.exr,/mnt/data_disk/ZQL/TIP_TMO_result/tradition/WardHistAdj/a4442.png,341,512,0.9324189762564117,0.763047192770989,0.9701290010196559,0.8795248015587782,0.857347846774379,0.9017017563431775,0.1894225925207138
a4447,/mnt/data_disk/HDRData/1000hdr/HDRtest/a4447-Duggan_090321_5856.exr,/mnt/data_disk/ZQL/TIP_TMO_result/tradition/WardHistAdj/a4447.png,341,512,0.8620066524043343,0.7150699720061127,0.6012287002643094,0.8829047082683509,0.8646847699926354,0.9011246465440663,0.2308831512928009
a4448,/mnt/data_disk/HDRData/1000hdr/HDRtest/a4448-Duggan_080119_4778.exr,/mnt/data_disk/ZQL/TIP_TMO_result/tradition/WardHistAdj/a4448.png,341,512,0.9213662174828536,0.934211180481258,0.5889749357553148,0.6171245511899817,0.9341139428853963,0.3001351594945671,0.10020468384027481
a4449,/mnt/data_disk/HDRData/1000hdr/HDRtest/a4449-DSC_0030.exr,/mnt/data_disk/ZQL/TIP_TMO_result/tradition/WardHistAdj/a4449.png,343,512,0.9033650216246767,0.6564345721674981,0.9984299823574693,0.8900106929263105,0.8347269322830361,0.9452944535695851,0.1808362603187561
a4452,/mnt/data_disk/HDRData/1000hdr/HDRtest/a4452-DSC_0084.exr,/mnt/data_disk/ZQL/TIP_TMO_result/tradition/WardHistAdj/a4452.png,340,512,0.8508696809941588,0.7617375098472015,0.45298363706687017,0.8908732187132247,0.8754818295543781,0.9062646078720712,0.21912726759910583
a4455,/mnt/data_disk/HDRData/1000hdr/HDRtest/a4455-Duggan_080106_4325.exr,/mnt/data_disk/ZQL/TIP_TMO_result/tradition/WardHistAdj/a4455.png,341,512,0.9522129751693038,0.8447973952290151,0.9460299384018871,0.4763408582656118,0.851890383110379,0.10079133342084459,0.26557186245918274
a4456,/mnt/data_disk/HDRData/1000hdr/HDRtest/a4456-DSC_0472.exr,/mnt/data_disk/ZQL/TIP_TMO_result/tradition/WardHistAdj/a4456.png,343,512,0.7897911732386494,0.7560052036622882,0.1591194692670575,0.928198690573968,0.8572083653959593,0.9991890157519766,0.17512530088424683
a4457,/mnt/data_disk/HDRData/1000hdr/HDRtest/a4457-_DSC0012-5.exr,/mnt/data_disk/ZQL/TIP_TMO_result/tradition/WardHistAdj/a4457.png,340,512,0.8658580752633843,0.8719695384595981,0.36548578107698976,0.8026286945943166,0.9067850712790176,0.6984723179096156,0.08932787925004959
a4465,/mnt/data_disk/HDRData/1000hdr/HDRtest/a4465-DSC_0051.exr,/mnt/data_disk/ZQL/TIP_TMO_result/tradition/WardHistAdj/a4465.png,340,512,0.9623808846377313,0.8547309287334646,0.9984886623941043,0.7100897519012128,0.7312859379312304,0.6888935658711952,0.1533176600933075
a4466,/mnt/data_disk/HDRData/1000hdr/HDRtest/a4466-20090327_at_11h08m58__MG_0964.exr,/mnt/data_disk/ZQL/TIP_TMO_result/tradition/WardHistAdj/a4466.png,341,512,0.9589424872150982,0.8639642589537396,0.956597088478017,0.4633872765696704,0.8444216738361878,0.08235287930315291,0.2516719102859497
a4467,/mnt/data_disk/HDRData/1000hdr/HDRtest/a4467-Duggan_090426_7873.exr,/mnt/data_disk/ZQL/TIP_TMO_result/tradition/WardHistAdj/a4467.png,341,512,0.9543698280648365,0.8280610794426159,0.9937283249718873,0.44561351843579927,0.8843378484938351,0.006889188377763438,0.24337053298950195
a4470,/mnt/data_disk/HDRData/1000hdr/HDRtest/a4470-Duggan_090123_4566.exr,/mnt/data_disk/ZQL/TIP_TMO_result/tradition/WardHistAdj/a4470.png,341,512,0.95854692414594,0.859039938838018,0.9631712227303986,0.910422225540958,0.8515061019568237,0.9693383491250923,0.20922203361988068
a4471,/mnt/data_disk/HDRData/1000hdr/HDRtest/a4471-Duggan_090321_5859.exr,/mnt/data_disk/ZQL/TIP_TMO_result/tradition/WardHistAdj/a4471.png,341,512,0.9360291621062415,0.8262389636445092,0.8697828369079881,0.5654192748786369,0.8433422094654203,0.28749634029185356,0.22222936153411865
a4472,/mnt/data_disk/HDRData/1000hdr/HDRtest/a4472-Duggan_090504_9026.exr,/mnt/data_disk/ZQL/TIP_TMO_result/tradition/WardHistAdj/a4472.png,341,512,0.9647938876653328,0.8853475962474412,0.9574614757352429,0.8198373242131527,0.9093527973418615,0.7303218510844438,0.2906689941883087
a4474,/mnt/data_disk/HDRData/1000hdr/HDRtest/a4474-09-05-19-at-18h56m31s-_MG_9553.exr,/mnt/data_disk/ZQL/TIP_TMO_result/tradition/WardHistAdj/a4474.png,341,512,0.936970495468969,0.8341421362299202,0.8612508127363966,0.79090105925713,0.8707909239344767,0.7110111945797833,0.12276134639978409
a4476,/mnt/data_disk/HDRData/1000hdr/HDRtest/a4476-IMG_4029.exr,/mnt/data_disk/ZQL/TIP_TMO_result/tradition/WardHistAdj/a4476.png,341,512,0.937920853713006,0.8322372765847437,0.8713112940422935,0.7812929827292874,0.8557530402347429,0.7068329252238319,0.14937198162078857
a4477,/mnt/data_disk/HDRData/1000hdr/HDRtest/a4477-20090327_at_06h09m52__MG_0855.exr,/mnt/data_disk/ZQL/TIP_TMO_result/tradition/WardHistAdj/a4477.png,341,512,0.9310186097548708,0.7664127645164808,0.9533583779258622,0.7858248341576178,0.8272129814004959,0.7444366869147397,0.2198265939950943
a4479,/mnt/data_disk/HDRData/1000hdr/HDRtest/a4479-09-05-19-at-18h39m42s-_MG_9545.exr,/mnt/data_disk/ZQL/TIP_TMO_result/tradition/WardHistAdj/a4479.png,341,512,0.8600719098350738,0.8241046538827643,0.4048030950700768,0.6599840122483311,0.8437923914387543,0.47617563305790805,0.2142866998910904
a4480,/mnt/data_disk/HDRData/1000hdr/HDRtest/a4480-Duggan_090201_4896.exr,/mnt/data_disk/ZQL/TIP_TMO_result/tradition/WardHistAdj/a4480.png,341,512,0.8612453059333354,0.6814130595485551,0.6619602399331036,0.6266730427183829,0.7612823630983007,0.49206372233846507,0.2393556386232376
a4487,/mnt/data_disk/HDRData/1000hdr/HDRtest/a4487-Duggan_090322_5971.exr,/mnt/data_disk/ZQL/TIP_TMO_result/tradition/WardHistAdj/a4487.png,341,512,0.831916982487704,0.7083907273194027,0.43716184626254834,0.8972238251931475,0.8410772262320403,0.9533704241542547,0.19520200788974762
