id,hdr_path,ldr_path,height,width,tmqi_q,tmqi_s,tmqi_n,tmqi2_q,tmqi2_s,tmqi2_n,nlpd
a2808,/mnt/data_disk/HDRData/1000hdr/HDRtest/a2808-20080516_072208__MG_0018.exr,/mnt/data_disk/ZQL/TIP_TMO_result/tradition/ReinhardDevlin/a2808.png,341,512,0.8006037209493551,0.8749724554734035,0.07381762968338079,0.34260530537477063,0.6852106107483718,1.1695004717729036e-12,0.18925076723098755
a2824,/mnt/data_disk/HDRData/1000hdr/HDRtest/a2824-dvf_035.exr,/mnt/data_disk/ZQL/TIP_TMO_result/tradition/ReinhardDevlin/a2824.png,341,512,0.6623494078861232,0.5344606063230325,0.00012490434443942399,0.13749395222707678,0.27498790445415355,1.9646309331402098e-56,0.07089002430438995
a2854,/mnt/data_disk/HDRData/1000hdr/HDRtest/a2854-NKIM_MG_7374.exr,/mnt/data_disk/ZQL/TIP_TMO_result/tradition/ReinhardDevlin/a2854.png,341,512,0.9004102301911502,0.9499968049031113,0.44300003102460495,0.866599644465712,0.9334415250923584,0.7997577638390655,0.2997840344905853
a2861,/mnt/data_disk/HDRData/1000hdr/HDRtest/a2861-IMG_4397.exr,/mnt/data_disk/ZQL/TIP_TMO_result/tradition/ReinhardDevlin/a2861.png,341,512,nan,nan,0.27078125711930084,0.25845053471854085,0.5169004108421387,6.585949430147375e-07,0.20515528321266174
a2862,/mnt/data_disk/HDRData/1000hdr/HDRtest/a2862-_DSC0055.exr,/mnt/data_disk/ZQL/TIP_TMO_result/tradition/ReinhardDevlin/a2862.png,340,512,0.9457834053346532,0.8846355600148952,0.8282694223075099,0.47429045375394796,0.9233380757744363,0.025242831733459592,0.18541449308395386
a2876,/mnt/data_disk/HDRData/1000hdr/HDRtest/a2876-jn_20080130_Las_Vegas_0082.exr,/mnt/data_disk/ZQL/TIP_TMO_result/tradition/ReinhardDevlin/a2876.png,341,512,0.6961596694720945,0.6246610658866906,0.0014611829634246694,0.2763608040736395,0.552721608147279,4.3195853520645965e-41,0.16566549241542816
a2883,/mnt/data_disk/HDRData/1000hdr/HDRtest/a2883-_DSC0008-2.exr,/mnt/data_disk/ZQL/TIP_TMO_result/tradition/ReinhardDevlin/a2883.png,340,512,0.8001581990405296,0.8361670045742923,0.10951184884860908,0.4176118011141015,0.723943820386492,0.11127978184171103,0.06840799748897552
a2913,/mnt/data_disk/HDRData/1000hdr/HDRtest/a2913-IMG_0138.exr,/mnt/data_disk/ZQL/TIP_TMO_result/tradition/ReinhardDevlin/a2913.png,341,512,0.8746677739860871,0.8154052450153293,0.5007095141343788,0.4580831450492497,0.9156533429958333,0.0005129471026660404,0.24033276736736298
a2933,/mnt/data_disk/HDRData/1000hdr/HDRtest/a2933-_I2E7313.exr,/mnt/data_disk/ZQL/TIP_TMO_result/tradition/ReinhardDevlin/a2933.png,341,512,0.7199559423113385,0.6923848539623325,0.0035254435302089367,0.26376573778304985,0.5275314755660997,7.380193267974863e-50,0.18151512742042542
a2956,/mnt/data_disk/HDRData/1000hdr/HDRtest/a2956-KE_-0035.exr,/mnt/data_disk/ZQL/TIP_TMO_result/tradition/ReinhardDevlin/a2956.png,340,512,0.9105850523766759,0.9040755269101227,0.5709162303537438,0.38969459414200297,0.7714627748967797,0.007926413387226192,0.16623006761074066
a2986,/mnt/data_disk/HDRData/1000hdr/HDRtest/a2986-_DGW6325.exr,/mnt/data_disk/ZQL/TIP_TMO_result/tradition/ReinhardDevlin/a2986.png,341,512,0.875889400866709,0.8485572216871773,0.4550765327569632,0.45040823786585793,0.9008161051261618,3.706055540476036e-07,0.2843552529811859
a3267,/mnt/data_disk/HDRData/1000hdr/HDRtest/a3267-WP_CRW_0087.exr,/mnt/data_disk/ZQL/TIP_TMO_result/tradition/ReinhardDevlin/a3267.png,341,512,0.885710288417784,0.867397846774635,0.4818552472563552,0.41430711557110067,0.8283852746432963,0.0002289564989050364,0.20425327122211456
a3285,/mnt/data_disk/HDRData/1000hdr/HDRtest/a3285-CRW_0291.exr,/mnt/data_disk/ZQL/TIP_TMO_result/tradition/ReinhardDevlin/a3285.png,341,512,0.9549271742052007,0.8576085664730453,0.9405668866299661,0.5178304756951634,0.8731145191446039,0.1625464322457229,0.341220885515213
a3288,/mnt/data_disk/HDRData/1000hdr/HDRtest/a3288-KE_-0049.exr,/mnt/data_disk/ZQL/TIP_TMO_result/tradition/ReinhardDevlin/a3288.png,340,512,0.834223074653703,0.8195824501930374,0.2775258614330191,0.3919410696881149,0.7838821391766246,1.99605137544009e-10,0.1674080342054367
a3306,/mnt/data_disk/HDRData/1000hdr/HDRtest/a3306-IMG_4969.exr,/mnt/data_disk/ZQL/TIP_TMO_result/tradition/ReinhardDevlin/a3306.png,341,512,0.8144879760705861,0.8407296391336045,0.1612079740647797,0.3785969779231673,0.7571939558463346,6.615778773089578e-19,0.20731984078884125
a3312,/mnt/data_disk/HDRData/1000hdr/HDRtest/a3312-IMG_1063.exr,/mnt/data_disk/ZQL/TIP_TMO_result/tradition/ReinhardDevlin/a3312.png,341,512,0.7673867882516602,0.8438980767007608,0.008115700887974815,0.30698900422588665,0.6139780084517733,6.833258116527535e-45,0.17406050860881805
a3315,/mnt/data_disk/HDRData/1000hdr/HDRtest/a3315-MB_20030906_022.exr,/mnt/data_disk/ZQL/TIP_TMO_result/tradition/ReinhardDevlin/a3315.png,341,512,0.899565864615303,0.82786566319218,0.6292851924900793,0.4014590191235112,0.7947406048038789,0.008177433443143431,0.30948010087013245
a3316,/mnt/data_disk/HDRData/1000hdr/HDRtest/a3316-20051225_163230__MG_1390.exr,/mnt/data_disk/ZQL/TIP_TMO_result/tradition/ReinhardDevlin/a3316.png,341,512,0.8907562231003175,0.9477916842249301,0.3929408533381712,0.4371015863631373,0.8236598652753515,0.050543307450923086,0.13408365845680237
a3318,/mnt/data_disk/HDRData/1000hdr/HDRtest/a3318-JI2E5722.exr,/mnt/data_disk/ZQL/TIP_TMO_result/tradition/ReinhardDevlin/a3318.png,341,512,0.8386275430006129,0.9346501111057662,0.15798579268398422,0.40533759349989634,0.8105882685985291,8.691840126361275e-05,0.12229115515947342
a3321,/mnt/data_disk/HDRData/1000hdr/HDRtest/a3321-DSC_0054.exr,/mnt/data_disk/ZQL/TIP_TMO_result/tradition/ReinhardDevlin/a3321.png,340,512,0.9571783172919559,0.9287326271099388,0.8274178831287946,0.9544651041380359,0.9378225740202762,0.9711076342557956,0.1043720543384552
a3325,/mnt/data_disk/HDRData/1000hdr/HDRtest/a3325-050819_154342__MG_5227.exr,/mnt/data_disk/ZQL/TIP_TMO_result/tradition/ReinhardDevlin/a3325.png,341,512,0.7634200397587539,0.850749730892851,0.0003538406314539629,0.2682171453356382,0.5364342906712763,1.8035706257485922e-64,0.08242727816104889
a3337,/mnt/data_disk/HDRData/1000hdr/HDRtest/a3337-dgw_112.exr,/mnt/data_disk/ZQL/TIP_TMO_result/tradition/ReinhardDevlin/a3337.png,341,512,0.8373628621493896,0.8118071827874929,0.30389972443761337,0.40640388650521797,0.8127843446795933,2.342833084264715e-05,0.3510950207710266
a3339,/mnt/data_disk/HDRData/1000hdr/HDRtest/a3339-_MG_7202.exr,/mnt/data_disk/ZQL/TIP_TMO_result/tradition/ReinhardDevlin/a3339.png,341,512,0.7754239350352763,0.8578457352660533,0.016381545763383257,0.35436271215246484,0.7087254243049297,2.366056539278295e-28,0.1802159547805786
a3341,/mnt/data_disk/HDRData/1000hdr/HDRtest/a3341-jmac_DSC2590.exr,/mnt/data_disk/ZQL/TIP_TMO_result/tradition/ReinhardDevlin/a3341.png,340,512,0.7728146685746886,0.8804570053775286,0.0016184490225813642,0.30668072631011595,0.6133614526202319,7.762146538925133e-52,0.07287363708019257
a3344,/mnt/data_disk/HDRData/1000hdr/HDRtest/a3344-NKIM_MG_6348.exr,/mnt/data_disk/ZQL/TIP_TMO_result/tradition/ReinhardDevlin/a3344.png,341,512,0.8152466618627122,0.9446041714985781,0.062428833114838,0.34659638846438307,0.6931927769285154,2.50636520692597e-13,0.07171114534139633
a3345,/mnt/data_disk/HDRData/1000hdr/HDRtest/a3345-20080514_105211__MG_9917.exr,/mnt/data_disk/ZQL/TIP_TMO_result/tradition/ReinhardDevlin/a3345.png,341,512,0.8375715559058587,0.8796215287257352,0.21589606006411408,0.3111549640515958,0.6223099270467082,1.0564834900756152e-09,0.16520589590072632
a3351,/mnt/data_disk/HDRData/1000hdr/HDRtest/a3351-KE_-1722.exr,/mnt/data_disk/ZQL/TIP_TMO_result/tradition/ReinhardDevlin/a3351.png,340,512,0.7977467311016795,0.7991399903686898,0.1404023025576548,0.37700607906633204,0.7540120048629496,1.5326971452579447e-07,0.13333334028720856
a3356,/mnt/data_disk/HDRData/1000hdr/HDRtest/a3356-_DSC9981.exr,/mnt/data_disk/ZQL/TIP_TMO_result/tradition/ReinhardDevlin/a3356.png,341,512,0.777150362730857,0.8232638082682344,0.044893630036888996,0.28260870078342176,0.5652174015668435,6.062826614848713e-25,0.17352962493896484
a3360,/mnt/data_disk/HDRData/1000hdr/HDRtest/a3360-IMG_0017.exr,/mnt/data_disk/ZQL/TIP_TMO_result/tradition/ReinhardDevlin/a3360.png,341,512,0.8603925008495487,0.8835255493444557,0.321036763159968,0.4610570919970011,0.9221141839936482,3.5404007778039205e-13,0.20092080533504486
a3365,/mnt/data_disk/HDRData/1000hdr/HDRtest/a3365-jn_20071207_Xmas_House_0124.exr,/mnt/data_disk/ZQL/TIP_TMO_result/tradition/ReinhardDevlin/a3365.png,341,512,0.7405740723172315,0.7714919672132594,8.072356435692765e-05,0.18998938890808725,0.3799787778161745,1.8665203818625913e-75,0.05654487758874893
a3366,/mnt/data_disk/HDRData/1000hdr/HDRtest/a3366-Ja_Pe-6.exr,/mnt/data_disk/ZQL/TIP_TMO_result/tradition/ReinhardDevlin/a3366.png,288,512,0.939642092138854,0.8198737096621292,0.9067471202351337,0.4221181167957189,0.8442190654839871,1.716810745076141e-05,0.24919694662094116
a3369,/mnt/data_disk/HDRData/1000hdr/HDRtest/a3369-IMG_0004.exr,/mnt/data_disk/ZQL/TIP_TMO_result/tradition/ReinhardDevlin/a3369.png,341,512,0.8943653206478883,0.840401722967859,0.5761895679385174,0.4392801009246012,0.8785602017671275,8.207491811176211e-11,0.2882499694824219
a3371,/mnt/data_disk/HDRData/1000hdr/HDRtest/a3371-07-12-01-at-11h32m58s-_MG_8498.exr,/mnt/data_disk/ZQL/TIP_TMO_result/tradition/ReinhardDevlin/a3371.png,341,512,0.8617153295535732,0.8982155968003093,0.30805321396412605,0.4048024168854263,0.8090904038291395,0.0005144299417129713,0.22180822491645813
a3382,/mnt/data_disk/HDRData/1000hdr/HDRtest/a3382-IMG_4032.exr,/mnt/data_disk/ZQL/TIP_TMO_result/tradition/ReinhardDevlin/a3382.png,341,512,0.8712731613860548,0.8092429454066241,0.49112334846555933,0.4116484735501127,0.8202617937712429,0.003035153328982545,0.1674235314130783
a3388,/mnt/data_disk/HDRData/1000hdr/HDRtest/a3388-jmac_DSC2214.exr,/mnt/data_disk/ZQL/TIP_TMO_result/tradition/ReinhardDevlin/a3388.png,340,512,0.872999748324428,0.8749758014414264,0.3994679606356746,0.3578833295143266,0.7131847499111106,0.00258190911754267,0.1335376501083374
a3390,/mnt/data_disk/HDRData/1000hdr/HDRtest/a3390-dgw_070.exr,/mnt/data_disk/ZQL/TIP_TMO_result/tradition/ReinhardDevlin/a3390.png,341,512,0.808785563944762,0.7691617732035997,0.22536905847858382,0.346173692983138,0.6923473859654896,7.863364221961736e-13,0.237140491604805
a3391,/mnt/data_disk/HDRData/1000hdr/HDRtest/a3391-050904_125814__I2E8654.exr,/mnt/data_disk/ZQL/TIP_TMO_result/tradition/ReinhardDevlin/a3391.png,341,512,0.8071601046894472,0.7475442895854899,0.24760812825410197,0.35385151720122826,0.7077030343901717,1.2284836924332433e-11,0.22431528568267822
a3393,/mnt/data_disk/HDRData/1000hdr/HDRtest/a3393-_DSC0057.exr,/mnt/data_disk/ZQL/TIP_TMO_result/tradition/ReinhardDevlin/a3393.png,340,512,0.8724583746559145,0.8851902956377422,0.3818416827351212,0.4512505633620029,0.9025010455863254,8.113768041917666e-08,0.140141561627388
a3394,/mnt/data_disk/HDRData/1000hdr/HDRtest/a3394-_DGW6419.exr,/mnt/data_disk/ZQL/TIP_TMO_result/tradition/ReinhardDevlin/a3394.png,341,512,0.8400621681581826,0.8177201773337145,0.30910669444112293,0.3671415998604701,0.7118610969034556,0.022422102817484718,0.32719743251800537
a3400,/mnt/data_disk/HDRData/1000hdr/HDRtest/a3400-07-11-04-at-17h36m14s-_MG_4004.exr,/mnt/data_disk/ZQL/TIP_TMO_result/tradition/ReinhardDevlin/a3400.png,341,512,0.778987763867539,0.8357204929705058,0.04029516077204792,0.34185766698346504,0.6837153339669301,8.059390034788205e-25,0.20436914265155792
a3401,/mnt/data_disk/HDRData/1000hdr/HDRtest/a3401-20061111_122429__E6B5415.exr,/mnt/data_disk/ZQL/TIP_TMO_result/tradition/ReinhardDevlin/a3401.png,341,512,0.8674944080876833,0.9319382459325857,0.29317447958543685,0.4547097375253455,0.9094191706266455,3.044240455070839e-07,0.11914966255426407
a3402,/mnt/data_disk/HDRData/1000hdr/HDRtest/a3402-jmac_DSC3153.exr,/mnt/data_disk/ZQL/TIP_TMO_result/tradition/ReinhardDevlin/a3402.png,340,512,0.8832635805553432,0.8877183705911144,0.43728337748569435,0.43815517846181373,0.876305584142404,4.772781223475029e-06,0.1572815477848053
a3413,/mnt/data_disk/HDRData/1000hdr/HDRtest/a3413-20041217_193556__E6B0485.exr,/mnt/data_disk/ZQL/TIP_TMO_result/tradition/ReinhardDevlin/a3413.png,341,512,0.8324149584027518,0.8399326522738683,0.24177337179692815,0.4199737158380895,0.8399474257771349,5.8990441022104636e-09,0.14960163831710815
a3414,/mnt/data_disk/HDRData/1000hdr/HDRtest/a3414-DSC_0002.exr,/mnt/data_disk/ZQL/TIP_TMO_result/tradition/ReinhardDevlin/a3414.png,340,512,0.9379855623575946,0.8849955076291118,0.7757407862712508,0.40064401079824463,0.8012875102857832,5.113107060658856e-07,0.18096795678138733
a3415,/mnt/data_disk/HDRData/1000hdr/HDRtest/a3415-jmac_DSC6092.exr,/mnt/data_disk/ZQL/TIP_TMO_result/tradition/ReinhardDevlin/a3415.png,340,512,0.9283078411497131,0.9407769861681391,0.6212575360800198,0.820518172731053,0.9559681063861338,0.6850682390759721,0.12944377958774567
a3416,/mnt/data_disk/HDRData/1000hdr/HDRtest/a3416-IMG_4746.exr,/mnt/data_disk/ZQL/TIP_TMO_result/tradition/ReinhardDevlin/a3416.png,341,512,0.8274461668232436,0.805463158088139,0.26396368197581915,0.43654203878923176,0.873084048668802,2.8909661526637993e-08,0.23064155876636505
a3418,/mnt/data_disk/HDRData/1000hdr/HDRtest/a3418-2004-02-07 16-53-50 CRW_3754.exr,/mnt/data_disk/ZQL/TIP_TMO_result/tradition/ReinhardDevlin/a3418.png,341,512,0.7863280113565203,0.8924998233189281,0.01996811810280542,0.3440477707821823,0.6880955415643646,5.468954978798722e-22,0.08447780460119247
a3422,/mnt/data_disk/HDRData/1000hdr/HDRtest/a3422-WP_CRW_0302.exr,/mnt/data_disk/ZQL/TIP_TMO_result/tradition/ReinhardDevlin/a3422.png,341,512,0.8768867319205549,0.8911513509025817,0.39720314967307785,0.45070154564211473,0.7566515798115528,0.1447515114726766,0.17131133377552032
a3424,/mnt/data_disk/HDRData/1000hdr/HDRtest/a3424-CRW_0163.exr,/mnt/data_disk/ZQL/TIP_TMO_result/tradition/ReinhardDevlin/a3424.png,341,512,0.9037862651803068,0.8595546901281329,0.6016589494899526,0.4175822286410952,0.834883883129152,0.0002805741530384143,0.2583373486995697
a3431,/mnt/data_disk/HDRData/1000hdr/HDRtest/a3431-_DSC0103-3.exr,/mnt/data_disk/ZQL/TIP_TMO_result/tradition/ReinhardDevlin/a3431.png,340,512,0.8259286740957352,0.8566973791553396,0.19147684874645549,0.4264686419308495,0.8529372838616941,4.895572759412829e-15,0.11616471409797668
a3432,/mnt/data_disk/HDRData/1000hdr/HDRtest/a3432-jmac_DSC3184.exr,/mnt/data_disk/ZQL/TIP_TMO_result/tradition/ReinhardDevlin/a3432.png,340,512,0.7790524268173612,0.8774073125142486,0.012977858610317378,0.30173024429848155,0.6034604885969631,2.3724325022081753e-29,0.09586814045906067
a3433,/mnt/data_disk/HDRData/1000hdr/HDRtest/a3433-NKIM_MG_8213.exr,/mnt/data_disk/ZQL/TIP_TMO_result/tradition/ReinhardDevlin/a3433.png,341,512,0.8210628313860898,0.8050239751413358,0.23433589921749992,0.40461827669339007,0.8092365533173816,6.939853645170849e-11,0.24412710964679718
a3439,/mnt/data_disk/HDRData/1000hdr/HDRtest/a3439-IMG_3798.exr,/mnt/data_disk/ZQL/TIP_TMO_result/tradition/ReinhardDevlin/a3439.png,341,512,0.7679193317244024,0.820136965825928,0.022909852636328835,0.47032553757790974,0.9406510751558195,1.25525936905177e-22,0.11644171178340912
a3441,/mnt/data_disk/HDRData/1000hdr/HDRtest/a3441-dgw_064.exr,/mnt/data_disk/ZQL/TIP_TMO_result/tradition/ReinhardDevlin/a3441.png,341,512,0.8958189116986103,0.8255504349980521,0.610134768456157,0.894377496385711,0.8019309351364218,0.986824057635,0.260390043258667
a3444,/mnt/data_disk/HDRData/1000hdr/HDRtest/a3444-WP_CRW_6313.exr,/mnt/data_disk/ZQL/TIP_TMO_result/tradition/ReinhardDevlin/a3444.png,341,512,0.7812875433688474,0.843140817762083,0.04100584357720322,0.3030143442891251,0.6060286885782502,2.4983179120263934e-19,0.1364874243736267
a3446,/mnt/data_disk/HDRData/1000hdr/HDRtest/a3446-050730_134124__MG_3716.exr,/mnt/data_disk/ZQL/TIP_TMO_result/tradition/ReinhardDevlin/a3446.png,341,512,0.8699715489775228,0.9466176673047156,0.28691455507593544,0.4293089301213903,0.8502933907287002,0.008324469514080344,0.2034856081008911
a3448,/mnt/data_disk/HDRData/1000hdr/HDRtest/a3448-IMG_0113.exr,/mnt/data_disk/ZQL/TIP_TMO_result/tradition/ReinhardDevlin/a3448.png,341,512,0.8087341275664669,0.8159988153104104,0.16592570765101064,0.41833084391543984,0.8366616878308708,8.92204790910961e-15,0.20515096187591553
a3449,/mnt/data_disk/HDRData/1000hdr/HDRtest/a3449-jmac_DSC2669.exr,/mnt/data_disk/ZQL/TIP_TMO_result/tradition/ReinhardDevlin/a3449.png,340,512,0.984319256501183,0.9455692270029099,0.9848626406155682,0.7595914108655096,0.9129180804327095,0.6062647412983098,0.11973120272159576
a3451,/mnt/data_disk/HDRData/1000hdr/HDRtest/a3451-IMG_1088.exr,/mnt/data_disk/ZQL/TIP_TMO_result/tradition/ReinhardDevlin/a3451.png,341,512,0.8680496315911709,0.8366836475838137,0.4294723420294247,0.4230935367454151,0.8448472624239123,0.0013398110669179165,0.2661375105381012
a3452,/mnt/data_disk/HDRData/1000hdr/HDRtest/a3452-IMG_1205.exr,/mnt/data_disk/ZQL/TIP_TMO_result/tradition/ReinhardDevlin/a3452.png,341,512,0.8590657020506308,0.9675417074395652,0.21050235721807187,0.8034189242056143,0.9212311000290258,0.6856067483822029,0.06926710903644562
a3456,/mnt/data_disk/HDRData/1000hdr/HDRtest/a3456-DSC_0006-1-2.exr,/mnt/data_disk/ZQL/TIP_TMO_result/tradition/ReinhardDevlin/a3456.png,340,512,0.867540536190734,0.8274597100574186,0.44088452590326804,0.3938966437862818,0.7875996611899179,0.00019362638264576882,0.13899053633213043
a3457,/mnt/data_disk/HDRData/1000hdr/HDRtest/a3457-NKIM_025.exr,/mnt/data_disk/ZQL/TIP_TMO_result/tradition/ReinhardDevlin/a3457.png,341,512,0.8950487636414635,0.9238641448022072,0.4503628161721746,0.4361126109042804,0.8722215106808022,3.711127758547667e-06,0.1927606761455536
a3460,/mnt/data_disk/HDRData/1000hdr/HDRtest/a3460-20080514_105637__MG_9928.exr,/mnt/data_disk/ZQL/TIP_TMO_result/tradition/ReinhardDevlin/a3460.png,341,512,0.7869962305081947,0.8752247820843335,0.03288186784085316,0.38805116549017643,0.7761023309803529,3.9897805104935866e-28,0.1703067272901535
a3462,/mnt/data_disk/HDRData/1000hdr/HDRtest/a3462-dgw_051.exr,/mnt/data_disk/ZQL/TIP_TMO_result/tradition/ReinhardDevlin/a3462.png,341,512,0.8739475374455133,0.8012078016869743,0.5199463484850738,0.4100853163601862,0.820116592416294,5.404030407842578e-05,0.28285735845565796
a3464,/mnt/data_disk/HDRData/1000hdr/HDRtest/a3464-tc_DSC2199.exr,/mnt/data_disk/ZQL/TIP_TMO_result/tradition/ReinhardDevlin/a3464.png,340,512,0.7362555974022701,0.7267478963231517,0.01325921511546879,0.3470285115498495,0.694057023099699,6.866927227575049e-34,0.1480092704296112
a3465,/mnt/data_disk/HDRData/1000hdr/HDRtest/a3465-20060619_114622__MG_9153.exr,/mnt/data_disk/ZQL/TIP_TMO_result/tradition/ReinhardDevlin/a3465.png,341,512,0.8733438730194607,0.899588735279685,0.3662903764749605,0.39795399645754576,0.7770300497533694,0.018877943161722047,0.17737998068332672
a3466,/mnt/data_disk/HDRData/1000hdr/HDRtest/a3466-IMG_3941.exr,/mnt/data_disk/ZQL/TIP_TMO_result/tradition/ReinhardDevlin/a3466.png,341,512,0.8081760826467143,0.9259436948236887,0.055277921155754486,0.3784672317025768,0.7569344634051536,1.0261153192327832e-20,0.16607104241847992
a3468,/mnt/data_disk/HDRData/1000hdr/HDRtest/a3468-IMG_4793.exr,/mnt/data_disk/ZQL/TIP_TMO_result/tradition/ReinhardDevlin/a3468.png,341,512,0.8019817209296906,0.9152268452838123,0.04511645581406452,0.45234362640690956,0.9046872528138191,1.3578597349421792e-24,0.15128538012504578
a3470,/mnt/data_disk/HDRData/1000hdr/HDRtest/a3470-IMG_0835.exr,/mnt/data_disk/ZQL/TIP_TMO_result/tradition/ReinhardDevlin/a3470.png,341,512,0.8100442311596534,0.8353644097663918,0.1489876091070742,0.358500582759098,0.7170011655122914,5.904596644554987e-12,0.235331729054451
a3474,/mnt/data_disk/HDRData/1000hdr/HDRtest/a3474-jmac_MG_1125.exr,/mnt/data_disk/ZQL/TIP_TMO_result/tradition/ReinhardDevlin/a3474.png,341,512,0.891765309851135,0.9371131811700656,0.41322875308557555,0.6903471316182466,0.9317553824157886,0.44893888082070466,0.11894319206476212
a3477,/mnt/data_disk/HDRData/1000hdr/HDRtest/a3477-_DSC0048.exr,/mnt/data_disk/ZQL/TIP_TMO_result/tradition/ReinhardDevlin/a3477.png,340,512,0.8611707396799062,0.7987954670030124,0.4504660831535206,0.4340960550752242,0.8681891430625448,2.967087903592807e-06,0.1818722039461136
a3483,/mnt/data_disk/HDRData/1000hdr/HDRtest/a3483-_DSC0023-1.exr,/mnt/data_disk/ZQL/TIP_TMO_result/tradition/ReinhardDevlin/a3483.png,340,512,0.7927792062251366,0.7410579122737752,0.19093032362028506,0.4087971357919104,0.816450257184035,0.001144014399785789,0.09839944541454315
a3486,/mnt/data_disk/HDRData/1000hdr/HDRtest/a3486-jmac_DSC3897.exr,/mnt/data_disk/ZQL/TIP_TMO_result/tradition/ReinhardDevlin/a3486.png,343,512,0.8528112060878845,0.7963957683659664,0.407901396404363,0.42587978016531236,0.8517590958469352,4.644836895426462e-07,0.20313219726085663
a3491,/mnt/data_disk/HDRData/1000hdr/HDRtest/a3491-DSC_0091.exr,/mnt/data_disk/ZQL/TIP_TMO_result/tradition/ReinhardDevlin/a3491.png,340,512,0.8932059030393982,0.9070971601806754,0.4645377100769339,0.40061034810764445,0.7950286960752243,0.006192000140064601,0.16621746122837067
a3493,/mnt/data_disk/HDRData/1000hdr/HDRtest/a3493-IMG_0279.exr,/mnt/data_disk/ZQL/TIP_TMO_result/tradition/ReinhardDevlin/a3493.png,341,512,0.7794271906133299,0.8270640183750811,0.04843069444124361,0.3877532638110664,0.7755065276221328,7.384216761695593e-28,0.2072211652994156
a3499,/mnt/data_disk/HDRData/1000hdr/HDRtest/a3499-jn_2007_12_11__BU_CRUISE_019.exr,/mnt/data_disk/ZQL/TIP_TMO_result/tradition/ReinhardDevlin/a3499.png,341,512,0.7427218180001323,0.7740010161744257,0.0011738893624584448,0.29902872584553775,0.5980574516910755,3.422204946882182e-58,0.11582247912883759
a3503,/mnt/data_disk/HDRData/1000hdr/HDRtest/a3503-050731_155906__I2E5378.exr,/mnt/data_disk/ZQL/TIP_TMO_result/tradition/ReinhardDevlin/a3503.png,341,512,0.8303053539555875,0.894805447363732,0.1664449358139254,0.3556889604777078,0.7113615517809733,1.636917444240242e-05,0.16198985278606415
a3504,/mnt/data_disk/HDRData/1000hdr/HDRtest/a3504-IMG_0903.exr,/mnt/data_disk/ZQL/TIP_TMO_result/tradition/ReinhardDevlin/a3504.png,341,512,0.8581590263633101,0.9249158530100469,0.25649400403444633,0.47477604912157295,0.9495520982429421,2.038898356925508e-13,0.17407716810703278
a3505,/mnt/data_disk/HDRData/1000hdr/HDRtest/a3505-CRW_0288.exr,/mnt/data_disk/ZQL/TIP_TMO_result/tradition/ReinhardDevlin/a3505.png,341,512,0.8689872874581797,0.8489484801235886,0.4160321482587915,0.8817222774915219,0.8831819792157974,0.8802625757672463,0.23192279040813446
a3508,/mnt/data_disk/HDRData/1000hdr/HDRtest/a3508-NKIM_095.exr,/mnt/data_disk/ZQL/TIP_TMO_result/tradition/ReinhardDevlin/a3508.png,341,512,0.9305800268773761,0.832716858418761,0.8207946758596648,0.4338948991417574,0.8576971465035929,0.010092651779921868,0.3120768070220947
a3509,/mnt/data_disk/HDRData/1000hdr/HDRtest/a3509-_DGW6337.exr,/mnt/data_disk/ZQL/TIP_TMO_result/tradition/ReinhardDevlin/a3509.png,341,512,0.9678173351431956,0.8805475439283779,0.987736880955839,0.5971655465413743,0.8510666387725079,0.34326445431024083,0.3628479242324829
a3510,/mnt/data_disk/HDRData/1000hdr/HDRtest/a3510-JI2E4365.exr,/mnt/data_disk/ZQL/TIP_TMO_result/tradition/ReinhardDevlin/a3510.png,341,512,0.9169067109544531,0.793581245427583,0.80313724281172,0.3688208435499589,0.7026922171260616,0.03494946997385627,0.2766071856021881
a3511,/mnt/data_disk/HDRData/1000hdr/HDRtest/a3511-jmac_MG_0542.exr,/mnt/data_disk/ZQL/TIP_TMO_result/tradition/ReinhardDevlin/a3511.png,341,512,0.7791238904839637,0.8722454306154839,0.015982115867928883,0.4417926823461832,0.8835853646923664,1.1860723361377897e-37,0.11870156228542328
a3512,/mnt/data_disk/HDRData/1000hdr/HDRtest/a3512-LSstone_060805_9380.exr,/mnt/data_disk/ZQL/TIP_TMO_result/tradition/ReinhardDevlin/a3512.png,341,512,0.7634224252594607,0.8376707353848699,0.004484509370837823,0.30094951676084586,0.6018990335216917,1.8337624896132324e-39,0.1309404820203781
a3521,/mnt/data_disk/HDRData/1000hdr/HDRtest/a3521-JI2E5091.exr,/mnt/data_disk/ZQL/TIP_TMO_result/tradition/ReinhardDevlin/a3521.png,341,512,0.7961104334315059,0.7593772949767246,0.1816695033230584,0.3982082560612656,0.7964164943421196,1.7780411535845384e-08,0.14639538526535034
a3522,/mnt/data_disk/HDRData/1000hdr/HDRtest/a3522-IMG_4772.exr,/mnt/data_disk/ZQL/TIP_TMO_result/tradition/ReinhardDevlin/a3522.png,341,512,0.7802446666084414,0.8661379800471731,0.022163981838121485,0.36394206948027114,0.7278841389605423,1.736591414849581e-30,0.12505099177360535
a3525,/mnt/data_disk/HDRData/1000hdr/HDRtest/a3525-IMG_0713.exr,/mnt/data_disk/ZQL/TIP_TMO_result/tradition/ReinhardDevlin/a3525.png,341,512,0.9283809668457959,0.9626282607610088,0.5878755142969957,0.4884867289934604,0.9709084019300301,0.006065056056890651,0.18591944873332977
a3529,/mnt/data_disk/HDRData/1000hdr/HDRtest/a3529-WP_CRW_0659.exr,/mnt/data_disk/ZQL/TIP_TMO_result/tradition/ReinhardDevlin/a3529.png,341,512,0.8998347086924962,0.9088382943105394,0.4999689546373373,0.4431328078004978,0.8772078409013854,0.009057774699610246,0.1660892814397812
a3531,/mnt/data_disk/HDRData/1000hdr/HDRtest/a3531-07-06-30-at-04h02m08s-_MG_1936.exr,/mnt/data_disk/ZQL/TIP_TMO_result/tradition/ReinhardDevlin/a3531.png,341,512,0.7410459409875276,0.7599653544815472,0.00419847735322307,0.23552090964216257,0.47104181928432515,6.470130591908123e-38,0.1677892804145813
a3540,/mnt/data_disk/HDRData/1000hdr/HDRtest/a3540-07-12-02-at-14h05m14s-_MG_8949.exr,/mnt/data_disk/ZQL/TIP_TMO_result/tradition/ReinhardDevlin/a3540.png,341,512,0.8372343967094649,0.860750281098371,0.23771183339377142,0.35958521207175476,0.7191215618100095,4.886233350003281e-05,0.23709449172019958
a3541,/mnt/data_disk/HDRData/1000hdr/HDRtest/a3541-IMG_4107.exr,/mnt/data_disk/ZQL/TIP_TMO_result/tradition/ReinhardDevlin/a3541.png,341,512,0.7800954495678554,0.8555907526639277,0.028754869155000175,0.30436721870267214,0.6087344374031931,2.151181310660959e-12,0.1371522694826126
a3545,/mnt/data_disk/HDRData/1000hdr/HDRtest/a3545-jmac_DSC0491.exr,/mnt/data_disk/ZQL/TIP_TMO_result/tradition/ReinhardDevlin/a3545.png,340,512,0.8311034033747317,0.8857435562423973,0.18005597137159657,0.37822543250210905,0.7564503595513691,5.054528490005318e-07,0.09949863702058792
a3548,/mnt/data_disk/HDRData/1000hdr/HDRtest/a3548-CRW_0993.exr,/mnt/data_disk/ZQL/TIP_TMO_result/tradition/ReinhardDevlin/a3548.png,341,512,0.8272212925912471,0.890690326750431,0.15809819100346068,0.4343570465595001,0.8687140931189575,4.257923950273855e-14,0.12325706332921982
a3549,/mnt/data_disk/HDRData/1000hdr/HDRtest/a3549-KE_-2455.exr,/mnt/data_disk/ZQL/TIP_TMO_result/tradition/ReinhardDevlin/a3549.png,340,512,0.93404213163576,0.9225184826056373,0.6865610653518619,0.3895898069349388,0.7787541737176549,0.0004254401522227033,0.13250969350337982
a3557,/mnt/data_disk/HDRData/1000hdr/HDRtest/a3557-IMG_1507.exr,/mnt/data_disk/ZQL/TIP_TMO_result/tradition/ReinhardDevlin/a3557.png,341,512,0.806943454531172,0.9055119453046625,0.0680987058171981,0.4247797417963152,0.8495594502346371,3.335799341627558e-08,0.1008012667298317
a3563,/mnt/data_disk/HDRData/1000hdr/HDRtest/a3563-07-11-30-at-15h55m08s-_MG_8326.exr,/mnt/data_disk/ZQL/TIP_TMO_result/tradition/ReinhardDevlin/a3563.png,341,512,0.8110443630814782,0.899453814345175,0.08726412234072682,0.3785524366636967,0.7468646779204305,0.010240195406962823,0.16333584487438202
a3571,/mnt/data_disk/HDRData/1000hdr/HDRtest/a3571-IMG_0290.exr,/mnt/data_disk/ZQL/TIP_TMO_result/tradition/ReinhardDevlin/a3571.png,341,512,0.7954375592592022,0.8254998529467468,0.10301282212005583,0.4324077732690824,0.8614407341454455,0.003374812392719349,0.060726966708898544
a3575,/mnt/data_disk/HDRData/1000hdr/HDRtest/a3575-IMG_0834.exr,/mnt/data_disk/ZQL/TIP_TMO_result/tradition/ReinhardDevlin/a3575.png,341,512,0.8082173619050369,0.8431576327404614,0.13304336067329933,0.3921258568640367,0.7842517137280731,3.2371411527267257e-16,0.22745703160762787
a3576,/mnt/data_disk/HDRData/1000hdr/HDRtest/a3576-LS051026_day_15_LL003.exr,/mnt/data_disk/ZQL/TIP_TMO_result/tradition/ReinhardDevlin/a3576.png,341,512,0.8287484384693182,0.8833826562180772,0.17265966802049157,0.4277502868797896,0.8555005737487713,1.0807956434696512e-11,0.18574325740337372
a3585,/mnt/data_disk/HDRData/1000hdr/HDRtest/a3585-IMG_4211.exr,/mnt/data_disk/ZQL/TIP_TMO_result/tradition/ReinhardDevlin/a3585.png,341,512,0.7501802660605976,0.7895076072759464,0.004973054105417678,0.29443648418873336,0.5888729683774667,5.45623821588798e-30,0.1354903131723404
a3586,/mnt/data_disk/HDRData/1000hdr/HDRtest/a3586-IMG_4591.exr,/mnt/data_disk/ZQL/TIP_TMO_result/tradition/ReinhardDevlin/a3586.png,341,512,0.7961209564843794,0.797327021359837,0.13598248097819876,0.3991564167892231,0.7983128335781986,2.475671869283562e-13,0.1945808082818985
a3588,/mnt/data_disk/HDRData/1000hdr/HDRtest/a3588-CRW_0983.exr,/mnt/data_disk/ZQL/TIP_TMO_result/tradition/ReinhardDevlin/a3588.png,341,512,0.8987595780178481,0.8950625680196319,0.5147447788445371,0.4009142823596202,0.8018285647005411,1.86992529747731e-11,0.16033998131752014
a3591,/mnt/data_disk/HDRData/1000hdr/HDRtest/a3591-07-11-30-at-16h19m33s-_MG_8384.exr,/mnt/data_disk/ZQL/TIP_TMO_result/tradition/ReinhardDevlin/a3591.png,341,512,0.8437984726566539,0.9057942686074538,0.21279053231628345,0.3932753564661139,0.786283258728254,0.00026745420397376326,0.20388111472129822
a3593,/mnt/data_disk/HDRData/1000hdr/HDRtest/a3593-_DSC5689.exr,/mnt/data_disk/ZQL/TIP_TMO_result/tradition/ReinhardDevlin/a3593.png,341,512,0.895842182801472,0.7907906280201051,0.6716049926577289,0.36941440173833756,0.7386534501738872,0.00017535330278793164,0.27413639426231384
a3600,/mnt/data_disk/HDRData/1000hdr/HDRtest/a3600-JI2E3496.exr,/mnt/data_disk/ZQL/TIP_TMO_result/tradition/ReinhardDevlin/a3600.png,341,512,0.8992420732592475,0.8735779908889322,0.5513396640000514,0.41623223606872584,0.7757472591837005,0.05671721295375116,0.23306792974472046
a3602,/mnt/data_disk/HDRData/1000hdr/HDRtest/a3602-_DSC9759.exr,/mnt/data_disk/ZQL/TIP_TMO_result/tradition/ReinhardDevlin/a3602.png,341,512,0.7814657169804089,0.8734297233195194,0.020452455246541573,0.3457953499643127,0.6915906999286254,5.6859647498534486e-18,0.1556394398212433
a3605,/mnt/data_disk/HDRData/1000hdr/HDRtest/a3605-IMG_2772.exr,/mnt/data_disk/ZQL/TIP_TMO_result/tradition/ReinhardDevlin/a3605.png,341,512,0.7810650495911593,0.8900661198525617,0.01035119032235536,0.4038851350600667,0.8077702701201334,2.324057723515071e-34,0.11745088547468185
a3608,/mnt/data_disk/HDRData/1000hdr/HDRtest/a3608-NKIM_MG_7004.exr,/mnt/data_disk/ZQL/TIP_TMO_result/tradition/ReinhardDevlin/a3608.png,341,512,0.9390983507739223,0.9338397874571069,0.7002523923360693,0.4881963623576228,0.9224469649226614,0.05394575979258418,0.11354079842567444
a3609,/mnt/data_disk/HDRData/1000hdr/HDRtest/a3609-IMG_1702.exr,/mnt/data_disk/ZQL/TIP_TMO_result/tradition/ReinhardDevlin/a3609.png,341,512,0.8248006901643251,0.9189458486645627,0.118982127030101,0.3508595162215294,0.7016015469440313,0.00011748549902740415,0.15414351224899292
a3613,/mnt/data_disk/HDRData/1000hdr/HDRtest/a3613-_DSC3264.exr,/mnt/data_disk/ZQL/TIP_TMO_result/tradition/ReinhardDevlin/a3613.png,341,512,0.8079886832624233,0.8292829329378393,0.14748421382101834,0.3549387298965612,0.7098774597931129,9.536244083564459e-15,0.22065149247646332
a3623,/mnt/data_disk/HDRData/1000hdr/HDRtest/a3623-20051220_201437__MG_9239.exr,/mnt/data_disk/ZQL/TIP_TMO_result/tradition/ReinhardDevlin/a3623.png,341,512,0.8841826421701657,0.8258056418354289,0.5394400810765633,0.42914131819100537,0.8582820106131221,6.257688885862703e-07,0.29546600580215454
a3624,/mnt/data_disk/HDRData/1000hdr/HDRtest/a3624-DSC_0070.exr,/mnt/data_disk/ZQL/TIP_TMO_result/tradition/ReinhardDevlin/a3624.png,340,512,0.8762137328780621,0.9546184734146118,0.30794994480133453,0.44081527800988496,0.8816063040926166,2.4251927153251687e-05,0.12073244154453278
a3628,/mnt/data_disk/HDRData/1000hdr/HDRtest/a3628-_DSC9996.exr,/mnt/data_disk/ZQL/TIP_TMO_result/tradition/ReinhardDevlin/a3628.png,341,512,0.7663999279014269,0.8084787214257344,0.027182947998762166,0.2677859866652881,0.5355719733305762,6.3650325910031006e-27,0.19193828105926514
a3633,/mnt/data_disk/HDRData/1000hdr/HDRtest/a3633-JI2E3892.exr,/mnt/data_disk/ZQL/TIP_TMO_result/tradition/ReinhardDevlin/a3633.png,341,512,0.7935173653666292,0.8767774926027279,0.049981361340176764,0.34217621073296994,0.6843524198666984,1.599241511519752e-09,0.11023015528917313
a3634,/mnt/data_disk/HDRData/1000hdr/HDRtest/a3634-IMG_4959.exr,/mnt/data_disk/ZQL/TIP_TMO_result/tradition/ReinhardDevlin/a3634.png,341,512,0.9119981963011957,0.8794203384310901,0.6192906459227419,0.8914731090471177,0.7869110744695963,0.9960351436246391,0.26125237345695496
a3635,/mnt/data_disk/HDRData/1000hdr/HDRtest/a3635-IMG_4031.exr,/mnt/data_disk/ZQL/TIP_TMO_result/tradition/ReinhardDevlin/a3635.png,341,512,0.9082789448314844,0.8426549504043468,0.6581394456020638,0.41647894928601664,0.8326954710917464,0.0002624274802869853,0.26457473635673523
a3636,/mnt/data_disk/HDRData/1000hdr/HDRtest/a3636-20041222_195608__E6B6989.exr,/mnt/data_disk/ZQL/TIP_TMO_result/tradition/ReinhardDevlin/a3636.png,341,512,0.7710937978855935,0.7448899746599934,0.0991658052797824,0.2633403124639935,0.526680624927987,3.2337924726401715e-19,0.13315896689891815
a3641,/mnt/data_disk/HDRData/1000hdr/HDRtest/a3641-_DSC4628.exr,/mnt/data_disk/ZQL/TIP_TMO_result/tradition/ReinhardDevlin/a3641.png,341,512,0.9103263104973793,0.8744030244635743,0.6172527179264742,0.44956032959173897,0.8948457131155592,0.0042749460679188354,0.2963619828224182
a3644,/mnt/data_disk/HDRData/1000hdr/HDRtest/a3644-jmac_MG_5959.exr,/mnt/data_disk/ZQL/TIP_TMO_result/tradition/ReinhardDevlin/a3644.png,341,512,0.8249464009449807,0.8790799661487406,0.16146848649485104,0.43109974044031946,0.8621994793510407,1.5295982394426078e-09,0.2178450971841812
a3649,/mnt/data_disk/HDRData/1000hdr/HDRtest/a3649-WP_CRW_0691.exr,/mnt/data_disk/ZQL/TIP_TMO_result/tradition/ReinhardDevlin/a3649.png,341,512,0.8318434198264942,0.9375461566483789,0.12770922179275115,0.3890155155082032,0.7780310161341891,1.4882217291612938e-08,0.09336911886930466
a3654,/mnt/data_disk/HDRData/1000hdr/HDRtest/a3654-IMG_0777.exr,/mnt/data_disk/ZQL/TIP_TMO_result/tradition/ReinhardDevlin/a3654.png,341,512,0.8712414826769368,0.8574136223484344,0.41574149817538586,0.36538784344565495,0.73074632479957,2.9362091739904408e-05,0.1896006464958191
a3658,/mnt/data_disk/HDRData/1000hdr/HDRtest/a3658-jmac_MG_0418.exr,/mnt/data_disk/ZQL/TIP_TMO_result/tradition/ReinhardDevlin/a3658.png,341,512,0.8050937653860185,0.8715151832746257,0.09243496536902918,0.3305003814810865,0.6610007593184076,3.6437653835081663e-09,0.13517434895038605
a3670,/mnt/data_disk/HDRData/1000hdr/HDRtest/a3670-jmac_MG_5917.exr,/mnt/data_disk/ZQL/TIP_TMO_result/tradition/ReinhardDevlin/a3670.png,341,512,0.8291694848628027,0.9442164318087163,0.11100560716333575,0.4499077505178799,0.8998154833972523,1.763850751180701e-08,0.11995748430490494
a3673,/mnt/data_disk/HDRData/1000hdr/HDRtest/a3673-_DSC1109.exr,/mnt/data_disk/ZQL/TIP_TMO_result/tradition/ReinhardDevlin/a3673.png,341,512,0.9210270294430587,0.8787012918031695,0.6769577378565734,0.5979755828971667,0.8927070147762914,0.30324415101804186,0.3369421660900116
a3677,/mnt/data_disk/HDRData/1000hdr/HDRtest/a3677-IMG_4696.exr,/mnt/data_disk/ZQL/TIP_TMO_result/tradition/ReinhardDevlin/a3677.png,341,512,0.8207385978752991,0.9084228923573446,0.1139448602073176,0.45675803896882694,0.9135160779376488,5.085510180043935e-15,0.19038113951683044
a3686,/mnt/data_disk/HDRData/1000hdr/HDRtest/a3686-jmac_MG_0353.exr,/mnt/data_disk/ZQL/TIP_TMO_result/tradition/ReinhardDevlin/a3686.png,341,512,0.9312570908349675,0.8836230434153312,0.7341313672131887,0.456299136563707,0.8895262472576285,0.023072025869785504,0.30778858065605164
a3688,/mnt/data_disk/HDRData/1000hdr/HDRtest/a3688-jmac_MG_1424.exr,/mnt/data_disk/ZQL/TIP_TMO_result/tradition/ReinhardDevlin/a3688.png,341,512,0.9292433207358031,0.9478326482311966,0.615972908426335,0.5341308816975242,0.9145353581107764,0.15372640528427206,0.17829765379428864
a3689,/mnt/data_disk/HDRData/1000hdr/HDRtest/a3689-JI2E3798.exr,/mnt/data_disk/ZQL/TIP_TMO_result/tradition/ReinhardDevlin/a3689.png,341,512,0.7048441389037285,0.6361553512195518,0.00848100673822867,0.38265911653549967,0.7653182330709993,1.72188076503118e-23,0.12292183190584183
a3696,/mnt/data_disk/HDRData/1000hdr/HDRtest/a3696-jmac_DSC1242.exr,/mnt/data_disk/ZQL/TIP_TMO_result/tradition/ReinhardDevlin/a3696.png,343,512,0.9555602456750201,0.9122334225273758,0.8452527076046186,0.46952976142648783,0.937185544021817,0.0018739788311586763,0.19288991391658783
a3697,/mnt/data_disk/HDRData/1000hdr/HDRtest/a3697-07-11-24-at-16h05m35s-_MG_6729.exr,/mnt/data_disk/ZQL/TIP_TMO_result/tradition/ReinhardDevlin/a3697.png,341,512,0.8234091415062205,0.9026512551808558,0.1300148370835031,0.4325509428717959,0.865101876765378,8.978213892429527e-09,0.17422866821289062
a3700,/mnt/data_disk/HDRData/1000hdr/HDRtest/a3700-tc_DSC1892.exr,/mnt/data_disk/ZQL/TIP_TMO_result/tradition/ReinhardDevlin/a3700.png,340,512,0.7834980396252385,0.8589869439360828,0.03520960667506912,0.320346829888029,0.640693659776058,2.3262760318712713e-29,0.13388079404830933
a3706,/mnt/data_disk/HDRData/1000hdr/HDRtest/a3706-dgw_065.exr,/mnt/data_disk/ZQL/TIP_TMO_result/tradition/ReinhardDevlin/a3706.png,341,512,0.9237233876529936,0.8384310345810613,0.7648397350012053,0.44212497230746367,0.8595867492633738,0.024663195351553556,0.32006940245628357
a3707,/mnt/data_disk/HDRData/1000hdr/HDRtest/a3707-NKIM_121.exr,/mnt/data_disk/ZQL/TIP_TMO_result/tradition/ReinhardDevlin/a3707.png,341,512,0.7786437601617976,0.771112412881007,0.09840710779779069,0.32542106155855033,0.6508421231171007,2.9406686041152736e-18,0.22376377880573273
a3710,/mnt/data_disk/HDRData/1000hdr/HDRtest/a3710-07-11-20-at-16h52m05s-_MG_5742.exr,/mnt/data_disk/ZQL/TIP_TMO_result/tradition/ReinhardDevlin/a3710.png,341,512,0.7732386028985647,0.8495372011642951,0.016549219955676053,0.3397992233017888,0.6795984466035775,1.5272639790242948e-16,0.10494053363800049
a3712,/mnt/data_disk/HDRData/1000hdr/HDRtest/a3712-IMG_4852.exr,/mnt/data_disk/ZQL/TIP_TMO_result/tradition/ReinhardDevlin/a3712.png,341,512,0.782759774018506,0.8899449595466109,0.013730652665486898,0.33781675819910456,0.6756335163982091,2.020343610259707e-30,0.13456961512565613
a3715,/mnt/data_disk/HDRData/1000hdr/HDRtest/a3715-_MG_7773.exr,/mnt/data_disk/ZQL/TIP_TMO_result/tradition/ReinhardDevlin/a3715.png,341,512,0.7706223980152701,0.7967685059975308,0.04767431156802019,0.3043402632996936,0.6086805265993872,1.7132641399828785e-20,0.24308662116527557
a3716,/mnt/data_disk/HDRData/1000hdr/HDRtest/a3716-IMG_0301.exr,/mnt/data_disk/ZQL/TIP_TMO_result/tradition/ReinhardDevlin/a3716.png,341,512,0.7134616683065075,0.6811764326336543,0.00033723014197903876,0.25842572646550543,0.5168514529310109,2.0733419291254062e-58,0.07218670845031738
a3719,/mnt/data_disk/HDRData/1000hdr/HDRtest/a3719-07-11-29-at-15h43m28s-_MG_8075.exr,/mnt/data_disk/ZQL/TIP_TMO_result/tradition/ReinhardDevlin/a3719.png,341,512,0.9178905266141721,0.8995497260508238,0.622767930109264,0.4445745310218608,0.8891454840076664,3.578036055183611e-06,0.3407793343067169
a3720,/mnt/data_disk/HDRData/1000hdr/HDRtest/a3720-jmac_MG_0851.exr,/mnt/data_disk/ZQL/TIP_TMO_result/tradition/ReinhardDevlin/a3720.png,341,512,0.8532016133560323,0.9079151058923174,0.2538775773439316,0.37129033513441456,0.7425806484381406,2.183068843843975e-08,0.1966378539800644
a3721,/mnt/data_disk/HDRData/1000hdr/HDRtest/a3721-KE_-01.exr,/mnt/data_disk/ZQL/TIP_TMO_result/tradition/ReinhardDevlin/a3721.png,340,512,0.9350765132195692,0.8666784177583233,0.7889086186743048,0.3989137575057535,0.7684720808166253,0.029355434194881572,0.21757492423057556
a3724,/mnt/data_disk/HDRData/1000hdr/HDRtest/a3724-20060101_092918__E6B0305.exr,/mnt/data_disk/ZQL/TIP_TMO_result/tradition/ReinhardDevlin/a3724.png,341,512,0.9805651594852792,0.9293423406368317,0.9876049261680035,0.7550186974237767,0.9643638205434278,0.5456735743041256,0.2716570496559143
a3727,/mnt/data_disk/HDRData/1000hdr/HDRtest/a3727-2004-01-18 11-49-42 CRW_2889.exr,/mnt/data_disk/ZQL/TIP_TMO_result/tradition/ReinhardDevlin/a3727.png,341,512,0.846552443999093,0.9537942258378984,0.1708320266013891,0.44466704396205725,0.8875681895913347,0.0017658983327797923,0.1617085486650467
a3729,/mnt/data_disk/HDRData/1000hdr/HDRtest/a3729-07-11-24-at-21h39m19s-_MG_6853.exr,/mnt/data_disk/ZQL/TIP_TMO_result/tradition/ReinhardDevlin/a3729.png,341,512,0.7546447268343445,0.7981764760115448,0.008217121943253256,0.28985321740277503,0.5797064348055501,7.03865838642435e-30,0.14728210866451263
a3730,/mnt/data_disk/HDRData/1000hdr/HDRtest/a3730-IMG_0113.exr,/mnt/data_disk/ZQL/TIP_TMO_result/tradition/ReinhardDevlin/a3730.png,341,512,0.8421527994126243,0.8059793237827032,0.3366919827252552,0.4389467329835663,0.6598307728420757,0.21806269312505686,0.2524864375591278
a3732,/mnt/data_disk/HDRData/1000hdr/HDRtest/a3732-_DGW6272.exr,/mnt/data_disk/ZQL/TIP_TMO_result/tradition/ReinhardDevlin/a3732.png,341,512,0.8085267397948084,0.908662520469593,0.07057964460846683,0.38591287916283185,0.7718257583256632,3.980047528957746e-16,0.12466420233249664
a3733,/mnt/data_disk/HDRData/1000hdr/HDRtest/a3733-WP_CRW_4827.exr,/mnt/data_disk/ZQL/TIP_TMO_result/tradition/ReinhardDevlin/a3733.png,341,512,0.8398338806378733,0.8135464937012095,0.31388361591655023,0.30460008153788287,0.6089952854363953,0.00020487763937050935,0.17200690507888794
a3735,/mnt/data_disk/HDRData/1000hdr/HDRtest/a3735-_MG_7825.exr,/mnt/data_disk/ZQL/TIP_TMO_result/tradition/ReinhardDevlin/a3735.png,341,512,0.8127696922085242,0.8638623438850528,0.12876789699687533,0.43448303831053264,0.8689660766210653,3.3150211984079195e-18,0.21874535083770752
a3737,/mnt/data_disk/HDRData/1000hdr/HDRtest/a3737-dgw_022.exr,/mnt/data_disk/ZQL/TIP_TMO_result/tradition/ReinhardDevlin/a3737.png,341,512,0.7948132435054698,0.8109498368262661,0.11589657887236361,0.31898592588062114,0.6379718517612312,1.1068146123804913e-14,0.21046525239944458
a3739,/mnt/data_disk/HDRData/1000hdr/HDRtest/a3739-KE_-0068.exr,/mnt/data_disk/ZQL/TIP_TMO_result/tradition/ReinhardDevlin/a3739.png,340,512,0.8653668218826653,0.9068350976234,0.31508966139434036,0.4697088123340888,0.9394136189795946,4.005688582950682e-06,0.12328993529081345
a3740,/mnt/data_disk/HDRData/1000hdr/HDRtest/a3740-_DSC1411.exr,/mnt/data_disk/ZQL/TIP_TMO_result/tradition/ReinhardDevlin/a3740.png,341,512,0.7393455057025267,0.7603273034359292,0.0018531696382196726,0.22685127938043653,0.45370255876087306,8.647229966667501e-36,0.11923959851264954
a3742,/mnt/data_disk/HDRData/1000hdr/HDRtest/a3742-IMG_0206.exr,/mnt/data_disk/ZQL/TIP_TMO_result/tradition/ReinhardDevlin/a3742.png,341,512,0.8246367353949721,0.7684981690653636,0.30252622549107977,0.4119124135157058,0.823824824034304,2.9971075432261496e-09,0.2698068618774414
a3743,/mnt/data_disk/HDRData/1000hdr/HDRtest/a3743-DSC_0038.exr,/mnt/data_disk/ZQL/TIP_TMO_result/tradition/ReinhardDevlin/a3743.png,340,512,0.8168970539501693,0.8473877533812074,0.16363616337305323,0.3731444948589337,0.7190467327922837,0.02724225692558367,0.1087011992931366
a3744,/mnt/data_disk/HDRData/1000hdr/HDRtest/a3744-NKIM_MG_6757.exr,/mnt/data_disk/ZQL/TIP_TMO_result/tradition/ReinhardDevlin/a3744.png,341,512,0.7430310979413864,0.7559162553209048,0.009432367674644756,0.3187890617271643,0.6375781234543286,1.5916548308385242e-34,0.18902073800563812
a3749,/mnt/data_disk/HDRData/1000hdr/HDRtest/a3749-IMG_4592.exr,/mnt/data_disk/ZQL/TIP_TMO_result/tradition/ReinhardDevlin/a3749.png,341,512,0.8234136863079294,0.7519289145947742,0.32107525746184845,0.415527131046285,0.8310542620903751,2.194961719056126e-12,0.24578757584095
a3750,/mnt/data_disk/HDRData/1000hdr/HDRtest/a3750-IMG_4253.exr,/mnt/data_disk/ZQL/TIP_TMO_result/tradition/ReinhardDevlin/a3750.png,341,512,0.7402354795451709,0.7251344162904337,0.02309183085388846,0.2690717406602204,0.5381434813204408,3.3379587646042805e-25,0.1955641359090805
a3753,/mnt/data_disk/HDRData/1000hdr/HDRtest/a3753-dgw_073.exr,/mnt/data_disk/ZQL/TIP_TMO_result/tradition/ReinhardDevlin/a3753.png,341,512,0.8265298418138397,0.8361570494312569,0.2193564158174309,0.701003983390988,0.8749383705565463,0.5270695962254296,0.422855406999588
a3754,/mnt/data_disk/HDRData/1000hdr/HDRtest/a3754-050731_151704__I2E5362.exr,/mnt/data_disk/ZQL/TIP_TMO_result/tradition/ReinhardDevlin/a3754.png,341,512,0.8196774713213449,0.9373546632537851,0.08317188778527498,0.36682201361868755,0.7336440250878488,2.149526334651548e-09,0.12314236164093018
a3756,/mnt/data_disk/HDRData/1000hdr/HDRtest/a3756-jmac_MG_5949.exr,/mnt/data_disk/ZQL/TIP_TMO_result/tradition/ReinhardDevlin/a3756.png,341,512,0.8550346633379918,0.8823931800267913,0.29556534884210717,0.4301123540808728,0.8597065538657921,0.0005181542959534418,0.1423117220401764
a3760,/mnt/data_disk/HDRData/1000hdr/HDRtest/a3760-IMG_2504.exr,/mnt/data_disk/ZQL/TIP_TMO_result/tradition/ReinhardDevlin/a3760.png,341,512,0.8004888957082623,0.9699239875311699,0.00838299777584212,0.34927640445452257,0.6985528089090451,1.7753765082844716e-27,0.10489034652709961
a3764,/mnt/data_disk/HDRData/1000hdr/HDRtest/a3764-20060618_093109__MG_8792.exr,/mnt/data_disk/ZQL/TIP_TMO_result/tradition/ReinhardDevlin/a3764.png,341,512,0.8808056819396559,0.896009998258563,0.41157837409065157,0.457488736550713,0.9149774730951766,6.2493124989359396e-12,0.20735687017440796
a3766,/mnt/data_disk/HDRData/1000hdr/HDRtest/a3766-20041219_194831__E6B5558.exr,/mnt/data_disk/ZQL/TIP_TMO_result/tradition/ReinhardDevlin/a3766.png,341,512,0.6543118192222338,0.5139770606228757,3.4312368237542204e-05,0.17211744261720585,0.3442348852344117,8.16583010832576e-77,0.08360293507575989
a3769,/mnt/data_disk/HDRData/1000hdr/HDRtest/a3769-IMG_3943.exr,/mnt/data_disk/ZQL/TIP_TMO_result/tradition/ReinhardDevlin/a3769.png,341,512,0.7920319423938627,0.9214825897473166,0.015865533279252386,0.3204573732792258,0.6409147465584516,1.8848846449747865e-26,0.11540225148200989
a3771,/mnt/data_disk/HDRData/1000hdr/HDRtest/a3771-07-06-01-at-13h03m06-s_MG_1256.exr,/mnt/data_disk/ZQL/TIP_TMO_result/tradition/ReinhardDevlin/a3771.png,341,512,0.8852251864242874,0.8578993695523053,0.49385419644721384,0.4446890747227569,0.8893590095446443,1.9139900869595343e-05,0.25630983710289
a3772,/mnt/data_disk/HDRData/1000hdr/HDRtest/a3772-dgw_123.exr,/mnt/data_disk/ZQL/TIP_TMO_result/tradition/ReinhardDevlin/a3772.png,341,512,0.839963545683042,0.898204723793112,0.2044947912212558,0.36524292934355324,0.7304858561349611,2.5521453725954855e-09,0.2250208854675293
a3774,/mnt/data_disk/HDRData/1000hdr/HDRtest/a3774-_DSC0017.exr,/mnt/data_disk/ZQL/TIP_TMO_result/tradition/ReinhardDevlin/a3774.png,340,512,0.8824388498471465,0.8672797883145352,0.46337272840819094,0.587810283549337,0.7918435131148142,0.38377705398385975,0.16392196714878082
a3778,/mnt/data_disk/HDRData/1000hdr/HDRtest/a3778-IMG_4838.exr,/mnt/data_disk/ZQL/TIP_TMO_result/tradition/ReinhardDevlin/a3778.png,341,512,0.9359647933869709,0.8247690458719668,0.872138288640239,0.8888138351770023,0.7886971884384565,0.988930481915548,0.28649672865867615
a3780,/mnt/data_disk/HDRData/1000hdr/HDRtest/a3780-JI2E3902.exr,/mnt/data_disk/ZQL/TIP_TMO_result/tradition/ReinhardDevlin/a3780.png,341,512,0.8070850519618212,0.9124779271368341,0.06272637920677472,0.4230954567543909,0.8461909135087422,3.960134165134259e-14,0.1523144245147705
a3781,/mnt/data_disk/HDRData/1000hdr/HDRtest/a3781-2004-06-24 06-45-08 CRW_2040.exr,/mnt/data_disk/ZQL/TIP_TMO_result/tradition/ReinhardDevlin/a3781.png,341,512,0.7976946404742493,0.9027855404138267,0.04214460198622764,0.3979806242025604,0.7959612484051208,9.091223793235914e-25,0.09202276915311813
a3783,/mnt/data_disk/HDRData/1000hdr/HDRtest/a3783-KE_-0052.exr,/mnt/data_disk/ZQL/TIP_TMO_result/tradition/ReinhardDevlin/a3783.png,340,512,0.7896860082402003,0.7905491999946728,0.11849500848792024,0.31848493289859964,0.6369698657971993,1.7781062610696742e-17,0.14020732045173645
a3786,/mnt/data_disk/HDRData/1000hdr/HDRtest/a3786-_I2E8191.exr,/mnt/data_disk/ZQL/TIP_TMO_result/tradition/ReinhardDevlin/a3786.png,341,512,0.8605623452184076,0.9101357660483282,0.2867516322159227,0.4010624326948879,0.8021247875176385,7.787213727284683e-08,0.18227115273475647
a3796,/mnt/data_disk/HDRData/1000hdr/HDRtest/a3796-NKIM_MG_7319.exr,/mnt/data_disk/ZQL/TIP_TMO_result/tradition/ReinhardDevlin/a3796.png,341,512,0.8688209920828306,0.8335341323555505,0.4386142494284472,0.39009923184867856,0.6495915813099002,0.13060688238745688,0.2593843340873718
a3798,/mnt/data_disk/HDRData/1000hdr/HDRtest/a3798-IMG_2539.exr,/mnt/data_disk/ZQL/TIP_TMO_result/tradition/ReinhardDevlin/a3798.png,341,512,0.8988458287713514,0.880416625084706,0.5381115132724409,0.9051616973043406,0.8190986348561147,0.9912247597525664,0.22116120159626007
a3800,/mnt/data_disk/HDRData/1000hdr/HDRtest/a3800-dgw_090.exr,/mnt/data_disk/ZQL/TIP_TMO_result/tradition/ReinhardDevlin/a3800.png,341,512,0.781136187397799,0.8398945122250361,0.04309817217446208,0.38647910341569824,0.7729582068313965,2.6912667713547046e-26,0.17225581407546997
a3804,/mnt/data_disk/HDRData/1000hdr/HDRtest/a3804-_DSC3608.exr,/mnt/data_disk/ZQL/TIP_TMO_result/tradition/ReinhardDevlin/a3804.png,343,512,0.7463862488218291,0.78215038683325,0.002645384940623351,0.3511700367542721,0.7023400735085442,6.105154636388373e-42,0.08138787746429443
a3816,/mnt/data_disk/HDRData/1000hdr/HDRtest/a3816-jmac_DSC3118.exr,/mnt/data_disk/ZQL/TIP_TMO_result/tradition/ReinhardDevlin/a3816.png,340,512,0.8747590061303687,0.9475343144005761,0.3096409747236457,0.46498681612823173,0.9299577325310195,1.5899725443923237e-05,0.155887171626091
a3820,/mnt/data_disk/HDRData/1000hdr/HDRtest/a3820-dgw_025.exr,/mnt/data_disk/ZQL/TIP_TMO_result/tradition/ReinhardDevlin/a3820.png,341,512,0.5737465634967664,0.28449300202947964,0.06112548920883622,0.28153186223063437,0.56306372444774,1.3528778129694579e-11,0.13921716809272766
a3822,/mnt/data_disk/HDRData/1000hdr/HDRtest/a3822-07-11-21-at-09h53m21s-_MG_5852.exr,/mnt/data_disk/ZQL/TIP_TMO_result/tradition/ReinhardDevlin/a3822.png,341,512,0.8740746700919149,0.9252211039149923,0.33524052227995416,0.46692416599538666,0.9338464090978954,1.9228928779359267e-06,0.13099391758441925
a3827,/mnt/data_disk/HDRData/1000hdr/HDRtest/a3827-JI2E3823.exr,/mnt/data_disk/ZQL/TIP_TMO_result/tradition/ReinhardDevlin/a3827.png,341,512,0.726485484192979,0.6805040039621185,0.023499614152059096,0.3848013397614758,0.7696026795229512,3.68066864045964e-16,0.1377377212047577
a3830,/mnt/data_disk/HDRData/1000hdr/HDRtest/a3830-LS_060715_8670.exr,/mnt/data_disk/ZQL/TIP_TMO_result/tradition/ReinhardDevlin/a3830.png,341,512,0.7967814611423535,0.8020569637052185,0.13325972313040413,0.40633401270667113,0.8126680254133423,8.062477276881751e-19,0.2246192842721939
a3832,/mnt/data_disk/HDRData/1000hdr/HDRtest/a3832-20060613_091536__MG_7749.exr,/mnt/data_disk/ZQL/TIP_TMO_result/tradition/ReinhardDevlin/a3832.png,341,512,0.8844094879264132,0.9053464683852767,0.4179129126340282,0.46295567621179406,0.9015204984372354,0.024390853986352743,0.2238856703042984
a3833,/mnt/data_disk/HDRData/1000hdr/HDRtest/a3833-_DSC0003-2.exr,/mnt/data_disk/ZQL/TIP_TMO_result/tradition/ReinhardDevlin/a3833.png,340,512,0.8662790471265313,0.9093574966440809,0.3163780004405814,0.44855941814828765,0.8971188361662508,1.3032450761930438e-10,0.11797568947076797
a3834,/mnt/data_disk/HDRData/1000hdr/HDRtest/a3834-IMG_0007.exr,/mnt/data_disk/ZQL/TIP_TMO_result/tradition/ReinhardDevlin/a3834.png,341,512,0.8400225913584206,0.7604272706749824,0.3951743857142788,0.43773827512476526,0.8754765502459215,3.6090022005364304e-12,0.25356200337409973
a3846,/mnt/data_disk/HDRData/1000hdr/HDRtest/a3846-IMG_3087.exr,/mnt/data_disk/ZQL/TIP_TMO_result/tradition/ReinhardDevlin/a3846.png,341,512,0.7930584155957707,0.9064760501679034,0.02724917995810699,0.3770992066044795,0.754198413208959,1.8809938767607431e-28,0.12679751217365265
a3847,/mnt/data_disk/HDRData/1000hdr/HDRtest/a3847-NKIM_MG_6113.exr,/mnt/data_disk/ZQL/TIP_TMO_result/tradition/ReinhardDevlin/a3847.png,341,512,0.7217831996156612,0.6872110654640828,0.009069521875593647,0.37661364463238195,0.7532272892647639,6.2935342506712e-42,0.18188875913619995
a3848,/mnt/data_disk/HDRData/1000hdr/HDRtest/a3848-DSC_0024.exr,/mnt/data_disk/ZQL/TIP_TMO_result/tradition/ReinhardDevlin/a3848.png,340,512,0.9357310077257438,0.925562411602136,0.6923185148972654,0.6197059560865945,0.8709692652641301,0.36844264690905904,0.08538943529129028
a3851,/mnt/data_disk/HDRData/1000hdr/HDRtest/a3851-IMG_3430.exr,/mnt/data_disk/ZQL/TIP_TMO_result/tradition/ReinhardDevlin/a3851.png,341,512,0.7649878131359664,0.8188852953816341,0.01705702627836483,0.2478416705956791,0.4956833411913582,6.92814814517214e-26,0.11976886540651321
a3862,/mnt/data_disk/HDRData/1000hdr/HDRtest/a3862-JI2E0423.exr,/mnt/data_disk/ZQL/TIP_TMO_result/tradition/ReinhardDevlin/a3862.png,341,512,0.7810158766651815,0.8972042329601763,0.00692160012469707,0.2966035153942653,0.5932070307885307,3.548436088043438e-30,0.097636878490448
a3863,/mnt/data_disk/HDRData/1000hdr/HDRtest/a3863-IMG_1159.exr,/mnt/data_disk/ZQL/TIP_TMO_result/tradition/ReinhardDevlin/a3863.png,341,512,0.8048921864270135,0.8312223470638449,0.1329279688797306,0.43594437882657666,0.8718887576524648,6.885501660984621e-13,0.2038690447807312
a3864,/mnt/data_disk/HDRData/1000hdr/HDRtest/a3864-_DSC1992.exr,/mnt/data_disk/ZQL/TIP_TMO_result/tradition/ReinhardDevlin/a3864.png,341,512,0.6701945338233902,0.5486779914563499,0.002531153316660261,0.3583944876483361,0.7167889752966722,5.427041148744403e-26,0.1089826300740242
a3872,/mnt/data_disk/HDRData/1000hdr/HDRtest/a3872-IMG_4058.exr,/mnt/data_disk/ZQL/TIP_TMO_result/tradition/ReinhardDevlin/a3872.png,341,512,0.8595955896518294,0.8699245238428568,0.3356105746428042,0.3716211368790512,0.7425823938574069,0.0006598799006955253,0.2213645726442337
a3877,/mnt/data_disk/HDRData/1000hdr/HDRtest/a3877-KE_-0019.exr,/mnt/data_disk/ZQL/TIP_TMO_result/tradition/ReinhardDevlin/a3877.png,340,512,0.7409611124150208,0.5467646794995454,0.24966165846749258,0.22982186505197158,0.4596437300970848,6.8583652744645775e-12,0.2048109471797943
a3879,/mnt/data_disk/HDRData/1000hdr/HDRtest/a3879-IMG_0091.exr,/mnt/data_disk/ZQL/TIP_TMO_result/tradition/ReinhardDevlin/a3879.png,341,512,0.8305391302135984,0.8932276222127603,0.1691881972352325,0.4685915702266373,0.9371831394484751,1.0047994844574201e-09,0.20547576248645782
a3890,/mnt/data_disk/HDRData/1000hdr/HDRtest/a3890-IMG_4308.exr,/mnt/data_disk/ZQL/TIP_TMO_result/tradition/ReinhardDevlin/a3890.png,341,512,0.7547588278681729,0.8047710709174815,0.005305447137853325,0.29860637307641813,0.5972127461528363,4.6121114781644956e-38,0.13282513618469238
a3893,/mnt/data_disk/HDRData/1000hdr/HDRtest/a3893-_DGW6301.exr,/mnt/data_disk/ZQL/TIP_TMO_result/tradition/ReinhardDevlin/a3893.png,341,512,0.8187359591861483,0.8920626945059593,0.12268366676069789,0.40376847465746013,0.8075369493149198,4.00559709163698e-16,0.2638031840324402
a3899,/mnt/data_disk/HDRData/1000hdr/HDRtest/a3899-jmac_DSC2259.exr,/mnt/data_disk/ZQL/TIP_TMO_result/tradition/ReinhardDevlin/a3899.png,340,512,0.893469719745046,0.9341624361190962,0.4267817907891688,0.4442110743904129,0.888421359832176,7.889486498885062e-07,0.13954494893550873
a3900,/mnt/data_disk/HDRData/1000hdr/HDRtest/a3900-jmac_DSC5843.exr,/mnt/data_disk/ZQL/TIP_TMO_result/tradition/ReinhardDevlin/a3900.png,340,512,0.961936677521118,0.9642703237009246,0.7989988984457767,0.9379398624914397,0.9104799575970988,0.9653997673857807,0.14982208609580994
a3902,/mnt/data_disk/HDRData/1000hdr/HDRtest/a3902-jmac_DSC3970.exr,/mnt/data_disk/ZQL/TIP_TMO_result/tradition/ReinhardDevlin/a3902.png,340,512,0.7902191725322242,0.8146448754509955,0.09513181519775472,0.3921631215441227,0.7843262430861985,2.046926098035759e-12,0.09517309069633484
a3903,/mnt/data_disk/HDRData/1000hdr/HDRtest/a3903-IMG_2386.exr,/mnt/data_disk/ZQL/TIP_TMO_result/tradition/ReinhardDevlin/a3903.png,341,512,0.8036926995374482,0.8289547447104508,0.13068751092882883,0.30748292824200296,0.6149658564838717,1.3420672842666245e-13,0.1399911642074585
a3906,/mnt/data_disk/HDRData/1000hdr/HDRtest/a3906-LS051025_day_3_LL003.exr,/mnt/data_disk/ZQL/TIP_TMO_result/tradition/ReinhardDevlin/a3906.png,341,512,0.8401189942504478,0.8691857345270931,0.2405538598019422,0.3748058588040554,0.7496117175958613,1.2249542689545078e-11,0.19793914258480072
a3911,/mnt/data_disk/HDRData/1000hdr/HDRtest/a3911-07-07-01-at-10h50m55s-_MG_2028.exr,/mnt/data_disk/ZQL/TIP_TMO_result/tradition/ReinhardDevlin/a3911.png,341,512,0.7533831853264678,0.7717266511656534,0.021302938603452674,0.3779142590337569,0.7558285180675138,1.581055810438473e-29,0.1773838847875595
a3913,/mnt/data_disk/HDRData/1000hdr/HDRtest/a3913-IMG_0289.exr,/mnt/data_disk/ZQL/TIP_TMO_result/tradition/ReinhardDevlin/a3913.png,341,512,0.7525023198037091,0.8046165796913036,0.00224595128427026,0.34399658070416406,0.6879931614083281,1.05974086635737e-34,0.09879792481660843
a3914,/mnt/data_disk/HDRData/1000hdr/HDRtest/a3914-DSC_0002-1.exr,/mnt/data_disk/ZQL/TIP_TMO_result/tradition/ReinhardDevlin/a3914.png,340,512,0.8512648968822386,0.8585148597093948,0.308828399076851,0.32540794031056164,0.6507749082132508,4.097240787243221e-05,0.1538192182779312
a3919,/mnt/data_disk/HDRData/1000hdr/HDRtest/a3919-KE_-1608.exr,/mnt/data_disk/ZQL/TIP_TMO_result/tradition/ReinhardDevlin/a3919.png,340,512,0.7832125785518623,0.7333409972383452,0.159998393205511,0.3063057046094689,0.6126114092189224,1.5332805251541154e-14,0.16257840394973755
a3923,/mnt/data_disk/HDRData/1000hdr/HDRtest/a3923-_DSC0095.exr,/mnt/data_disk/ZQL/TIP_TMO_result/tradition/ReinhardDevlin/a3923.png,340,512,0.9190326937584832,0.8649638087304241,0.6877119552290688,0.44755187920706163,0.8688201737258464,0.026283584688276854,0.14692659676074982
a3924,/mnt/data_disk/HDRData/1000hdr/HDRtest/a3924-_DSC6358.exr,/mnt/data_disk/ZQL/TIP_TMO_result/tradition/ReinhardDevlin/a3924.png,341,512,0.6934689422635603,0.5913793543028076,0.016278560440866514,0.2560522634887457,0.5121045269774914,9.569755579052132e-43,0.23476535081863403
a3926,/mnt/data_disk/HDRData/1000hdr/HDRtest/a3926-dgw_077.exr,/mnt/data_disk/ZQL/TIP_TMO_result/tradition/ReinhardDevlin/a3926.png,341,512,0.7388211765856234,0.6818888355688583,0.05615088922610978,0.33853248068814307,0.6770649613762861,4.039141078140404e-26,0.1873219609260559
a3927,/mnt/data_disk/HDRData/1000hdr/HDRtest/a3927-IMG_6048.exr,/mnt/data_disk/ZQL/TIP_TMO_result/tradition/ReinhardDevlin/a3927.png,341,512,0.8400270359438206,0.8382035692040566,0.2805890955453405,0.4381229892639837,0.8762459758094121,2.718555225605633e-09,0.20922820270061493
a3930,/mnt/data_disk/HDRData/1000hdr/HDRtest/a3930-IMG_5083.exr,/mnt/data_disk/ZQL/TIP_TMO_result/tradition/ReinhardDevlin/a3930.png,341,512,0.86558045250141,0.8800679886968075,0.352611693583664,0.39363724239845027,0.7871939114691391,8.057332776149026e-05,0.2186911255121231
a3931,/mnt/data_disk/HDRData/1000hdr/HDRtest/a3931-_DGW6259.exr,/mnt/data_disk/ZQL/TIP_TMO_result/tradition/ReinhardDevlin/a3931.png,341,512,0.7377685564290511,0.5963818979562168,0.15603425227502732,0.27523921451392175,0.5504784290278435,2.12571935279561e-25,0.30989664793014526
a3940,/mnt/data_disk/HDRData/1000hdr/HDRtest/a3940-20050602_180025__MG_2820.exr,/mnt/data_disk/ZQL/TIP_TMO_result/tradition/ReinhardDevlin/a3940.png,341,512,0.8869536234354315,0.8954813906572557,0.44644809038031164,0.4699540136812605,0.9398554590580551,5.2568304465852495e-05,0.16873224079608917
a3943,/mnt/data_disk/HDRData/1000hdr/HDRtest/a3943-_DSC0054.exr,/mnt/data_disk/ZQL/TIP_TMO_result/tradition/ReinhardDevlin/a3943.png,340,512,0.8519002943897673,0.8960203231389169,0.2625732377551443,0.4429148861208837,0.8858297720046503,2.3711707466121376e-10,0.12349405139684677
a3947,/mnt/data_disk/HDRData/1000hdr/HDRtest/a3947-jmac_MG_1444.exr,/mnt/data_disk/ZQL/TIP_TMO_result/tradition/ReinhardDevlin/a3947.png,341,512,0.8107855617185614,0.7814674213736696,0.2181167274402775,0.3683902488891144,0.7367760367504832,4.461027745684597e-06,0.15284740924835205
a3948,/mnt/data_disk/HDRData/1000hdr/HDRtest/a3948-_DSC0045.exr,/mnt/data_disk/ZQL/TIP_TMO_result/tradition/ReinhardDevlin/a3948.png,340,512,0.795411101592008,0.8038118036509553,0.12594336940236697,0.42916311282660713,0.8583262256532094,4.928726448931824e-15,0.1632331907749176
a3954,/mnt/data_disk/HDRData/1000hdr/HDRtest/a3954-_MG_0841.exr,/mnt/data_disk/ZQL/TIP_TMO_result/tradition/ReinhardDevlin/a3954.png,341,512,0.9752808288816852,0.9208450695981945,0.9657893374489346,0.8692628093496868,0.8682636589061004,0.8702619597932731,0.24288176000118256
a3958,/mnt/data_disk/HDRData/1000hdr/HDRtest/a3958-_DSC3890.exr,/mnt/data_disk/ZQL/TIP_TMO_result/tradition/ReinhardDevlin/a3958.png,341,512,0.8195814188758612,0.9356114217401776,0.0843757986801517,0.41341209423523173,0.8268241884538663,1.6597197923312736e-11,0.10159875452518463
a3961,/mnt/data_disk/HDRData/1000hdr/HDRtest/a3961-_DSC0049.exr,/mnt/data_disk/ZQL/TIP_TMO_result/tradition/ReinhardDevlin/a3961.png,340,512,0.7587941939241991,0.6897302816991225,0.11646854592943807,0.367400477452797,0.7347911340918515,9.82081374256532e-06,0.11116882413625717
a3963,/mnt/data_disk/HDRData/1000hdr/HDRtest/a3963-jmac_DSC3835.exr,/mnt/data_disk/ZQL/TIP_TMO_result/tradition/ReinhardDevlin/a3963.png,340,512,0.9222309282176612,0.8812223660267722,0.6803265289698267,0.46889094547813653,0.9294292679004157,0.008352623055857338,0.1932937353849411
a3964,/mnt/data_disk/HDRData/1000hdr/HDRtest/a3964-NKIM_MG_6716.exr,/mnt/data_disk/ZQL/TIP_TMO_result/tradition/ReinhardDevlin/a3964.png,341,512,0.7528866502021904,0.8089578542710905,0.0013014747411523532,0.2566279960385991,0.5132559920771982,3.0305071341598116e-53,0.15199264883995056
a3970,/mnt/data_disk/HDRData/1000hdr/HDRtest/a3970-WP_Amanda_3rd_bday014.exr,/mnt/data_disk/ZQL/TIP_TMO_result/tradition/ReinhardDevlin/a3970.png,341,512,0.7291246365049991,0.7326216312149093,0.00013886614813252049,0.21087215274387255,0.4217443054877451,9.94645068138066e-75,0.05701112747192383
a3973,/mnt/data_disk/HDRData/1000hdr/HDRtest/a3973-DSC_0068-2.exr,/mnt/data_disk/ZQL/TIP_TMO_result/tradition/ReinhardDevlin/a3973.png,340,512,0.8744096056442776,0.8662868834386586,0.41996198571420307,0.44086524444185043,0.8725239421115016,0.009206546772199217,0.09821315854787827
a3975,/mnt/data_disk/HDRData/1000hdr/HDRtest/a3975-jmac_MG_5721.exr,/mnt/data_disk/ZQL/TIP_TMO_result/tradition/ReinhardDevlin/a3975.png,341,512,0.9092496960940764,0.9322544705414679,0.5195743248646183,0.48215443737467295,0.940386855838298,0.02392201891104792,0.12103685736656189
a3976,/mnt/data_disk/HDRData/1000hdr/HDRtest/a3976-Ja_Pe-10.exr,/mnt/data_disk/ZQL/TIP_TMO_result/tradition/ReinhardDevlin/a3976.png,288,512,0.8799571356913274,0.9222492776012372,0.3700685514509629,0.43233464958867984,0.86461034333062,5.895584673967558e-05,0.16258428990840912
a3991,/mnt/data_disk/HDRData/1000hdr/HDRtest/a3991-DSC_0005-2.exr,/mnt/data_disk/ZQL/TIP_TMO_result/tradition/ReinhardDevlin/a3991.png,340,512,0.8812202228968842,0.8779638244489811,0.44036927941956633,0.391229817835136,0.7823717411157475,8.789455452445967e-05,0.1466207653284073
a3992,/mnt/data_disk/HDRData/1000hdr/HDRtest/a3992-KE_-0044.exr,/mnt/data_disk/ZQL/TIP_TMO_result/tradition/ReinhardDevlin/a3992.png,340,512,0.7694945590904763,0.5767913473214067,0.33687096656848314,0.6548265076907351,0.8246763825188176,0.4849766328626526,0.09718829393386841
a3993,/mnt/data_disk/HDRData/1000hdr/HDRtest/a3993-IMG_2812.exr,/mnt/data_disk/ZQL/TIP_TMO_result/tradition/ReinhardDevlin/a3993.png,341,512,0.7298338581289283,0.5819720674753275,0.1443731455556964,0.41242562595033966,0.8140760374924245,0.010775214408254775,0.15228518843650818
a3995,/mnt/data_disk/HDRData/1000hdr/HDRtest/a3995-IMG_0187.exr,/mnt/data_disk/ZQL/TIP_TMO_result/tradition/ReinhardDevlin/a3995.png,341,512,0.7656746930966289,0.8263192114637388,0.01411966162348397,0.3496618460745162,0.6993236921490324,1.5309147475651993e-34,0.16633360087871552
a4001,/mnt/data_disk/HDRData/1000hdr/HDRtest/a4001-jn_20070824_0168.exr,/mnt/data_disk/ZQL/TIP_TMO_result/tradition/ReinhardDevlin/a4001.png,341,512,0.8005263930337894,0.8436094504705731,0.10329427521423896,0.41603523478573146,0.8320704667828436,2.788619307176327e-09,0.1291363686323166
a4003,/mnt/data_disk/HDRData/1000hdr/HDRtest/a4003-NKIM_MG_6603.exr,/mnt/data_disk/ZQL/TIP_TMO_result/tradition/ReinhardDevlin/a4003.png,341,512,0.801880902888812,0.8723816685468914,0.08045229880130539,0.33285058334221207,0.6657011666658887,1.8535433526389752e-11,0.18087002635002136
a4004,/mnt/data_disk/HDRData/1000hdr/HDRtest/a4004-050812_113412__MG_3770.exr,/mnt/data_disk/ZQL/TIP_TMO_result/tradition/ReinhardDevlin/a4004.png,341,512,0.7770235267673015,0.8291181564560794,0.03992306444554899,0.3879001026624748,0.7757995001067746,7.052181750472522e-07,0.11343280225992203
a4007,/mnt/data_disk/HDRData/1000hdr/HDRtest/a4007-_MG_7167.exr,/mnt/data_disk/ZQL/TIP_TMO_result/tradition/ReinhardDevlin/a4007.png,341,512,0.883659606687741,0.8700875416755044,0.4660130124028379,0.3908017952647245,0.7814885098320987,0.00011508069735032075,0.2491368055343628
a4008,/mnt/data_disk/HDRData/1000hdr/HDRtest/a4008-dgw_019.exr,/mnt/data_disk/ZQL/TIP_TMO_result/tradition/ReinhardDevlin/a4008.png,341,512,0.8202961634015911,0.8922611269969224,0.12853178632413395,0.37439234571508084,0.7487846188361047,7.259405701956877e-08,0.20109492540359497
a4009,/mnt/data_disk/HDRData/1000hdr/HDRtest/a4009-jmac_MG_7717.exr,/mnt/data_disk/ZQL/TIP_TMO_result/tradition/ReinhardDevlin/a4009.png,341,512,0.931321641917241,0.9025040374675053,0.7024211009271719,0.5063285491443268,0.8915980021299087,0.12105909615874477,0.26659277081489563
a4013,/mnt/data_disk/HDRData/1000hdr/HDRtest/a4013-_I2E6911.exr,/mnt/data_disk/ZQL/TIP_TMO_result/tradition/ReinhardDevlin/a4013.png,341,512,0.9260392048323809,0.8067645338466579,0.8391581829939793,0.3114094624182427,0.622818924328242,5.082433229262361e-10,0.3036113977432251
a4014,/mnt/data_disk/HDRData/1000hdr/HDRtest/a4014-JI2E4114.exr,/mnt/data_disk/ZQL/TIP_TMO_result/tradition/ReinhardDevlin/a4014.png,341,512,0.8354512865129281,0.9056407554926142,0.17621418189313917,0.38526979685895607,0.7705395919620532,1.755858935568532e-09,0.2212100625038147
a4017,/mnt/data_disk/HDRData/1000hdr/HDRtest/a4017-DSC_0023.exr,/mnt/data_disk/ZQL/TIP_TMO_result/tradition/ReinhardDevlin/a4017.png,340,512,0.9062798901012927,0.9017975481972855,0.5486905628409301,0.4319070544413282,0.8604707506552491,0.003343358227407321,0.1312704086303711
a4020,/mnt/data_disk/HDRData/1000hdr/HDRtest/a4020-IMG_3763.exr,/mnt/data_disk/ZQL/TIP_TMO_result/tradition/ReinhardDevlin/a4020.png,341,512,0.7805561404041048,0.7564801321086926,0.12160007982511296,0.40993474256110674,0.8198694851217132,5.002315732430466e-13,0.14195862412452698
a4025,/mnt/data_disk/HDRData/1000hdr/HDRtest/a4025-IMG_5601.exr,/mnt/data_disk/ZQL/TIP_TMO_result/tradition/ReinhardDevlin/a4025.png,341,512,0.7993225585520368,0.8542114184352324,0.08858473256796247,0.4161769450618086,0.8323538901236172,7.368106715325985e-18,0.19460031390190125
a4026,/mnt/data_disk/HDRData/1000hdr/HDRtest/a4026-NKIM_MG_6632.exr,/mnt/data_disk/ZQL/TIP_TMO_result/tradition/ReinhardDevlin/a4026.png,341,512,0.8392477962815399,0.9508979175686386,0.14362531522876323,0.9413114478978735,0.9673378759414453,0.9152850198543018,0.1663675457239151
a4027,/mnt/data_disk/HDRData/1000hdr/HDRtest/a4027-IMG_2393.exr,/mnt/data_disk/ZQL/TIP_TMO_result/tradition/ReinhardDevlin/a4027.png,341,512,0.819821099639794,0.873909451276538,0.14607452510291258,0.40275859700801625,0.8055171940154563,5.761772669454844e-13,0.16522765159606934
a4028,/mnt/data_disk/HDRData/1000hdr/HDRtest/a4028-060810_105728__MG_6096.exr,/mnt/data_disk/ZQL/TIP_TMO_result/tradition/ReinhardDevlin/a4028.png,341,512,0.7994423355561343,0.8435452632855978,0.09940849541612994,0.4013410416259264,0.8026820832518528,2.563289594903472e-19,0.18050456047058105
a4038,/mnt/data_disk/HDRData/1000hdr/HDRtest/a4038-Ja_Pe-20.exr,/mnt/data_disk/ZQL/TIP_TMO_result/tradition/ReinhardDevlin/a4038.png,288,512,0.8962813771707685,0.8525772779756876,0.5676226089785014,0.44849059936167757,0.8969770872138365,4.1115095186072205e-06,0.1897534281015396
a4040,/mnt/data_disk/HDRData/1000hdr/HDRtest/a4040-IMG_0233.exr,/mnt/data_disk/ZQL/TIP_TMO_result/tradition/ReinhardDevlin/a4040.png,341,512,0.9190805027382329,0.792485013553396,0.8197525158306256,0.43871123821838487,0.8774051881611962,1.7288275573578613e-05,0.3175414204597473
a4047,/mnt/data_disk/HDRData/1000hdr/HDRtest/a4047-IMG_1285.exr,/mnt/data_disk/ZQL/TIP_TMO_result/tradition/ReinhardDevlin/a4047.png,341,512,0.8194722658068532,0.9515161393835738,0.07040115873730814,0.4348217650461298,0.8696435300922591,4.976292147304563e-16,0.11107839643955231
a4049,/mnt/data_disk/HDRData/1000hdr/HDRtest/a4049-_DSC3858.exr,/mnt/data_disk/ZQL/TIP_TMO_result/tradition/ReinhardDevlin/a4049.png,341,512,0.8688476963732521,0.7853642990101908,0.5166782367408613,0.42069615178688413,0.8408228995667854,0.0005694040069829047,0.2946903109550476
a4051,/mnt/data_disk/HDRData/1000hdr/HDRtest/a4051-_DSC0018-3.exr,/mnt/data_disk/ZQL/TIP_TMO_result/tradition/ReinhardDevlin/a4051.png,340,512,0.8765773918488279,0.8860175534904251,0.40291424005163606,0.44176552674116365,0.8835288769303155,2.1765520118618693e-06,0.14208918809890747
a4052,/mnt/data_disk/HDRData/1000hdr/HDRtest/a4052-20060620_165511__MG_9535.exr,/mnt/data_disk/ZQL/TIP_TMO_result/tradition/ReinhardDevlin/a4052.png,341,512,0.8364109843599121,0.896176076634715,0.19113142193760982,0.38212426970794827,0.7642485076597803,3.1756116302346545e-08,0.205545574426651
a4060,/mnt/data_disk/HDRData/1000hdr/HDRtest/a4060-_DSC5597.exr,/mnt/data_disk/ZQL/TIP_TMO_result/tradition/ReinhardDevlin/a4060.png,341,512,0.8090964212593433,0.7961017526986334,0.1917272866246393,0.36753802355229914,0.7350760360364771,1.1068121177585276e-08,0.23109962046146393
a4064,/mnt/data_disk/HDRData/1000hdr/HDRtest/a4064-07-12-02-at-16h23m18s-_MG_9020.exr,/mnt/data_disk/ZQL/TIP_TMO_result/tradition/ReinhardDevlin/a4064.png,341,512,0.8814811326468424,0.9264266360194442,0.3724467591750826,0.4372231776308669,0.8735725136086264,0.0008738416531073812,0.21500131487846375
a4068,/mnt/data_disk/HDRData/1000hdr/HDRtest/a4068-tc_DSC2612.exr,/mnt/data_disk/ZQL/TIP_TMO_result/tradition/ReinhardDevlin/a4068.png,340,512,0.7608806229334629,0.7956094369060376,0.022685155887295774,0.2897499123725154,0.5794998247450308,1.6502116558710744e-25,0.19069021940231323
a4075,/mnt/data_disk/HDRData/1000hdr/HDRtest/a4075-JI2E0444.exr,/mnt/data_disk/ZQL/TIP_TMO_result/tradition/ReinhardDevlin/a4075.png,341,512,0.8613437247613442,0.7535546132961027,0.5273177837249483,0.41208691239066036,0.8241700596123793,3.765168941354903e-06,0.2963249087333679
a4076,/mnt/data_disk/HDRData/1000hdr/HDRtest/a4076-_DGW6244.exr,/mnt/data_disk/ZQL/TIP_TMO_result/tradition/ReinhardDevlin/a4076.png,341,512,0.8485884132548857,0.7929706495619643,0.3902937393728774,0.4088737365956121,0.8177460152293441,1.4579618800886948e-06,0.3326259255409241
a4080,/mnt/data_disk/HDRData/1000hdr/HDRtest/a4080-IMG_3765.exr,/mnt/data_disk/ZQL/TIP_TMO_result/tradition/ReinhardDevlin/a4080.png,341,512,0.9219115409374787,0.8543893427602786,0.7245567017593686,0.4283933086586534,0.8565758595619035,0.00021075775540319066,0.22278377413749695
a4085,/mnt/data_disk/HDRData/1000hdr/HDRtest/a4085-_MG_2385.exr,/mnt/data_disk/ZQL/TIP_TMO_result/tradition/ReinhardDevlin/a4085.png,341,512,0.7814079850731874,0.8989662757044294,0.006803012543412932,0.30860102582875876,0.6172020516575175,9.822369316903062e-38,0.1311044543981552
a4087,/mnt/data_disk/HDRData/1000hdr/HDRtest/a4087-NKIM_MG_6395.exr,/mnt/data_disk/ZQL/TIP_TMO_result/tradition/ReinhardDevlin/a4087.png,341,512,0.950886556157875,0.8845552140771049,0.8629023083589967,0.4749280341750482,0.9335090730416168,0.01634699530847957,0.2873064875602722
a4088,/mnt/data_disk/HDRData/1000hdr/HDRtest/a4088-dvf_041.exr,/mnt/data_disk/ZQL/TIP_TMO_result/tradition/ReinhardDevlin/a4088.png,341,512,0.7485277320151799,0.7968079170629442,0.00048247924127930325,0.2696854289747404,0.5393708579494808,1.0693730453256548e-63,0.07376421242952347
a4091,/mnt/data_disk/HDRData/1000hdr/HDRtest/a4091-_DSC0041.exr,/mnt/data_disk/ZQL/TIP_TMO_result/tradition/ReinhardDevlin/a4091.png,340,512,0.8700760936202209,0.8326634977945035,0.44699080369963445,0.4146179152036184,0.8292354650485857,3.6535865115230273e-07,0.16798941791057587
a4092,/mnt/data_disk/HDRData/1000hdr/HDRtest/a4092-07-12-03-at-09h35m54s-_MG_9192.exr,/mnt/data_disk/ZQL/TIP_TMO_result/tradition/ReinhardDevlin/a4092.png,341,512,0.9631236221421997,0.8732815524146912,0.9683404823185767,0.7491995434456371,0.9096817746918766,0.5887173121993976,0.306144118309021
a4093,/mnt/data_disk/HDRData/1000hdr/HDRtest/a4093-jn_20071117-031.exr,/mnt/data_disk/ZQL/TIP_TMO_result/tradition/ReinhardDevlin/a4093.png,341,512,0.9060913449962005,0.7992187243134683,0.721658300845579,0.5396070665878874,0.8687490703988501,0.21046506277692467,0.2970408499240875
a4096,/mnt/data_disk/HDRData/1000hdr/HDRtest/a4096-jmac_MG_0095.exr,/mnt/data_disk/ZQL/TIP_TMO_result/tradition/ReinhardDevlin/a4096.png,341,512,0.7219714684087871,0.5625748313110706,0.14081807317948183,0.19377056315076166,0.3875410778659155,4.8435607791311714e-08,0.183971107006073
a4097,/mnt/data_disk/HDRData/1000hdr/HDRtest/a4097-20080623_at_14h52m36__MG_9904.exr,/mnt/data_disk/ZQL/TIP_TMO_result/tradition/ReinhardDevlin/a4097.png,341,512,0.8976299353595094,0.9368539688151252,0.44613717377208467,0.4443226721293849,0.885067238007679,0.0035781062510908453,0.13935917615890503
a4099,/mnt/data_disk/HDRData/1000hdr/HDRtest/a4099-_DSC0014-2.exr,/mnt/data_disk/ZQL/TIP_TMO_result/tradition/ReinhardDevlin/a4099.png,340,512,0.8767288787323264,0.9164996437403429,0.3608543630436964,0.4578554789107928,0.9157109434711801,1.4350405553239839e-08,0.11621951311826706
a4101,/mnt/data_disk/HDRData/1000hdr/HDRtest/a4101-IMG_5823.exr,/mnt/data_disk/ZQL/TIP_TMO_result/tradition/ReinhardDevlin/a4101.png,341,512,0.7103321450587231,0.6673701301504013,0.001509935128894038,0.24882397054451771,0.49764794108903543,2.3854486262828917e-46,0.15093554556369781
a4102,/mnt/data_disk/HDRData/1000hdr/HDRtest/a4102-07-06-30-at-11h38m56s-_MG_1997.exr,/mnt/data_disk/ZQL/TIP_TMO_result/tradition/ReinhardDevlin/a4102.png,341,512,0.8280300014968176,0.9134883456789845,0.13709314506771664,0.43755808892695186,0.8751161778538556,4.8023613431735186e-14,0.1997281163930893
a4104,/mnt/data_disk/HDRData/1000hdr/HDRtest/a4104-DSC_0260.exr,/mnt/data_disk/ZQL/TIP_TMO_result/tradition/ReinhardDevlin/a4104.png,340,512,0.7802359292050981,0.8244651886186319,0.05299695605211346,0.2633707712351787,0.5267415424703542,3.1716049056329477e-15,0.08564841002225876
a4105,/mnt/data_disk/HDRData/1000hdr/HDRtest/a4105-07-11-26-at-16h02m57s-_MG_7151.exr,/mnt/data_disk/ZQL/TIP_TMO_result/tradition/ReinhardDevlin/a4105.png,341,512,0.8603147284641375,0.879968847182067,0.3254786243449625,0.413019118647615,0.8221560337733672,0.0038822035218627126,0.2167409360408783
a4107,/mnt/data_disk/HDRData/1000hdr/HDRtest/a4107-dvf_018.exr,/mnt/data_disk/ZQL/TIP_TMO_result/tradition/ReinhardDevlin/a4107.png,341,512,0.7169997267819352,0.6934745679171581,0.00011986157436432391,0.20849858590812687,0.41699717181625373,9.465784189063788e-73,0.12550006806850433
a4108,/mnt/data_disk/HDRData/1000hdr/HDRtest/a4108-MB_080329_057.exr,/mnt/data_disk/ZQL/TIP_TMO_result/tradition/ReinhardDevlin/a4108.png,341,512,0.9571747634613131,0.9201282125409117,0.8423273512961951,0.6472801505554198,0.8248799050305039,0.4696803960803357,0.30159956216812134
a4110,/mnt/data_disk/HDRData/1000hdr/HDRtest/a4110-dgw_069.exr,/mnt/data_disk/ZQL/TIP_TMO_result/tradition/ReinhardDevlin/a4110.png,341,512,0.9255713932012273,0.8128431029138954,0.8244570085627473,0.41726830149291577,0.8172784503739311,0.017258152611900397,0.30636465549468994
a4113,/mnt/data_disk/HDRData/1000hdr/HDRtest/a4113-IMG_2800.exr,/mnt/data_disk/ZQL/TIP_TMO_result/tradition/ReinhardDevlin/a4113.png,341,512,0.8061054636308993,0.7916338847872794,0.18426515214021963,0.24828139318526013,0.49656278637052026,2.568562506963477e-18,0.16540645062923431
a4116,/mnt/data_disk/HDRData/1000hdr/HDRtest/a4116-IMG_2042.exr,/mnt/data_disk/ZQL/TIP_TMO_result/tradition/ReinhardDevlin/a4116.png,341,512,0.7476458528493647,0.7960470856222902,6.846146667453694e-05,0.19938033355246326,0.3987606671049265,1.5368342432392067e-70,0.072875015437603
a4117,/mnt/data_disk/HDRData/1000hdr/HDRtest/a4117-050918_141526__MG_5987.exr,/mnt/data_disk/ZQL/TIP_TMO_result/tradition/ReinhardDevlin/a4117.png,341,512,0.8630431121454569,0.8653248743299848,0.3600633372371055,0.43701356324642665,0.8740270007346064,1.2575824690149232e-07,0.25941383838653564
a4124,/mnt/data_disk/HDRData/1000hdr/HDRtest/a4124-20080709_at_10h04m23__MG_4561.exr,/mnt/data_disk/ZQL/TIP_TMO_result/tradition/ReinhardDevlin/a4124.png,341,512,0.8178236796967764,0.8376888704934183,0.17888790754097963,0.43772840148921904,0.8754567995814474,3.396990724747075e-09,0.1884867548942566
a4127,/mnt/data_disk/HDRData/1000hdr/HDRtest/a4127-DSC_0152.exr,/mnt/data_disk/ZQL/TIP_TMO_result/tradition/ReinhardDevlin/a4127.png,340,512,0.894937003503629,0.9478667716348897,0.4156281521821064,0.4771533368440725,0.9543061616977203,5.11990424758785e-07,0.11175040155649185
a4131,/mnt/data_disk/HDRData/1000hdr/HDRtest/a4131-DSC_0001-2.exr,/mnt/data_disk/ZQL/TIP_TMO_result/tradition/ReinhardDevlin/a4131.png,340,512,0.8191712212589821,0.8775663608673608,0.13951740955985767,0.4024426088784459,0.8048655221979297,1.9695558962072636e-05,0.10934305936098099
a4134,/mnt/data_disk/HDRData/1000hdr/HDRtest/a4134-IMG_0086.exr,/mnt/data_disk/ZQL/TIP_TMO_result/tradition/ReinhardDevlin/a4134.png,341,512,0.7967059087300735,0.9198103173617803,0.027700246836948057,0.4564663743278079,0.9129327486556158,3.121222661041911e-33,0.13200806081295013
a4142,/mnt/data_disk/HDRData/1000hdr/HDRtest/a4142-_DGW6275.exr,/mnt/data_disk/ZQL/TIP_TMO_result/tradition/ReinhardDevlin/a4142.png,341,512,0.898720988407739,0.9012789399647494,0.5049849020177326,0.4823575024532982,0.8247130697672875,0.14000193513930895,0.23268117010593414
a4143,/mnt/data_disk/HDRData/1000hdr/HDRtest/a4143-LSCRW_0029.exr,/mnt/data_disk/ZQL/TIP_TMO_result/tradition/ReinhardDevlin/a4143.png,384,512,0.860528684443383,0.9240312044298247,0.2689849224796464,0.41815467600768336,0.835506231617836,0.0008031203975307702,0.10478360205888748
a4144,/mnt/data_disk/HDRData/1000hdr/HDRtest/a4144-050623_122602__MG_3246.exr,/mnt/data_disk/ZQL/TIP_TMO_result/tradition/ReinhardDevlin/a4144.png,341,512,0.836000809321401,0.9229353080252309,0.15957600537937122,0.3948246229066546,0.7896492458132853,2.3885662890304973e-14,0.16132941842079163
a4150,/mnt/data_disk/HDRData/1000hdr/HDRtest/a4150-_DGW6309.exr,/mnt/data_disk/ZQL/TIP_TMO_result/tradition/ReinhardDevlin/a4150.png,341,512,0.9199412176238512,0.7732222742641203,0.8631750210051955,0.8703267966664618,0.7619077239821493,0.9787458693507745,0.3113469183444977
a4151,/mnt/data_disk/HDRData/1000hdr/HDRtest/a4151-dvf_026.exr,/mnt/data_disk/ZQL/TIP_TMO_result/tradition/ReinhardDevlin/a4151.png,341,512,0.7681234819880922,0.7664428445033015,0.0670450247622677,0.3201743438535492,0.6403486877064463,6.521258418199978e-13,0.2288101315498352
a4154,/mnt/data_disk/HDRData/1000hdr/HDRtest/a4154-IMG_4620.exr,/mnt/data_disk/ZQL/TIP_TMO_result/tradition/ReinhardDevlin/a4154.png,341,512,0.7947241069390552,0.8551735245751296,0.07204555820506249,0.37091251789703183,0.7418250357940596,4.13382281006265e-15,0.1837913691997528
a4155,/mnt/data_disk/HDRData/1000hdr/HDRtest/a4155-WP_CRW_0237.exr,/mnt/data_disk/ZQL/TIP_TMO_result/tradition/ReinhardDevlin/a4155.png,341,512,0.8996388667620397,0.8742280230054502,0.5526682076795006,0.422752873578398,0.8003419250554674,0.04516382210132859,0.1654067486524582
a4156,/mnt/data_disk/HDRData/1000hdr/HDRtest/a4156-IMG_0159.exr,/mnt/data_disk/ZQL/TIP_TMO_result/tradition/ReinhardDevlin/a4156.png,341,512,0.855818141423199,0.7910895767812309,0.4328648162375823,0.4241506558149503,0.8483013115461018,8.379886112216653e-11,0.22702503204345703
a4158,/mnt/data_disk/HDRData/1000hdr/HDRtest/a4158-WP_CRW_4109.exr,/mnt/data_disk/ZQL/TIP_TMO_result/tradition/ReinhardDevlin/a4158.png,341,512,0.7965083005828573,0.8903481420109561,0.04815624192470037,0.35482006423407925,0.7096401284681585,4.8614849075139975e-21,0.11983248591423035
a4160,/mnt/data_disk/HDRData/1000hdr/HDRtest/a4160-jn_20070824_0167.exr,/mnt/data_disk/ZQL/TIP_TMO_result/tradition/ReinhardDevlin/a4160.png,341,512,0.9203098534183014,0.8471479840830628,0.726985644162651,0.42725495253909285,0.8545099023609976,2.7171881085793478e-09,0.32395604252815247
a4161,/mnt/data_disk/HDRData/1000hdr/HDRtest/a4161-tc_DSC2218.exr,/mnt/data_disk/ZQL/TIP_TMO_result/tradition/ReinhardDevlin/a4161.png,340,512,0.8680662478152333,0.9732986420991941,0.24539759842268263,0.4768040296906085,0.9531222560811582,0.0004858033000587873,0.19365519285202026
a4167,/mnt/data_disk/HDRData/1000hdr/HDRtest/a4167-IMG_0031.exr,/mnt/data_disk/ZQL/TIP_TMO_result/tradition/ReinhardDevlin/a4167.png,341,512,0.850225105853718,0.898464742097085,0.2514958823569138,0.4281069952135191,0.8562139689936817,2.1433356459143505e-08,0.21964192390441895
a4170,/mnt/data_disk/HDRData/1000hdr/HDRtest/a4170-jmac_DSC3333.exr,/mnt/data_disk/ZQL/TIP_TMO_result/tradition/ReinhardDevlin/a4170.png,343,512,0.7726111458501487,0.798629842283672,0.05199188652323614,0.32520779213122125,0.6504155842624425,1.8458341705148004e-23,0.1634698212146759
a4174,/mnt/data_disk/HDRData/1000hdr/HDRtest/a4174-dgw_083.exr,/mnt/data_disk/ZQL/TIP_TMO_result/tradition/ReinhardDevlin/a4174.png,341,512,0.9480397282783076,0.8812778438308185,0.8495081486643288,0.5201906851158733,0.9041313871037141,0.13624998312803258,0.3295747637748718
a4177,/mnt/data_disk/HDRData/1000hdr/HDRtest/a4177-jmac_DSC1412.exr,/mnt/data_disk/ZQL/TIP_TMO_result/tradition/ReinhardDevlin/a4177.png,340,512,0.9300330850006914,0.9585867766403419,0.6041508971907028,0.67494316912342,0.9373683337151077,0.4125180045317324,0.11848346143960953
a4178,/mnt/data_disk/HDRData/1000hdr/HDRtest/a4178-IMG_0487.exr,/mnt/data_disk/ZQL/TIP_TMO_result/tradition/ReinhardDevlin/a4178.png,341,512,0.8555369074654047,0.950504874694425,0.213899390608184,0.4251548942799566,0.8503081480063867,1.6405535265949367e-06,0.10440756380558014
a4184,/mnt/data_disk/HDRData/1000hdr/HDRtest/a4184-jmac_MG_5507.exr,/mnt/data_disk/ZQL/TIP_TMO_result/tradition/ReinhardDevlin/a4184.png,341,512,0.8932087069661714,0.84406457613784,0.5631540643000139,0.46815395266476795,0.803556049587996,0.13275185574153991,0.26972395181655884
a4185,/mnt/data_disk/HDRData/1000hdr/HDRtest/a4185-DSC_0055-2.exr,/mnt/data_disk/ZQL/TIP_TMO_result/tradition/ReinhardDevlin/a4185.png,340,512,0.9194247112089462,0.9025432872057748,0.6274019186892574,0.45802918057567577,0.9160288844014209,2.9476749930545492e-05,0.1904187947511673
a4188,/mnt/data_disk/HDRData/1000hdr/HDRtest/a4188-_MG_1604.exr,/mnt/data_disk/ZQL/TIP_TMO_result/tradition/ReinhardDevlin/a4188.png,341,512,0.8751333646537567,0.7945157361978087,0.5382037654137812,0.33142944671556407,0.5979464381347672,0.06491245529636086,0.27095749974250793
a4191,/mnt/data_disk/HDRData/1000hdr/HDRtest/a4191-IMG_4849.exr,/mnt/data_disk/ZQL/TIP_TMO_result/tradition/ReinhardDevlin/a4191.png,341,512,0.813878401837576,0.8779421286352312,0.11844510775415942,0.3527179360045395,0.7054358720090788,2.1973493169365175e-16,0.18159888684749603
a4194,/mnt/data_disk/HDRData/1000hdr/HDRtest/a4194-LS051026_day_1_arive50.exr,/mnt/data_disk/ZQL/TIP_TMO_result/tradition/ReinhardDevlin/a4194.png,341,512,0.7824555907259401,0.8241312556326661,0.060106085736507414,0.3873652492514726,0.7747304985029452,1.8270295025343985e-25,0.1713407188653946
a4197,/mnt/data_disk/HDRData/1000hdr/HDRtest/a4197-_MG_6428.exr,/mnt/data_disk/ZQL/TIP_TMO_result/tradition/ReinhardDevlin/a4197.png,341,512,0.8138019058814175,0.9274896108678871,0.07189169896613674,0.465620463624228,0.9312404335722897,4.936761663274938e-07,0.11196554452180862
a4198,/mnt/data_disk/HDRData/1000hdr/HDRtest/a4198-_DSC6401.exr,/mnt/data_disk/ZQL/TIP_TMO_result/tradition/ReinhardDevlin/a4198.png,341,512,0.8504131411585345,0.6737629147742348,0.6098103531644612,0.40205865425762777,0.8041171380735397,1.7044171585900222e-07,0.2976202666759491
a4199,/mnt/data_disk/HDRData/1000hdr/HDRtest/a4199-jmac_MG_5003.exr,/mnt/data_disk/ZQL/TIP_TMO_result/tradition/ReinhardDevlin/a4199.png,341,512,0.9021733102781962,0.8259557857058202,0.6488409552394421,0.43553125066267995,0.871046970241067,1.5531084292917943e-05,0.3193049728870392
a4201,/mnt/data_disk/HDRData/1000hdr/HDRtest/a4201-_DSC0120.exr,/mnt/data_disk/ZQL/TIP_TMO_result/tradition/ReinhardDevlin/a4201.png,340,512,0.9141971425865005,0.8406440184070604,0.6991610575998977,0.4160514849084777,0.7171361857066465,0.11496678411030889,0.25840967893600464
a4202,/mnt/data_disk/HDRData/1000hdr/HDRtest/a4202-DSC_0439.exr,/mnt/data_disk/ZQL/TIP_TMO_result/tradition/ReinhardDevlin/a4202.png,343,512,0.864184142515779,0.8845039755910663,0.3391848443892315,0.4172110075221949,0.8343942615510334,2.7753493356524325e-05,0.17092688381671906
a4204,/mnt/data_disk/HDRData/1000hdr/HDRtest/a4204-_DGW7870.exr,/mnt/data_disk/ZQL/TIP_TMO_result/tradition/ReinhardDevlin/a4204.png,341,512,0.802036488708717,0.8359539001314293,0.11680030500332432,0.3973928366446617,0.7920747700901466,0.0027109031991767963,0.11765576153993607
a4212,/mnt/data_disk/HDRData/1000hdr/HDRtest/a4212-Duggan_090321_5925.exr,/mnt/data_disk/ZQL/TIP_TMO_result/tradition/ReinhardDevlin/a4212.png,341,512,0.8245609127373833,0.8519326100183409,0.1911682554705393,0.43021913036597814,0.8604382606861081,4.5848217273282244e-11,0.21387113630771637
a4214,/mnt/data_disk/HDRData/1000hdr/HDRtest/a4214-DSC_0267.exr,/mnt/data_disk/ZQL/TIP_TMO_result/tradition/ReinhardDevlin/a4214.png,343,512,0.8370835960164603,0.9171986419704432,0.17035161209467717,0.453156611718189,0.9054615229683192,0.0008517004680588506,0.15167683362960815
a4216,/mnt/data_disk/HDRData/1000hdr/HDRtest/a4216-DSC_0118.exr,/mnt/data_disk/ZQL/TIP_TMO_result/tradition/ReinhardDevlin/a4216.png,343,512,0.8746254217411582,0.9188121053456839,0.34668303221736774,0.4388007214623636,0.877601436573624,6.351103189766677e-09,0.16471578180789948
a4220,/mnt/data_disk/HDRData/1000hdr/HDRtest/a4220-Duggan_090305_5359.exr,/mnt/data_disk/ZQL/TIP_TMO_result/tradition/ReinhardDevlin/a4220.png,341,512,0.8473536111428941,0.8010086785811849,0.37137274920126606,0.34616610794723884,0.6923322158944443,3.346107517036859e-14,0.23569296300411224
a4228,/mnt/data_disk/HDRData/1000hdr/HDRtest/a4228-DSC_0037-2.exr,/mnt/data_disk/ZQL/TIP_TMO_result/tradition/ReinhardDevlin/a4228.png,340,512,0.8768846777971191,0.9170894512840299,0.3608696352758013,0.8196962386681308,0.8686411895180318,0.7707512878182297,0.10232926160097122
a4230,/mnt/data_disk/HDRData/1000hdr/HDRtest/a4230-Duggan_090426_7798.exr,/mnt/data_disk/ZQL/TIP_TMO_result/tradition/ReinhardDevlin/a4230.png,341,512,0.7786382918059209,0.7438957110510191,0.1287015312724029,0.39295004004982875,0.7859000800996575,2.1536140764668462e-23,0.22912709414958954
a4231,/mnt/data_disk/HDRData/1000hdr/HDRtest/a4231-Duggan_080326_5786.exr,/mnt/data_disk/ZQL/TIP_TMO_result/tradition/ReinhardDevlin/a4231.png,341,512,0.7118537656440669,0.6390063279261814,0.020911586811471462,0.35192717099289866,0.7038543419857973,3.5936814865846937e-29,0.1221458837389946
a4232,/mnt/data_disk/HDRData/1000hdr/HDRtest/a4232-Duggan_090323_6181.exr,/mnt/data_disk/ZQL/TIP_TMO_result/tradition/ReinhardDevlin/a4232.png,341,512,0.8722716214138646,0.867443541610879,0.4065215720993235,0.4400954377737038,0.8801908715170615,4.03034604528139e-09,0.29098495841026306
a4235,/mnt/data_disk/HDRData/1000hdr/HDRtest/a4235-DSC_0433.exr,/mnt/data_disk/ZQL/TIP_TMO_result/tradition/ReinhardDevlin/a4235.png,343,512,0.7868318398752788,0.8781746147207308,0.03040717884878442,0.2924321901693297,0.5848643803386594,2.787877950197015e-22,0.16594016551971436
a4236,/mnt/data_disk/HDRData/1000hdr/HDRtest/a4236-DSC_0384.exr,/mnt/data_disk/ZQL/TIP_TMO_result/tradition/ReinhardDevlin/a4236.png,343,512,0.8330874419188502,0.9087400706999605,0.16278492155374438,0.46003241819316254,0.9200648363863141,1.0975415340053563e-14,0.12564215064048767
a4237,/mnt/data_disk/HDRData/1000hdr/HDRtest/a4237-20090417_at_18h06m01__MG_1955.exr,/mnt/data_disk/ZQL/TIP_TMO_result/tradition/ReinhardDevlin/a4237.png,341,512,0.7579324364346876,0.8060601451633606,0.010106729068599433,0.22171950457032308,0.44343900914064616,2.8277563017132856e-34,0.16619086265563965
a4238,/mnt/data_disk/HDRData/1000hdr/HDRtest/a4238-Duggan_090320_5609.exr,/mnt/data_disk/ZQL/TIP_TMO_result/tradition/ReinhardDevlin/a4238.png,341,512,0.849950754097867,0.9093538816520137,0.2367863836509078,0.45054696871233335,0.901093937410742,1.3924736499556325e-11,0.18737676739692688
a4239,/mnt/data_disk/HDRData/1000hdr/HDRtest/a4239-Duggan_080114_4429.exr,/mnt/data_disk/ZQL/TIP_TMO_result/tradition/ReinhardDevlin/a4239.png,341,512,0.765687034565776,0.8394348039347151,0.007303902884860046,0.2593647939819848,0.5187295879639696,2.259225900121043e-27,0.1461750715970993
a4244,/mnt/data_disk/HDRData/1000hdr/HDRtest/a4244-Duggan_090504_8959.exr,/mnt/data_disk/ZQL/TIP_TMO_result/tradition/ReinhardDevlin/a4244.png,341,512,0.7921844646506861,0.8049526780156745,0.1123839096432019,0.38285087782624,0.7657017556520941,3.858690010152158e-13,0.17701199650764465
a4246,/mnt/data_disk/HDRData/1000hdr/HDRtest/a4246-Duggan_090330_6226.exr,/mnt/data_disk/ZQL/TIP_TMO_result/tradition/ReinhardDevlin/a4246.png,341,512,0.7642306332960972,0.8140433057711578,0.01838012704412728,0.3940025892472736,0.7880051784945472,3.203713607227254e-39,0.17955820262432098
a4249,/mnt/data_disk/HDRData/1000hdr/HDRtest/a4249-Duggan_090322_6001.exr,/mnt/data_disk/ZQL/TIP_TMO_result/tradition/ReinhardDevlin/a4249.png,341,512,0.8719107693352465,0.8520092605521964,0.42755348381999775,0.4492953543733254,0.898590708713181,3.34697828187245e-11,0.25216010212898254
a4254,/mnt/data_disk/HDRData/1000hdr/HDRtest/a4254-DSC_0066.exr,/mnt/data_disk/ZQL/TIP_TMO_result/tradition/ReinhardDevlin/a4254.png,340,512,0.8601976994840396,0.9024290890548123,0.29492087338090583,0.47444031432222483,0.8855866935448528,0.06329393509959692,0.10000652819871902
a4258,/mnt/data_disk/HDRData/1000hdr/HDRtest/a4258-_DSC0012-4.exr,/mnt/data_disk/ZQL/TIP_TMO_result/tradition/ReinhardDevlin/a4258.png,340,512,0.8080973426660423,0.8657462959379209,0.10900003401923708,0.4435508536997717,0.8871014425117641,2.648877792442808e-07,0.06430619955062866
a4262,/mnt/data_disk/HDRData/1000hdr/HDRtest/a4262-DSC_0065.exr,/mnt/data_disk/ZQL/TIP_TMO_result/tradition/ReinhardDevlin/a4262.png,340,512,0.8219170700312257,0.8935871505893698,0.13352172826138084,0.3671278718675766,0.7342552198628449,5.238723083359653e-07,0.10158984363079071
a4266,/mnt/data_disk/HDRData/1000hdr/HDRtest/a4266-DSC_0426.exr,/mnt/data_disk/ZQL/TIP_TMO_result/tradition/ReinhardDevlin/a4266.png,343,512,0.8460346788721962,0.7649899572365801,0.4206864697270643,0.3555296544670413,0.7110573767852523,1.9321488303224786e-06,0.21629199385643005
a4267,/mnt/data_disk/HDRData/1000hdr/HDRtest/a4267-20090414_at_23h13m08__MG_1367.exr,/mnt/data_disk/ZQL/TIP_TMO_result/tradition/ReinhardDevlin/a4267.png,341,512,0.5962390012463157,0.37837872650536686,0.00012145749191359842,0.21167565536605146,0.4233513107321029,2.6905144071320625e-69,0.1234443336725235
a4271,/mnt/data_disk/HDRData/1000hdr/HDRtest/a4271-Duggan_090227_5232.exr,/mnt/data_disk/ZQL/TIP_TMO_result/tradition/ReinhardDevlin/a4271.png,341,512,0.8852824274835067,0.9234177775271093,0.39703749417244577,0.4447818094696861,0.889563601029739,1.790963324190345e-08,0.2275719791650772
a4272,/mnt/data_disk/HDRData/1000hdr/HDRtest/a4272-DSC_0398.exr,/mnt/data_disk/ZQL/TIP_TMO_result/tradition/ReinhardDevlin/a4272.png,343,512,0.7267875054345833,0.6020015489886591,0.10538165086683778,0.2971670742383335,0.5942373291561652,9.681932050176858e-05,0.11795853823423386
a4275,/mnt/data_disk/HDRData/1000hdr/HDRtest/a4275-09-05-12-at-17h46m31s-_MG_8890.exr,/mnt/data_disk/ZQL/TIP_TMO_result/tradition/ReinhardDevlin/a4275.png,341,512,0.8231666065995098,0.8347668473524821,0.20588939004074214,0.35317283599288485,0.7063456719364631,4.930651699985627e-11,0.18392391502857208
a4287,/mnt/data_disk/HDRData/1000hdr/HDRtest/a4287-_DSC0083.exr,/mnt/data_disk/ZQL/TIP_TMO_result/tradition/ReinhardDevlin/a4287.png,340,512,0.8625586816000614,0.895016670522667,0.31657697437212423,0.4580878886501314,0.9161757726559377,4.644325055402837e-09,0.1373228132724762
a4291,/mnt/data_disk/HDRData/1000hdr/HDRtest/a4291-20090417_at_18h46m58__MG_2026.exr,/mnt/data_disk/ZQL/TIP_TMO_result/tradition/ReinhardDevlin/a4291.png,341,512,0.7908297518482221,0.9214008728781624,0.013416674952385214,0.3231115956244726,0.6462231912489452,6.36097732191255e-23,0.14411145448684692
a4297,/mnt/data_disk/HDRData/1000hdr/HDRtest/a4297-_DSC0034.exr,/mnt/data_disk/ZQL/TIP_TMO_result/tradition/ReinhardDevlin/a4297.png,340,512,0.84698903433378,0.8172976500569645,0.3452132804852092,0.3875375078439115,0.7750749957207341,1.9967088882873675e-08,0.1568547785282135
a4298,/mnt/data_disk/HDRData/1000hdr/HDRtest/a4298-Duggan_090504_9090.exr,/mnt/data_disk/ZQL/TIP_TMO_result/tradition/ReinhardDevlin/a4298.png,341,512,0.830877520103526,0.8733101286910322,0.19351617761775014,0.38955427481880117,0.7791059133133307,2.636324271677766e-06,0.17398476600646973
a4302,/mnt/data_disk/HDRData/1000hdr/HDRtest/a4302-20090425_at_17h00m59__MG_0404.exr,/mnt/data_disk/ZQL/TIP_TMO_result/tradition/ReinhardDevlin/a4302.png,341,512,0.9311125264191114,0.8873027775297729,0.7268655687091952,0.5563256731285697,0.8131069581438619,0.2995443881132775,0.26533693075180054
a4304,/mnt/data_disk/HDRData/1000hdr/HDRtest/a4304-09-05-19-at-18h03m17s-_MG_9540.exr,/mnt/data_disk/ZQL/TIP_TMO_result/tradition/ReinhardDevlin/a4304.png,341,512,0.7599153481463875,0.7997150397424997,0.017815857331538475,0.32581333868283413,0.6516266773656683,4.603287675555088e-25,0.17543943226337433
a4307,/mnt/data_disk/HDRData/1000hdr/HDRtest/a4307-20050328_161219__MG_0628.exr,/mnt/data_disk/ZQL/TIP_TMO_result/tradition/ReinhardDevlin/a4307.png,341,512,0.7757915194110542,0.8912553369459822,0.0017396748193301641,0.44288197166087623,0.8857639433217525,5.272852421311081e-55,0.08977849036455154
a4308,/mnt/data_disk/HDRData/1000hdr/HDRtest/a4308-Duggan_090209_4996.exr,/mnt/data_disk/ZQL/TIP_TMO_result/tradition/ReinhardDevlin/a4308.png,341,512,0.9383871802506961,0.8715219680179981,0.8022373140999838,0.6857809928184886,0.8411088162730911,0.5304531693638861,0.27667802572250366
a4310,/mnt/data_disk/HDRData/1000hdr/HDRtest/a4310-DSC_0007.exr,/mnt/data_disk/ZQL/TIP_TMO_result/tradition/ReinhardDevlin/a4310.png,340,512,0.8702378493620757,0.8368869472079979,0.4413491954936653,0.4531369793778753,0.9062725285007915,1.4302549590491578e-06,0.1433047205209732
a4312,/mnt/data_disk/HDRData/1000hdr/HDRtest/a4312-20090417_at_16h32m44__MG_1867.exr,/mnt/data_disk/ZQL/TIP_TMO_result/tradition/ReinhardDevlin/a4312.png,341,512,0.7911801756300559,0.7589581931060693,0.16126274620428685,0.3446232425606163,0.6892464851211186,1.1406016685481273e-13,0.29728934168815613
a4317,/mnt/data_disk/HDRData/1000hdr/HDRtest/a4317-DSC_0224.exr,/mnt/data_disk/ZQL/TIP_TMO_result/tradition/ReinhardDevlin/a4317.png,343,512,0.7678716899820117,0.8257033314456882,0.01921447619278143,0.28228036577749616,0.5645607315488055,6.186777387067627e-12,0.10539968311786652
a4318,/mnt/data_disk/HDRData/1000hdr/HDRtest/a4318-Duggan_090321_5920.exr,/mnt/data_disk/ZQL/TIP_TMO_result/tradition/ReinhardDevlin/a4318.png,341,512,0.9028984640560633,0.9477502406060999,0.4602105392471653,0.4187911041247745,0.8375397617981034,4.2446451445545565e-05,0.15074872970581055
a4319,/mnt/data_disk/HDRData/1000hdr/HDRtest/a4319-DSC_0132.exr,/mnt/data_disk/ZQL/TIP_TMO_result/tradition/ReinhardDevlin/a4319.png,340,512,0.8640818348153035,0.8626569660480395,0.3693719168462757,0.4150203762900391,0.8300117606303516,2.8991949726448192e-05,0.17046032845973969
a4323,/mnt/data_disk/HDRData/1000hdr/HDRtest/a4323-DSC_0010.exr,/mnt/data_disk/ZQL/TIP_TMO_result/tradition/ReinhardDevlin/a4323.png,343,512,0.7957363251088965,0.8601672613486498,0.07091392716913694,0.34091804667738124,0.6818360933547625,1.962068985094631e-19,0.19795995950698853
a4324,/mnt/data_disk/HDRData/1000hdr/HDRtest/a4324-DSC_0002.exr,/mnt/data_disk/ZQL/TIP_TMO_result/tradition/ReinhardDevlin/a4324.png,343,512,0.7966798969295747,0.899166756901613,0.041960782361204,0.35968041713543464,0.7193608342708693,7.716938483788261e-24,0.1526966392993927
a4326,/mnt/data_disk/HDRData/1000hdr/HDRtest/a4326-DSC_0461.exr,/mnt/data_disk/ZQL/TIP_TMO_result/tradition/ReinhardDevlin/a4326.png,343,512,0.7474068194851119,0.688299206658356,0.07724877288148159,0.30786520854885496,0.6157304170977099,2.680193048926678e-25,0.16306576132774353
a4329,/mnt/data_disk/HDRData/1000hdr/HDRtest/a4329-DSC_0028.exr,/mnt/data_disk/ZQL/TIP_TMO_result/tradition/ReinhardDevlin/a4329.png,340,512,0.7892939868020311,0.8559706948317342,0.05414439533239448,0.39541757979832703,0.790824907953937,1.0251642717022994e-05,0.08260288834571838
a4331,/mnt/data_disk/HDRData/1000hdr/HDRtest/a4331-_DGW0241.exr,/mnt/data_disk/ZQL/TIP_TMO_result/tradition/ReinhardDevlin/a4331.png,341,512,0.7345216514100645,0.6941855428299784,0.03277326363777343,0.26460259985687073,0.5292051997100293,3.712164498485781e-12,0.15379545092582703
a4335,/mnt/data_disk/HDRData/1000hdr/HDRtest/a4335-Duggan_090123_4520.exr,/mnt/data_disk/ZQL/TIP_TMO_result/tradition/ReinhardDevlin/a4335.png,341,512,0.8511120029593415,0.85461555991805,0.3134093116376233,0.3359117498022553,0.6718234996040683,4.4230602107775534e-13,0.27793920040130615
a4338,/mnt/data_disk/HDRData/1000hdr/HDRtest/a4338-DSC_0206.exr,/mnt/data_disk/ZQL/TIP_TMO_result/tradition/ReinhardDevlin/a4338.png,343,512,0.83270583704327,0.8547550326264244,0.22427739934041235,0.40788958683938903,0.8157622243284418,1.6949350336302604e-05,0.11416111886501312
a4339,/mnt/data_disk/HDRData/1000hdr/HDRtest/a4339-Duggan_090111_4244.exr,/mnt/data_disk/ZQL/TIP_TMO_result/tradition/ReinhardDevlin/a4339.png,341,512,0.8089634883105076,0.8319492084361623,0.1484381165561308,0.4249409912948716,0.8498819825897432,2.421068528891474e-17,0.23711538314819336
a4340,/mnt/data_disk/HDRData/1000hdr/HDRtest/a4340-DSC_0441.exr,/mnt/data_disk/ZQL/TIP_TMO_result/tradition/ReinhardDevlin/a4340.png,343,512,0.7765053342209646,0.6192206797882963,0.29727216235018034,0.36103366256369984,0.7220672358853146,8.924208502439341e-08,0.169094979763031
a4342,/mnt/data_disk/HDRData/1000hdr/HDRtest/a4342-DSC_0043.exr,/mnt/data_disk/ZQL/TIP_TMO_result/tradition/ReinhardDevlin/a4342.png,340,512,0.7684911010532771,0.8249064019519688,0.021130903045760784,0.3190434179635099,0.6380868359270198,1.1601283260753192e-23,0.11207389086484909
a4345,/mnt/data_disk/HDRData/1000hdr/HDRtest/a4345-Duggan_080411_5976.exr,/mnt/data_disk/ZQL/TIP_TMO_result/tradition/ReinhardDevlin/a4345.png,341,512,0.7514006777327927,0.7872734728790275,0.008013205494658796,0.3473866798886017,0.6947733597772034,6.234174529407446e-40,0.13573482632637024
a4354,/mnt/data_disk/HDRData/1000hdr/HDRtest/a4354-DSC_0347.exr,/mnt/data_disk/ZQL/TIP_TMO_result/tradition/ReinhardDevlin/a4354.png,343,512,0.9162369491027038,0.9054692921183077,0.6030448338050811,0.4138769846310762,0.8277079994651099,4.596979704247697e-05,0.22356510162353516
a4356,/mnt/data_disk/HDRData/1000hdr/HDRtest/a4356-_DSC1335.exr,/mnt/data_disk/ZQL/TIP_TMO_result/tradition/ReinhardDevlin/a4356.png,341,512,0.6397072200077549,0.4734426737302579,0.0012063859494726955,0.25554990723114424,0.5110998144622885,1.423762500168935e-30,0.08909104019403458
a4357,/mnt/data_disk/HDRData/1000hdr/HDRtest/a4357-Duggan_090124_4645.exr,/mnt/data_disk/ZQL/TIP_TMO_result/tradition/ReinhardDevlin/a4357.png,341,512,0.8029680228631998,0.8878304497623528,0.07031514664634873,0.3990597112646354,0.7981194225292582,1.265760556649752e-14,0.184535950422287
a4366,/mnt/data_disk/HDRData/1000hdr/HDRtest/a4366-DSC_0447.exr,/mnt/data_disk/ZQL/TIP_TMO_result/tradition/ReinhardDevlin/a4366.png,343,512,0.838719101446347,0.9316283694791356,0.16158595339437537,0.39579415169413673,0.7915883033328551,5.541828820869626e-11,0.11339620500802994
a4368,/mnt/data_disk/HDRData/1000hdr/HDRtest/a4368-Duggan_090321_5857.exr,/mnt/data_disk/ZQL/TIP_TMO_result/tradition/ReinhardDevlin/a4368.png,341,512,0.8216024657438903,0.8676661465386076,0.16028703728355614,0.35745913698905313,0.7149182739781047,1.5534768317783732e-15,0.21530726552009583
a4370,/mnt/data_disk/HDRData/1000hdr/HDRtest/a4370-DSC_0080.exr,/mnt/data_disk/ZQL/TIP_TMO_result/tradition/ReinhardDevlin/a4370.png,340,512,0.7903005629292245,0.8836300587345297,0.03570230347522787,0.37752171290370096,0.7550434258074019,3.7153813276401344e-28,0.10775826871395111
a4374,/mnt/data_disk/HDRData/1000hdr/HDRtest/a4374-09-05-19-at-17h54m57s-_MG_9531.exr,/mnt/data_disk/ZQL/TIP_TMO_result/tradition/ReinhardDevlin/a4374.png,341,512,0.775254397678241,0.8653568783646794,0.011867348607791914,0.3356270888500624,0.6712541777001249,1.5037078371818807e-31,0.13270913064479828
a4377,/mnt/data_disk/HDRData/1000hdr/HDRtest/a4377-IMG_4929.exr,/mnt/data_disk/ZQL/TIP_TMO_result/tradition/ReinhardDevlin/a4377.png,341,512,0.8354936933268047,0.9304520080153384,0.14951822356219255,0.41960743925441857,0.8392148777713415,7.374956155170061e-10,0.13579469919204712
a4382,/mnt/data_disk/HDRData/1000hdr/HDRtest/a4382-DSC_0261.exr,/mnt/data_disk/ZQL/TIP_TMO_result/tradition/ReinhardDevlin/a4382.png,343,512,0.8114781994574273,0.8691306838418569,0.11830099004776212,0.44991561270127867,0.8998312254025556,1.787023085361123e-15,0.1781497299671173
a4384,/mnt/data_disk/HDRData/1000hdr/HDRtest/a4384-DSC_0322.exr,/mnt/data_disk/ZQL/TIP_TMO_result/tradition/ReinhardDevlin/a4384.png,343,512,0.7700311346539341,0.8690679354025653,0.0019175390013298232,0.34313509761973326,0.6862701952394665,1.327272739055775e-47,0.1184888631105423
a4385,/mnt/data_disk/HDRData/1000hdr/HDRtest/a4385-_DGW9650.exr,/mnt/data_disk/ZQL/TIP_TMO_result/tradition/ReinhardDevlin/a4385.png,341,512,0.7926270447227476,0.8713827957879856,0.05163647245214913,0.3676190629283492,0.7352381258566985,3.362863605240748e-23,0.19930146634578705
a4386,/mnt/data_disk/HDRData/1000hdr/HDRtest/a4386-Duggan_090124_4632.exr,/mnt/data_disk/ZQL/TIP_TMO_result/tradition/ReinhardDevlin/a4386.png,341,512,0.7926215744392873,0.9105378277669809,0.023604843002993706,0.3689528035185822,0.7379056070371643,3.494896273499691e-31,0.12015276402235031
a4392,/mnt/data_disk/HDRData/1000hdr/HDRtest/a4392-Duggan_090331_6554.exr,/mnt/data_disk/ZQL/TIP_TMO_result/tradition/ReinhardDevlin/a4392.png,341,512,0.9115263261525048,0.8499649729642191,0.6659680713646093,0.4484971545854774,0.8969943007095927,8.461362065563578e-09,0.2652679979801178
a4394,/mnt/data_disk/HDRData/1000hdr/HDRtest/a4394-Duggan_090127_4837.exr,/mnt/data_disk/ZQL/TIP_TMO_result/tradition/ReinhardDevlin/a4394.png,341,512,0.8329403502791857,0.7012685627559871,0.4553410242415717,0.3668737951958777,0.7337475903814986,1.025675928510671e-11,0.2323269098997116
a4395,/mnt/data_disk/HDRData/1000hdr/HDRtest/a4395-Duggan_090503_8734.exr,/mnt/data_disk/ZQL/TIP_TMO_result/tradition/ReinhardDevlin/a4395.png,341,512,0.70183839980356,0.5717863358667883,0.05693561442563486,0.3953114665302685,0.7802894772274948,0.010333455833042229,0.1026376411318779
a4396,/mnt/data_disk/HDRData/1000hdr/HDRtest/a4396-DSC_0073-2.exr,/mnt/data_disk/ZQL/TIP_TMO_result/tradition/ReinhardDevlin/a4396.png,340,512,0.8912562017631285,0.853663685797258,0.5358650511831092,0.4269440348327011,0.8538880689857739,6.796283539003931e-10,0.14031442999839783
a4398,/mnt/data_disk/HDRData/1000hdr/HDRtest/a4398-Duggan_050709_1062.exr,/mnt/data_disk/ZQL/TIP_TMO_result/tradition/ReinhardDevlin/a4398.png,341,512,0.7869528210820944,0.7445321405731181,0.16153854414469287,0.3246179568633679,0.6492359083656729,5.361062891128867e-09,0.15390101075172424
a4399,/mnt/data_disk/HDRData/1000hdr/HDRtest/a4399-Duggan_080410_5879.exr,/mnt/data_disk/ZQL/TIP_TMO_result/tradition/ReinhardDevlin/a4399.png,341,512,0.7471959587202762,0.7858833237531506,0.0023124848573391433,0.31758295997405367,0.6351659199481073,4.859262045558454e-39,0.10671338438987732
a4409,/mnt/data_disk/HDRData/1000hdr/HDRtest/a4409-Duggan_090503_8738.exr,/mnt/data_disk/ZQL/TIP_TMO_result/tradition/ReinhardDevlin/a4409.png,341,512,0.9055282413026682,0.928850278905873,0.5029495757321448,0.46984716839507296,0.8861009323628697,0.05359340442727621,0.2193061262369156
a4419,/mnt/data_disk/HDRData/1000hdr/HDRtest/a4419-_DGW0269.exr,/mnt/data_disk/ZQL/TIP_TMO_result/tradition/ReinhardDevlin/a4419.png,341,512,0.765860235384146,0.7863173357273312,0.042604132452513044,0.35964565121201,0.7192913024236942,3.257047885259508e-13,0.17989540100097656
a4420,/mnt/data_disk/HDRData/1000hdr/HDRtest/a4420-DSC_0054.exr,/mnt/data_disk/ZQL/TIP_TMO_result/tradition/ReinhardDevlin/a4420.png,343,512,0.7078868975246433,0.6220928556000126,0.02497986211548991,0.2418900187766023,0.4837800375532046,4.089388525321899e-33,0.18588533997535706
a4421,/mnt/data_disk/HDRData/1000hdr/HDRtest/a4421-Duggan_090214_5129.exr,/mnt/data_disk/ZQL/TIP_TMO_result/tradition/ReinhardDevlin/a4421.png,341,512,0.8966798035081739,0.964456438594284,0.4023139564565625,0.4779294476240902,0.9418697888037916,0.0139891064443888,0.13018979132175446
a4425,/mnt/data_disk/HDRData/1000hdr/HDRtest/a4425-DSC_0007.exr,/mnt/data_disk/ZQL/TIP_TMO_result/tradition/ReinhardDevlin/a4425.png,343,512,0.8900325404698051,0.8415826960350723,0.5482382496837283,0.46491949134223803,0.9000865950947619,0.02975238758971416,0.18891175091266632
a4430,/mnt/data_disk/HDRData/1000hdr/HDRtest/a4430-09-05-19-at-19h04m03s-_MG_9559.exr,/mnt/data_disk/ZQL/TIP_TMO_result/tradition/ReinhardDevlin/a4430.png,341,512,0.7379166886681872,0.7459553224129112,0.005765587990089153,0.3477404439228186,0.6954808878456372,8.179228875007522e-34,0.11921751499176025
a4431,/mnt/data_disk/HDRData/1000hdr/HDRtest/a4431-Duggan_090330_6282.exr,/mnt/data_disk/ZQL/TIP_TMO_result/tradition/ReinhardDevlin/a4431.png,341,512,0.8361047173246177,0.910059761503285,0.17407764703375847,0.4351230108270643,0.7100092462473513,0.16023677540677725,0.18913859128952026
a4432,/mnt/data_disk/HDRData/1000hdr/HDRtest/a4432-Duggan_081114_3124.exr,/mnt/data_disk/ZQL/TIP_TMO_result/tradition/ReinhardDevlin/a4432.png,341,512,0.7832814564932744,0.6670881857867977,0.2529093966985803,0.30664084606948894,0.612998818232479,0.00028287390649888404,0.18140777945518494
a4433,/mnt/data_disk/HDRData/1000hdr/HDRtest/a4433-Duggan_090504_8957.exr,/mnt/data_disk/ZQL/TIP_TMO_result/tradition/ReinhardDevlin/a4433.png,341,512,0.8397997901543248,0.9094829060757063,0.19070222465271397,0.5811420420264157,0.8615246074771822,0.30075947657564933,0.18871662020683289
a4434,/mnt/data_disk/HDRData/1000hdr/HDRtest/a4434-20090414_at_23h05m38__MG_1365.exr,/mnt/data_disk/ZQL/TIP_TMO_result/tradition/ReinhardDevlin/a4434.png,341,512,0.5874218773577127,0.36039554039907473,9.954558754131112e-05,0.3010108115356152,0.6020216230712304,4.2178994270173636e-45,0.05771372467279434
a4435,/mnt/data_disk/HDRData/1000hdr/HDRtest/a4435-WP_CRW_0591.exr,/mnt/data_disk/ZQL/TIP_TMO_result/tradition/ReinhardDevlin/a4435.png,341,512,0.8400490905059745,0.9024175719500894,0.19994789342237762,0.41402450527603285,0.8280490104289759,1.2308976354935806e-10,0.1956879198551178
a4436,/mnt/data_disk/HDRData/1000hdr/HDRtest/a4436-DSC_0153.exr,/mnt/data_disk/ZQL/TIP_TMO_result/tradition/ReinhardDevlin/a4436.png,343,512,0.8876500853313203,0.9261616651085012,0.40607261018704327,0.3585001079615856,0.7169913367382087,8.87918496255888e-06,0.15182189643383026
a4442,/mnt/data_disk/HDRData/1000hdr/HDRtest/a4442-Duggan_080629_9284.exr,/mnt/data_disk/ZQL/TIP_TMO_result/tradition/ReinhardDevlin/a4442.png,341,512,0.769586386533169,0.8222146095325408,0.025516438066116216,0.2682383287534303,0.5364766575068606,2.6970001876793636e-22,0.1575571894645691
a4447,/mnt/data_disk/HDRData/1000hdr/HDRtest/a4447-Duggan_090321_5856.exr,/mnt/data_disk/ZQL/TIP_TMO_result/tradition/ReinhardDevlin/a4447.png,341,512,0.8484272282693814,0.8270529605305199,0.33851675835504247,0.3817556540189839,0.7635107123312382,5.95706729578027e-07,0.23616428673267365
a4448,/mnt/data_disk/HDRData/1000hdr/HDRtest/a4448-Duggan_080119_4778.exr,/mnt/data_disk/ZQL/TIP_TMO_result/tradition/ReinhardDevlin/a4448.png,341,512,0.7930411429483099,0.9304060180399993,0.013200514764460186,0.3704145567456978,0.7408291134913956,5.453608528120139e-31,0.11548642814159393
a4449,/mnt/data_disk/HDRData/1000hdr/HDRtest/a4449-DSC_0030.exr,/mnt/data_disk/ZQL/TIP_TMO_result/tradition/ReinhardDevlin/a4449.png,343,512,0.7537314603199261,0.7746819363124154,0.02012298029243202,0.31664642410208416,0.6332928482041683,1.4342886219743819e-24,0.14701886475086212
a4452,/mnt/data_disk/HDRData/1000hdr/HDRtest/a4452-DSC_0084.exr,/mnt/data_disk/ZQL/TIP_TMO_result/tradition/ReinhardDevlin/a4452.png,340,512,0.8562167937483265,0.8626971451203812,0.32825049073637863,0.4035218635236136,0.8068158537344001,0.00022787331282702754,0.1756737232208252
a4455,/mnt/data_disk/HDRData/1000hdr/HDRtest/a4455-Duggan_080106_4325.exr,/mnt/data_disk/ZQL/TIP_TMO_result/tradition/ReinhardDevlin/a4455.png,341,512,0.9049774010335316,0.9132564768107366,0.5232774395656721,0.43796056180393655,0.8703124824586327,0.005608641149240467,0.25233978033065796
a4456,/mnt/data_disk/HDRData/1000hdr/HDRtest/a4456-DSC_0472.exr,/mnt/data_disk/ZQL/TIP_TMO_result/tradition/ReinhardDevlin/a4456.png,343,512,0.7701025116635131,0.8426465778022246,0.01393288998580383,0.34432256673063016,0.6886451334612603,1.1621819271567628e-32,0.1466435194015503
a4457,/mnt/data_disk/HDRData/1000hdr/HDRtest/a4457-_DSC0012-5.exr,/mnt/data_disk/ZQL/TIP_TMO_result/tradition/ReinhardDevlin/a4457.png,340,512,0.8443649830755531,0.9012886541729778,0.22073096270987552,0.4492931832817777,0.8985863665440279,1.9527543727344798e-11,0.10031397640705109
a4465,/mnt/data_disk/HDRData/1000hdr/HDRtest/a4465-DSC_0051.exr,/mnt/data_disk/ZQL/TIP_TMO_result/tradition/ReinhardDevlin/a4465.png,340,512,0.7858290699572457,0.7505172771237022,0.14951961937046387,0.22591965151708568,0.45183928248059896,2.0553572405330113e-08,0.11533565074205399
a4466,/mnt/data_disk/HDRData/1000hdr/HDRtest/a4466-20090327_at_11h08m58__MG_0964.exr,/mnt/data_disk/ZQL/TIP_TMO_result/tradition/ReinhardDevlin/a4466.png,341,512,0.8832797294693825,0.8783236907945627,0.45138240475708435,0.4347605054786471,0.8335415122390966,0.035979498718197604,0.2477698177099228
a4467,/mnt/data_disk/HDRData/1000hdr/HDRtest/a4467-Duggan_090426_7873.exr,/mnt/data_disk/ZQL/TIP_TMO_result/tradition/ReinhardDevlin/a4467.png,341,512,0.8846395087793222,0.8848146251607631,0.4493041177983453,0.38395475762779535,0.7676748806963493,0.00023463455924146296,0.24009431898593903
a4470,/mnt/data_disk/HDRData/1000hdr/HDRtest/a4470-Duggan_090123_4566.exr,/mnt/data_disk/ZQL/TIP_TMO_result/tradition/ReinhardDevlin/a4470.png,341,512,0.9023086160046355,0.9110894531123112,0.5109489825231163,0.40786522819174265,0.8079334356818655,0.007797020701619764,0.20135322213172913
a4471,/mnt/data_disk/HDRData/1000hdr/HDRtest/a4471-Duggan_090321_5859.exr,/mnt/data_disk/ZQL/TIP_TMO_result/tradition/ReinhardDevlin/a4471.png,341,512,0.813585955440591,0.9068035281397203,0.08942145813638067,0.3698918802381882,0.7397837604763764,7.835902042840257e-20,0.2267467975616455
a4472,/mnt/data_disk/HDRData/1000hdr/HDRtest/a4472-Duggan_090504_9026.exr,/mnt/data_disk/ZQL/TIP_TMO_result/tradition/ReinhardDevlin/a4472.png,341,512,0.9493393264044334,0.9154027010499755,0.7980423338945997,0.5551763805916122,0.8492392076944273,0.26111355348879717,0.30501294136047363
a4474,/mnt/data_disk/HDRData/1000hdr/HDRtest/a4474-09-05-19-at-18h56m31s-_MG_9553.exr,/mnt/data_disk/ZQL/TIP_TMO_result/tradition/ReinhardDevlin/a4474.png,341,512,0.7820604234692973,0.8508541452786629,0.03730492551089381,0.42500826023344185,0.8500165203565805,1.1030325191145464e-10,0.13514705002307892
a4476,/mnt/data_disk/HDRData/1000hdr/HDRtest/a4476-IMG_4029.exr,/mnt/data_disk/ZQL/TIP_TMO_result/tradition/ReinhardDevlin/a4476.png,341,512,0.7570264560709843,0.704413341649599,0.09303945529416477,0.4013392330528512,0.8026784660959487,9.753614508528792e-12,0.14763206243515015
a4477,/mnt/data_disk/HDRData/1000hdr/HDRtest/a4477-20090327_at_06h09m52__MG_0855.exr,/mnt/data_disk/ZQL/TIP_TMO_result/tradition/ReinhardDevlin/a4477.png,341,512,0.8117820998640005,0.812663149991052,0.1829396278594219,0.29768885850730503,0.5946333222050096,0.000744394809600416,0.19820727407932281
a4479,/mnt/data_disk/HDRData/1000hdr/HDRtest/a4479-09-05-19-at-18h39m42s-_MG_9545.exr,/mnt/data_disk/ZQL/TIP_TMO_result/tradition/ReinhardDevlin/a4479.png,341,512,0.8290091749421873,0.8709281590297192,0.1881318793736805,0.4233780135155341,0.8467560270310512,1.6991488122935022e-14,0.218905508518219
a4480,/mnt/data_disk/HDRData/1000hdr/HDRtest/a4480-Duggan_090201_4896.exr,/mnt/data_disk/ZQL/TIP_TMO_result/tradition/ReinhardDevlin/a4480.png,341,512,0.7909461132339942,0.7493078752752507,0.1723486821989171,0.31964912988252936,0.6392982597479431,1.7115683703598508e-11,0.2435687780380249
a4487,/mnt/data_disk/HDRData/1000hdr/HDRtest/a4487-Duggan_090322_5971.exr,/mnt/data_disk/ZQL/TIP_TMO_result/tradition/ReinhardDevlin/a4487.png,341,512,0.7939433760482949,0.7990977743182104,0.12545505323892794,0.3539771896468534,0.7079543792937067,1.0655972344981415e-17,0.18860751390457153
