id,hdr_path,ldr_path,height,width,tmqi_q,tmqi_s,tmqi_n,tmqi2_q,tmqi2_s,tmqi2_n,nlpd
a2808,/mnt/data_disk/HDRData/1000hdr/HDRtest/a2808-20080516_072208__MG_0018.exr,/mnt/data_disk/ZQL/TIP_TMO_result/tradition/BestExposure(Histogram)/a2808.png,341,512,0.9002934210634453,0.8326700498598274,0.6255252561692589,0.7686896495406544,0.7205791885260656,0.8168001105552433,0.1719319075345993
a2824,/mnt/data_disk/HDRData/1000hdr/HDRtest/a2824-dvf_035.exr,/mnt/data_disk/ZQL/TIP_TMO_result/tradition/BestExposure(Histogram)/a2824.png,341,512,0.915315462626211,0.769600075562672,0.8390226945541641,0.8243613629078408,0.7096789702727653,0.9390437555429163,0.13222169876098633
a2854,/mnt/data_disk/HDRData/1000hdr/HDRtest/a2854-NKIM_MG_7374.exr,/mnt/data_disk/ZQL/TIP_TMO_result/tradition/BestExposure(Histogram)/a2854.png,341,512,0.9292947398053731,0.9551556291412607,0.6049175511958136,0.8928493274130183,0.8079449225304477,0.9777537322955888,0.28348228335380554
a2861,/mnt/data_disk/HDRData/1000hdr/HDRtest/a2861-IMG_4397.exr,/mnt/data_disk/ZQL/TIP_TMO_result/tradition/BestExposure(Histogram)/a2861.png,341,512,0.7623718278551944,0.8303597636898051,0.005979285535192815,0.2740235557965568,0.5480471115931136,2.2056013055847416e-33,0.1384052038192749
a2862,/mnt/data_disk/HDRData/1000hdr/HDRtest/a2862-_DSC0055.exr,/mnt/data_disk/ZQL/TIP_TMO_result/tradition/BestExposure(Histogram)/a2862.png,340,512,0.9493435701347352,0.8690298745422311,0.8806906692473431,0.9010859138734821,0.8293748440785755,0.9727969836683886,0.17201778292655945
a2876,/mnt/data_disk/HDRData/1000hdr/HDRtest/a2876-jn_20080130_Las_Vegas_0082.exr,/mnt/data_disk/ZQL/TIP_TMO_result/tradition/BestExposure(Histogram)/a2876.png,341,512,0.7407663056984766,0.4325681718054302,0.49093443790215135,0.8175935116916403,0.6512064023099638,0.9839806210733167,0.24896597862243652
a2883,/mnt/data_disk/HDRData/1000hdr/HDRtest/a2883-_DSC0008-2.exr,/mnt/data_disk/ZQL/TIP_TMO_result/tradition/BestExposure(Histogram)/a2883.png,340,512,0.8059633945338567,0.8779922918746574,0.08938052577750323,0.4503642370131088,0.6599614169018617,0.24076705712435584,0.06329217553138733
a2913,/mnt/data_disk/HDRData/1000hdr/HDRtest/a2913-IMG_0138.exr,/mnt/data_disk/ZQL/TIP_TMO_result/tradition/BestExposure(Histogram)/a2913.png,341,512,0.8907824126057251,0.8091855311120922,0.607423964251434,0.8974402817198401,0.8617959379609899,0.9330846254786905,0.2041340172290802
a2933,/mnt/data_disk/HDRData/1000hdr/HDRtest/a2933-_I2E7313.exr,/mnt/data_disk/ZQL/TIP_TMO_result/tradition/BestExposure(Histogram)/a2933.png,341,512,0.878125147915533,0.7481578604069229,0.6387830631203405,0.849228839829169,0.7935937131475661,0.9048639665107718,0.1756500005722046
a2956,/mnt/data_disk/HDRData/1000hdr/HDRtest/a2956-KE_-0035.exr,/mnt/data_disk/ZQL/TIP_TMO_result/tradition/BestExposure(Histogram)/a2956.png,340,512,0.8675095337089284,0.8671821581312987,0.3811403555822915,0.3999093156753221,0.5875866160293918,0.21223201532125247,0.12994404137134552
a2986,/mnt/data_disk/HDRData/1000hdr/HDRtest/a2986-_DGW6325.exr,/mnt/data_disk/ZQL/TIP_TMO_result/tradition/BestExposure(Histogram)/a2986.png,341,512,0.7993276494380505,0.8709390569760963,0.07317322383248374,0.6141844843015807,0.9255259094486271,0.30284305915453413,0.23239442706108093
a3267,/mnt/data_disk/HDRData/1000hdr/HDRtest/a3267-WP_CRW_0087.exr,/mnt/data_disk/ZQL/TIP_TMO_result/tradition/BestExposure(Histogram)/a3267.png,341,512,0.9020820152056308,0.8558833532255228,0.5973338971172946,0.9114685595795007,0.8375998342018321,0.9853372849571692,0.18683761358261108
a3285,/mnt/data_disk/HDRData/1000hdr/HDRtest/a3285-CRW_0291.exr,/mnt/data_disk/ZQL/TIP_TMO_result/tradition/BestExposure(Histogram)/a3285.png,341,512,0.906865786009257,0.8913206868621649,0.5687240243380042,0.9214860613786438,0.8456498554406825,0.997322267316605,0.3167148530483246
a3288,/mnt/data_disk/HDRData/1000hdr/HDRtest/a3288-KE_-0049.exr,/mnt/data_disk/ZQL/TIP_TMO_result/tradition/BestExposure(Histogram)/a3288.png,340,512,0.8321245824409041,0.797025619663655,0.29868830952172315,0.8259890811963231,0.8163145454926368,0.8356636169000092,0.1488804817199707
a3306,/mnt/data_disk/HDRData/1000hdr/HDRtest/a3306-IMG_4969.exr,/mnt/data_disk/ZQL/TIP_TMO_result/tradition/BestExposure(Histogram)/a3306.png,341,512,0.8283163921010261,0.8271269349796604,0.23918895201602547,0.8947223095223225,0.8127265415083451,0.9767180775362997,0.17208480834960938
a3312,/mnt/data_disk/HDRData/1000hdr/HDRtest/a3312-IMG_1063.exr,/mnt/data_disk/ZQL/TIP_TMO_result/tradition/BestExposure(Histogram)/a3312.png,341,512,0.810440239580468,0.8581512042084247,0.125720136987264,0.3590027659800296,0.7180055207518089,1.1208250379538449e-08,0.13784468173980713
a3315,/mnt/data_disk/HDRData/1000hdr/HDRtest/a3315-MB_20030906_022.exr,/mnt/data_disk/ZQL/TIP_TMO_result/tradition/BestExposure(Histogram)/a3315.png,341,512,0.8065211962851423,0.7997332233339275,0.1760735327930957,0.8678505530463716,0.7428151906607743,0.9928859154319688,0.2753969728946686
a3316,/mnt/data_disk/HDRData/1000hdr/HDRtest/a3316-20051225_163230__MG_1390.exr,/mnt/data_disk/ZQL/TIP_TMO_result/tradition/BestExposure(Histogram)/a3316.png,341,512,0.8639534913524005,0.97147017268699,0.22833309594578674,0.4960440709403719,0.7323300379174627,0.25975810396328114,0.10263670235872269
a3318,/mnt/data_disk/HDRData/1000hdr/HDRtest/a3318-JI2E5722.exr,/mnt/data_disk/ZQL/TIP_TMO_result/tradition/BestExposure(Histogram)/a3318.png,341,512,0.9170558146369904,0.915285006097864,0.5924256089114261,0.7894285407615915,0.634376824133233,0.9444802573899499,0.09860696643590927
a3321,/mnt/data_disk/HDRData/1000hdr/HDRtest/a3321-DSC_0054.exr,/mnt/data_disk/ZQL/TIP_TMO_result/tradition/BestExposure(Histogram)/a3321.png,340,512,0.8879814633871149,0.9404498498593634,0.38803024528219676,0.7699117828473587,0.9113112990405902,0.6285122666541273,0.08668853342533112
a3325,/mnt/data_disk/HDRData/1000hdr/HDRtest/a3325-050819_154342__MG_5227.exr,/mnt/data_disk/ZQL/TIP_TMO_result/tradition/BestExposure(Histogram)/a3325.png,341,512,0.9378049447958106,0.8932687263855031,0.7601558661382445,0.9408044088311324,0.8888561202839574,0.9927526973783073,0.0751052275300026
a3337,/mnt/data_disk/HDRData/1000hdr/HDRtest/a3337-dgw_112.exr,/mnt/data_disk/ZQL/TIP_TMO_result/tradition/BestExposure(Histogram)/a3337.png,341,512,0.7668713477715692,0.778767599368329,0.05192478403776704,0.8431763781626942,0.819928045509492,0.8664247108158964,0.3174690902233124
a3339,/mnt/data_disk/HDRData/1000hdr/HDRtest/a3339-_MG_7202.exr,/mnt/data_disk/ZQL/TIP_TMO_result/tradition/BestExposure(Histogram)/a3339.png,341,512,0.946619320622206,0.8093525998185808,0.9760419529589689,0.875628331241544,0.7785974288098124,0.9726592336732756,0.18327753245830536
a3341,/mnt/data_disk/HDRData/1000hdr/HDRtest/a3341-jmac_DSC2590.exr,/mnt/data_disk/ZQL/TIP_TMO_result/tradition/BestExposure(Histogram)/a3341.png,340,512,0.9084929400413219,0.9127351095181493,0.5448622360884684,0.68769690448178,0.9060699194129516,0.46932388955060833,0.0891314148902893
a3344,/mnt/data_disk/HDRData/1000hdr/HDRtest/a3344-NKIM_MG_6348.exr,/mnt/data_disk/ZQL/TIP_TMO_result/tradition/BestExposure(Histogram)/a3344.png,341,512,0.9911546991184357,0.9679418798569959,0.9933862604297868,0.8659395958686564,0.7844941114067219,0.947385080330591,0.042351312935352325
a3345,/mnt/data_disk/HDRData/1000hdr/HDRtest/a3345-20080514_105211__MG_9917.exr,/mnt/data_disk/ZQL/TIP_TMO_result/tradition/BestExposure(Histogram)/a3345.png,341,512,0.8647959606959389,0.8931706805200218,0.3304952286253662,0.3714107264446721,0.6466878035907947,0.09613364929854953,0.12242624908685684
a3351,/mnt/data_disk/HDRData/1000hdr/HDRtest/a3351-KE_-1722.exr,/mnt/data_disk/ZQL/TIP_TMO_result/tradition/BestExposure(Histogram)/a3351.png,340,512,0.9243440779067694,0.8681172937750656,0.7162714296553004,0.8710545954734377,0.7444899080450754,0.9976192829017999,0.10747575014829636
a3356,/mnt/data_disk/HDRData/1000hdr/HDRtest/a3356-_DSC9981.exr,/mnt/data_disk/ZQL/TIP_TMO_result/tradition/BestExposure(Histogram)/a3356.png,341,512,0.9337460445673189,0.7824598696965333,0.939734227905528,0.809209831853643,0.6212953656044039,0.9971242981028822,0.17030605673789978
a3360,/mnt/data_disk/HDRData/1000hdr/HDRtest/a3360-IMG_0017.exr,/mnt/data_disk/ZQL/TIP_TMO_result/tradition/BestExposure(Histogram)/a3360.png,341,512,0.8475510864580801,0.8929001202611148,0.24578024864304474,0.8546844588304052,0.9428209878194436,0.766547929841367,0.144753560423851
a3365,/mnt/data_disk/HDRData/1000hdr/HDRtest/a3365-jn_20071207_Xmas_House_0124.exr,/mnt/data_disk/ZQL/TIP_TMO_result/tradition/BestExposure(Histogram)/a3365.png,341,512,0.9002366603376051,0.7776522577666151,0.7239490289501384,0.8332573849600683,0.7950361493852174,0.8714786205349192,0.113547183573246
a3366,/mnt/data_disk/HDRData/1000hdr/HDRtest/a3366-Ja_Pe-6.exr,/mnt/data_disk/ZQL/TIP_TMO_result/tradition/BestExposure(Histogram)/a3366.png,288,512,0.8388999443258345,0.8134451211747397,0.3093082862220822,0.9045889489413581,0.8362733660656644,0.9729045318170517,0.20714841783046722
a3369,/mnt/data_disk/HDRData/1000hdr/HDRtest/a3369-IMG_0004.exr,/mnt/data_disk/ZQL/TIP_TMO_result/tradition/BestExposure(Histogram)/a3369.png,341,512,0.7879916724381971,0.848919270814874,0.056037952865978895,0.9372329891024098,0.8790223653267752,0.9954436128780443,0.2288433164358139
a3371,/mnt/data_disk/HDRData/1000hdr/HDRtest/a3371-07-12-01-at-11h32m58s-_MG_8498.exr,/mnt/data_disk/ZQL/TIP_TMO_result/tradition/BestExposure(Histogram)/a3371.png,341,512,0.7966928948746638,0.8570852327627765,0.07687180109105604,0.3425852178013241,0.6851701935533612,2.420492870200716e-07,0.20135970413684845
a3382,/mnt/data_disk/HDRData/1000hdr/HDRtest/a3382-IMG_4032.exr,/mnt/data_disk/ZQL/TIP_TMO_result/tradition/BestExposure(Histogram)/a3382.png,341,512,0.8175051122403048,0.8185518159239443,0.20078349224693479,0.41747115716321,0.8257971555754432,0.00914515875097673,0.12417476624250412
a3388,/mnt/data_disk/HDRData/1000hdr/HDRtest/a3388-jmac_DSC2214.exr,/mnt/data_disk/ZQL/TIP_TMO_result/tradition/BestExposure(Histogram)/a3388.png,340,512,0.9421554300188573,0.8564129116288625,0.854977263924945,0.623467542333622,0.6911070786459694,0.5558280060212747,0.14116379618644714
a3390,/mnt/data_disk/HDRData/1000hdr/HDRtest/a3390-dgw_070.exr,/mnt/data_disk/ZQL/TIP_TMO_result/tradition/BestExposure(Histogram)/a3390.png,341,512,0.7927337993489215,0.6315540822279555,0.35909360111921923,0.740572893202111,0.6800732834433364,0.8010725029608854,0.2518228590488434
a3391,/mnt/data_disk/HDRData/1000hdr/HDRtest/a3391-050904_125814__I2E8654.exr,/mnt/data_disk/ZQL/TIP_TMO_result/tradition/BestExposure(Histogram)/a3391.png,341,512,0.9028827651528217,0.76020446045755,0.7745627107186625,0.8740646407900514,0.7527337379635648,0.995395543616538,0.20312665402889252
a3393,/mnt/data_disk/HDRData/1000hdr/HDRtest/a3393-_DSC0057.exr,/mnt/data_disk/ZQL/TIP_TMO_result/tradition/BestExposure(Histogram)/a3393.png,340,512,0.7835745932511063,0.8842203144566464,0.018709746877740224,0.9090814631275166,0.893540737556545,0.9246221886984882,0.10116677731275558
a3394,/mnt/data_disk/HDRData/1000hdr/HDRtest/a3394-_DGW6419.exr,/mnt/data_disk/ZQL/TIP_TMO_result/tradition/BestExposure(Histogram)/a3394.png,341,512,0.7975733844487298,0.6291192556789549,0.3892519010581829,0.4284367037110281,0.6382305125515383,0.2186428948705179,0.3839435279369354
a3400,/mnt/data_disk/HDRData/1000hdr/HDRtest/a3400-07-11-04-at-17h36m14s-_MG_4004.exr,/mnt/data_disk/ZQL/TIP_TMO_result/tradition/BestExposure(Histogram)/a3400.png,341,512,0.8955000837665843,0.8664367340473805,0.5404990625247956,0.5301911541460252,0.8126843012803646,0.2476980070116859,0.17075811326503754
a3401,/mnt/data_disk/HDRData/1000hdr/HDRtest/a3401-20061111_122429__E6B5415.exr,/mnt/data_disk/ZQL/TIP_TMO_result/tradition/BestExposure(Histogram)/a3401.png,341,512,0.8778188275328493,0.954558937972422,0.31614050351752293,0.8929888045974269,0.9648605950999881,0.8211170140948657,0.07842470705509186
a3402,/mnt/data_disk/HDRData/1000hdr/HDRtest/a3402-jmac_DSC3153.exr,/mnt/data_disk/ZQL/TIP_TMO_result/tradition/BestExposure(Histogram)/a3402.png,340,512,0.8771485872636237,0.8618246356903433,0.4418679833662091,0.9393023730528368,0.8837088782975249,0.9948958678081488,0.13520565629005432
a3413,/mnt/data_disk/HDRData/1000hdr/HDRtest/a3413-20041217_193556__E6B0485.exr,/mnt/data_disk/ZQL/TIP_TMO_result/tradition/BestExposure(Histogram)/a3413.png,341,512,0.8926231336387705,0.8596256575480188,0.5343663504263448,0.9007987253098856,0.8711280285172224,0.9304694221025488,0.11856677383184433
a3414,/mnt/data_disk/HDRData/1000hdr/HDRtest/a3414-DSC_0002.exr,/mnt/data_disk/ZQL/TIP_TMO_result/tradition/BestExposure(Histogram)/a3414.png,340,512,0.9118559447143227,0.8836771477762113,0.611427334324504,0.907288969036487,0.8311040636087635,0.9834738744642105,0.15421491861343384
a3415,/mnt/data_disk/HDRData/1000hdr/HDRtest/a3415-jmac_DSC6092.exr,/mnt/data_disk/ZQL/TIP_TMO_result/tradition/BestExposure(Histogram)/a3415.png,340,512,0.9323168728930697,0.9626098437610499,0.6119737008862317,0.8679326725536929,0.784508933091046,0.9513564120163398,0.10461366921663284
a3416,/mnt/data_disk/HDRData/1000hdr/HDRtest/a3416-IMG_4746.exr,/mnt/data_disk/ZQL/TIP_TMO_result/tradition/BestExposure(Histogram)/a3416.png,341,512,0.8693289303668783,0.7958820688277614,0.5018616402388636,0.9062212985937758,0.8722789319638252,0.9401636652237263,0.20192745327949524
a3418,/mnt/data_disk/HDRData/1000hdr/HDRtest/a3418-2004-02-07 16-53-50 CRW_3754.exr,/mnt/data_disk/ZQL/TIP_TMO_result/tradition/BestExposure(Histogram)/a3418.png,341,512,0.8625766760184128,0.926356143287903,0.27602745172639476,0.5945966108014166,0.8634496452567038,0.3257435763461293,0.05840137228369713
a3422,/mnt/data_disk/HDRData/1000hdr/HDRtest/a3422-WP_CRW_0302.exr,/mnt/data_disk/ZQL/TIP_TMO_result/tradition/BestExposure(Histogram)/a3422.png,341,512,0.9214632073471187,0.9380433518608626,0.5836159454259854,0.7595149709303582,0.7577455416864849,0.7612844001742316,0.14246858656406403
a3424,/mnt/data_disk/HDRData/1000hdr/HDRtest/a3424-CRW_0163.exr,/mnt/data_disk/ZQL/TIP_TMO_result/tradition/BestExposure(Histogram)/a3424.png,341,512,0.8960936702937028,0.8141300705983907,0.631598010085417,0.8086359605916433,0.7626724587510101,0.8545994624322765,0.24149340391159058
a3431,/mnt/data_disk/HDRData/1000hdr/HDRtest/a3431-_DSC0103-3.exr,/mnt/data_disk/ZQL/TIP_TMO_result/tradition/BestExposure(Histogram)/a3431.png,340,512,0.8529239097245824,0.8828055225013273,0.28457567843909576,0.5403148761015998,0.9310630942428253,0.14956665796037433,0.08160261064767838
a3432,/mnt/data_disk/HDRData/1000hdr/HDRtest/a3432-jmac_DSC3184.exr,/mnt/data_disk/ZQL/TIP_TMO_result/tradition/BestExposure(Histogram)/a3432.png,340,512,0.9346928583773326,0.8654199173881713,0.7886157561594481,0.9439963454450269,0.8956516182612411,0.9923410726288127,0.09790481626987457
a3433,/mnt/data_disk/HDRData/1000hdr/HDRtest/a3433-NKIM_MG_8213.exr,/mnt/data_disk/ZQL/TIP_TMO_result/tradition/BestExposure(Histogram)/a3433.png,341,512,0.8296130668584099,0.8194102693755221,0.2555009481639389,0.5212690442996596,0.8158761770318224,0.22666191156749685,0.1911863386631012
a3439,/mnt/data_disk/HDRData/1000hdr/HDRtest/a3439-IMG_3798.exr,/mnt/data_disk/ZQL/TIP_TMO_result/tradition/BestExposure(Histogram)/a3439.png,341,512,0.8408339870577172,0.8962709620455306,0.21068767623156773,0.5110634489762683,0.9865854661373729,0.03554143181516376,0.09548186510801315
a3441,/mnt/data_disk/HDRData/1000hdr/HDRtest/a3441-dgw_064.exr,/mnt/data_disk/ZQL/TIP_TMO_result/tradition/BestExposure(Histogram)/a3441.png,341,512,0.9200622094865117,0.7750093426987491,0.8604557660189001,0.8151650896391613,0.7730483083461895,0.857281870932133,0.24684756994247437
a3444,/mnt/data_disk/HDRData/1000hdr/HDRtest/a3444-WP_CRW_6313.exr,/mnt/data_disk/ZQL/TIP_TMO_result/tradition/BestExposure(Histogram)/a3444.png,341,512,0.8794307106015078,0.8612194287515946,0.4556135483332469,0.4131767732585701,0.6903641092512506,0.1359894372658896,0.12288562953472137
a3446,/mnt/data_disk/HDRData/1000hdr/HDRtest/a3446-050730_134124__MG_3716.exr,/mnt/data_disk/ZQL/TIP_TMO_result/tradition/BestExposure(Histogram)/a3446.png,341,512,0.8845051238325871,0.9421788796381625,0.3671012108466888,0.8774985507895866,0.8140763617548241,0.9409207398243491,0.18371272087097168
a3448,/mnt/data_disk/HDRData/1000hdr/HDRtest/a3448-IMG_0113.exr,/mnt/data_disk/ZQL/TIP_TMO_result/tradition/BestExposure(Histogram)/a3448.png,341,512,0.8610503891541246,0.7526795428954093,0.527122042872187,0.9372574318757401,0.8829366620818887,0.9915782016695915,0.20311462879180908
a3449,/mnt/data_disk/HDRData/1000hdr/HDRtest/a3449-jmac_DSC2669.exr,/mnt/data_disk/ZQL/TIP_TMO_result/tradition/BestExposure(Histogram)/a3449.png,340,512,0.9507714249727601,0.9546792148100096,0.7414124458922899,0.9025671263713853,0.8430835585951949,0.9620506941475757,0.08727530390024185
a3451,/mnt/data_disk/HDRData/1000hdr/HDRtest/a3451-IMG_1088.exr,/mnt/data_disk/ZQL/TIP_TMO_result/tradition/BestExposure(Histogram)/a3451.png,341,512,0.9256495509303873,0.8007277196264019,0.8481093440303211,0.8951602531634686,0.7964204235246186,0.9939000828023186,0.27430281043052673
a3452,/mnt/data_disk/HDRData/1000hdr/HDRtest/a3452-IMG_1205.exr,/mnt/data_disk/ZQL/TIP_TMO_result/tradition/BestExposure(Histogram)/a3452.png,341,512,0.8844834733680089,0.974936928818578,0.3241152093516018,0.7911639058973677,0.7798278031090742,0.8025000086856613,0.05755335092544556
a3456,/mnt/data_disk/HDRData/1000hdr/HDRtest/a3456-DSC_0006-1-2.exr,/mnt/data_disk/ZQL/TIP_TMO_result/tradition/BestExposure(Histogram)/a3456.png,340,512,0.9576814951986641,0.892207022043288,0.8954893612423888,0.9314592450921975,0.8890401720759034,0.9738783181084917,0.12900041043758392
a3457,/mnt/data_disk/HDRData/1000hdr/HDRtest/a3457-NKIM_025.exr,/mnt/data_disk/ZQL/TIP_TMO_result/tradition/BestExposure(Histogram)/a3457.png,341,512,0.918015573985956,0.9586221280998617,0.5317833742755548,0.7383812040108426,0.8919043756105873,0.584858032411098,0.14899730682373047
a3460,/mnt/data_disk/HDRData/1000hdr/HDRtest/a3460-20080514_105637__MG_9928.exr,/mnt/data_disk/ZQL/TIP_TMO_result/tradition/BestExposure(Histogram)/a3460.png,341,512,0.8664219012847786,0.8118791111373614,0.45915066483150996,0.9272037068097305,0.8570538245714637,0.9973535890479972,0.16549697518348694
a3462,/mnt/data_disk/HDRData/1000hdr/HDRtest/a3462-dgw_051.exr,/mnt/data_disk/ZQL/TIP_TMO_result/tradition/BestExposure(Histogram)/a3462.png,341,512,0.8917895383621579,0.7710809741370337,0.6821200916813238,0.8632102830853943,0.7874350676027854,0.9389854985680032,0.25510817766189575
a3464,/mnt/data_disk/HDRData/1000hdr/HDRtest/a3464-tc_DSC2199.exr,/mnt/data_disk/ZQL/TIP_TMO_result/tradition/BestExposure(Histogram)/a3464.png,340,512,0.8667707616381766,0.7795661076957748,0.5143451783915753,0.5296154760842734,0.8178299522169558,0.24140099995159095,0.11619137972593307
a3465,/mnt/data_disk/HDRData/1000hdr/HDRtest/a3465-20060619_114622__MG_9153.exr,/mnt/data_disk/ZQL/TIP_TMO_result/tradition/BestExposure(Histogram)/a3465.png,341,512,0.8824945859168392,0.9051401581738264,0.40770597839598016,0.7446009272643015,0.7653753678040212,0.7238264867245817,0.14826352894306183
a3466,/mnt/data_disk/HDRData/1000hdr/HDRtest/a3466-IMG_3941.exr,/mnt/data_disk/ZQL/TIP_TMO_result/tradition/BestExposure(Histogram)/a3466.png,341,512,0.9193564331098312,0.928907804288964,0.5850242383796902,0.8710292904116188,0.8914529048564126,0.8506056759668249,0.1291797161102295
a3468,/mnt/data_disk/HDRData/1000hdr/HDRtest/a3468-IMG_4793.exr,/mnt/data_disk/ZQL/TIP_TMO_result/tradition/BestExposure(Histogram)/a3468.png,341,512,0.8945277993953428,0.9151342186463434,0.4601687689398331,0.9632906348763423,0.9401369736746689,0.9864442960780156,0.10375802218914032
a3470,/mnt/data_disk/HDRData/1000hdr/HDRtest/a3470-IMG_0835.exr,/mnt/data_disk/ZQL/TIP_TMO_result/tradition/BestExposure(Histogram)/a3470.png,341,512,0.8346394672558767,0.7501576343061007,0.3825790053236952,0.8982387390644493,0.8029285052314727,0.9935489728974257,0.22928762435913086
a3474,/mnt/data_disk/HDRData/1000hdr/HDRtest/a3474-jmac_MG_1125.exr,/mnt/data_disk/ZQL/TIP_TMO_result/tradition/BestExposure(Histogram)/a3474.png,341,512,0.85942696831023,0.8857831156480818,0.31308541911860993,0.8299874164333575,0.757051727777464,0.902923105089251,0.09165669977664948
a3477,/mnt/data_disk/HDRData/1000hdr/HDRtest/a3477-_DSC0048.exr,/mnt/data_disk/ZQL/TIP_TMO_result/tradition/BestExposure(Histogram)/a3477.png,340,512,0.8388355525556799,0.8566005059568986,0.2505473960212944,0.9023132587187654,0.914843071881315,0.8897834455562159,0.1435578316450119
a3483,/mnt/data_disk/HDRData/1000hdr/HDRtest/a3483-_DSC0023-1.exr,/mnt/data_disk/ZQL/TIP_TMO_result/tradition/BestExposure(Histogram)/a3483.png,340,512,0.7894924117179674,0.7636199160776594,0.14863431703535418,0.462757184182832,0.8146252722238955,0.11088909614176855,0.07201189547777176
a3486,/mnt/data_disk/HDRData/1000hdr/HDRtest/a3486-jmac_DSC3897.exr,/mnt/data_disk/ZQL/TIP_TMO_result/tradition/BestExposure(Histogram)/a3486.png,343,512,0.813416031814413,0.7403648236462985,0.28825672153702464,0.9326103249800503,0.8674005898827805,0.99782006007732,0.1878187358379364
a3491,/mnt/data_disk/HDRData/1000hdr/HDRtest/a3491-DSC_0091.exr,/mnt/data_disk/ZQL/TIP_TMO_result/tradition/BestExposure(Histogram)/a3491.png,340,512,0.9117200110931766,0.9343165975708742,0.5310019228505604,0.7576947472384994,0.8127678030226883,0.7026216914543105,0.1330946385860443
a3493,/mnt/data_disk/HDRData/1000hdr/HDRtest/a3493-IMG_0279.exr,/mnt/data_disk/ZQL/TIP_TMO_result/tradition/BestExposure(Histogram)/a3493.png,341,512,0.8458770327148301,0.7509309300643396,0.4429292561980552,0.9089717485114743,0.823787623001036,0.9941558740219127,0.19016797840595245
a3499,/mnt/data_disk/HDRData/1000hdr/HDRtest/a3499-jn_2007_12_11__BU_CRUISE_019.exr,/mnt/data_disk/ZQL/TIP_TMO_result/tradition/BestExposure(Histogram)/a3499.png,341,512,0.82596092720923,0.8092576079162577,0.25172193721221414,0.3742881552755482,0.7484765674675218,9.974308357462402e-05,0.09261560440063477
a3503,/mnt/data_disk/HDRData/1000hdr/HDRtest/a3503-050731_155906__I2E5378.exr,/mnt/data_disk/ZQL/TIP_TMO_result/tradition/BestExposure(Histogram)/a3503.png,341,512,0.8384488351991662,0.8861757035377555,0.2119693528882658,0.30715937714880004,0.6079539881854407,0.006364766112159429,0.13485538959503174
a3504,/mnt/data_disk/HDRData/1000hdr/HDRtest/a3504-IMG_0903.exr,/mnt/data_disk/ZQL/TIP_TMO_result/tradition/BestExposure(Histogram)/a3504.png,341,512,0.8808060429513981,0.9358886353645043,0.3560438223995084,0.828358416729031,0.9601340914203238,0.6965827420377382,0.12460824847221375
a3505,/mnt/data_disk/HDRData/1000hdr/HDRtest/a3505-CRW_0288.exr,/mnt/data_disk/ZQL/TIP_TMO_result/tradition/BestExposure(Histogram)/a3505.png,341,512,0.8762649487901987,0.889256891532874,0.39654974327478437,0.923458615949329,0.8797291820397609,0.9671880498588972,0.21386650204658508
a3508,/mnt/data_disk/HDRData/1000hdr/HDRtest/a3508-NKIM_095.exr,/mnt/data_disk/ZQL/TIP_TMO_result/tradition/BestExposure(Histogram)/a3508.png,341,512,0.871571856794926,0.8203898592167347,0.47482924115237324,0.9140747009607155,0.8510743127612121,0.9770750891602189,0.28619614243507385
a3509,/mnt/data_disk/HDRData/1000hdr/HDRtest/a3509-_DGW6337.exr,/mnt/data_disk/ZQL/TIP_TMO_result/tradition/BestExposure(Histogram)/a3509.png,341,512,0.9084356010440519,0.9125538913945163,0.5448015164602676,0.8134704479792862,0.8075766977709934,0.819364198187579,0.32384923100471497
a3510,/mnt/data_disk/HDRData/1000hdr/HDRtest/a3510-JI2E4365.exr,/mnt/data_disk/ZQL/TIP_TMO_result/tradition/BestExposure(Histogram)/a3510.png,341,512,0.8903624225679431,0.7335905191329323,0.7446693129702482,0.7971663744962921,0.6707221003302744,0.9236106486623099,0.24128133058547974
a3511,/mnt/data_disk/HDRData/1000hdr/HDRtest/a3511-jmac_MG_0542.exr,/mnt/data_disk/ZQL/TIP_TMO_result/tradition/BestExposure(Histogram)/a3511.png,341,512,0.8758502193924035,0.8901730774113081,0.392991428602979,0.845694435667649,0.9118152641254377,0.7795736072098602,0.08823788911104202
a3512,/mnt/data_disk/HDRData/1000hdr/HDRtest/a3512-LSstone_060805_9380.exr,/mnt/data_disk/ZQL/TIP_TMO_result/tradition/BestExposure(Histogram)/a3512.png,341,512,0.9003839798544435,0.7974314776375728,0.6883455709797427,0.7671541473065171,0.7671586949340975,0.7671495996789366,0.1606888473033905
a3521,/mnt/data_disk/HDRData/1000hdr/HDRtest/a3521-JI2E5091.exr,/mnt/data_disk/ZQL/TIP_TMO_result/tradition/BestExposure(Histogram)/a3521.png,341,512,0.8219976810533132,0.8100078058177645,0.23212318996865192,0.44133738108669196,0.8580591230780947,0.02461563909528924,0.11047320067882538
a3522,/mnt/data_disk/HDRData/1000hdr/HDRtest/a3522-IMG_4772.exr,/mnt/data_disk/ZQL/TIP_TMO_result/tradition/BestExposure(Histogram)/a3522.png,341,512,0.9514152926432494,0.903012556168252,0.8335334993256757,0.9027972966567446,0.8200725578864569,0.9855220354270321,0.09762328863143921
a3525,/mnt/data_disk/HDRData/1000hdr/HDRtest/a3525-IMG_0713.exr,/mnt/data_disk/ZQL/TIP_TMO_result/tradition/BestExposure(Histogram)/a3525.png,341,512,0.9913086309370879,0.9836769651492894,0.9669135000929499,0.9297219726542896,0.9405534704741176,0.9188904748344615,0.16172458231449127
a3529,/mnt/data_disk/HDRData/1000hdr/HDRtest/a3529-WP_CRW_0659.exr,/mnt/data_disk/ZQL/TIP_TMO_result/tradition/BestExposure(Histogram)/a3529.png,341,512,0.9197810837236302,0.9039210196248212,0.6273739391045257,0.8734011760579721,0.8410857445128249,0.9057166076031191,0.1339349001646042
a3531,/mnt/data_disk/HDRData/1000hdr/HDRtest/a3531-07-06-30-at-04h02m08s-_MG_1936.exr,/mnt/data_disk/ZQL/TIP_TMO_result/tradition/BestExposure(Histogram)/a3531.png,341,512,0.8480042549242566,0.5810229353649722,0.7947997558306643,0.5338831991595951,0.6168172085392131,0.4509491897799773,0.2341453582048416
a3540,/mnt/data_disk/HDRData/1000hdr/HDRtest/a3540-07-12-02-at-14h05m14s-_MG_8949.exr,/mnt/data_disk/ZQL/TIP_TMO_result/tradition/BestExposure(Histogram)/a3540.png,341,512,0.8966326229397532,0.9056667036633821,0.48625706238946387,0.5378810449926088,0.7520210663481091,0.32374102363710866,0.19526803493499756
a3541,/mnt/data_disk/HDRData/1000hdr/HDRtest/a3541-IMG_4107.exr,/mnt/data_disk/ZQL/TIP_TMO_result/tradition/BestExposure(Histogram)/a3541.png,341,512,0.8817150226985755,0.8920110394638844,0.42238403166878447,0.7848724620142656,0.7606462248370438,0.8090986991914875,0.10648217797279358
a3545,/mnt/data_disk/HDRData/1000hdr/HDRtest/a3545-jmac_DSC0491.exr,/mnt/data_disk/ZQL/TIP_TMO_result/tradition/BestExposure(Histogram)/a3545.png,340,512,0.9313800702616104,0.9219953202542763,0.6705427300156422,0.9287220007578905,0.871957237235369,0.9854867642804119,0.0736335888504982
a3548,/mnt/data_disk/HDRData/1000hdr/HDRtest/a3548-CRW_0993.exr,/mnt/data_disk/ZQL/TIP_TMO_result/tradition/BestExposure(Histogram)/a3548.png,341,512,0.913736093761923,0.8883732333341826,0.6153265235719219,0.9509806634363953,0.9272830045013114,0.9746783223714792,0.10991156101226807
a3549,/mnt/data_disk/HDRData/1000hdr/HDRtest/a3549-KE_-2455.exr,/mnt/data_disk/ZQL/TIP_TMO_result/tradition/BestExposure(Histogram)/a3549.png,340,512,0.8716276342605687,0.9395348967812298,0.3041137162320135,0.4625918551366853,0.8019518159859076,0.12323189428746305,0.09041464328765869
a3557,/mnt/data_disk/HDRData/1000hdr/HDRtest/a3557-IMG_1507.exr,/mnt/data_disk/ZQL/TIP_TMO_result/tradition/BestExposure(Histogram)/a3557.png,341,512,0.8439919379101232,0.9582914073679553,0.15537827479336092,0.7091118061139913,0.8826723357491731,0.5355512764788094,0.07135354727506638
a3563,/mnt/data_disk/HDRData/1000hdr/HDRtest/a3563-07-11-30-at-15h55m08s-_MG_8326.exr,/mnt/data_disk/ZQL/TIP_TMO_result/tradition/BestExposure(Histogram)/a3563.png,341,512,0.9407002365735775,0.7927411513044822,0.9676749131870255,0.8655095530654171,0.7903177468477013,0.9407013592831329,0.1951446831226349
a3571,/mnt/data_disk/HDRData/1000hdr/HDRtest/a3571-IMG_0290.exr,/mnt/data_disk/ZQL/TIP_TMO_result/tradition/BestExposure(Histogram)/a3571.png,341,512,0.8953121550397638,0.9021295657970975,0.4839896580915396,0.9233120120808489,0.8994910285524452,0.9471329956092525,0.04530075192451477
a3575,/mnt/data_disk/HDRData/1000hdr/HDRtest/a3575-IMG_0834.exr,/mnt/data_disk/ZQL/TIP_TMO_result/tradition/BestExposure(Histogram)/a3575.png,341,512,0.88969123748575,0.7873302461730922,0.6392559022618343,0.9274612205031827,0.8630837793787093,0.9918386616276561,0.20307224988937378
a3576,/mnt/data_disk/HDRData/1000hdr/HDRtest/a3576-LS051026_day_15_LL003.exr,/mnt/data_disk/ZQL/TIP_TMO_result/tradition/BestExposure(Histogram)/a3576.png,341,512,0.8781207173428521,0.9298690044163981,0.3500509264167973,0.9652550444050851,0.9401990911884655,0.9903109976217047,0.14552338421344757
a3585,/mnt/data_disk/HDRData/1000hdr/HDRtest/a3585-IMG_4211.exr,/mnt/data_disk/ZQL/TIP_TMO_result/tradition/BestExposure(Histogram)/a3585.png,341,512,0.790297176770107,0.8680155844187731,0.047423693673027845,0.4000202115503628,0.8000404163449681,6.7557575316361635e-09,0.1147419884800911
a3586,/mnt/data_disk/HDRData/1000hdr/HDRtest/a3586-IMG_4591.exr,/mnt/data_disk/ZQL/TIP_TMO_result/tradition/BestExposure(Histogram)/a3586.png,341,512,0.9723363084524838,0.908573404068038,0.9674891062374791,0.9114828666791515,0.8415864885703113,0.9813792447879917,0.15619724988937378
a3588,/mnt/data_disk/HDRData/1000hdr/HDRtest/a3588-CRW_0983.exr,/mnt/data_disk/ZQL/TIP_TMO_result/tradition/BestExposure(Histogram)/a3588.png,341,512,0.8842123077356082,0.8667367139410804,0.47430016155265164,0.6876456014937192,0.7895249551533681,0.5857662478340704,0.14598394930362701
a3591,/mnt/data_disk/HDRData/1000hdr/HDRtest/a3591-07-11-30-at-16h19m33s-_MG_8384.exr,/mnt/data_disk/ZQL/TIP_TMO_result/tradition/BestExposure(Histogram)/a3591.png,341,512,0.9096196365471458,0.729086750568732,0.8824316626723597,0.6256899640133187,0.7404406551849999,0.5109392728416373,0.2146839201450348
a3593,/mnt/data_disk/HDRData/1000hdr/HDRtest/a3593-_DSC5689.exr,/mnt/data_disk/ZQL/TIP_TMO_result/tradition/BestExposure(Histogram)/a3593.png,341,512,0.8468684399447073,0.7388193122987977,0.46900746847657016,0.9192082505333321,0.8401334369280983,0.9982830641385659,0.27374008297920227
a3600,/mnt/data_disk/HDRData/1000hdr/HDRtest/a3600-JI2E3496.exr,/mnt/data_disk/ZQL/TIP_TMO_result/tradition/BestExposure(Histogram)/a3600.png,341,512,0.9125259559829884,0.8528332609045356,0.6673351571953486,0.86252180608874,0.7541925794928731,0.9708510326846068,0.192606583237648
a3602,/mnt/data_disk/HDRData/1000hdr/HDRtest/a3602-_DSC9759.exr,/mnt/data_disk/ZQL/TIP_TMO_result/tradition/BestExposure(Histogram)/a3602.png,341,512,0.9641236459833615,0.9203976766773836,0.8891380029278995,0.8805811526913357,0.8292821299121695,0.931880175470502,0.1186375841498375
a3605,/mnt/data_disk/HDRData/1000hdr/HDRtest/a3605-IMG_2772.exr,/mnt/data_disk/ZQL/TIP_TMO_result/tradition/BestExposure(Histogram)/a3605.png,341,512,0.898816096637568,0.8873110152732463,0.5271056225498102,0.8803115609685894,0.9587450805065244,0.8018780414306544,0.08549021184444427
a3608,/mnt/data_disk/HDRData/1000hdr/HDRtest/a3608-NKIM_MG_7004.exr,/mnt/data_disk/ZQL/TIP_TMO_result/tradition/BestExposure(Histogram)/a3608.png,341,512,0.8538004241778597,0.9331847707566997,0.22609245482356077,0.4650048473437237,0.8116952583738032,0.11831443631364427,0.08243638277053833
a3609,/mnt/data_disk/HDRData/1000hdr/HDRtest/a3609-IMG_1702.exr,/mnt/data_disk/ZQL/TIP_TMO_result/tradition/BestExposure(Histogram)/a3609.png,341,512,0.8930462361152645,0.9126093633917265,0.4555021219472948,0.8453810517125779,0.701694406114197,0.989067697310959,0.1371442973613739
a3613,/mnt/data_disk/HDRData/1000hdr/HDRtest/a3613-_DSC3264.exr,/mnt/data_disk/ZQL/TIP_TMO_result/tradition/BestExposure(Histogram)/a3613.png,341,512,0.8224543875845536,0.6564169154047377,0.4772011617644544,0.43766731362223193,0.6352321061498124,0.2401025210946515,0.24981628358364105
a3623,/mnt/data_disk/HDRData/1000hdr/HDRtest/a3623-20051220_201437__MG_9239.exr,/mnt/data_disk/ZQL/TIP_TMO_result/tradition/BestExposure(Histogram)/a3623.png,341,512,0.8258122625091261,0.8252964889947567,0.2299123948371919,0.9226613474534795,0.8472797328181361,0.9980429620888228,0.25744208693504333
a3624,/mnt/data_disk/HDRData/1000hdr/HDRtest/a3624-DSC_0070.exr,/mnt/data_disk/ZQL/TIP_TMO_result/tradition/BestExposure(Histogram)/a3624.png,340,512,0.9024896206673174,0.9728914379909711,0.42263097894514223,0.6398228641819366,0.8776856242989811,0.4019601040648921,0.07993566989898682
a3628,/mnt/data_disk/HDRData/1000hdr/HDRtest/a3628-_DSC9996.exr,/mnt/data_disk/ZQL/TIP_TMO_result/tradition/BestExposure(Histogram)/a3628.png,341,512,0.9309940901717657,0.7874839970146024,0.9105758233911772,0.8130332596744378,0.6317733909772885,0.9942931283715872,0.17660151422023773
a3633,/mnt/data_disk/HDRData/1000hdr/HDRtest/a3633-JI2E3892.exr,/mnt/data_disk/ZQL/TIP_TMO_result/tradition/BestExposure(Histogram)/a3633.png,341,512,0.7118694287906591,0.5299239112695784,0.14904090674961373,0.4108066329490928,0.8216056870840988,7.578814086820368e-06,0.1516498327255249
a3634,/mnt/data_disk/HDRData/1000hdr/HDRtest/a3634-IMG_4959.exr,/mnt/data_disk/ZQL/TIP_TMO_result/tradition/BestExposure(Histogram)/a3634.png,341,512,0.848571372517963,0.9122712035633609,0.2268684737095212,0.3646598176251427,0.6896701003539321,0.03964953489635336,0.24159865081310272
a3635,/mnt/data_disk/HDRData/1000hdr/HDRtest/a3635-IMG_4031.exr,/mnt/data_disk/ZQL/TIP_TMO_result/tradition/BestExposure(Histogram)/a3635.png,341,512,0.8811221158078453,0.8863421512356257,0.4274080218667171,0.4000899916958128,0.7660337373590369,0.03414624603258866,0.23165926337242126
a3636,/mnt/data_disk/HDRData/1000hdr/HDRtest/a3636-20041222_195608__E6B6989.exr,/mnt/data_disk/ZQL/TIP_TMO_result/tradition/BestExposure(Histogram)/a3636.png,341,512,0.8307757006510934,0.9150817959966253,0.14646171388521495,0.4256034209473449,0.7802826766734592,0.07092416522123055,0.09375179558992386
a3641,/mnt/data_disk/HDRData/1000hdr/HDRtest/a3641-_DSC4628.exr,/mnt/data_disk/ZQL/TIP_TMO_result/tradition/BestExposure(Histogram)/a3641.png,341,512,0.8558169858606381,0.8822949672750307,0.29959657149324403,0.6941920184629711,0.8777897923643424,0.5105942445615996,0.25801050662994385
a3644,/mnt/data_disk/HDRData/1000hdr/HDRtest/a3644-jmac_MG_5959.exr,/mnt/data_disk/ZQL/TIP_TMO_result/tradition/BestExposure(Histogram)/a3644.png,341,512,0.8781505592996318,0.8617219251213503,0.44764005255108213,0.6565535287092397,0.8923978343058405,0.4207092231126387,0.189719557762146
a3649,/mnt/data_disk/HDRData/1000hdr/HDRtest/a3649-WP_CRW_0691.exr,/mnt/data_disk/ZQL/TIP_TMO_result/tradition/BestExposure(Histogram)/a3649.png,341,512,0.869514965395096,0.9637206046970965,0.2636860637304691,0.6334880828177174,0.9398072461164155,0.3271689195190194,0.0637856051325798
a3654,/mnt/data_disk/HDRData/1000hdr/HDRtest/a3654-IMG_0777.exr,/mnt/data_disk/ZQL/TIP_TMO_result/tradition/BestExposure(Histogram)/a3654.png,341,512,0.9256793832758797,0.9045916215323329,0.6631208242603264,0.9061290819929275,0.8313720745170678,0.9808860894687871,0.16868098080158234
a3658,/mnt/data_disk/HDRData/1000hdr/HDRtest/a3658-jmac_MG_0418.exr,/mnt/data_disk/ZQL/TIP_TMO_result/tradition/BestExposure(Histogram)/a3658.png,341,512,0.8592754748929379,0.9062628519558902,0.2853899359275897,0.5596172724731883,0.6598830318120468,0.45935151313432987,0.10521936416625977
a3670,/mnt/data_disk/HDRData/1000hdr/HDRtest/a3670-jmac_MG_5917.exr,/mnt/data_disk/ZQL/TIP_TMO_result/tradition/BestExposure(Histogram)/a3670.png,341,512,0.988217826380619,0.97267915215702,0.9643471623519129,0.9183507261478213,0.85698010281803,0.9797213494776126,0.08496134728193283
a3673,/mnt/data_disk/HDRData/1000hdr/HDRtest/a3673-_DSC1109.exr,/mnt/data_disk/ZQL/TIP_TMO_result/tradition/BestExposure(Histogram)/a3673.png,341,512,0.841187578586428,0.8764827556731862,0.23639845615003283,0.938392295930282,0.8822680489034146,0.9945165429571493,0.30200713872909546
a3677,/mnt/data_disk/HDRData/1000hdr/HDRtest/a3677-IMG_4696.exr,/mnt/data_disk/ZQL/TIP_TMO_result/tradition/BestExposure(Histogram)/a3677.png,341,512,0.8820148637979245,0.9091671309780839,0.39936196195360274,0.9604231224407596,0.9229960066609117,0.9978502382206074,0.14316342771053314
a3686,/mnt/data_disk/HDRData/1000hdr/HDRtest/a3686-jmac_MG_0353.exr,/mnt/data_disk/ZQL/TIP_TMO_result/tradition/BestExposure(Histogram)/a3686.png,341,512,0.8850722933952073,0.7412019365858705,0.6957443548590269,0.6882975964524509,0.7494859808315386,0.6271092120733631,0.3169495165348053
a3688,/mnt/data_disk/HDRData/1000hdr/HDRtest/a3688-jmac_MG_1424.exr,/mnt/data_disk/ZQL/TIP_TMO_result/tradition/BestExposure(Histogram)/a3688.png,341,512,0.9100633659778703,0.9675617838031741,0.4726126240481457,0.5368112786208205,0.8750754418359733,0.19854711540566755,0.15000775456428528
a3689,/mnt/data_disk/HDRData/1000hdr/HDRtest/a3689-JI2E3798.exr,/mnt/data_disk/ZQL/TIP_TMO_result/tradition/BestExposure(Histogram)/a3689.png,341,512,0.9093772769325305,0.8417560351164757,0.6666089729634435,0.5310977128218639,0.8879289702223134,0.17426645542141445,0.08923281729221344
a3696,/mnt/data_disk/HDRData/1000hdr/HDRtest/a3696-jmac_DSC1242.exr,/mnt/data_disk/ZQL/TIP_TMO_result/tradition/BestExposure(Histogram)/a3696.png,343,512,0.8913367102257617,0.9372307602610066,0.41071477868005773,0.9518099652791194,0.9538324232860077,0.949787507272231,0.14401358366012573
a3697,/mnt/data_disk/HDRData/1000hdr/HDRtest/a3697-07-11-24-at-16h05m35s-_MG_6729.exr,/mnt/data_disk/ZQL/TIP_TMO_result/tradition/BestExposure(Histogram)/a3697.png,341,512,0.8882135455749041,0.9315693111889317,0.4015724699447825,0.5294342458405531,0.7432133395845043,0.31565515209660183,0.14242179691791534
a3700,/mnt/data_disk/HDRData/1000hdr/HDRtest/a3700-tc_DSC1892.exr,/mnt/data_disk/ZQL/TIP_TMO_result/tradition/BestExposure(Histogram)/a3700.png,340,512,0.891589249811561,0.8253476901301795,0.5846456409055232,0.8444108739937768,0.7442554569420387,0.944566291045515,0.13093887269496918
a3706,/mnt/data_disk/HDRData/1000hdr/HDRtest/a3706-dgw_065.exr,/mnt/data_disk/ZQL/TIP_TMO_result/tradition/BestExposure(Histogram)/a3706.png,341,512,0.8531854897790271,0.8121487024062926,0.3856778338979007,0.9280489715446851,0.8581503796994026,0.9979475633899676,0.2905760705471039
a3707,/mnt/data_disk/HDRData/1000hdr/HDRtest/a3707-NKIM_121.exr,/mnt/data_disk/ZQL/TIP_TMO_result/tradition/BestExposure(Histogram)/a3707.png,341,512,0.8881900589680676,0.835329112110362,0.5475390719726653,0.5206032498869341,0.8481980689356886,0.19300843083817956,0.19288651645183563
a3710,/mnt/data_disk/HDRData/1000hdr/HDRtest/a3710-07-11-20-at-16h52m05s-_MG_5742.exr,/mnt/data_disk/ZQL/TIP_TMO_result/tradition/BestExposure(Histogram)/a3710.png,341,512,0.8794353267160481,0.8688289293873551,0.4440877484896552,0.8930623091249343,0.8000078576710699,0.9861167605787989,0.07863421738147736
a3712,/mnt/data_disk/HDRData/1000hdr/HDRtest/a3712-IMG_4852.exr,/mnt/data_disk/ZQL/TIP_TMO_result/tradition/BestExposure(Histogram)/a3712.png,341,512,0.8909688933197185,0.9280911751176466,0.4215642049375565,0.6132337468157303,0.8899662982403406,0.33650119539111994,0.09732624888420105
a3715,/mnt/data_disk/HDRData/1000hdr/HDRtest/a3715-_MG_7773.exr,/mnt/data_disk/ZQL/TIP_TMO_result/tradition/BestExposure(Histogram)/a3715.png,341,512,0.8412130360117637,0.8467156268271399,0.2749475920746183,0.38845961267448437,0.7603845184725425,0.0165347068764262,0.20973454415798187
a3716,/mnt/data_disk/HDRData/1000hdr/HDRtest/a3716-IMG_0301.exr,/mnt/data_disk/ZQL/TIP_TMO_result/tradition/BestExposure(Histogram)/a3716.png,341,512,0.7570044556163427,0.7936113485589272,0.015309241864441455,0.3041247951816286,0.6082495903632572,2.0570957916205405e-22,0.05480082705616951
a3719,/mnt/data_disk/HDRData/1000hdr/HDRtest/a3719-07-11-29-at-15h43m28s-_MG_8075.exr,/mnt/data_disk/ZQL/TIP_TMO_result/tradition/BestExposure(Histogram)/a3719.png,341,512,0.9499224678300022,0.8361015172713173,0.9467587579611844,0.9419239235807928,0.8843320096714569,0.9995158374901287,0.3398306369781494
a3720,/mnt/data_disk/HDRData/1000hdr/HDRtest/a3720-jmac_MG_0851.exr,/mnt/data_disk/ZQL/TIP_TMO_result/tradition/BestExposure(Histogram)/a3720.png,341,512,0.9161719827165516,0.92032743336972,0.5791249622954426,0.8302337148894385,0.8188811715029953,0.8415862582758817,0.1615964025259018
a3721,/mnt/data_disk/HDRData/1000hdr/HDRtest/a3721-KE_-01.exr,/mnt/data_disk/ZQL/TIP_TMO_result/tradition/BestExposure(Histogram)/a3721.png,340,512,0.7985200886758816,0.6349507632970203,0.383810191478364,0.28130865246589337,0.5241077079684291,0.038509596963357685,0.2551780641078949
a3724,/mnt/data_disk/HDRData/1000hdr/HDRtest/a3724-20060101_092918__E6B0305.exr,/mnt/data_disk/ZQL/TIP_TMO_result/tradition/BestExposure(Histogram)/a3724.png,341,512,0.9342356041458013,0.9551864727234293,0.6353780784669928,0.8020415625104382,0.9135266969863444,0.6905564280345321,0.23634397983551025
a3727,/mnt/data_disk/HDRData/1000hdr/HDRtest/a3727-2004-01-18 11-49-42 CRW_2889.exr,/mnt/data_disk/ZQL/TIP_TMO_result/tradition/BestExposure(Histogram)/a3727.png,341,512,0.9100617393309267,0.9627184209804842,0.4795300947462048,0.6797253457137112,0.5596169782310524,0.7998337131963701,0.14146049320697784
a3729,/mnt/data_disk/HDRData/1000hdr/HDRtest/a3729-07-11-24-at-21h39m19s-_MG_6853.exr,/mnt/data_disk/ZQL/TIP_TMO_result/tradition/BestExposure(Histogram)/a3729.png,341,512,0.8835422618516158,0.8504574927225826,0.49584105807649115,0.5651822697418576,0.6482212525814557,0.48214328690225955,0.11424263566732407
a3730,/mnt/data_disk/HDRData/1000hdr/HDRtest/a3730-IMG_0113.exr,/mnt/data_disk/ZQL/TIP_TMO_result/tradition/BestExposure(Histogram)/a3730.png,341,512,0.9366333943465449,0.7637546638759557,0.9984281092230837,0.8079309131870412,0.8165663978478266,0.7992954285262559,0.2646580636501312
a3732,/mnt/data_disk/HDRData/1000hdr/HDRtest/a3732-_DGW6272.exr,/mnt/data_disk/ZQL/TIP_TMO_result/tradition/BestExposure(Histogram)/a3732.png,341,512,0.8949946386870624,0.9368976138727423,0.4313621520337913,0.6837964057168793,0.874068182042618,0.4935246293911405,0.09398612380027771
a3733,/mnt/data_disk/HDRData/1000hdr/HDRtest/a3733-WP_CRW_4827.exr,/mnt/data_disk/ZQL/TIP_TMO_result/tradition/BestExposure(Histogram)/a3733.png,341,512,0.9416896355145655,0.7866962582851174,0.9869044999545064,0.8281529761369051,0.7084529747811255,0.9478529774926847,0.17623192071914673
a3735,/mnt/data_disk/HDRData/1000hdr/HDRtest/a3735-_MG_7825.exr,/mnt/data_disk/ZQL/TIP_TMO_result/tradition/BestExposure(Histogram)/a3735.png,341,512,0.789582991032324,0.8629108661002985,0.049372494693722964,0.6394719390035799,0.8850551244000251,0.3938887536071347,0.16207800805568695
a3737,/mnt/data_disk/HDRData/1000hdr/HDRtest/a3737-dgw_022.exr,/mnt/data_disk/ZQL/TIP_TMO_result/tradition/BestExposure(Histogram)/a3737.png,341,512,0.8620402082630754,0.829876942797521,0.406771376217542,0.6683345037804509,0.6997747019609608,0.636894305599941,0.17848271131515503
a3739,/mnt/data_disk/HDRData/1000hdr/HDRtest/a3739-KE_-0068.exr,/mnt/data_disk/ZQL/TIP_TMO_result/tradition/BestExposure(Histogram)/a3739.png,340,512,0.8473130177375732,0.9309965622826233,0.19930060922413648,0.9590566640392448,0.9625896011206518,0.9555237269578378,0.08394274115562439
a3740,/mnt/data_disk/HDRData/1000hdr/HDRtest/a3740-_DSC1411.exr,/mnt/data_disk/ZQL/TIP_TMO_result/tradition/BestExposure(Histogram)/a3740.png,341,512,0.7387184701470735,0.4841251418965887,0.359956326753552,0.24949158722954765,0.48989576899358817,0.00908740546550712,0.18527013063430786
a3742,/mnt/data_disk/HDRData/1000hdr/HDRtest/a3742-IMG_0206.exr,/mnt/data_disk/ZQL/TIP_TMO_result/tradition/BestExposure(Histogram)/a3742.png,341,512,0.8149836479886527,0.7455743404908837,0.2882788671167134,0.5745769288679565,0.814147302283255,0.33500655545265806,0.2437838613986969
a3743,/mnt/data_disk/HDRData/1000hdr/HDRtest/a3743-DSC_0038.exr,/mnt/data_disk/ZQL/TIP_TMO_result/tradition/BestExposure(Histogram)/a3743.png,340,512,0.7921742912969505,0.8532192629681502,0.0654798671739861,0.36425238451659314,0.7259866448876856,0.002518124145500664,0.08974786847829819
a3744,/mnt/data_disk/HDRData/1000hdr/HDRtest/a3744-NKIM_MG_6757.exr,/mnt/data_disk/ZQL/TIP_TMO_result/tradition/BestExposure(Histogram)/a3744.png,341,512,0.8065930997028334,0.6950959639162789,0.32390909710999677,0.5977210604301306,0.8281666504625145,0.3672754703977469,0.1999501883983612
a3749,/mnt/data_disk/HDRData/1000hdr/HDRtest/a3749-IMG_4592.exr,/mnt/data_disk/ZQL/TIP_TMO_result/tradition/BestExposure(Histogram)/a3749.png,341,512,0.8379008342253955,0.7763772722925715,0.35887067658059474,0.7677778321873658,0.8863203899939367,0.649235274380795,0.2009425312280655
a3750,/mnt/data_disk/HDRData/1000hdr/HDRtest/a3750-IMG_4253.exr,/mnt/data_disk/ZQL/TIP_TMO_result/tradition/BestExposure(Histogram)/a3750.png,341,512,0.8609083483472203,0.74396805064494,0.5416612950561361,0.6488550317360338,0.6809660270307493,0.6167440364413181,0.19229969382286072
a3753,/mnt/data_disk/HDRData/1000hdr/HDRtest/a3753-dgw_073.exr,/mnt/data_disk/ZQL/TIP_TMO_result/tradition/BestExposure(Histogram)/a3753.png,341,512,0.7668133435761337,0.8296023390676083,0.014583691802986444,0.9429334287891685,0.8913533390814449,0.9945135184968922,0.3873206079006195
a3754,/mnt/data_disk/HDRData/1000hdr/HDRtest/a3754-050731_151704__I2E5362.exr,/mnt/data_disk/ZQL/TIP_TMO_result/tradition/BestExposure(Histogram)/a3754.png,341,512,0.9585569577000896,0.9356440986407799,0.8247832233663478,0.7021989869724361,0.7235013581864136,0.6808966157584587,0.09769286215305328
a3756,/mnt/data_disk/HDRData/1000hdr/HDRtest/a3756-jmac_MG_5949.exr,/mnt/data_disk/ZQL/TIP_TMO_result/tradition/BestExposure(Histogram)/a3756.png,341,512,0.9737379288929421,0.920345660254569,0.9558720012595581,0.9252313318772405,0.8673773409851191,0.9830853227693618,0.11273030936717987
a3760,/mnt/data_disk/HDRData/1000hdr/HDRtest/a3760-IMG_2504.exr,/mnt/data_disk/ZQL/TIP_TMO_result/tradition/BestExposure(Histogram)/a3760.png,341,512,0.971812726984759,0.9824922179967175,0.8347588604649874,0.9842003358604107,0.9715567632587924,0.996843908462029,0.06892098486423492
a3764,/mnt/data_disk/HDRData/1000hdr/HDRtest/a3764-20060618_093109__MG_8792.exr,/mnt/data_disk/ZQL/TIP_TMO_result/tradition/BestExposure(Histogram)/a3764.png,341,512,0.8575604466769537,0.9184384651254125,0.2616395205839383,0.6792429878755037,0.9360074283451884,0.4224785474058191,0.15841811895370483
a3766,/mnt/data_disk/HDRData/1000hdr/HDRtest/a3766-20041219_194831__E6B5558.exr,/mnt/data_disk/ZQL/TIP_TMO_result/tradition/BestExposure(Histogram)/a3766.png,341,512,0.7032163837815699,0.6273265089990839,0.010940533412461486,0.2591879458240496,0.5183758916480992,4.130023856097895e-27,0.08241773396730423
a3769,/mnt/data_disk/HDRData/1000hdr/HDRtest/a3769-IMG_3943.exr,/mnt/data_disk/ZQL/TIP_TMO_result/tradition/BestExposure(Histogram)/a3769.png,341,512,0.9345254114677386,0.9361339990664129,0.6674726587964264,0.9606676327328572,0.949296903531676,0.9720383619340383,0.08573941886425018
a3771,/mnt/data_disk/HDRData/1000hdr/HDRtest/a3771-07-06-01-at-13h03m06-s_MG_1256.exr,/mnt/data_disk/ZQL/TIP_TMO_result/tradition/BestExposure(Histogram)/a3771.png,341,512,0.8984320861547673,0.8760428628751491,0.5425874770795114,0.8975296068216797,0.8175939717937707,0.9774652418495887,0.21261389553546906
a3772,/mnt/data_disk/HDRData/1000hdr/HDRtest/a3772-dgw_123.exr,/mnt/data_disk/ZQL/TIP_TMO_result/tradition/BestExposure(Histogram)/a3772.png,341,512,0.874056310208695,0.8415534954813573,0.45557561623466025,0.9074978591072138,0.8373365565545113,0.9776591616599164,0.2171485424041748
a3774,/mnt/data_disk/HDRData/1000hdr/HDRtest/a3774-_DSC0017.exr,/mnt/data_disk/ZQL/TIP_TMO_result/tradition/BestExposure(Histogram)/a3774.png,340,512,0.9362960242129755,0.8248596650159735,0.8742254432141341,0.7531384950220044,0.8624829481210033,0.6437940419230053,0.17269957065582275
a3778,/mnt/data_disk/HDRData/1000hdr/HDRtest/a3778-IMG_4838.exr,/mnt/data_disk/ZQL/TIP_TMO_result/tradition/BestExposure(Histogram)/a3778.png,341,512,0.8215430480342317,0.7658146720589286,0.2910360453058287,0.5413561813943042,0.7863595222601001,0.2963528405285084,0.2818882465362549
a3780,/mnt/data_disk/HDRData/1000hdr/HDRtest/a3780-JI2E3902.exr,/mnt/data_disk/ZQL/TIP_TMO_result/tradition/BestExposure(Histogram)/a3780.png,341,512,0.9721819557700828,0.9156789961659743,0.9534404611093517,0.9562147595272903,0.9181537128280778,0.9942758062265028,0.12351644784212112
a3781,/mnt/data_disk/HDRData/1000hdr/HDRtest/a3781-2004-06-24 06-45-08 CRW_2040.exr,/mnt/data_disk/ZQL/TIP_TMO_result/tradition/BestExposure(Histogram)/a3781.png,341,512,0.8913836961295033,0.9099056231007638,0.45010053090904617,0.9551513159320284,0.9294891809942151,0.9808134508698416,0.08654717355966568
a3783,/mnt/data_disk/HDRData/1000hdr/HDRtest/a3783-KE_-0052.exr,/mnt/data_disk/ZQL/TIP_TMO_result/tradition/BestExposure(Histogram)/a3783.png,340,512,0.8710620611469094,0.7935022449516924,0.5159371135805733,0.8726274030870593,0.7630261625533921,0.9822286436207266,0.14053469896316528
a3786,/mnt/data_disk/HDRData/1000hdr/HDRtest/a3786-_I2E8191.exr,/mnt/data_disk/ZQL/TIP_TMO_result/tradition/BestExposure(Histogram)/a3786.png,341,512,0.7752454826453234,0.8610841984505667,0.014163526498214738,0.9326022551154288,0.8753790355090688,0.9898254747217888,0.15853779017925262
a3796,/mnt/data_disk/HDRData/1000hdr/HDRtest/a3796-NKIM_MG_7319.exr,/mnt/data_disk/ZQL/TIP_TMO_result/tradition/BestExposure(Histogram)/a3796.png,341,512,0.9337947717318918,0.7605168114351333,0.9850889699278029,0.7394885462078794,0.6538409329601371,0.8251361594556217,0.26734617352485657
a3798,/mnt/data_disk/HDRData/1000hdr/HDRtest/a3798-IMG_2539.exr,/mnt/data_disk/ZQL/TIP_TMO_result/tradition/BestExposure(Histogram)/a3798.png,341,512,0.9438801760908229,0.8760621532995383,0.8308433012692291,0.6467855554630673,0.8874447442501322,0.40612636667600227,0.20445801317691803
a3800,/mnt/data_disk/HDRData/1000hdr/HDRtest/a3800-dgw_090.exr,/mnt/data_disk/ZQL/TIP_TMO_result/tradition/BestExposure(Histogram)/a3800.png,341,512,0.8831633709778239,0.8976590282590764,0.42215904176725794,0.5173407456898959,0.8363810051237055,0.19830048625608618,0.1256742924451828
a3804,/mnt/data_disk/HDRData/1000hdr/HDRtest/a3804-_DSC3608.exr,/mnt/data_disk/ZQL/TIP_TMO_result/tradition/BestExposure(Histogram)/a3804.png,343,512,0.8382306201674805,0.8397538064323119,0.26975054785441566,0.3929952879211939,0.7673631914886319,0.01862738435375598,0.05867801979184151
a3816,/mnt/data_disk/HDRData/1000hdr/HDRtest/a3816-jmac_DSC3118.exr,/mnt/data_disk/ZQL/TIP_TMO_result/tradition/BestExposure(Histogram)/a3816.png,340,512,0.8805440631451824,0.9510576173390539,0.33460862248194584,0.8093376808412533,0.9499461478581285,0.6687292138243782,0.11635680496692657
a3820,/mnt/data_disk/HDRData/1000hdr/HDRtest/a3820-dgw_025.exr,/mnt/data_disk/ZQL/TIP_TMO_result/tradition/BestExposure(Histogram)/a3820.png,341,512,0.617911023018125,0.40377075592027584,0.014933316616222162,0.31825917854197194,0.6365168744117767,1.482672167154811e-06,0.0911090299487114
a3822,/mnt/data_disk/HDRData/1000hdr/HDRtest/a3822-07-11-21-at-09h53m21s-_MG_5852.exr,/mnt/data_disk/ZQL/TIP_TMO_result/tradition/BestExposure(Histogram)/a3822.png,341,512,0.8608009799652778,0.8846104949592057,0.32164872236891184,0.9444660331403008,0.8918630383493631,0.9970690279312384,0.13020029664039612
a3827,/mnt/data_disk/HDRData/1000hdr/HDRtest/a3827-JI2E3823.exr,/mnt/data_disk/ZQL/TIP_TMO_result/tradition/BestExposure(Histogram)/a3827.png,341,512,0.9073805320668173,0.900464225486052,0.5573532303196367,0.5165937666245318,0.8843041087874005,0.14888342446166322,0.1067567989230156
a3830,/mnt/data_disk/HDRData/1000hdr/HDRtest/a3830-LS_060715_8670.exr,/mnt/data_disk/ZQL/TIP_TMO_result/tradition/BestExposure(Histogram)/a3830.png,341,512,0.8557720547238788,0.8202987302783994,0.38726999424131214,0.8002684089329798,0.9044926119726148,0.6960442058933448,0.1856648325920105
a3832,/mnt/data_disk/HDRData/1000hdr/HDRtest/a3832-20060613_091536__MG_7749.exr,/mnt/data_disk/ZQL/TIP_TMO_result/tradition/BestExposure(Histogram)/a3832.png,341,512,0.9679744357616507,0.9305516624261572,0.8976236650230964,0.9129256434551984,0.8632886418846595,0.9625626450257374,0.1930004060268402
a3833,/mnt/data_disk/HDRData/1000hdr/HDRtest/a3833-_DSC0003-2.exr,/mnt/data_disk/ZQL/TIP_TMO_result/tradition/BestExposure(Histogram)/a3833.png,340,512,0.8805063836166255,0.9261920826364506,0.36758883409401133,0.6073827054659989,0.917719757488574,0.2970456534434239,0.09427304565906525
a3834,/mnt/data_disk/HDRData/1000hdr/HDRtest/a3834-IMG_0007.exr,/mnt/data_disk/ZQL/TIP_TMO_result/tradition/BestExposure(Histogram)/a3834.png,341,512,0.784799859812248,0.7721822419010899,0.12015835251014116,0.8402264105881159,0.8888585660640963,0.7915942551121354,0.20625260472297668
a3846,/mnt/data_disk/HDRData/1000hdr/HDRtest/a3846-IMG_3087.exr,/mnt/data_disk/ZQL/TIP_TMO_result/tradition/BestExposure(Histogram)/a3846.png,341,512,0.9041454728477218,0.915724079353445,0.5146429581373305,0.9416846977768949,0.8917639113187246,0.9916054842350652,0.08803346753120422
a3847,/mnt/data_disk/HDRData/1000hdr/HDRtest/a3847-NKIM_MG_6113.exr,/mnt/data_disk/ZQL/TIP_TMO_result/tradition/BestExposure(Histogram)/a3847.png,341,512,0.8812699356856573,0.709771732356273,0.7329778568156693,0.8049499186957966,0.7688518650672211,0.841047972324372,0.17165043950080872
a3848,/mnt/data_disk/HDRData/1000hdr/HDRtest/a3848-DSC_0024.exr,/mnt/data_disk/ZQL/TIP_TMO_result/tradition/BestExposure(Histogram)/a3848.png,340,512,0.9004138471374418,0.9601637854035923,0.4287450700110211,0.8012854827251576,0.8438855251748943,0.7586854402754211,0.05887337028980255
a3851,/mnt/data_disk/HDRData/1000hdr/HDRtest/a3851-IMG_3430.exr,/mnt/data_disk/ZQL/TIP_TMO_result/tradition/BestExposure(Histogram)/a3851.png,341,512,0.8800176317372538,0.9177188629358614,0.3766318013171738,0.7188815727101441,0.8054838635879165,0.6322792818323718,0.08360698074102402
a3862,/mnt/data_disk/HDRData/1000hdr/HDRtest/a3862-JI2E0423.exr,/mnt/data_disk/ZQL/TIP_TMO_result/tradition/BestExposure(Histogram)/a3862.png,341,512,0.9283115700942143,0.9526928634260114,0.6026989127747977,0.8592065004127066,0.835979556310759,0.8824334445146542,0.06747317314147949
a3863,/mnt/data_disk/HDRData/1000hdr/HDRtest/a3863-IMG_1159.exr,/mnt/data_disk/ZQL/TIP_TMO_result/tradition/BestExposure(Histogram)/a3863.png,341,512,0.9087916941504017,0.7767923190178342,0.7814702801420326,0.8960920316222122,0.8025640892681473,0.9896199739762771,0.22199736535549164
a3864,/mnt/data_disk/HDRData/1000hdr/HDRtest/a3864-_DSC1992.exr,/mnt/data_disk/ZQL/TIP_TMO_result/tradition/BestExposure(Histogram)/a3864.png,341,512,0.7875465859212393,0.7602984836591576,0.1447121645944011,0.6334326445593232,0.8531519193318355,0.41371336978681084,0.088585264980793
a3872,/mnt/data_disk/HDRData/1000hdr/HDRtest/a3872-IMG_4058.exr,/mnt/data_disk/ZQL/TIP_TMO_result/tradition/BestExposure(Histogram)/a3872.png,341,512,0.9202649276423431,0.8000522971963223,0.813200666512542,0.7567983281890089,0.7601476565383792,0.7534489998396386,0.20736899971961975
a3877,/mnt/data_disk/HDRData/1000hdr/HDRtest/a3877-KE_-0019.exr,/mnt/data_disk/ZQL/TIP_TMO_result/tradition/BestExposure(Histogram)/a3877.png,340,512,0.8192539127141911,0.8854305410833234,0.13153721590312561,0.3525856788882274,0.7051534555283243,1.7902248130490034e-05,0.15867339074611664
a3879,/mnt/data_disk/HDRData/1000hdr/HDRtest/a3879-IMG_0091.exr,/mnt/data_disk/ZQL/TIP_TMO_result/tradition/BestExposure(Histogram)/a3879.png,341,512,0.8682219241667003,0.9207517576404723,0.3112384698713442,0.6346679993936342,0.9555882968606517,0.3137477019266167,0.16429032385349274
a3890,/mnt/data_disk/HDRData/1000hdr/HDRtest/a3890-IMG_4308.exr,/mnt/data_disk/ZQL/TIP_TMO_result/tradition/BestExposure(Histogram)/a3890.png,341,512,0.8674215429169988,0.8224007113526935,0.4481277140194882,0.39020171658634384,0.6875727390034725,0.09283069416921517,0.10606145858764648
a3893,/mnt/data_disk/HDRData/1000hdr/HDRtest/a3893-_DGW6301.exr,/mnt/data_disk/ZQL/TIP_TMO_result/tradition/BestExposure(Histogram)/a3893.png,341,512,0.8741326235370124,0.9321604094781735,0.32637031429866975,0.43768013638943776,0.8602321441078208,0.01512812867105468,0.21915939450263977
a3899,/mnt/data_disk/HDRData/1000hdr/HDRtest/a3899-jmac_DSC2259.exr,/mnt/data_disk/ZQL/TIP_TMO_result/tradition/BestExposure(Histogram)/a3899.png,340,512,0.9209737775608181,0.9460103142447923,0.5684092196236813,0.970202124207918,0.9444528820638401,0.9959513663519959,0.09857901185750961
a3900,/mnt/data_disk/HDRData/1000hdr/HDRtest/a3900-jmac_DSC5843.exr,/mnt/data_disk/ZQL/TIP_TMO_result/tradition/BestExposure(Histogram)/a3900.png,340,512,0.8375956920727563,0.9607893153628757,0.12720339395423957,0.4070963208185117,0.8141906154978045,2.026139218923104e-06,0.14156374335289001
a3902,/mnt/data_disk/HDRData/1000hdr/HDRtest/a3902-jmac_DSC3970.exr,/mnt/data_disk/ZQL/TIP_TMO_result/tradition/BestExposure(Histogram)/a3902.png,340,512,0.9320689785124863,0.9011967555685022,0.7094114153190199,0.9282412144175192,0.8767301603317432,0.9797522685032951,0.07329068332910538
a3903,/mnt/data_disk/HDRData/1000hdr/HDRtest/a3903-IMG_2386.exr,/mnt/data_disk/ZQL/TIP_TMO_result/tradition/BestExposure(Histogram)/a3903.png,341,512,0.8127392731964508,0.9084384765471593,0.08498003055306501,0.4025903983403984,0.805088813709496,9.198297130071983e-05,0.09394599497318268
a3906,/mnt/data_disk/HDRData/1000hdr/HDRtest/a3906-LS051025_day_3_LL003.exr,/mnt/data_disk/ZQL/TIP_TMO_result/tradition/BestExposure(Histogram)/a3906.png,341,512,0.9416706114978067,0.8670150205485179,0.8323222115821441,0.9327502224703548,0.8750966551449971,0.9904037897957123,0.1691284328699112
a3911,/mnt/data_disk/HDRData/1000hdr/HDRtest/a3911-07-07-01-at-10h50m55s-_MG_2028.exr,/mnt/data_disk/ZQL/TIP_TMO_result/tradition/BestExposure(Histogram)/a3911.png,341,512,0.7996760093885966,0.6655610049625784,0.33678821000168446,0.9034394230340338,0.8188922137780043,0.9879866322900633,0.1934787482023239
a3913,/mnt/data_disk/HDRData/1000hdr/HDRtest/a3913-IMG_0289.exr,/mnt/data_disk/ZQL/TIP_TMO_result/tradition/BestExposure(Histogram)/a3913.png,341,512,0.8282304791980957,0.9164418708594533,0.13484544886549352,0.4588170551976672,0.8735526358197909,0.044081474575543476,0.0807347297668457
a3914,/mnt/data_disk/HDRData/1000hdr/HDRtest/a3914-DSC_0002-1.exr,/mnt/data_disk/ZQL/TIP_TMO_result/tradition/BestExposure(Histogram)/a3914.png,340,512,0.934487617648797,0.8217937013325085,0.8677366384505233,0.9013764960879256,0.8129276662580355,0.9898253259178157,0.1556817591190338
a3919,/mnt/data_disk/HDRData/1000hdr/HDRtest/a3919-KE_-1608.exr,/mnt/data_disk/ZQL/TIP_TMO_result/tradition/BestExposure(Histogram)/a3919.png,340,512,0.8782583790993252,0.6887080427415987,0.7563017441705142,0.8647501391366321,0.7375515917999658,0.9919486864732985,0.18372084200382233
a3923,/mnt/data_disk/HDRData/1000hdr/HDRtest/a3923-_DSC0095.exr,/mnt/data_disk/ZQL/TIP_TMO_result/tradition/BestExposure(Histogram)/a3923.png,340,512,0.9694374197631974,0.8892455475601404,0.9828538470952612,0.8669498430173392,0.7656302144600408,0.9682694715746376,0.11857712268829346
a3924,/mnt/data_disk/HDRData/1000hdr/HDRtest/a3924-_DSC6358.exr,/mnt/data_disk/ZQL/TIP_TMO_result/tradition/BestExposure(Histogram)/a3924.png,341,512,0.7382508793070424,0.5001477249082715,0.32428643749318725,0.4147292498212186,0.6498493718655346,0.17960912777690263,0.23569928109645844
a3926,/mnt/data_disk/HDRData/1000hdr/HDRtest/a3926-dgw_077.exr,/mnt/data_disk/ZQL/TIP_TMO_result/tradition/BestExposure(Histogram)/a3926.png,341,512,0.8780652339454623,0.7519316931328043,0.6314158890586811,0.6472595792408824,0.7768294276329287,0.5176897308488361,0.1631019115447998
a3927,/mnt/data_disk/HDRData/1000hdr/HDRtest/a3927-IMG_6048.exr,/mnt/data_disk/ZQL/TIP_TMO_result/tradition/BestExposure(Histogram)/a3927.png,341,512,0.9133603890783439,0.9064426096335819,0.58395713175267,0.7747709957795879,0.8215212861435207,0.7280207054156551,0.1635945439338684
a3930,/mnt/data_disk/HDRData/1000hdr/HDRtest/a3930-IMG_5083.exr,/mnt/data_disk/ZQL/TIP_TMO_result/tradition/BestExposure(Histogram)/a3930.png,341,512,0.943724003621106,0.8051137500150547,0.9641207838284583,0.8741339735321751,0.756125950878742,0.9921419961856082,0.20007310807704926
a3931,/mnt/data_disk/HDRData/1000hdr/HDRtest/a3931-_DGW6259.exr,/mnt/data_disk/ZQL/TIP_TMO_result/tradition/BestExposure(Histogram)/a3931.png,341,512,0.8250248390350793,0.7696075613388604,0.30284251746565793,0.3641014965081241,0.7203963186898872,0.0078066743263610116,0.25111061334609985
a3940,/mnt/data_disk/HDRData/1000hdr/HDRtest/a3940-20050602_180025__MG_2820.exr,/mnt/data_disk/ZQL/TIP_TMO_result/tradition/BestExposure(Histogram)/a3940.png,341,512,0.8231209465729015,0.9539942291213942,0.08050736207891354,0.4789139133383762,0.9578276807074527,1.4596929967999188e-07,0.14249171316623688
a3943,/mnt/data_disk/HDRData/1000hdr/HDRtest/a3943-_DSC0054.exr,/mnt/data_disk/ZQL/TIP_TMO_result/tradition/BestExposure(Histogram)/a3943.png,340,512,0.9137549100528611,0.92882317632882,0.5514372545093111,0.7457002640768342,0.9079462285630335,0.5834542995906348,0.07931920886039734
a3947,/mnt/data_disk/HDRData/1000hdr/HDRtest/a3947-jmac_MG_1444.exr,/mnt/data_disk/ZQL/TIP_TMO_result/tradition/BestExposure(Histogram)/a3947.png,341,512,0.8533867173363161,0.9164366403858875,0.24425826796082212,0.8707173792527951,0.8827690131355748,0.8586657453700155,0.13580776751041412
a3948,/mnt/data_disk/HDRData/1000hdr/HDRtest/a3948-_DSC0045.exr,/mnt/data_disk/ZQL/TIP_TMO_result/tradition/BestExposure(Histogram)/a3948.png,340,512,0.7643604001667327,0.746113289278686,0.07446790142693646,0.9374916571509366,0.8789421066381379,0.9960412076637355,0.14779101312160492
a3954,/mnt/data_disk/HDRData/1000hdr/HDRtest/a3954-_MG_0841.exr,/mnt/data_disk/ZQL/TIP_TMO_result/tradition/BestExposure(Histogram)/a3954.png,341,512,0.9253055693480708,0.9213773371157091,0.6334835611647858,0.833618854953341,0.7757418355209198,0.8914958743857622,0.20539800822734833
a3958,/mnt/data_disk/HDRData/1000hdr/HDRtest/a3958-_DSC3890.exr,/mnt/data_disk/ZQL/TIP_TMO_result/tradition/BestExposure(Histogram)/a3958.png,341,512,0.8494724310178797,0.964035202826533,0.17230469968230247,0.4409364563160731,0.8777406539503427,0.004132258681803393,0.06256254017353058
a3961,/mnt/data_disk/HDRData/1000hdr/HDRtest/a3961-_DSC0049.exr,/mnt/data_disk/ZQL/TIP_TMO_result/tradition/BestExposure(Histogram)/a3961.png,340,512,0.7766424593179464,0.7832845264344365,0.07899997821117935,0.3980923986596629,0.765069585541342,0.03111521177798377,0.08501187711954117
a3963,/mnt/data_disk/HDRData/1000hdr/HDRtest/a3963-jmac_DSC3835.exr,/mnt/data_disk/ZQL/TIP_TMO_result/tradition/BestExposure(Histogram)/a3963.png,340,512,0.8216705808147444,0.8956710710745269,0.13038959609689385,0.9667143872968165,0.9407333808763776,0.9926953937172552,0.14648224413394928
a3964,/mnt/data_disk/HDRData/1000hdr/HDRtest/a3964-NKIM_MG_6716.exr,/mnt/data_disk/ZQL/TIP_TMO_result/tradition/BestExposure(Histogram)/a3964.png,341,512,0.856295093093199,0.7410635097602564,0.5195844845109712,0.7265493750069548,0.8064241372226691,0.6466746127912405,0.17466311156749725
a3970,/mnt/data_disk/HDRData/1000hdr/HDRtest/a3970-WP_Amanda_3rd_bday014.exr,/mnt/data_disk/ZQL/TIP_TMO_result/tradition/BestExposure(Histogram)/a3970.png,341,512,0.867196450760171,0.8079129440618187,0.46990975639640886,0.8652709554578277,0.8094407761810521,0.9211011347346033,0.12154184281826019
a3973,/mnt/data_disk/HDRData/1000hdr/HDRtest/a3973-DSC_0068-2.exr,/mnt/data_disk/ZQL/TIP_TMO_result/tradition/BestExposure(Histogram)/a3973.png,340,512,0.8840298263168922,0.9063904447690112,0.4143253181650486,0.7549445350130277,0.9263786050882997,0.5835104649377557,0.0639035552740097
a3975,/mnt/data_disk/HDRData/1000hdr/HDRtest/a3975-jmac_MG_5721.exr,/mnt/data_disk/ZQL/TIP_TMO_result/tradition/BestExposure(Histogram)/a3975.png,341,512,0.931961530010767,0.9122207543436393,0.6903032200541979,0.8961568583842572,0.8830791134257097,0.9092346033428048,0.11752655357122421
a3976,/mnt/data_disk/HDRData/1000hdr/HDRtest/a3976-Ja_Pe-10.exr,/mnt/data_disk/ZQL/TIP_TMO_result/tradition/BestExposure(Histogram)/a3976.png,288,512,0.9445649451933066,0.916668713843738,0.7643427273787521,0.965769665017876,0.9379061057678123,0.9936332242679395,0.13710112869739532
a3991,/mnt/data_disk/HDRData/1000hdr/HDRtest/a3991-DSC_0005-2.exr,/mnt/data_disk/ZQL/TIP_TMO_result/tradition/BestExposure(Histogram)/a3991.png,340,512,0.933259267569429,0.9104881053673669,0.7014703079742605,0.9323495931343131,0.8758367164751952,0.9888624697934308,0.11480638384819031
a3992,/mnt/data_disk/HDRData/1000hdr/HDRtest/a3992-KE_-0044.exr,/mnt/data_disk/ZQL/TIP_TMO_result/tradition/BestExposure(Histogram)/a3992.png,340,512,0.685304539655763,0.5512088286248148,0.03125044423708484,0.3833172093836956,0.7666264331267704,7.9856406209162e-06,0.06961188465356827
a3993,/mnt/data_disk/HDRData/1000hdr/HDRtest/a3993-IMG_2812.exr,/mnt/data_disk/ZQL/TIP_TMO_result/tradition/BestExposure(Histogram)/a3993.png,341,512,0.8531543144820467,0.6826032802483465,0.60928702123522,0.6384968461926972,0.858567592111299,0.41842610027409544,0.11868347227573395
a3995,/mnt/data_disk/HDRData/1000hdr/HDRtest/a3995-IMG_0187.exr,/mnt/data_disk/ZQL/TIP_TMO_result/tradition/BestExposure(Histogram)/a3995.png,341,512,0.860123678717917,0.817115119298412,0.41580224437168556,0.5660263900557492,0.9130832749213305,0.2189695051901679,0.14148539304733276
a4001,/mnt/data_disk/HDRData/1000hdr/HDRtest/a4001-jn_20070824_0168.exr,/mnt/data_disk/ZQL/TIP_TMO_result/tradition/BestExposure(Histogram)/a4001.png,341,512,0.9329051147243136,0.9428791921684564,0.6465026248597046,0.9079708652078844,0.8365301033953032,0.9794116270204656,0.09770449250936508
a4003,/mnt/data_disk/HDRData/1000hdr/HDRtest/a4003-NKIM_MG_6603.exr,/mnt/data_disk/ZQL/TIP_TMO_result/tradition/BestExposure(Histogram)/a4003.png,341,512,0.9391648681908398,0.9436442662663741,0.6847333822298355,0.9478579519135628,0.9132550748239614,0.9824608290031643,0.14985570311546326
a4004,/mnt/data_disk/HDRData/1000hdr/HDRtest/a4004-050812_113412__MG_3770.exr,/mnt/data_disk/ZQL/TIP_TMO_result/tradition/BestExposure(Histogram)/a4004.png,341,512,0.8147610865960623,0.9169088489978473,0.08435425809987047,0.6038178990027386,0.9255715073101859,0.28206429069529143,0.09407008439302444
a4007,/mnt/data_disk/HDRData/1000hdr/HDRtest/a4007-_MG_7167.exr,/mnt/data_disk/ZQL/TIP_TMO_result/tradition/BestExposure(Histogram)/a4007.png,341,512,0.9048411916415586,0.8641349838987453,0.6005291602744696,0.9522218190773404,0.9138458993026746,0.9905977388520063,0.21240943670272827
a4008,/mnt/data_disk/HDRData/1000hdr/HDRtest/a4008-dgw_019.exr,/mnt/data_disk/ZQL/TIP_TMO_result/tradition/BestExposure(Histogram)/a4008.png,341,512,0.876292590034954,0.9358972999301723,0.3325526034114015,0.49324457590760745,0.7564397385130578,0.23004941330215714,0.17282921075820923
a4009,/mnt/data_disk/HDRData/1000hdr/HDRtest/a4009-jmac_MG_7717.exr,/mnt/data_disk/ZQL/TIP_TMO_result/tradition/BestExposure(Histogram)/a4009.png,341,512,0.9586043020303575,0.8541039518454027,0.9730056239142558,0.8796023572101972,0.8252149172671737,0.9339897971532206,0.24895769357681274
a4013,/mnt/data_disk/HDRData/1000hdr/HDRtest/a4013-_I2E6911.exr,/mnt/data_disk/ZQL/TIP_TMO_result/tradition/BestExposure(Histogram)/a4013.png,341,512,0.8262388504417644,0.788669705356468,0.2814202210836046,0.3278780470082822,0.6088866243030991,0.046869469713465305,0.2610410451889038
a4014,/mnt/data_disk/HDRData/1000hdr/HDRtest/a4014-JI2E4114.exr,/mnt/data_disk/ZQL/TIP_TMO_result/tradition/BestExposure(Histogram)/a4014.png,341,512,0.9561355058093387,0.9174029996670429,0.8400746557859963,0.9215638325691409,0.8503850781329847,0.9927425870052969,0.18475748598575592
a4017,/mnt/data_disk/HDRData/1000hdr/HDRtest/a4017-DSC_0023.exr,/mnt/data_disk/ZQL/TIP_TMO_result/tradition/BestExposure(Histogram)/a4017.png,340,512,0.9193088406167107,0.9224572754154917,0.5948435368252011,0.9226945658829613,0.8987819307875383,0.9466072009783844,0.1007172092795372
a4020,/mnt/data_disk/HDRData/1000hdr/HDRtest/a4020-IMG_3763.exr,/mnt/data_disk/ZQL/TIP_TMO_result/tradition/BestExposure(Histogram)/a4020.png,341,512,0.8669521518670273,0.7968353918721833,0.48654870435923503,0.9579007810555061,0.9176884208772469,0.9981131412337654,0.10850606113672256
a4025,/mnt/data_disk/HDRData/1000hdr/HDRtest/a4025-IMG_5601.exr,/mnt/data_disk/ZQL/TIP_TMO_result/tradition/BestExposure(Histogram)/a4025.png,341,512,0.7759049069762747,0.7508441151051797,0.11032085941061888,0.6805231514640615,0.6962457878220906,0.6648005151060323,0.1983274221420288
a4026,/mnt/data_disk/HDRData/1000hdr/HDRtest/a4026-NKIM_MG_6632.exr,/mnt/data_disk/ZQL/TIP_TMO_result/tradition/BestExposure(Histogram)/a4026.png,341,512,0.8330438079961324,0.9738287846424774,0.09789987678065341,0.9776918173217863,0.9688123292342739,0.9865713054092987,0.14023305475711823
a4027,/mnt/data_disk/HDRData/1000hdr/HDRtest/a4027-IMG_2393.exr,/mnt/data_disk/ZQL/TIP_TMO_result/tradition/BestExposure(Histogram)/a4027.png,341,512,0.8816138951027086,0.9033714188361455,0.4054248477826014,0.8048227701026442,0.9201743028769147,0.6894712373283737,0.12809178233146667
a4028,/mnt/data_disk/HDRData/1000hdr/HDRtest/a4028-060810_105728__MG_6096.exr,/mnt/data_disk/ZQL/TIP_TMO_result/tradition/BestExposure(Histogram)/a4028.png,341,512,0.8784604603161882,0.8343960291260858,0.4919945504886926,0.8986806783301543,0.8415246857863901,0.9558366708739185,0.15867695212364197
a4038,/mnt/data_disk/HDRData/1000hdr/HDRtest/a4038-Ja_Pe-20.exr,/mnt/data_disk/ZQL/TIP_TMO_result/tradition/BestExposure(Histogram)/a4038.png,288,512,0.8535711194150526,0.8488659421528851,0.3339904431110811,0.9396820596217959,0.903961090692246,0.9754030285513459,0.1691131293773651
a4040,/mnt/data_disk/HDRData/1000hdr/HDRtest/a4040-IMG_0233.exr,/mnt/data_disk/ZQL/TIP_TMO_result/tradition/BestExposure(Histogram)/a4040.png,341,512,0.8497148728812042,0.8223085739592003,0.3521149499538234,0.9351621175616284,0.8809789620236312,0.9893452730996255,0.2813843786716461
a4047,/mnt/data_disk/HDRData/1000hdr/HDRtest/a4047-IMG_1285.exr,/mnt/data_disk/ZQL/TIP_TMO_result/tradition/BestExposure(Histogram)/a4047.png,341,512,0.8484150637650572,0.9680921140742627,0.16356119695583507,0.49407600610973257,0.9683414280432536,0.019810584176211524,0.07530368864536285
a4049,/mnt/data_disk/HDRData/1000hdr/HDRtest/a4049-_DSC3858.exr,/mnt/data_disk/ZQL/TIP_TMO_result/tradition/BestExposure(Histogram)/a4049.png,341,512,0.8361441804720183,0.7030355537388833,0.4703817817538615,0.7946982787343767,0.785187905218537,0.8042086522502164,0.2744181454181671
a4051,/mnt/data_disk/HDRData/1000hdr/HDRtest/a4051-_DSC0018-3.exr,/mnt/data_disk/ZQL/TIP_TMO_result/tradition/BestExposure(Histogram)/a4051.png,340,512,0.8583041192936968,0.9291620520790432,0.2519825128402804,0.4846485930189944,0.9190824513462601,0.05021473469172866,0.10062950849533081
a4052,/mnt/data_disk/HDRData/1000hdr/HDRtest/a4052-20060620_165511__MG_9535.exr,/mnt/data_disk/ZQL/TIP_TMO_result/tradition/BestExposure(Histogram)/a4052.png,341,512,0.9434873039795223,0.812074237034337,0.9486684778989259,0.8473849037317392,0.7297990375111439,0.9649707699523346,0.21026228368282318
a4060,/mnt/data_disk/HDRData/1000hdr/HDRtest/a4060-_DSC5597.exr,/mnt/data_disk/ZQL/TIP_TMO_result/tradition/BestExposure(Histogram)/a4060.png,341,512,0.888605806825374,0.7782282445985181,0.648922704757156,0.8486429061443386,0.749138468657475,0.9481473436312021,0.2131386697292328
a4064,/mnt/data_disk/HDRData/1000hdr/HDRtest/a4064-07-12-02-at-16h23m18s-_MG_9020.exr,/mnt/data_disk/ZQL/TIP_TMO_result/tradition/BestExposure(Histogram)/a4064.png,341,512,0.9046591919411868,0.9464553954587626,0.47208042882181617,0.8501717507201176,0.8116307965735291,0.8887127048667063,0.18728958070278168
a4068,/mnt/data_disk/HDRData/1000hdr/HDRtest/a4068-tc_DSC2612.exr,/mnt/data_disk/ZQL/TIP_TMO_result/tradition/BestExposure(Histogram)/a4068.png,340,512,0.8424785433427314,0.8194722088507307,0.31885590522601337,0.3611547272467254,0.7102389694610262,0.012070485032424746,0.15952713787555695
a4075,/mnt/data_disk/HDRData/1000hdr/HDRtest/a4075-JI2E0444.exr,/mnt/data_disk/ZQL/TIP_TMO_result/tradition/BestExposure(Histogram)/a4075.png,341,512,0.7600325649572583,0.6144205600513563,0.2261086707438273,0.8720555417994931,0.7922234752773024,0.9518876083216837,0.29566216468811035
a4076,/mnt/data_disk/HDRData/1000hdr/HDRtest/a4076-_DGW6244.exr,/mnt/data_disk/ZQL/TIP_TMO_result/tradition/BestExposure(Histogram)/a4076.png,341,512,0.8435730745734984,0.8610542579113115,0.2674466154407843,0.6183422196717461,0.8567971113136569,0.3798873280298354,0.28800326585769653
a4080,/mnt/data_disk/HDRData/1000hdr/HDRtest/a4080-IMG_3765.exr,/mnt/data_disk/ZQL/TIP_TMO_result/tradition/BestExposure(Histogram)/a4080.png,341,512,0.9045824238565764,0.83731845497337,0.644195563340984,0.8976349721143172,0.8132389646555845,0.9820309795730499,0.17462243139743805
a4085,/mnt/data_disk/HDRData/1000hdr/HDRtest/a4085-_MG_2385.exr,/mnt/data_disk/ZQL/TIP_TMO_result/tradition/BestExposure(Histogram)/a4085.png,341,512,0.9221110730523364,0.8731422768611872,0.6933048141008334,0.8838927332471207,0.7977613230040032,0.9700241434902382,0.11280402541160583
a4087,/mnt/data_disk/HDRData/1000hdr/HDRtest/a4087-NKIM_MG_6395.exr,/mnt/data_disk/ZQL/TIP_TMO_result/tradition/BestExposure(Histogram)/a4087.png,341,512,0.9027109465738746,0.9049452000540027,0.5226948782793689,0.9710292426520797,0.9442782688293437,0.9977802164748156,0.24578239023685455
a4088,/mnt/data_disk/HDRData/1000hdr/HDRtest/a4088-dvf_041.exr,/mnt/data_disk/ZQL/TIP_TMO_result/tradition/BestExposure(Histogram)/a4088.png,341,512,0.8993457019420138,0.8506391121919397,0.5893654377857387,0.8717685166924249,0.8422442784198487,0.9012927549650013,0.10481748729944229
a4091,/mnt/data_disk/HDRData/1000hdr/HDRtest/a4091-_DSC0041.exr,/mnt/data_disk/ZQL/TIP_TMO_result/tradition/BestExposure(Histogram)/a4091.png,340,512,0.8069961604932617,0.8150983218206237,0.15971491969221552,0.904045269233148,0.8258894366723694,0.9822011017939266,0.13773009181022644
a4092,/mnt/data_disk/HDRData/1000hdr/HDRtest/a4092-07-12-03-at-09h35m54s-_MG_9192.exr,/mnt/data_disk/ZQL/TIP_TMO_result/tradition/BestExposure(Histogram)/a4092.png,341,512,0.8712591183662641,0.8785268516187497,0.38493101711707645,0.9457540542793544,0.8998620936973178,0.991646014861391,0.2627522051334381
a4093,/mnt/data_disk/HDRData/1000hdr/HDRtest/a4093-jn_20071117-031.exr,/mnt/data_disk/ZQL/TIP_TMO_result/tradition/BestExposure(Histogram)/a4093.png,341,512,0.8985196973430931,0.8193264291848508,0.637604191752553,0.9424606639428436,0.8864134196388326,0.9985079082468545,0.28081831336021423
a4096,/mnt/data_disk/HDRData/1000hdr/HDRtest/a4096-jmac_MG_0095.exr,/mnt/data_disk/ZQL/TIP_TMO_result/tradition/BestExposure(Histogram)/a4096.png,341,512,0.8374332067242191,0.7473586088211908,0.4021912784020329,0.7454664973723455,0.5728885767484093,0.9180444179962818,0.18273107707500458
a4097,/mnt/data_disk/HDRData/1000hdr/HDRtest/a4097-20080623_at_14h52m36__MG_9904.exr,/mnt/data_disk/ZQL/TIP_TMO_result/tradition/BestExposure(Histogram)/a4097.png,341,512,0.9255312934237224,0.9183435156822848,0.6397705512962825,0.9180438763194598,0.8712600569277481,0.9648276957111716,0.1140294000506401
a4099,/mnt/data_disk/HDRData/1000hdr/HDRtest/a4099-_DSC0014-2.exr,/mnt/data_disk/ZQL/TIP_TMO_result/tradition/BestExposure(Histogram)/a4099.png,340,512,0.9061465226567768,0.934853910353071,0.49760964789635637,0.8555694469498596,0.9433682653903173,0.767770628509402,0.0790790468454361
a4101,/mnt/data_disk/HDRData/1000hdr/HDRtest/a4101-IMG_5823.exr,/mnt/data_disk/ZQL/TIP_TMO_result/tradition/BestExposure(Histogram)/a4101.png,341,512,0.7420841443858562,0.7369464882840704,0.019089839420061632,0.3088223107168525,0.617644621433705,4.2473510317436316e-24,0.13203738629817963
a4102,/mnt/data_disk/HDRData/1000hdr/HDRtest/a4102-07-06-30-at-11h38m56s-_MG_1997.exr,/mnt/data_disk/ZQL/TIP_TMO_result/tradition/BestExposure(Histogram)/a4102.png,341,512,0.8927758383474727,0.8455179918277743,0.5581669165413898,0.8769447336950165,0.8585141323834482,0.8953753350065848,0.17797739803791046
a4104,/mnt/data_disk/HDRData/1000hdr/HDRtest/a4104-DSC_0260.exr,/mnt/data_disk/ZQL/TIP_TMO_result/tradition/BestExposure(Histogram)/a4104.png,340,512,0.8642677250391813,0.9015605176907449,0.31651790620348574,0.5674312291925758,0.7250257996618937,0.40983665872325786,0.05996842682361603
a4105,/mnt/data_disk/HDRData/1000hdr/HDRtest/a4105-07-11-26-at-16h02m57s-_MG_7151.exr,/mnt/data_disk/ZQL/TIP_TMO_result/tradition/BestExposure(Histogram)/a4105.png,341,512,0.8082413628781318,0.6028568792405283,0.4992280607420887,0.3903433505414798,0.6191603684468824,0.1615263326360772,0.2502903938293457
a4107,/mnt/data_disk/HDRData/1000hdr/HDRtest/a4107-dvf_018.exr,/mnt/data_disk/ZQL/TIP_TMO_result/tradition/BestExposure(Histogram)/a4107.png,341,512,0.7880497429721828,0.6403164351935827,0.31965758128265903,0.5380061466070272,0.8497055554712315,0.2263067377428228,0.17313805222511292
a4108,/mnt/data_disk/HDRData/1000hdr/HDRtest/a4108-MB_080329_057.exr,/mnt/data_disk/ZQL/TIP_TMO_result/tradition/BestExposure(Histogram)/a4108.png,341,512,0.9297623720283841,0.9112462302176572,0.6779411864266074,0.6124473981064331,0.7107790498622367,0.5141157463506296,0.2690548896789551
a4110,/mnt/data_disk/HDRData/1000hdr/HDRtest/a4110-dgw_069.exr,/mnt/data_disk/ZQL/TIP_TMO_result/tradition/BestExposure(Histogram)/a4110.png,341,512,0.8270345442388003,0.7889184072356032,0.2849791073046839,0.9161647145339062,0.8377019205366357,0.9946275085311769,0.28220561146736145
a4113,/mnt/data_disk/HDRData/1000hdr/HDRtest/a4113-IMG_2800.exr,/mnt/data_disk/ZQL/TIP_TMO_result/tradition/BestExposure(Histogram)/a4113.png,341,512,0.7691703178482993,0.8226882866602327,0.024189198599937387,0.25905667783348574,0.5181133540111489,1.6558225391664126e-09,0.11279921233654022
a4116,/mnt/data_disk/HDRData/1000hdr/HDRtest/a4116-IMG_2042.exr,/mnt/data_disk/ZQL/TIP_TMO_result/tradition/BestExposure(Histogram)/a4116.png,341,512,0.9050398078194191,0.8413171214985118,0.6401727189587768,0.9408134505239958,0.9231992445161784,0.9584276565318132,0.09536470472812653
a4117,/mnt/data_disk/HDRData/1000hdr/HDRtest/a4117-050918_141526__MG_5987.exr,/mnt/data_disk/ZQL/TIP_TMO_result/tradition/BestExposure(Histogram)/a4117.png,341,512,0.8454323980710222,0.8641228878374788,0.2724355916047557,0.944552292529949,0.9090649099184747,0.9800396751414234,0.21580497920513153
a4124,/mnt/data_disk/HDRData/1000hdr/HDRtest/a4124-20080709_at_10h04m23__MG_4561.exr,/mnt/data_disk/ZQL/TIP_TMO_result/tradition/BestExposure(Histogram)/a4124.png,341,512,0.8750837199935254,0.7950371685367109,0.5370253747393555,0.8341250623633703,0.9004881539108799,0.7677619708158607,0.1696990579366684
a4127,/mnt/data_disk/HDRData/1000hdr/HDRtest/a4127-DSC_0152.exr,/mnt/data_disk/ZQL/TIP_TMO_result/tradition/BestExposure(Histogram)/a4127.png,340,512,0.8954479178437378,0.9669013972863739,0.39231615403595904,0.9117682145128342,0.9705488336736999,0.8529875953519684,0.07116483896970749
a4131,/mnt/data_disk/HDRData/1000hdr/HDRtest/a4131-DSC_0001-2.exr,/mnt/data_disk/ZQL/TIP_TMO_result/tradition/BestExposure(Histogram)/a4131.png,340,512,0.9294724942875261,0.928636084149425,0.6478008643540368,0.8865939642098482,0.8021417649007909,0.9710461635189053,0.09522390365600586
a4134,/mnt/data_disk/HDRData/1000hdr/HDRtest/a4134-IMG_0086.exr,/mnt/data_disk/ZQL/TIP_TMO_result/tradition/BestExposure(Histogram)/a4134.png,341,512,0.8494968379358009,0.9227801600528462,0.21863120348125575,0.914382181802204,0.9500214233535302,0.8787429402508777,0.08852775394916534
a4142,/mnt/data_disk/HDRData/1000hdr/HDRtest/a4142-_DGW6275.exr,/mnt/data_disk/ZQL/TIP_TMO_result/tradition/BestExposure(Histogram)/a4142.png,341,512,0.9586993948591918,0.9082653112683227,0.8735888625849024,0.892817795429484,0.7997517871530397,0.9858838037059282,0.20840848982334137
a4143,/mnt/data_disk/HDRData/1000hdr/HDRtest/a4143-LSCRW_0029.exr,/mnt/data_disk/ZQL/TIP_TMO_result/tradition/BestExposure(Histogram)/a4143.png,384,512,0.827888708999121,0.9332925725407291,0.11667788916933479,0.46254876549679375,0.6786549380801183,0.24644259291346915,0.08176795393228531
a4144,/mnt/data_disk/HDRData/1000hdr/HDRtest/a4144-050623_122602__MG_3246.exr,/mnt/data_disk/ZQL/TIP_TMO_result/tradition/BestExposure(Histogram)/a4144.png,341,512,0.9073256762426078,0.9551489589663519,0.4747580814476552,0.9162185396345939,0.9037268564055609,0.9287102228636267,0.11059344559907913
a4150,/mnt/data_disk/HDRData/1000hdr/HDRtest/a4150-_DGW6309.exr,/mnt/data_disk/ZQL/TIP_TMO_result/tradition/BestExposure(Histogram)/a4150.png,341,512,0.909751080479114,0.7663672220817287,0.8080624111305572,0.9027620790020618,0.805977735135691,0.9995464228684328,0.29571962356567383
a4151,/mnt/data_disk/HDRData/1000hdr/HDRtest/a4151-dvf_026.exr,/mnt/data_disk/ZQL/TIP_TMO_result/tradition/BestExposure(Histogram)/a4151.png,341,512,0.8758757305610365,0.7115570055685584,0.6947229800117672,0.9021268557012964,0.8056034036353313,0.9986503077672614,0.25626710057258606
a4154,/mnt/data_disk/HDRData/1000hdr/HDRtest/a4154-IMG_4620.exr,/mnt/data_disk/ZQL/TIP_TMO_result/tradition/BestExposure(Histogram)/a4154.png,341,512,0.927715888390606,0.891008979309493,0.6987129400088361,0.8984647355325248,0.8465787319828088,0.9503507390822409,0.14759400486946106
a4155,/mnt/data_disk/HDRData/1000hdr/HDRtest/a4155-WP_CRW_0237.exr,/mnt/data_disk/ZQL/TIP_TMO_result/tradition/BestExposure(Histogram)/a4155.png,341,512,0.9208463468656894,0.8818946606591846,0.6704279817502895,0.9326905845955351,0.8715851201797002,0.9937960490113701,0.14101289212703705
a4156,/mnt/data_disk/HDRData/1000hdr/HDRtest/a4156-IMG_0159.exr,/mnt/data_disk/ZQL/TIP_TMO_result/tradition/BestExposure(Histogram)/a4156.png,341,512,0.8392392972855449,0.7819987129581617,0.357326923151122,0.9358558338575493,0.8798098529040608,0.9919018148110378,0.18862394988536835
a4158,/mnt/data_disk/HDRData/1000hdr/HDRtest/a4158-WP_CRW_4109.exr,/mnt/data_disk/ZQL/TIP_TMO_result/tradition/BestExposure(Histogram)/a4158.png,341,512,0.8535565018963428,0.9214793775578238,0.23893045507443425,0.3783155174462752,0.7565234097818826,0.00010762511066780634,0.08399450778961182
a4160,/mnt/data_disk/HDRData/1000hdr/HDRtest/a4160-jn_20070824_0167.exr,/mnt/data_disk/ZQL/TIP_TMO_result/tradition/BestExposure(Histogram)/a4160.png,341,512,0.7762241941225714,0.8059458622850696,0.05664662441606127,0.91407887978595,0.831156825895419,0.9970009336764812,0.2800276577472687
a4161,/mnt/data_disk/HDRData/1000hdr/HDRtest/a4161-tc_DSC2218.exr,/mnt/data_disk/ZQL/TIP_TMO_result/tradition/BestExposure(Histogram)/a4161.png,340,512,0.8349645731848725,0.9877026316365203,0.0924933010588584,0.4643104162317599,0.9282594571948629,0.0003613752686568495,0.1663256734609604
a4167,/mnt/data_disk/HDRData/1000hdr/HDRtest/a4167-IMG_0031.exr,/mnt/data_disk/ZQL/TIP_TMO_result/tradition/BestExposure(Histogram)/a4167.png,341,512,0.8965971622632634,0.8794505478472947,0.5263527550175447,0.9133951739734418,0.8737126494120515,0.953077698534832,0.19199873507022858
a4170,/mnt/data_disk/HDRData/1000hdr/HDRtest/a4170-jmac_DSC3333.exr,/mnt/data_disk/ZQL/TIP_TMO_result/tradition/BestExposure(Histogram)/a4170.png,343,512,0.8277053899182807,0.7896980176048066,0.28718034809356635,0.7342776513821108,0.8073045918295472,0.6612507109346742,0.14750762283802032
a4174,/mnt/data_disk/HDRData/1000hdr/HDRtest/a4174-dgw_083.exr,/mnt/data_disk/ZQL/TIP_TMO_result/tradition/BestExposure(Histogram)/a4174.png,341,512,0.9126361749206446,0.8637863623638459,0.6493491405110282,0.9058130284688175,0.8496742874211954,0.9619517695164397,0.30285635590553284
a4177,/mnt/data_disk/HDRData/1000hdr/HDRtest/a4177-jmac_DSC1412.exr,/mnt/data_disk/ZQL/TIP_TMO_result/tradition/BestExposure(Histogram)/a4177.png,340,512,0.8595842385145768,0.9666507515874838,0.21385095191562611,0.6032587047293205,0.8462235214869939,0.3602938879716473,0.09911342710256577
a4178,/mnt/data_disk/HDRData/1000hdr/HDRtest/a4178-IMG_0487.exr,/mnt/data_disk/ZQL/TIP_TMO_result/tradition/BestExposure(Histogram)/a4178.png,341,512,0.8889910062498071,0.9668737649497909,0.3579160328680063,0.7290042700809158,0.9452905210865277,0.5127180190753041,0.07524652779102325
a4184,/mnt/data_disk/HDRData/1000hdr/HDRtest/a4184-jmac_MG_5507.exr,/mnt/data_disk/ZQL/TIP_TMO_result/tradition/BestExposure(Histogram)/a4184.png,341,512,0.8372275295027297,0.7039495156831882,0.4749375617162223,0.5270580349970442,0.7437189174028325,0.31039715259125594,0.27983763813972473
a4185,/mnt/data_disk/HDRData/1000hdr/HDRtest/a4185-DSC_0055-2.exr,/mnt/data_disk/ZQL/TIP_TMO_result/tradition/BestExposure(Histogram)/a4185.png,340,512,0.8699495451938638,0.9099692400511261,0.33434503956062844,0.9553349616443614,0.916518508882324,0.9941514144063986,0.15269194543361664
a4188,/mnt/data_disk/HDRData/1000hdr/HDRtest/a4188-_MG_1604.exr,/mnt/data_disk/ZQL/TIP_TMO_result/tradition/BestExposure(Histogram)/a4188.png,341,512,0.9284273668464494,0.738081169890579,0.9944652711602796,0.8038709096181165,0.6781254316196028,0.9296163876166301,0.27121269702911377
a4191,/mnt/data_disk/HDRData/1000hdr/HDRtest/a4191-IMG_4849.exr,/mnt/data_disk/ZQL/TIP_TMO_result/tradition/BestExposure(Histogram)/a4191.png,341,512,0.901980822398113,0.8484933883334248,0.6090606637818053,0.9309713108120667,0.8701710015376422,0.9917716200864912,0.16925013065338135
a4194,/mnt/data_disk/HDRData/1000hdr/HDRtest/a4194-LS051026_day_1_arive50.exr,/mnt/data_disk/ZQL/TIP_TMO_result/tradition/BestExposure(Histogram)/a4194.png,341,512,0.8481360160536019,0.8400624303099742,0.31853069137752527,0.5690719236500194,0.8520934100531425,0.28605043724689616,0.12858887016773224
a4197,/mnt/data_disk/HDRData/1000hdr/HDRtest/a4197-_MG_6428.exr,/mnt/data_disk/ZQL/TIP_TMO_result/tradition/BestExposure(Histogram)/a4197.png,341,512,0.981970758223633,0.9806911603131525,0.9070311132717204,0.9883672019078433,0.9884615926376034,0.9882728111780832,0.08116163313388824
a4198,/mnt/data_disk/HDRData/1000hdr/HDRtest/a4198-_DSC6401.exr,/mnt/data_disk/ZQL/TIP_TMO_result/tradition/BestExposure(Histogram)/a4198.png,341,512,0.7458471310981882,0.6311959107102133,0.1403540543089679,0.910379527699951,0.8314690493321245,0.9892900060677775,0.26973435282707214
a4199,/mnt/data_disk/HDRData/1000hdr/HDRtest/a4199-jmac_MG_5003.exr,/mnt/data_disk/ZQL/TIP_TMO_result/tradition/BestExposure(Histogram)/a4199.png,341,512,0.7992417528460827,0.8411335826793025,0.10108861465876894,0.9450649289434924,0.8968969774371802,0.9932328804498045,0.2670938968658447
a4201,/mnt/data_disk/HDRData/1000hdr/HDRtest/a4201-_DSC0120.exr,/mnt/data_disk/ZQL/TIP_TMO_result/tradition/BestExposure(Histogram)/a4201.png,340,512,0.8506712262793475,0.7594921657415623,0.4556026068282223,0.8044247787923311,0.6297148037656427,0.9791347538190194,0.25585293769836426
a4202,/mnt/data_disk/HDRData/1000hdr/HDRtest/a4202-DSC_0439.exr,/mnt/data_disk/ZQL/TIP_TMO_result/tradition/BestExposure(Histogram)/a4202.png,343,512,0.9185583014732852,0.8884909839782366,0.6450484669887244,0.9410631139194581,0.9068251876964144,0.9753010401425019,0.15315626561641693
a4204,/mnt/data_disk/HDRData/1000hdr/HDRtest/a4204-_DGW7870.exr,/mnt/data_disk/ZQL/TIP_TMO_result/tradition/BestExposure(Histogram)/a4204.png,341,512,0.9305848089316554,0.9139636276809162,0.6786746722965998,0.7674003002696146,0.868900109640229,0.665900490899,0.09470384567975998
a4212,/mnt/data_disk/HDRData/1000hdr/HDRtest/a4212-Duggan_090321_5925.exr,/mnt/data_disk/ZQL/TIP_TMO_result/tradition/BestExposure(Histogram)/a4212.png,341,512,0.8818839584827052,0.8215314882470716,0.5329001277234405,0.961815634131261,0.9289957476945641,0.994635520567958,0.17347672581672668
a4214,/mnt/data_disk/HDRData/1000hdr/HDRtest/a4214-DSC_0267.exr,/mnt/data_disk/ZQL/TIP_TMO_result/tradition/BestExposure(Histogram)/a4214.png,343,512,0.8836896777265003,0.86820907520448,0.4690583770968962,0.9787264985721466,0.9625869175514891,0.994866079592804,0.18112213909626007
a4216,/mnt/data_disk/HDRData/1000hdr/HDRtest/a4216-DSC_0118.exr,/mnt/data_disk/ZQL/TIP_TMO_result/tradition/BestExposure(Histogram)/a4216.png,343,512,0.9017375698594087,0.9271387438626036,0.4835937580853686,0.8422441864165381,0.9210096500706848,0.7634787227623914,0.1307065635919571
a4220,/mnt/data_disk/HDRData/1000hdr/HDRtest/a4220-Duggan_090305_5359.exr,/mnt/data_disk/ZQL/TIP_TMO_result/tradition/BestExposure(Histogram)/a4220.png,341,512,0.8561108969288457,0.8587436476771622,0.33321251887384135,0.420699253551794,0.7490027668009109,0.09239574030267704,0.18536782264709473
a4228,/mnt/data_disk/HDRData/1000hdr/HDRtest/a4228-DSC_0037-2.exr,/mnt/data_disk/ZQL/TIP_TMO_result/tradition/BestExposure(Histogram)/a4228.png,340,512,0.8058415934007859,0.9249277206919162,0.049054518939918294,0.4034074160851757,0.8050533671811463,0.0017614649892051186,0.0921151414513588
a4230,/mnt/data_disk/HDRData/1000hdr/HDRtest/a4230-Duggan_090426_7798.exr,/mnt/data_disk/ZQL/TIP_TMO_result/tradition/BestExposure(Histogram)/a4230.png,341,512,0.7753892984775074,0.7315373890499947,0.1305709283865097,0.6044670605496645,0.8804614477882454,0.3284726733110835,0.18478623032569885
a4231,/mnt/data_disk/HDRData/1000hdr/HDRtest/a4231-Duggan_080326_5786.exr,/mnt/data_disk/ZQL/TIP_TMO_result/tradition/BestExposure(Histogram)/a4231.png,341,512,0.8707814062909858,0.7992384000836253,0.5047312631056166,0.9262292768030344,0.8783806852743038,0.9740778683317649,0.08557432144880295
a4232,/mnt/data_disk/HDRData/1000hdr/HDRtest/a4232-Duggan_090323_6181.exr,/mnt/data_disk/ZQL/TIP_TMO_result/tradition/BestExposure(Histogram)/a4232.png,341,512,0.7868266718421406,0.8669985902878965,0.03836251240705766,0.8995961983834015,0.8771464861758111,0.9220459105909918,0.23808559775352478
a4235,/mnt/data_disk/HDRData/1000hdr/HDRtest/a4235-DSC_0433.exr,/mnt/data_disk/ZQL/TIP_TMO_result/tradition/BestExposure(Histogram)/a4235.png,343,512,0.9249283735401512,0.8302785390253729,0.7876588345002736,0.8323690149152789,0.6819009474484633,0.9828370823820944,0.17343127727508545
a4236,/mnt/data_disk/HDRData/1000hdr/HDRtest/a4236-DSC_0384.exr,/mnt/data_disk/ZQL/TIP_TMO_result/tradition/BestExposure(Histogram)/a4236.png,343,512,0.8321696841917824,0.9117156664249277,0.15574822309741831,0.9759915948320987,0.9575052818681846,0.9944779077960129,0.08781517297029495
a4237,/mnt/data_disk/HDRData/1000hdr/HDRtest/a4237-20090417_at_18h06m01__MG_1955.exr,/mnt/data_disk/ZQL/TIP_TMO_result/tradition/BestExposure(Histogram)/a4237.png,341,512,0.9117467908488968,0.8299316353820722,0.7024406775234391,0.8006616843884539,0.6654764306774642,0.9358469380994435,0.14839577674865723
a4238,/mnt/data_disk/HDRData/1000hdr/HDRtest/a4238-Duggan_090320_5609.exr,/mnt/data_disk/ZQL/TIP_TMO_result/tradition/BestExposure(Histogram)/a4238.png,341,512,0.8822452907700365,0.9252547625383178,0.37813301866655474,0.9065922537083474,0.9518146722254295,0.8613698351912653,0.14388717710971832
a4239,/mnt/data_disk/HDRData/1000hdr/HDRtest/a4239-Duggan_080114_4429.exr,/mnt/data_disk/ZQL/TIP_TMO_result/tradition/BestExposure(Histogram)/a4239.png,341,512,0.8252326630118164,0.8632801397463953,0.180690910522421,0.41385147568997666,0.7966783964781051,0.031024554901848224,0.13427387177944183
a4244,/mnt/data_disk/HDRData/1000hdr/HDRtest/a4244-Duggan_090504_8959.exr,/mnt/data_disk/ZQL/TIP_TMO_result/tradition/BestExposure(Histogram)/a4244.png,341,512,0.9637437648849497,0.9104757580270842,0.9042282271192509,0.8791974273846801,0.7767211157554625,0.9816737390138977,0.14723312854766846
a4246,/mnt/data_disk/HDRData/1000hdr/HDRtest/a4246-Duggan_090330_6226.exr,/mnt/data_disk/ZQL/TIP_TMO_result/tradition/BestExposure(Histogram)/a4246.png,341,512,0.8508088605232415,0.8064022881170315,0.3816407350741309,0.4107980533587722,0.8114977256236722,0.010098381093872143,0.14816951751708984
a4249,/mnt/data_disk/HDRData/1000hdr/HDRtest/a4249-Duggan_090322_6001.exr,/mnt/data_disk/ZQL/TIP_TMO_result/tradition/BestExposure(Histogram)/a4249.png,341,512,0.8376924454448926,0.8452078123193599,0.25992938425745515,0.8934995113952683,0.8959831861598915,0.8910158366306451,0.21080827713012695
a4254,/mnt/data_disk/HDRData/1000hdr/HDRtest/a4254-DSC_0066.exr,/mnt/data_disk/ZQL/TIP_TMO_result/tradition/BestExposure(Histogram)/a4254.png,340,512,0.9593949312251633,0.9602947232224062,0.7887457153451404,0.9402205938469498,0.8866587498604959,0.9937824378334037,0.07601656019687653
a4258,/mnt/data_disk/HDRData/1000hdr/HDRtest/a4258-_DSC0012-4.exr,/mnt/data_disk/ZQL/TIP_TMO_result/tradition/BestExposure(Histogram)/a4258.png,340,512,0.9143453281774805,0.9374862005044031,0.5417475546881431,0.9808858684899402,0.9648100416299408,0.9969616953499397,0.04627356678247452
a4262,/mnt/data_disk/HDRData/1000hdr/HDRtest/a4262-DSC_0065.exr,/mnt/data_disk/ZQL/TIP_TMO_result/tradition/BestExposure(Histogram)/a4262.png,340,512,0.9697735737535593,0.9105918825305608,0.9458491149568815,0.8375847008399382,0.7415785416568083,0.933590860023068,0.09093638509511948
a4266,/mnt/data_disk/HDRData/1000hdr/HDRtest/a4266-DSC_0426.exr,/mnt/data_disk/ZQL/TIP_TMO_result/tradition/BestExposure(Histogram)/a4266.png,343,512,0.8140922114958219,0.7324559984700494,0.3035081841939052,0.9191072673832821,0.8528582767983182,0.9853562579682461,0.20133954286575317
a4267,/mnt/data_disk/HDRData/1000hdr/HDRtest/a4267-20090414_at_23h13m08__MG_1367.exr,/mnt/data_disk/ZQL/TIP_TMO_result/tradition/BestExposure(Histogram)/a4267.png,341,512,0.8573235345227321,0.6386646564637436,0.7258075959642968,0.7748526689602235,0.5633148229221142,0.9863905149983329,0.1380847841501236
a4271,/mnt/data_disk/HDRData/1000hdr/HDRtest/a4271-Duggan_090227_5232.exr,/mnt/data_disk/ZQL/TIP_TMO_result/tradition/BestExposure(Histogram)/a4271.png,341,512,0.8689811232457645,0.9395082321957893,0.29095246654198376,0.9456529446193149,0.9155278484893047,0.9757780407493253,0.1740887463092804
a4272,/mnt/data_disk/HDRData/1000hdr/HDRtest/a4272-DSC_0398.exr,/mnt/data_disk/ZQL/TIP_TMO_result/tradition/BestExposure(Histogram)/a4272.png,343,512,0.8669175619341436,0.8651753756580831,0.380868313310303,0.8583627379956499,0.7292354270301945,0.9874900489611053,0.10042459517717361
a4275,/mnt/data_disk/HDRData/1000hdr/HDRtest/a4275-09-05-12-at-17h46m31s-_MG_8890.exr,/mnt/data_disk/ZQL/TIP_TMO_result/tradition/BestExposure(Histogram)/a4275.png,341,512,0.9280386513564651,0.8843116931060163,0.7121660339963042,0.8796973498623368,0.7719935029719261,0.9874011967527474,0.1466243863105774
a4287,/mnt/data_disk/HDRData/1000hdr/HDRtest/a4287-_DSC0083.exr,/mnt/data_disk/ZQL/TIP_TMO_result/tradition/BestExposure(Histogram)/a4287.png,340,512,0.8891887002480556,0.9188631523659152,0.42487944752500006,0.6456576261739397,0.9218820295756754,0.36943322277220403,0.09350793808698654
a4291,/mnt/data_disk/HDRData/1000hdr/HDRtest/a4291-20090417_at_18h46m58__MG_2026.exr,/mnt/data_disk/ZQL/TIP_TMO_result/tradition/BestExposure(Histogram)/a4291.png,341,512,0.8910272345118573,0.941494981100437,0.40308778878488116,0.7077154063909965,0.8661763821845019,0.5492544305974912,0.11041342467069626
a4297,/mnt/data_disk/HDRData/1000hdr/HDRtest/a4297-_DSC0034.exr,/mnt/data_disk/ZQL/TIP_TMO_result/tradition/BestExposure(Histogram)/a4297.png,340,512,0.8648974162255406,0.8718092757187154,0.3606374178087777,0.8686328748806169,0.8910535470692246,0.8462122026920093,0.11685391515493393
a4298,/mnt/data_disk/HDRData/1000hdr/HDRtest/a4298-Duggan_090504_9090.exr,/mnt/data_disk/ZQL/TIP_TMO_result/tradition/BestExposure(Histogram)/a4298.png,341,512,0.7567571691033199,0.7832645094560279,0.02134836050126866,0.30749308667104686,0.6148124500323771,0.0001737233097166435,0.14880818128585815
a4302,/mnt/data_disk/HDRData/1000hdr/HDRtest/a4302-20090425_at_17h00m59__MG_0404.exr,/mnt/data_disk/ZQL/TIP_TMO_result/tradition/BestExposure(Histogram)/a4302.png,341,512,0.962797881381505,0.8591002561660933,0.9930295387452709,0.8871526833189669,0.7948652184547903,0.9794401481831435,0.250542014837265
a4304,/mnt/data_disk/HDRData/1000hdr/HDRtest/a4304-09-05-19-at-18h03m17s-_MG_9540.exr,/mnt/data_disk/ZQL/TIP_TMO_result/tradition/BestExposure(Histogram)/a4304.png,341,512,0.8547342648494645,0.8161503736101582,0.38794941277052397,0.37108794029587006,0.6654598436448155,0.0767160369469246,0.16171687841415405
a4307,/mnt/data_disk/HDRData/1000hdr/HDRtest/a4307-20050328_161219__MG_0628.exr,/mnt/data_disk/ZQL/TIP_TMO_result/tradition/BestExposure(Histogram)/a4307.png,341,512,0.8462666079012604,0.9090840119148568,0.22010382957601077,0.853297577482147,0.9268401422559749,0.7797550127083192,0.10282813757658005
a4308,/mnt/data_disk/HDRData/1000hdr/HDRtest/a4308-Duggan_090209_4996.exr,/mnt/data_disk/ZQL/TIP_TMO_result/tradition/BestExposure(Histogram)/a4308.png,341,512,0.9436655288296794,0.830995608062889,0.9131114702535374,0.8830624075067078,0.7757028821240977,0.990421932889318,0.2503143846988678
a4310,/mnt/data_disk/HDRData/1000hdr/HDRtest/a4310-DSC_0007.exr,/mnt/data_disk/ZQL/TIP_TMO_result/tradition/BestExposure(Histogram)/a4310.png,340,512,0.8784592766168831,0.8765998605225792,0.4270354900352726,0.6912774355632877,0.9556776219508593,0.4268772491757162,0.11180337518453598
a4312,/mnt/data_disk/HDRData/1000hdr/HDRtest/a4312-20090417_at_16h32m44__MG_1867.exr,/mnt/data_disk/ZQL/TIP_TMO_result/tradition/BestExposure(Histogram)/a4312.png,341,512,0.7816157990835031,0.665681025844766,0.24717306938146918,0.8759710744063459,0.769447086184706,0.9824950626279858,0.30803197622299194
a4317,/mnt/data_disk/HDRData/1000hdr/HDRtest/a4317-DSC_0224.exr,/mnt/data_disk/ZQL/TIP_TMO_result/tradition/BestExposure(Histogram)/a4317.png,343,512,0.8684250470436682,0.6878480159692832,0.6945109783836372,0.3793778127361618,0.6954853008052682,0.06327032466705539,0.15949968993663788
a4318,/mnt/data_disk/HDRData/1000hdr/HDRtest/a4318-Duggan_090321_5920.exr,/mnt/data_disk/ZQL/TIP_TMO_result/tradition/BestExposure(Histogram)/a4318.png,341,512,0.9360637954042063,0.9696468865660192,0.6242371138218346,0.9270567508931765,0.9066542926019048,0.9474592091844483,0.10360095649957657
a4319,/mnt/data_disk/HDRData/1000hdr/HDRtest/a4319-DSC_0132.exr,/mnt/data_disk/ZQL/TIP_TMO_result/tradition/BestExposure(Histogram)/a4319.png,340,512,0.8914484829651076,0.8488111166815914,0.544863528811182,0.8376859229032139,0.815856418713416,0.8595154270930117,0.1440228372812271
a4323,/mnt/data_disk/HDRData/1000hdr/HDRtest/a4323-DSC_0010.exr,/mnt/data_disk/ZQL/TIP_TMO_result/tradition/BestExposure(Histogram)/a4323.png,343,512,0.8882955407327922,0.8127698134138369,0.5860601353570991,0.8036081001519783,0.6240766656566805,0.983139534647276,0.1944884955883026
a4324,/mnt/data_disk/HDRData/1000hdr/HDRtest/a4324-DSC_0002.exr,/mnt/data_disk/ZQL/TIP_TMO_result/tradition/BestExposure(Histogram)/a4324.png,343,512,0.9470364437742299,0.8881297099036148,0.8304582929550449,0.8422354264525702,0.7028536882264858,0.9816171646786547,0.13108773529529572
a4326,/mnt/data_disk/HDRData/1000hdr/HDRtest/a4326-DSC_0461.exr,/mnt/data_disk/ZQL/TIP_TMO_result/tradition/BestExposure(Histogram)/a4326.png,343,512,0.8646547274879385,0.6723218282811205,0.7020791001910994,0.8176532126526913,0.643917865360045,0.9913885599453376,0.15950439870357513
a4329,/mnt/data_disk/HDRData/1000hdr/HDRtest/a4329-DSC_0028.exr,/mnt/data_disk/ZQL/TIP_TMO_result/tradition/BestExposure(Histogram)/a4329.png,340,512,0.9376056584164095,0.8854119382623672,0.7725097399291874,0.4994703582846988,0.8702600293077574,0.12868068726164028,0.0841519683599472
a4331,/mnt/data_disk/HDRData/1000hdr/HDRtest/a4331-_DGW0241.exr,/mnt/data_disk/ZQL/TIP_TMO_result/tradition/BestExposure(Histogram)/a4331.png,341,512,0.8325603481921267,0.8015033066287708,0.2944977321112361,0.7238479970319898,0.6793988485814334,0.7682971454825461,0.15065497159957886
a4335,/mnt/data_disk/HDRData/1000hdr/HDRtest/a4335-Duggan_090123_4520.exr,/mnt/data_disk/ZQL/TIP_TMO_result/tradition/BestExposure(Histogram)/a4335.png,341,512,0.8530043760149555,0.8638111071849265,0.31036871485632006,0.7364892967738668,0.7442517009243454,0.728726892623388,0.22781898081302643
a4338,/mnt/data_disk/HDRData/1000hdr/HDRtest/a4338-DSC_0206.exr,/mnt/data_disk/ZQL/TIP_TMO_result/tradition/BestExposure(Histogram)/a4338.png,343,512,0.7940396861658243,0.8772755096841968,0.05113945917223579,0.3962165590606484,0.7912135876246255,0.0012195304966713747,0.09025745093822479
a4339,/mnt/data_disk/HDRData/1000hdr/HDRtest/a4339-Duggan_090111_4244.exr,/mnt/data_disk/ZQL/TIP_TMO_result/tradition/BestExposure(Histogram)/a4339.png,341,512,0.8698305400305418,0.8589353223888232,0.40575187246223654,0.44079742374444003,0.8479469860737872,0.03364786141509286,0.20010849833488464
a4340,/mnt/data_disk/HDRData/1000hdr/HDRtest/a4340-DSC_0441.exr,/mnt/data_disk/ZQL/TIP_TMO_result/tradition/BestExposure(Histogram)/a4340.png,343,512,0.7517611194533964,0.6625987043275292,0.1228155386774137,0.39302055429353,0.7859848441662017,5.6264420858319686e-05,0.12278437614440918
a4342,/mnt/data_disk/HDRData/1000hdr/HDRtest/a4342-DSC_0043.exr,/mnt/data_disk/ZQL/TIP_TMO_result/tradition/BestExposure(Histogram)/a4342.png,340,512,0.8875449672825647,0.8550936242636215,0.511759714995183,0.5377060922191848,0.654714258241273,0.4206979261970965,0.094614677131176
a4345,/mnt/data_disk/HDRData/1000hdr/HDRtest/a4345-Duggan_080411_5976.exr,/mnt/data_disk/ZQL/TIP_TMO_result/tradition/BestExposure(Histogram)/a4345.png,341,512,0.8791916429179079,0.7407317040418857,0.6593804114656889,0.8868880293953534,0.8078472727464264,0.9659287860442805,0.15513071417808533
a4354,/mnt/data_disk/HDRData/1000hdr/HDRtest/a4354-DSC_0347.exr,/mnt/data_disk/ZQL/TIP_TMO_result/tradition/BestExposure(Histogram)/a4354.png,343,512,0.9139984815349174,0.8957397761232873,0.6049769150515729,0.48704935482371015,0.716245457034192,0.2578532526132284,0.1865605115890503
a4356,/mnt/data_disk/HDRData/1000hdr/HDRtest/a4356-_DSC1335.exr,/mnt/data_disk/ZQL/TIP_TMO_result/tradition/BestExposure(Histogram)/a4356.png,341,512,0.8359371870971771,0.7195927990952327,0.44031437246974725,0.5112822414686126,0.8218919366179744,0.20067254631925077,0.05673595517873764
a4357,/mnt/data_disk/HDRData/1000hdr/HDRtest/a4357-Duggan_090124_4645.exr,/mnt/data_disk/ZQL/TIP_TMO_result/tradition/BestExposure(Histogram)/a4357.png,341,512,0.912163634723459,0.8908008339939079,0.6017234876287595,0.8095882221140571,0.8447531963171564,0.7744232479109577,0.1607636958360672
a4366,/mnt/data_disk/HDRData/1000hdr/HDRtest/a4366-DSC_0447.exr,/mnt/data_disk/ZQL/TIP_TMO_result/tradition/BestExposure(Histogram)/a4366.png,343,512,0.9193212783629152,0.958944561615632,0.5390289588669837,0.8376989817403072,0.8797965435044758,0.7956014199761386,0.07457105815410614
a4368,/mnt/data_disk/HDRData/1000hdr/HDRtest/a4368-Duggan_090321_5857.exr,/mnt/data_disk/ZQL/TIP_TMO_result/tradition/BestExposure(Histogram)/a4368.png,341,512,0.9190987409922635,0.8678406046107524,0.6832002720950461,0.8967673470345439,0.8488537545612824,0.9446809395078052,0.19696716964244843
a4370,/mnt/data_disk/HDRData/1000hdr/HDRtest/a4370-DSC_0080.exr,/mnt/data_disk/ZQL/TIP_TMO_result/tradition/BestExposure(Histogram)/a4370.png,340,512,0.8426876859695444,0.8894384469647331,0.22736794608315872,0.41955910983616046,0.8386537598890685,0.0004644597832523963,0.08954232931137085
a4374,/mnt/data_disk/HDRData/1000hdr/HDRtest/a4374-09-05-19-at-17h54m57s-_MG_9531.exr,/mnt/data_disk/ZQL/TIP_TMO_result/tradition/BestExposure(Histogram)/a4374.png,341,512,0.9381066924529051,0.9237108076237056,0.7105780830599066,0.7721915916693374,0.7609494809247342,0.7834337024139405,0.08847084641456604
a4377,/mnt/data_disk/HDRData/1000hdr/HDRtest/a4377-IMG_4929.exr,/mnt/data_disk/ZQL/TIP_TMO_result/tradition/BestExposure(Histogram)/a4377.png,341,512,0.9486915595756156,0.9486507313549228,0.7377915110166229,0.9538130357639181,0.9218388159911985,0.9857872555366375,0.09779960662126541
a4382,/mnt/data_disk/HDRData/1000hdr/HDRtest/a4382-DSC_0261.exr,/mnt/data_disk/ZQL/TIP_TMO_result/tradition/BestExposure(Histogram)/a4382.png,343,512,0.825245206255957,0.8351446204753711,0.21478646376697538,0.9611121822281893,0.9311385623488593,0.9910858021075193,0.15065687894821167
a4384,/mnt/data_disk/HDRData/1000hdr/HDRtest/a4384-DSC_0322.exr,/mnt/data_disk/ZQL/TIP_TMO_result/tradition/BestExposure(Histogram)/a4384.png,343,512,0.8529942089380149,0.7927056235512607,0.41469395930973224,0.8696740808122624,0.9020822266665078,0.8372659349580169,0.12783892452716827
a4385,/mnt/data_disk/HDRData/1000hdr/HDRtest/a4385-_DGW9650.exr,/mnt/data_disk/ZQL/TIP_TMO_result/tradition/BestExposure(Histogram)/a4385.png,341,512,0.9103945315714126,0.8895052663723074,0.593011763934536,0.8227558864000251,0.8409006149463011,0.804611157853749,0.16046448051929474
a4386,/mnt/data_disk/HDRData/1000hdr/HDRtest/a4386-Duggan_090124_4632.exr,/mnt/data_disk/ZQL/TIP_TMO_result/tradition/BestExposure(Histogram)/a4386.png,341,512,0.9027450190161559,0.9192975286187496,0.5010897211676874,0.7964945668740714,0.8463273391984912,0.7466617945496515,0.09525444358587265
a4392,/mnt/data_disk/HDRData/1000hdr/HDRtest/a4392-Duggan_090331_6554.exr,/mnt/data_disk/ZQL/TIP_TMO_result/tradition/BestExposure(Histogram)/a4392.png,341,512,0.8203530211511584,0.8735915102679535,0.14858209172911027,0.8112573840908042,0.9070750010917952,0.715439767089813,0.22320742905139923
a4394,/mnt/data_disk/HDRData/1000hdr/HDRtest/a4394-Duggan_090127_4837.exr,/mnt/data_disk/ZQL/TIP_TMO_result/tradition/BestExposure(Histogram)/a4394.png,341,512,0.7913370898265615,0.6771311324257534,0.27615272160930776,0.40532920895660496,0.7283213347093987,0.08233708320381114,0.1860516518354416
a4395,/mnt/data_disk/HDRData/1000hdr/HDRtest/a4395-Duggan_090503_8734.exr,/mnt/data_disk/ZQL/TIP_TMO_result/tradition/BestExposure(Histogram)/a4395.png,341,512,0.7701705592718168,0.7595421677612243,0.08059286968623615,0.9600782357297655,0.9228245140010968,0.9973319574584342,0.08551110327243805
a4396,/mnt/data_disk/HDRData/1000hdr/HDRtest/a4396-DSC_0073-2.exr,/mnt/data_disk/ZQL/TIP_TMO_result/tradition/BestExposure(Histogram)/a4396.png,340,512,0.8914485707167099,0.8961426243941344,0.47088391560678033,0.945814395681722,0.9054483262059048,0.9861804651575392,0.10553441196680069
a4398,/mnt/data_disk/HDRData/1000hdr/HDRtest/a4398-Duggan_050709_1062.exr,/mnt/data_disk/ZQL/TIP_TMO_result/tradition/BestExposure(Histogram)/a4398.png,341,512,0.8801295138009518,0.8054079973904577,0.5494459864090953,0.8270485146977746,0.8150428305320612,0.839054198863488,0.16099043190479279
a4399,/mnt/data_disk/HDRData/1000hdr/HDRtest/a4399-Duggan_080410_5879.exr,/mnt/data_disk/ZQL/TIP_TMO_result/tradition/BestExposure(Histogram)/a4399.png,341,512,0.9600946462866858,0.8523459779052993,0.9869000339381311,0.8829750380472904,0.7799026558113714,0.9860474202832094,0.11433537304401398
a4409,/mnt/data_disk/HDRData/1000hdr/HDRtest/a4409-Duggan_090503_8738.exr,/mnt/data_disk/ZQL/TIP_TMO_result/tradition/BestExposure(Histogram)/a4409.png,341,512,0.8229982660138137,0.9366222729367589,0.09548865723513997,0.43838592052630204,0.8697655424104839,0.0070062986421202565,0.20077164471149445
a4419,/mnt/data_disk/HDRData/1000hdr/HDRtest/a4419-_DGW0269.exr,/mnt/data_disk/ZQL/TIP_TMO_result/tradition/BestExposure(Histogram)/a4419.png,341,512,0.865627948915265,0.7875467931510798,0.49428394051774,0.624742966146399,0.7477170934715743,0.5017688388212237,0.15318098664283752
a4420,/mnt/data_disk/HDRData/1000hdr/HDRtest/a4420-DSC_0054.exr,/mnt/data_disk/ZQL/TIP_TMO_result/tradition/BestExposure(Histogram)/a4420.png,343,512,0.835443373457278,0.5108146556974916,0.8862784947946389,0.6857935266244711,0.4296989710476678,0.9418880822012744,0.23065578937530518
a4421,/mnt/data_disk/HDRData/1000hdr/HDRtest/a4421-Duggan_090214_5129.exr,/mnt/data_disk/ZQL/TIP_TMO_result/tradition/BestExposure(Histogram)/a4421.png,341,512,0.9349888246946717,0.9835782042707709,0.5963873926236976,0.41645656425981015,0.7262825785518606,0.10663054996775966,0.11245206743478775
a4425,/mnt/data_disk/HDRData/1000hdr/HDRtest/a4425-DSC_0007.exr,/mnt/data_disk/ZQL/TIP_TMO_result/tradition/BestExposure(Histogram)/a4425.png,343,512,0.9293072148049266,0.9077664906164506,0.6808071580912567,0.9202612123960964,0.8702724595600233,0.9702499652321694,0.15310344099998474
a4430,/mnt/data_disk/HDRData/1000hdr/HDRtest/a4430-09-05-19-at-19h04m03s-_MG_9559.exr,/mnt/data_disk/ZQL/TIP_TMO_result/tradition/BestExposure(Histogram)/a4430.png,341,512,0.8971084595614082,0.9147217819867878,0.47545723209039603,0.766622144857795,0.8188112811974572,0.7144330085181327,0.08933882415294647
a4431,/mnt/data_disk/HDRData/1000hdr/HDRtest/a4431-Duggan_090330_6282.exr,/mnt/data_disk/ZQL/TIP_TMO_result/tradition/BestExposure(Histogram)/a4431.png,341,512,0.8784396135319721,0.9519790526753521,0.32261335535927604,0.7541515670558625,0.7947487697189269,0.7135543643927981,0.16517068445682526
a4432,/mnt/data_disk/HDRData/1000hdr/HDRtest/a4432-Duggan_081114_3124.exr,/mnt/data_disk/ZQL/TIP_TMO_result/tradition/BestExposure(Histogram)/a4432.png,341,512,0.8197324436327,0.7976518663720779,0.23791733775382803,0.41747610004778346,0.796307400179435,0.03864479991613185,0.1439855843782425
a4433,/mnt/data_disk/HDRData/1000hdr/HDRtest/a4433-Duggan_090504_8957.exr,/mnt/data_disk/ZQL/TIP_TMO_result/tradition/BestExposure(Histogram)/a4433.png,341,512,0.8981280435636,0.9633503006757239,0.41173745528653566,0.3831544820538178,0.7662632772341198,4.568687351579194e-05,0.1539282351732254
a4434,/mnt/data_disk/HDRData/1000hdr/HDRtest/a4434-20090414_at_23h05m38__MG_1365.exr,/mnt/data_disk/ZQL/TIP_TMO_result/tradition/BestExposure(Histogram)/a4434.png,341,512,0.8542638275459733,0.8405661424558528,0.3494098193764604,0.36665785439903187,0.6185714174192207,0.11474429137884304,0.04592346400022507
a4435,/mnt/data_disk/HDRData/1000hdr/HDRtest/a4435-WP_CRW_0591.exr,/mnt/data_disk/ZQL/TIP_TMO_result/tradition/BestExposure(Histogram)/a4435.png,341,512,0.8491532075695324,0.8913167714129475,0.2553625279141635,0.6894514187324594,0.8265064382312387,0.5523963992336802,0.1615493893623352
a4436,/mnt/data_disk/HDRData/1000hdr/HDRtest/a4436-DSC_0153.exr,/mnt/data_disk/ZQL/TIP_TMO_result/tradition/BestExposure(Histogram)/a4436.png,343,512,0.9317177433177308,0.9361666069607114,0.6497766645685421,0.8851697601480094,0.8145862750577564,0.9557532452382624,0.11707814782857895
a4442,/mnt/data_disk/HDRData/1000hdr/HDRtest/a4442-Duggan_080629_9284.exr,/mnt/data_disk/ZQL/TIP_TMO_result/tradition/BestExposure(Histogram)/a4442.png,341,512,0.9103483871199842,0.809083687290606,0.7310693515441328,0.8906146658370542,0.7834005731641468,0.9978287585099614,0.16085726022720337
a4447,/mnt/data_disk/HDRData/1000hdr/HDRtest/a4447-Duggan_090321_5856.exr,/mnt/data_disk/ZQL/TIP_TMO_result/tradition/BestExposure(Histogram)/a4447.png,341,512,0.8859106160180501,0.7937606699124485,0.6044732965415321,0.9306337404242877,0.866698049482257,0.9945694313663185,0.21008504927158356
a4448,/mnt/data_disk/HDRData/1000hdr/HDRtest/a4448-Duggan_080119_4778.exr,/mnt/data_disk/ZQL/TIP_TMO_result/tradition/BestExposure(Histogram)/a4448.png,341,512,0.9731991701643556,0.9595500094953187,0.8829680737182952,0.9021695516483483,0.8932764950317055,0.9110626082649911,0.07337580621242523
a4449,/mnt/data_disk/HDRData/1000hdr/HDRtest/a4449-DSC_0030.exr,/mnt/data_disk/ZQL/TIP_TMO_result/tradition/BestExposure(Histogram)/a4449.png,343,512,0.8664029147357172,0.732979568651448,0.5946599889480447,0.7937844983671113,0.7548168767424671,0.8327521199917555,0.13886788487434387
a4452,/mnt/data_disk/HDRData/1000hdr/HDRtest/a4452-DSC_0084.exr,/mnt/data_disk/ZQL/TIP_TMO_result/tradition/BestExposure(Histogram)/a4452.png,340,512,0.7986050158845039,0.7284006731955527,0.23455359932887643,0.8695120996449301,0.8086690219773841,0.9303551773124761,0.2192191630601883
a4455,/mnt/data_disk/HDRData/1000hdr/HDRtest/a4455-Duggan_080106_4325.exr,/mnt/data_disk/ZQL/TIP_TMO_result/tradition/BestExposure(Histogram)/a4455.png,341,512,0.9205698810451751,0.943710729168423,0.5694924745635185,0.4457330092451242,0.7356018205672309,0.1558641979230175,0.2227524220943451
a4456,/mnt/data_disk/HDRData/1000hdr/HDRtest/a4456-DSC_0472.exr,/mnt/data_disk/ZQL/TIP_TMO_result/tradition/BestExposure(Histogram)/a4456.png,343,512,0.773163527749379,0.7958678199332258,0.05606137910890378,0.831943084824482,0.8290347529775213,0.8348514166714427,0.14928309619426727
a4457,/mnt/data_disk/HDRData/1000hdr/HDRtest/a4457-_DSC0012-5.exr,/mnt/data_disk/ZQL/TIP_TMO_result/tradition/BestExposure(Histogram)/a4457.png,340,512,0.9065046569497264,0.9120976014009046,0.5340563059066764,0.9643520971307052,0.9331604901543933,0.9955437041070172,0.06784278154373169
a4465,/mnt/data_disk/HDRData/1000hdr/HDRtest/a4465-DSC_0051.exr,/mnt/data_disk/ZQL/TIP_TMO_result/tradition/BestExposure(Histogram)/a4465.png,340,512,0.830195290404904,0.8694159906615365,0.1951176453006116,0.5715190936209529,0.7704348999686337,0.3726032872732722,0.11056342720985413
a4466,/mnt/data_disk/HDRData/1000hdr/HDRtest/a4466-20090327_at_11h08m58__MG_0964.exr,/mnt/data_disk/ZQL/TIP_TMO_result/tradition/BestExposure(Histogram)/a4466.png,341,512,0.8625497370792569,0.8395262434901319,0.39502140106325745,0.4481029807691941,0.719168991303926,0.17703697023446224,0.22925235331058502
a4467,/mnt/data_disk/HDRData/1000hdr/HDRtest/a4467-Duggan_090426_7873.exr,/mnt/data_disk/ZQL/TIP_TMO_result/tradition/BestExposure(Histogram)/a4467.png,341,512,0.8665829415594555,0.8994396934772482,0.3311947816266233,0.42597558119623435,0.6560209138460732,0.1959302485463955,0.20820794999599457
a4470,/mnt/data_disk/HDRData/1000hdr/HDRtest/a4470-Duggan_090123_4566.exr,/mnt/data_disk/ZQL/TIP_TMO_result/tradition/BestExposure(Histogram)/a4470.png,341,512,0.9077334705229444,0.934058001837868,0.508011129801527,0.672408411093711,0.8344755051582996,0.5103413170291224,0.1709853708744049
a4471,/mnt/data_disk/HDRData/1000hdr/HDRtest/a4471-Duggan_090321_5859.exr,/mnt/data_disk/ZQL/TIP_TMO_result/tradition/BestExposure(Histogram)/a4471.png,341,512,0.856589510437904,0.9348302032096691,0.23706804075447538,0.41889187992507504,0.834526168817981,0.0032575910321690693,0.1792314499616623
a4472,/mnt/data_disk/HDRData/1000hdr/HDRtest/a4472-Duggan_090504_9026.exr,/mnt/data_disk/ZQL/TIP_TMO_result/tradition/BestExposure(Histogram)/a4472.png,341,512,0.87617216250869,0.9436120912605989,0.3218583226387165,0.4795793819700005,0.7996629691576942,0.15949579478230683,0.2720511555671692
a4474,/mnt/data_disk/HDRData/1000hdr/HDRtest/a4474-09-05-19-at-18h56m31s-_MG_9553.exr,/mnt/data_disk/ZQL/TIP_TMO_result/tradition/BestExposure(Histogram)/a4474.png,341,512,0.8936721419869709,0.8978177970507311,0.4810753558190675,0.9039960857531092,0.8410911725700133,0.9669009989362051,0.1084786206483841
a4476,/mnt/data_disk/HDRData/1000hdr/HDRtest/a4476-IMG_4029.exr,/mnt/data_disk/ZQL/TIP_TMO_result/tradition/BestExposure(Histogram)/a4476.png,341,512,0.9273679837179114,0.8680863387974328,0.7358750452626428,0.9525904612603424,0.9073318479126327,0.9978490746080523,0.12757547199726105
a4477,/mnt/data_disk/HDRData/1000hdr/HDRtest/a4477-20090327_at_06h09m52__MG_0855.exr,/mnt/data_disk/ZQL/TIP_TMO_result/tradition/BestExposure(Histogram)/a4477.png,341,512,0.941184646604317,0.8205281390778887,0.9161363253476055,0.8456971952508896,0.7062115932150558,0.9851827972867233,0.19968174397945404
a4479,/mnt/data_disk/HDRData/1000hdr/HDRtest/a4479-09-05-19-at-18h39m42s-_MG_9545.exr,/mnt/data_disk/ZQL/TIP_TMO_result/tradition/BestExposure(Histogram)/a4479.png,341,512,0.6965384911555391,0.6181576656181121,0.004822973234434598,0.3456945201399734,0.6499566740876452,0.041432366192301597,0.2233692854642868
a4480,/mnt/data_disk/HDRData/1000hdr/HDRtest/a4480-Duggan_090201_4896.exr,/mnt/data_disk/ZQL/TIP_TMO_result/tradition/BestExposure(Histogram)/a4480.png,341,512,0.8530100810779229,0.7797639333028055,0.4354331844922781,0.6982745672982567,0.8075024770697734,0.5890466575267399,0.21449679136276245
a4487,/mnt/data_disk/HDRData/1000hdr/HDRtest/a4487-Duggan_090322_5971.exr,/mnt/data_disk/ZQL/TIP_TMO_result/tradition/BestExposure(Histogram)/a4487.png,341,512,0.8422622689160848,0.7857253806689862,0.3676019145200183,0.7945480943711462,0.8538838721448443,0.735212316597448,0.16455990076065063
