id,hdr_path,ldr_path,height,width,tmqi_q,tmqi_s,tmqi_n,tmqi2_q,tmqi2_s,tmqi2_n,nlpd
a2808,/mnt/data_disk/HDRData/1000hdr/HDRtest/a2808-20080516_072208__MG_0018.exr,/mnt/data_disk/ZQL/TIP_TMO_result/tradition/Raman/a2808.png,341,512,0.7811992212000021,0.8332484909583726,0.04858992915292793,0.31548627431216203,0.6309725486243241,1.5301133310733274e-23,0.2328145056962967
a2824,/mnt/data_disk/HDRData/1000hdr/HDRtest/a2824-dvf_035.exr,/mnt/data_disk/ZQL/TIP_TMO_result/tradition/Raman/a2824.png,341,512,0.8358673027577064,0.7859415528710786,0.3338310481871335,0.3024464707921169,0.6048916710899154,1.2704943183740672e-06,0.11439452320337296
a2854,/mnt/data_disk/HDRData/1000hdr/HDRtest/a2854-NKIM_MG_7374.exr,/mnt/data_disk/ZQL/TIP_TMO_result/tradition/Raman/a2854.png,341,512,0.8585811701968564,0.9272307132305337,0.255664578077165,0.4265660303344035,0.8467931636178977,0.006338897050909278,0.30339547991752625
a2861,/mnt/data_disk/HDRData/1000hdr/HDRtest/a2861-IMG_4397.exr,/mnt/data_disk/ZQL/TIP_TMO_result/tradition/Raman/a2861.png,341,512,0.8137986784754371,0.7204350807329726,0.32054603611692517,0.3692798240148975,0.738559648029795,2.462731020878022e-21,0.15856720507144928
a2862,/mnt/data_disk/HDRData/1000hdr/HDRtest/a2862-_DSC0055.exr,/mnt/data_disk/ZQL/TIP_TMO_result/tradition/Raman/a2862.png,340,512,0.906526205315792,0.9080880808968106,0.5403711059123506,0.7775071009162897,0.929231701649687,0.6257825001828925,0.16849438846111298
a2876,/mnt/data_disk/HDRData/1000hdr/HDRtest/a2876-jn_20080130_Las_Vegas_0082.exr,/mnt/data_disk/ZQL/TIP_TMO_result/tradition/Raman/a2876.png,341,512,0.8073501675481504,0.5629208878289395,0.5780121577963135,0.37481799783936337,0.7495580377026062,7.795797612055166e-05,0.2108002007007599
a2883,/mnt/data_disk/HDRData/1000hdr/HDRtest/a2883-_DSC0008-2.exr,/mnt/data_disk/ZQL/TIP_TMO_result/tradition/Raman/a2883.png,340,512,0.716278630266609,0.6865738176650156,0.0012993819096788568,0.2865874205707646,0.5731748411415292,4.425927287813096e-28,0.076326884329319
a2913,/mnt/data_disk/HDRData/1000hdr/HDRtest/a2913-IMG_0138.exr,/mnt/data_disk/ZQL/TIP_TMO_result/tradition/Raman/a2913.png,341,512,0.7492005591486282,0.7493931152635672,0.027085974946280063,0.418238280052412,0.836476560104824,5.9341256528201805e-33,0.28348830342292786
a2933,/mnt/data_disk/HDRData/1000hdr/HDRtest/a2933-_I2E7313.exr,/mnt/data_disk/ZQL/TIP_TMO_result/tradition/Raman/a2933.png,341,512,0.8438955322872718,0.7419719991506413,0.4468417174316496,0.38829818981703684,0.7765963796340737,1.5723976534725212e-20,0.201650932431221
a2956,/mnt/data_disk/HDRData/1000hdr/HDRtest/a2956-KE_-0035.exr,/mnt/data_disk/ZQL/TIP_TMO_result/tradition/Raman/a2956.png,340,512,0.7772465752199331,0.8140316583314599,0.052802716762064675,0.279731739840984,0.5594634796818458,1.220760746950389e-13,0.13278979063034058
a2986,/mnt/data_disk/HDRData/1000hdr/HDRtest/a2986-_DGW6325.exr,/mnt/data_disk/ZQL/TIP_TMO_result/tradition/Raman/a2986.png,341,512,0.8639635891368795,0.7804945987146925,0.4964471434526841,0.43319902911170394,0.8663980463943617,1.182904622847335e-08,0.3055517375469208
a3267,/mnt/data_disk/HDRData/1000hdr/HDRtest/a3267-WP_CRW_0087.exr,/mnt/data_disk/ZQL/TIP_TMO_result/tradition/Raman/a3267.png,341,512,0.7675038322862069,0.7763695795515061,0.0559563743333325,0.36808665689536935,0.7361733137907387,8.256221113902355e-23,0.2611066699028015
a3285,/mnt/data_disk/HDRData/1000hdr/HDRtest/a3285-CRW_0291.exr,/mnt/data_disk/ZQL/TIP_TMO_result/tradition/Raman/a3285.png,341,512,0.8853065676014399,0.9097105498654295,0.4165797901406959,0.594046100363341,0.8553489693396833,0.3327432313869989,0.31469815969467163
a3288,/mnt/data_disk/HDRData/1000hdr/HDRtest/a3288-KE_-0049.exr,/mnt/data_disk/ZQL/TIP_TMO_result/tradition/Raman/a3288.png,340,512,0.7767750783182912,0.7228336436877889,0.14668096223945168,0.35763089036175444,0.7152617807235089,2.360879304691333e-19,0.22663100063800812
a3306,/mnt/data_disk/HDRData/1000hdr/HDRtest/a3306-IMG_4969.exr,/mnt/data_disk/ZQL/TIP_TMO_result/tradition/Raman/a3306.png,341,512,0.8239419069316386,0.7763814011588996,0.28761933835680725,0.37890106603194884,0.7578021320638977,4.89060238111419e-21,0.25577929615974426
a3312,/mnt/data_disk/HDRData/1000hdr/HDRtest/a3312-IMG_1063.exr,/mnt/data_disk/ZQL/TIP_TMO_result/tradition/Raman/a3312.png,341,512,0.8537507292833765,0.7297008691703849,0.5248088591047355,0.3676838193694257,0.7353676387361803,2.6710340862081823e-12,0.23804813623428345
a3315,/mnt/data_disk/HDRData/1000hdr/HDRtest/a3315-MB_20030906_022.exr,/mnt/data_disk/ZQL/TIP_TMO_result/tradition/Raman/a3315.png,341,512,0.8306431862754352,0.8209699569032513,0.25833503885773834,0.39465862367480886,0.7739880790115113,0.01532916833810637,0.28447797894477844
a3316,/mnt/data_disk/HDRData/1000hdr/HDRtest/a3316-20051225_163230__MG_1390.exr,/mnt/data_disk/ZQL/TIP_TMO_result/tradition/Raman/a3316.png,341,512,0.8851871997057424,0.9170342666451624,0.405498237945051,0.4277776764353449,0.8386657570169519,0.01688959585373793,0.13995510339736938
a3318,/mnt/data_disk/HDRData/1000hdr/HDRtest/a3318-JI2E5722.exr,/mnt/data_disk/ZQL/TIP_TMO_result/tradition/Raman/a3318.png,341,512,0.7556806509805207,0.7991302761596125,0.009587213005143574,0.3418819728487396,0.6837639456974792,1.3536429345479981e-27,0.16085171699523926
a3321,/mnt/data_disk/HDRData/1000hdr/HDRtest/a3321-DSC_0054.exr,/mnt/data_disk/ZQL/TIP_TMO_result/tradition/Raman/a3321.png,340,512,0.9845999475407239,0.9486869982442058,0.9812649310639686,0.9516263346019196,0.9518131242037186,0.9514395450001207,0.09460457414388657
a3325,/mnt/data_disk/HDRData/1000hdr/HDRtest/a3325-050819_154342__MG_5227.exr,/mnt/data_disk/ZQL/TIP_TMO_result/tradition/Raman/a3325.png,341,512,0.8335919617151832,0.8106343886803462,0.28678628451458127,0.37967894864348894,0.7593480561435283,9.841143449581523e-06,0.13190492987632751
a3337,/mnt/data_disk/HDRData/1000hdr/HDRtest/a3337-dgw_112.exr,/mnt/data_disk/ZQL/TIP_TMO_result/tradition/Raman/a3337.png,341,512,0.7476209798665824,0.6974172832665434,0.06845366912650139,0.3512090154823876,0.7024180309647752,4.1457310031120445e-23,0.4167036712169647
a3339,/mnt/data_disk/HDRData/1000hdr/HDRtest/a3339-_MG_7202.exr,/mnt/data_disk/ZQL/TIP_TMO_result/tradition/Raman/a3339.png,341,512,0.8188463221249953,0.7338705655239179,0.32542510678166264,0.3479934907249159,0.6959869814497924,3.9399959681815026e-14,0.22225040197372437
a3341,/mnt/data_disk/HDRData/1000hdr/HDRtest/a3341-jmac_DSC2590.exr,/mnt/data_disk/ZQL/TIP_TMO_result/tradition/Raman/a3341.png,340,512,0.8914394794038061,0.8353506445305794,0.5669528364696963,0.3980073800838079,0.7960147601665387,1.0771647200860065e-12,0.09715322405099869
a3344,/mnt/data_disk/HDRData/1000hdr/HDRtest/a3344-NKIM_MG_6348.exr,/mnt/data_disk/ZQL/TIP_TMO_result/tradition/Raman/a3344.png,341,512,0.7465467449624529,0.7479996779725586,0.02170381689698109,0.22764753604333796,0.4552950720866759,1.094446927085454e-24,0.12700501084327698
a3345,/mnt/data_disk/HDRData/1000hdr/HDRtest/a3345-20080514_105211__MG_9917.exr,/mnt/data_disk/ZQL/TIP_TMO_result/tradition/Raman/a3345.png,341,512,0.7920122521677296,0.8676288106008344,0.0528228218929282,0.30378669756722376,0.6075733951037868,3.0660742510629406e-11,0.13609498739242554
a3351,/mnt/data_disk/HDRData/1000hdr/HDRtest/a3351-KE_-1722.exr,/mnt/data_disk/ZQL/TIP_TMO_result/tradition/Raman/a3351.png,340,512,0.8699719210624305,0.8674773739533758,0.39397167421060675,0.7023544783325304,0.8084225009351398,0.5962864557299209,0.11301366239786148
a3356,/mnt/data_disk/HDRData/1000hdr/HDRtest/a3356-_DSC9981.exr,/mnt/data_disk/ZQL/TIP_TMO_result/tradition/Raman/a3356.png,341,512,0.8231346801113809,0.8183366459822887,0.2265398337856046,0.31185806692422885,0.6237161338484577,1.492757779413016e-18,0.21955519914627075
a3360,/mnt/data_disk/HDRData/1000hdr/HDRtest/a3360-IMG_0017.exr,/mnt/data_disk/ZQL/TIP_TMO_result/tradition/Raman/a3360.png,341,512,0.885512735753478,0.816161225127786,0.5634872294683656,0.44405994001548904,0.8881198800309659,1.217627697202873e-14,0.23654985427856445
a3365,/mnt/data_disk/HDRData/1000hdr/HDRtest/a3365-jn_20071207_Xmas_House_0124.exr,/mnt/data_disk/ZQL/TIP_TMO_result/tradition/Raman/a3365.png,341,512,0.8886114191995054,0.7125499091623758,0.7753493763681542,0.311924246138791,0.6238484922684429,9.139131942060948e-12,0.09556020051240921
a3366,/mnt/data_disk/HDRData/1000hdr/HDRtest/a3366-Ja_Pe-6.exr,/mnt/data_disk/ZQL/TIP_TMO_result/tradition/Raman/a3366.png,288,512,0.8137756236929913,0.7637986090877321,0.25613598160498624,0.42643785367842174,0.8528757073568379,5.507501779308562e-15,0.27984318137168884
a3369,/mnt/data_disk/HDRData/1000hdr/HDRtest/a3369-IMG_0004.exr,/mnt/data_disk/ZQL/TIP_TMO_result/tradition/Raman/a3369.png,341,512,0.8936002829498273,0.7815950089852015,0.6742033063504792,0.4296415763670801,0.8592831501089273,2.6252329619435378e-09,0.30794423818588257
a3371,/mnt/data_disk/HDRData/1000hdr/HDRtest/a3371-07-12-01-at-11h32m58s-_MG_8498.exr,/mnt/data_disk/ZQL/TIP_TMO_result/tradition/Raman/a3371.png,341,512,0.7649538201075854,0.7836612469609935,0.04221011593440368,0.35855415774432353,0.7171083154886471,1.068158685667213e-20,0.26231202483177185
a3382,/mnt/data_disk/HDRData/1000hdr/HDRtest/a3382-IMG_4032.exr,/mnt/data_disk/ZQL/TIP_TMO_result/tradition/Raman/a3382.png,341,512,0.7299164690185268,0.6903720000604499,0.024215409135174115,0.36545943528032576,0.7309188705606515,7.035979520939417e-32,0.21535111963748932
a3388,/mnt/data_disk/HDRData/1000hdr/HDRtest/a3388-jmac_DSC2214.exr,/mnt/data_disk/ZQL/TIP_TMO_result/tradition/Raman/a3388.png,340,512,0.7662748131125486,0.786425765211627,0.043693313416159854,0.31215481941354595,0.6243096388270919,7.125332000652601e-21,0.18320602178573608
a3390,/mnt/data_disk/HDRData/1000hdr/HDRtest/a3390-dgw_070.exr,/mnt/data_disk/ZQL/TIP_TMO_result/tradition/Raman/a3390.png,341,512,0.8051562478764523,0.694329841103444,0.3178134107385087,0.3369585980495885,0.673917196099177,9.951657664872531e-20,0.2910960912704468
a3391,/mnt/data_disk/HDRData/1000hdr/HDRtest/a3391-050904_125814__I2E8654.exr,/mnt/data_disk/ZQL/TIP_TMO_result/tradition/Raman/a3391.png,341,512,0.8259607466198704,0.7046960239587421,0.4105872821188352,0.34833849560138247,0.696676991202482,2.829190348903397e-13,0.24071811139583588
a3393,/mnt/data_disk/HDRData/1000hdr/HDRtest/a3393-_DSC0057.exr,/mnt/data_disk/ZQL/TIP_TMO_result/tradition/Raman/a3393.png,340,512,0.8151478878707774,0.8130161814367461,0.19723201361717657,0.4321982243121767,0.8643964486243534,5.0070424653514485e-21,0.20387908816337585
a3394,/mnt/data_disk/HDRData/1000hdr/HDRtest/a3394-_DGW6419.exr,/mnt/data_disk/ZQL/TIP_TMO_result/tradition/Raman/a3394.png,341,512,0.8389493171256792,0.7378870817185506,0.42612132959085947,0.39181485085616985,0.7836297016958398,1.6499925973828287e-11,0.39001011848449707
a3400,/mnt/data_disk/HDRData/1000hdr/HDRtest/a3400-07-11-04-at-17h36m14s-_MG_4004.exr,/mnt/data_disk/ZQL/TIP_TMO_result/tradition/Raman/a3400.png,341,512,0.7590600636651921,0.7309651849558882,0.0720278498064318,0.3111599416384867,0.6223198832769734,2.585061335715143e-23,0.23950834572315216
a3401,/mnt/data_disk/HDRData/1000hdr/HDRtest/a3401-20061111_122429__E6B5415.exr,/mnt/data_disk/ZQL/TIP_TMO_result/tradition/Raman/a3401.png,341,512,0.777117153462461,0.8267037815866575,0.04206611412410122,0.3976152145457826,0.7952304290915652,4.252563241679612e-27,0.18500006198883057
a3402,/mnt/data_disk/HDRData/1000hdr/HDRtest/a3402-jmac_DSC3153.exr,/mnt/data_disk/ZQL/TIP_TMO_result/tradition/Raman/a3402.png,340,512,0.864442467543613,0.8083424943673388,0.45361486850479926,0.4039348067031264,0.8078688242005264,7.892057264008735e-07,0.196288600564003
a3413,/mnt/data_disk/HDRData/1000hdr/HDRtest/a3413-20041217_193556__E6B0485.exr,/mnt/data_disk/ZQL/TIP_TMO_result/tradition/Raman/a3413.png,341,512,0.8398949053702675,0.8147524844270271,0.31247397600141325,0.410267508418465,0.82053501683693,1.0490753070807897e-20,0.17137758433818817
a3414,/mnt/data_disk/HDRData/1000hdr/HDRtest/a3414-DSC_0002.exr,/mnt/data_disk/ZQL/TIP_TMO_result/tradition/Raman/a3414.png,340,512,0.9065941121677245,0.8820137556099299,0.582002322051585,0.45872001748129576,0.836383875222343,0.08105615974024848,0.16512417793273926
a3415,/mnt/data_disk/HDRData/1000hdr/HDRtest/a3415-jmac_DSC6092.exr,/mnt/data_disk/ZQL/TIP_TMO_result/tradition/Raman/a3415.png,340,512,0.7950343316418064,0.8052565561706457,0.12289952098825928,0.4028943710010482,0.8057887417141258,2.87970525488581e-10,0.1507444828748703
a3416,/mnt/data_disk/HDRData/1000hdr/HDRtest/a3416-IMG_4746.exr,/mnt/data_disk/ZQL/TIP_TMO_result/tradition/Raman/a3416.png,341,512,0.7489597826355139,0.7234343882624338,0.04768988505960862,0.37805482433575105,0.7561096486715021,2.853512088268162e-28,0.27423471212387085
a3418,/mnt/data_disk/HDRData/1000hdr/HDRtest/a3418-2004-02-07 16-53-50 CRW_3754.exr,/mnt/data_disk/ZQL/TIP_TMO_result/tradition/Raman/a3418.png,341,512,0.7784549405202583,0.9023248361832034,0.0014667568040328525,0.32596578160753226,0.6519315632150645,1.6961069713726735e-38,0.06746925413608551
a3422,/mnt/data_disk/HDRData/1000hdr/HDRtest/a3422-WP_CRW_0302.exr,/mnt/data_disk/ZQL/TIP_TMO_result/tradition/Raman/a3422.png,341,512,0.8181661921593182,0.8227884649764786,0.19845224741905396,0.35043858837780906,0.7008770785003561,9.825526208052951e-08,0.2036663144826889
a3424,/mnt/data_disk/HDRData/1000hdr/HDRtest/a3424-CRW_0163.exr,/mnt/data_disk/ZQL/TIP_TMO_result/tradition/Raman/a3424.png,341,512,0.8242434826441563,0.9080387433365085,0.1277693380175183,0.4131592545841653,0.826318467168446,4.199988461800727e-08,0.23183675110340118
a3431,/mnt/data_disk/HDRData/1000hdr/HDRtest/a3431-_DSC0103-3.exr,/mnt/data_disk/ZQL/TIP_TMO_result/tradition/Raman/a3431.png,340,512,0.851093899774513,0.8371117719584968,0.3378807034996279,0.4516053014841231,0.9022232095207247,0.0009873934475215134,0.1045505627989769
a3432,/mnt/data_disk/HDRData/1000hdr/HDRtest/a3432-jmac_DSC3184.exr,/mnt/data_disk/ZQL/TIP_TMO_result/tradition/Raman/a3432.png,340,512,0.8145591458301207,0.8006612959946636,0.21023346892024017,0.3262575912163393,0.6525151824326758,2.7318781422126204e-15,0.14436940848827362
a3433,/mnt/data_disk/HDRData/1000hdr/HDRtest/a3433-NKIM_MG_8213.exr,/mnt/data_disk/ZQL/TIP_TMO_result/tradition/Raman/a3433.png,341,512,0.8171597183357672,0.7708835760494753,0.26238889501343843,0.4153654881868699,0.8307309763737394,3.9908642814649996e-16,0.2965540885925293
a3439,/mnt/data_disk/HDRData/1000hdr/HDRtest/a3439-IMG_3798.exr,/mnt/data_disk/ZQL/TIP_TMO_result/tradition/Raman/a3439.png,341,512,0.8357841540904227,0.8704159730332203,0.2189804034008547,0.49339810460198225,0.9792482958098724,0.007547913394092077,0.10096359252929688
a3441,/mnt/data_disk/HDRData/1000hdr/HDRtest/a3441-dgw_064.exr,/mnt/data_disk/ZQL/TIP_TMO_result/tradition/Raman/a3441.png,341,512,0.7552887224318605,0.724949007320842,0.06571075545991974,0.4117299556267879,0.8234599112535739,1.917781176609055e-15,0.29540568590164185
a3444,/mnt/data_disk/HDRData/1000hdr/HDRtest/a3444-WP_CRW_6313.exr,/mnt/data_disk/ZQL/TIP_TMO_result/tradition/Raman/a3444.png,341,512,0.8126598454103076,0.7933798485223343,0.21105136989547726,0.3430884588267863,0.6861769176535681,4.451202244756168e-15,0.18680264055728912
a3446,/mnt/data_disk/HDRData/1000hdr/HDRtest/a3446-050730_134124__MG_3716.exr,/mnt/data_disk/ZQL/TIP_TMO_result/tradition/Raman/a3446.png,341,512,0.9065657244627326,0.9432571765112617,0.487658603465196,0.8564200161822015,0.8949932879397418,0.8178467444246614,0.1976848840713501
a3448,/mnt/data_disk/HDRData/1000hdr/HDRtest/a3448-IMG_0113.exr,/mnt/data_disk/ZQL/TIP_TMO_result/tradition/Raman/a3448.png,341,512,0.8112610632186406,0.6879669393209661,0.35981181583691335,0.33337504359518755,0.6667500871902915,8.360670480690514e-14,0.2559312582015991
a3449,/mnt/data_disk/HDRData/1000hdr/HDRtest/a3449-jmac_DSC2669.exr,/mnt/data_disk/ZQL/TIP_TMO_result/tradition/Raman/a3449.png,340,512,0.9746978737828522,0.9331280768458973,0.9395995674839599,0.9049180778970883,0.9060744069190104,0.9037617488751662,0.11622858792543411
a3451,/mnt/data_disk/HDRData/1000hdr/HDRtest/a3451-IMG_1088.exr,/mnt/data_disk/ZQL/TIP_TMO_result/tradition/Raman/a3451.png,341,512,0.7592026251069149,0.7373437104965297,0.06620291527445994,0.3805204955269418,0.7610409910538836,1.2709950502997596e-23,0.3066123425960541
a3452,/mnt/data_disk/HDRData/1000hdr/HDRtest/a3452-IMG_1205.exr,/mnt/data_disk/ZQL/TIP_TMO_result/tradition/Raman/a3452.png,341,512,0.7646879609342784,0.8519227553373511,0.0011684056951429078,0.32738419686692194,0.6547683937338439,8.371488901508112e-27,0.09539967775344849
a3456,/mnt/data_disk/HDRData/1000hdr/HDRtest/a3456-DSC_0006-1-2.exr,/mnt/data_disk/ZQL/TIP_TMO_result/tradition/Raman/a3456.png,340,512,0.7397730560987111,0.668598694286818,0.0727864747442756,0.3332755179102494,0.6665510358204988,3.13648415224279e-23,0.17790459096431732
a3457,/mnt/data_disk/HDRData/1000hdr/HDRtest/a3457-NKIM_025.exr,/mnt/data_disk/ZQL/TIP_TMO_result/tradition/Raman/a3457.png,341,512,0.9220357584346008,0.8665290539228214,0.7041923804644974,0.4330772501049933,0.8636880696111334,0.0024664305988532265,0.20307566225528717
a3460,/mnt/data_disk/HDRData/1000hdr/HDRtest/a3460-20080514_105637__MG_9928.exr,/mnt/data_disk/ZQL/TIP_TMO_result/tradition/Raman/a3460.png,341,512,0.832875371070759,0.7778693368051545,0.3304621967554679,0.4028064951247405,0.805612990249481,1.3733436228039349e-17,0.22639568150043488
a3462,/mnt/data_disk/HDRData/1000hdr/HDRtest/a3462-dgw_051.exr,/mnt/data_disk/ZQL/TIP_TMO_result/tradition/Raman/a3462.png,341,512,0.8458424279559126,0.6604904821066581,0.6080993621061382,0.4287180598082853,0.7885746931303257,0.0688614264862449,0.30148255825042725
a3464,/mnt/data_disk/HDRData/1000hdr/HDRtest/a3464-tc_DSC2199.exr,/mnt/data_disk/ZQL/TIP_TMO_result/tradition/Raman/a3464.png,340,512,0.7518729944071814,0.613008028617189,0.19160077175121443,0.3492793172305426,0.6985586344610852,4.1386077103350985e-18,0.20209217071533203
a3465,/mnt/data_disk/HDRData/1000hdr/HDRtest/a3465-20060619_114622__MG_9153.exr,/mnt/data_disk/ZQL/TIP_TMO_result/tradition/Raman/a3465.png,341,512,0.8985152028645951,0.8969326350739145,0.510439537004841,0.9149775067573978,0.8320763078817434,0.9978787056330521,0.1655033677816391
a3466,/mnt/data_disk/HDRData/1000hdr/HDRtest/a3466-IMG_3941.exr,/mnt/data_disk/ZQL/TIP_TMO_result/tradition/Raman/a3466.png,341,512,0.8043112787484787,0.8625387429637007,0.09829365525556967,0.3964399260013578,0.7928798520027156,3.3863164154936088e-22,0.2202800214290619
a3468,/mnt/data_disk/HDRData/1000hdr/HDRtest/a3468-IMG_4793.exr,/mnt/data_disk/ZQL/TIP_TMO_result/tradition/Raman/a3468.png,341,512,0.8037505807523307,0.8367288235657955,0.1225365594422948,0.4135015208806476,0.8270030417612952,5.108879308372007e-24,0.2073856145143509
a3470,/mnt/data_disk/HDRData/1000hdr/HDRtest/a3470-IMG_0835.exr,/mnt/data_disk/ZQL/TIP_TMO_result/tradition/Raman/a3470.png,341,512,0.7798878631447475,0.7072891063119967,0.17974232996703707,0.33632187130440966,0.6726437426088193,2.559015582866644e-18,0.2947690486907959
a3474,/mnt/data_disk/HDRData/1000hdr/HDRtest/a3474-jmac_MG_1125.exr,/mnt/data_disk/ZQL/TIP_TMO_result/tradition/Raman/a3474.png,341,512,0.9096881142131876,0.8915753317430286,0.5853828391907177,0.6123939662383066,0.908045003864366,0.31674292861224707,0.11214859783649445
a3477,/mnt/data_disk/HDRData/1000hdr/HDRtest/a3477-_DSC0048.exr,/mnt/data_disk/ZQL/TIP_TMO_result/tradition/Raman/a3477.png,340,512,0.8220800687505989,0.8816115627378234,0.14688947336232946,0.4615194066626685,0.923014589058006,2.4224267330994585e-05,0.1407233476638794
a3483,/mnt/data_disk/HDRData/1000hdr/HDRtest/a3483-_DSC0023-1.exr,/mnt/data_disk/ZQL/TIP_TMO_result/tradition/Raman/a3483.png,340,512,0.8042584399902039,0.7818907414225664,0.1884521050085571,0.634631171229759,0.8483201032022846,0.4209422392572335,0.07969242334365845
a3486,/mnt/data_disk/HDRData/1000hdr/HDRtest/a3486-jmac_DSC3897.exr,/mnt/data_disk/ZQL/TIP_TMO_result/tradition/Raman/a3486.png,343,512,0.7968062290826661,0.7108188721872777,0.251452475714184,0.4031496804537108,0.8062993609074216,1.1559331550714075e-20,0.24655431509017944
a3491,/mnt/data_disk/HDRData/1000hdr/HDRtest/a3491-DSC_0091.exr,/mnt/data_disk/ZQL/TIP_TMO_result/tradition/Raman/a3491.png,340,512,0.9575914950684892,0.8941218825811743,0.891399577703047,0.8784520117845152,0.8727654662350093,0.8841385573340209,0.16465051472187042
a3493,/mnt/data_disk/HDRData/1000hdr/HDRtest/a3493-IMG_0279.exr,/mnt/data_disk/ZQL/TIP_TMO_result/tradition/Raman/a3493.png,341,512,0.8266742576023615,0.7434802984794515,0.3509526623062306,0.4116292069805119,0.8232584139610238,5.36260055609379e-19,0.2577448785305023
a3499,/mnt/data_disk/HDRData/1000hdr/HDRtest/a3499-jn_2007_12_11__BU_CRUISE_019.exr,/mnt/data_disk/ZQL/TIP_TMO_result/tradition/Raman/a3499.png,341,512,0.8345547472816631,0.7037510770398612,0.4600885736342087,0.3673655878821759,0.7347311732093651,2.5549866551501773e-09,0.17197448015213013
a3503,/mnt/data_disk/HDRData/1000hdr/HDRtest/a3503-050731_155906__I2E5378.exr,/mnt/data_disk/ZQL/TIP_TMO_result/tradition/Raman/a3503.png,341,512,0.7658362528183993,0.8074343283352621,0.02651952517359907,0.3099690917131914,0.6199381834263828,5.022835857311173e-25,0.20525604486465454
a3504,/mnt/data_disk/HDRData/1000hdr/HDRtest/a3504-IMG_0903.exr,/mnt/data_disk/ZQL/TIP_TMO_result/tradition/Raman/a3504.png,341,512,0.9205179896992789,0.8752637613766955,0.6795567447198413,0.4622736001441068,0.9245472002752895,1.2924116330459952e-11,0.20282712578773499
a3505,/mnt/data_disk/HDRData/1000hdr/HDRtest/a3505-CRW_0288.exr,/mnt/data_disk/ZQL/TIP_TMO_result/tradition/Raman/a3505.png,341,512,0.8872102391354304,0.8669950576060332,0.49110967195977745,0.9483611103437009,0.8981650361150383,0.9985571845723633,0.22355571389198303
a3508,/mnt/data_disk/HDRData/1000hdr/HDRtest/a3508-NKIM_095.exr,/mnt/data_disk/ZQL/TIP_TMO_result/tradition/Raman/a3508.png,341,512,0.7702345724317711,0.781739420810448,0.05958115341138591,0.408427706181773,0.816855412363546,9.791186855278377e-30,0.3573009669780731
a3509,/mnt/data_disk/HDRData/1000hdr/HDRtest/a3509-_DGW6337.exr,/mnt/data_disk/ZQL/TIP_TMO_result/tradition/Raman/a3509.png,341,512,0.7643949521119413,0.8080679564764022,0.022612453439426364,0.36828883386915845,0.7365776677383169,5.745401209231428e-28,0.41135358810424805
a3510,/mnt/data_disk/HDRData/1000hdr/HDRtest/a3510-JI2E4365.exr,/mnt/data_disk/ZQL/TIP_TMO_result/tradition/Raman/a3510.png,341,512,0.8849346582326496,0.7803164158137414,0.6223212297195714,0.3527091256439973,0.7031866011131903,0.002231650174804266,0.28837835788726807
a3511,/mnt/data_disk/HDRData/1000hdr/HDRtest/a3511-jmac_MG_0542.exr,/mnt/data_disk/ZQL/TIP_TMO_result/tradition/Raman/a3511.png,341,512,0.8265407528401325,0.7864837521548721,0.28600196996076643,0.4054596234060328,0.8109192468120656,1.3295240653705916e-20,0.16620796918869019
a3512,/mnt/data_disk/HDRData/1000hdr/HDRtest/a3512-LSstone_060805_9380.exr,/mnt/data_disk/ZQL/TIP_TMO_result/tradition/Raman/a3512.png,341,512,0.8722124634503801,0.7784958403890875,0.5483004799658444,0.37271191815357985,0.7454238362869855,2.0174237775364183e-11,0.17367814481258392
a3521,/mnt/data_disk/HDRData/1000hdr/HDRtest/a3521-JI2E5091.exr,/mnt/data_disk/ZQL/TIP_TMO_result/tradition/Raman/a3521.png,341,512,0.747045450151236,0.6950893107236614,0.068958835356413,0.37114772665102486,0.7422954533020497,1.8348756136087816e-21,0.18805716931819916
a3522,/mnt/data_disk/HDRData/1000hdr/HDRtest/a3522-IMG_4772.exr,/mnt/data_disk/ZQL/TIP_TMO_result/tradition/Raman/a3522.png,341,512,0.8062939518853304,0.7948594080788532,0.18108031202158287,0.3964732680679343,0.7929465361358686,3.8447479300805836e-21,0.17271579802036285
a3525,/mnt/data_disk/HDRData/1000hdr/HDRtest/a3525-IMG_0713.exr,/mnt/data_disk/ZQL/TIP_TMO_result/tradition/Raman/a3525.png,341,512,0.9754242745514798,0.9735897021001096,0.8741981587594747,0.7009762538391799,0.945735551797555,0.456216955880805,0.16379183530807495
a3529,/mnt/data_disk/HDRData/1000hdr/HDRtest/a3529-WP_CRW_0659.exr,/mnt/data_disk/ZQL/TIP_TMO_result/tradition/Raman/a3529.png,341,512,0.7853090247303881,0.8466803321568336,0.04979774599044495,0.3640189487338249,0.7280378974676498,4.149286231499322e-27,0.2075663059949875
a3531,/mnt/data_disk/HDRData/1000hdr/HDRtest/a3531-07-06-30-at-04h02m08s-_MG_1936.exr,/mnt/data_disk/ZQL/TIP_TMO_result/tradition/Raman/a3531.png,341,512,0.8942383942759997,0.7837909788834039,0.674220028998329,0.382519539495194,0.7650390654248111,1.3565576876283218e-08,0.21674278378486633
a3540,/mnt/data_disk/HDRData/1000hdr/HDRtest/a3540-07-12-02-at-14h05m14s-_MG_8949.exr,/mnt/data_disk/ZQL/TIP_TMO_result/tradition/Raman/a3540.png,341,512,0.8253718900513485,0.8008727463826624,0.2602657580046678,0.3550566060734848,0.7101132121431433,3.826332258819679e-12,0.2685226798057556
a3541,/mnt/data_disk/HDRData/1000hdr/HDRtest/a3541-IMG_4107.exr,/mnt/data_disk/ZQL/TIP_TMO_result/tradition/Raman/a3541.png,341,512,0.7607755065091266,0.7737355595190132,0.03859832113834034,0.2594482721007898,0.5188965442015796,2.0582002520711343e-22,0.1702369749546051
a3545,/mnt/data_disk/HDRData/1000hdr/HDRtest/a3545-jmac_DSC0491.exr,/mnt/data_disk/ZQL/TIP_TMO_result/tradition/Raman/a3545.png,340,512,0.7533162647542083,0.757589921568174,0.03134640112528843,0.3196601757575929,0.6393203515151858,8.745069948756591e-27,0.1463559865951538
a3548,/mnt/data_disk/HDRData/1000hdr/HDRtest/a3548-CRW_0993.exr,/mnt/data_disk/ZQL/TIP_TMO_result/tradition/Raman/a3548.png,341,512,0.8569619724926014,0.8390647245118883,0.36577844248591307,0.4394704451357152,0.8789408902714283,2.1003883617165397e-15,0.15398508310317993
a3549,/mnt/data_disk/HDRData/1000hdr/HDRtest/a3549-KE_-2455.exr,/mnt/data_disk/ZQL/TIP_TMO_result/tradition/Raman/a3549.png,340,512,0.9234982954942538,0.9420889036935466,0.5897188218312583,0.8839383151192679,0.8540885170544684,0.9137881131840674,0.10976322740316391
a3557,/mnt/data_disk/HDRData/1000hdr/HDRtest/a3557-IMG_1507.exr,/mnt/data_disk/ZQL/TIP_TMO_result/tradition/Raman/a3557.png,341,512,0.8585203478650913,0.9277935024492606,0.25468454212990255,0.43815268658391826,0.8756384645096235,0.0006669086582130117,0.10872524231672287
a3563,/mnt/data_disk/HDRData/1000hdr/HDRtest/a3563-07-11-30-at-15h55m08s-_MG_8326.exr,/mnt/data_disk/ZQL/TIP_TMO_result/tradition/Raman/a3563.png,341,512,0.8174574070233852,0.8150481909901935,0.2049603207044809,0.39462900902240916,0.789258018044725,9.33261157365664e-14,0.19866755604743958
a3571,/mnt/data_disk/HDRData/1000hdr/HDRtest/a3571-IMG_0290.exr,/mnt/data_disk/ZQL/TIP_TMO_result/tradition/Raman/a3571.png,341,512,0.8524726658712763,0.7678499529313555,0.4518878543137611,0.6156078399052597,0.8334886125662939,0.3977270672442255,0.05859477445483208
a3575,/mnt/data_disk/HDRData/1000hdr/HDRtest/a3575-IMG_0834.exr,/mnt/data_disk/ZQL/TIP_TMO_result/tradition/Raman/a3575.png,341,512,0.7674391207673414,0.7291058302195,0.10320169629658323,0.3244071825964722,0.6488143651929444,1.387231178509681e-21,0.2785997688770294
a3576,/mnt/data_disk/HDRData/1000hdr/HDRtest/a3576-LS051026_day_15_LL003.exr,/mnt/data_disk/ZQL/TIP_TMO_result/tradition/Raman/a3576.png,341,512,0.9451477393455163,0.8188687031707333,0.9469186508564447,0.42908488194634614,0.8569786467547116,0.0011911171379806618,0.201191708445549
a3585,/mnt/data_disk/HDRData/1000hdr/HDRtest/a3585-IMG_4211.exr,/mnt/data_disk/ZQL/TIP_TMO_result/tradition/Raman/a3585.png,341,512,0.7302112616191844,0.6783579088057694,0.034646527319920364,0.3050165926216044,0.6100331852432087,1.187351676143431e-16,0.16116541624069214
a3586,/mnt/data_disk/HDRData/1000hdr/HDRtest/a3586-IMG_4591.exr,/mnt/data_disk/ZQL/TIP_TMO_result/tradition/Raman/a3586.png,341,512,0.6948576852319387,0.5848116097209821,0.024738690642310508,0.3305456412892072,0.6610912825784144,5.0252369793941e-21,0.24689894914627075
a3588,/mnt/data_disk/HDRData/1000hdr/HDRtest/a3588-CRW_0983.exr,/mnt/data_disk/ZQL/TIP_TMO_result/tradition/Raman/a3588.png,341,512,0.9487095072911488,0.8734992645297005,0.868170604420311,0.45026209667901373,0.9005091273255468,1.50660324806731e-05,0.16298039257526398
a3591,/mnt/data_disk/HDRData/1000hdr/HDRtest/a3591-07-11-30-at-16h19m33s-_MG_8384.exr,/mnt/data_disk/ZQL/TIP_TMO_result/tradition/Raman/a3591.png,341,512,0.7887051178004905,0.8486099429986561,0.05850050780177811,0.3496325332957982,0.6992650665915964,1.136737653396431e-24,0.23598504066467285
a3593,/mnt/data_disk/HDRData/1000hdr/HDRtest/a3593-_DSC5689.exr,/mnt/data_disk/ZQL/TIP_TMO_result/tradition/Raman/a3593.png,341,512,0.8358988052654858,0.7491776931079003,0.3909289090550067,0.37932394625916627,0.7586478925183321,4.0427511302478817e-16,0.3028344213962555
a3600,/mnt/data_disk/HDRData/1000hdr/HDRtest/a3600-JI2E3496.exr,/mnt/data_disk/ZQL/TIP_TMO_result/tradition/Raman/a3600.png,341,512,0.7469784839564874,0.7665328483093716,0.01095346019937692,0.29982714662690296,0.5996542932538059,1.969131256752255e-36,0.2702372372150421
a3602,/mnt/data_disk/HDRData/1000hdr/HDRtest/a3602-_DSC9759.exr,/mnt/data_disk/ZQL/TIP_TMO_result/tradition/Raman/a3602.png,341,512,0.7540435582904029,0.7606345206106807,0.030900208498354727,0.29114532577685776,0.5822906515537155,2.9432492244844986e-17,0.18314243853092194
a3605,/mnt/data_disk/HDRData/1000hdr/HDRtest/a3605-IMG_2772.exr,/mnt/data_disk/ZQL/TIP_TMO_result/tradition/Raman/a3605.png,341,512,0.7972449245500246,0.8001422080231784,0.13725731092906293,0.37595858360302714,0.7519171672060543,1.132388598899439e-23,0.16556094586849213
a3608,/mnt/data_disk/HDRData/1000hdr/HDRtest/a3608-NKIM_MG_7004.exr,/mnt/data_disk/ZQL/TIP_TMO_result/tradition/Raman/a3608.png,341,512,0.8217935885436947,0.8483588740503571,0.1833651427702578,0.4051233527471288,0.8102467054752927,1.896489859639784e-11,0.13234160840511322
a3609,/mnt/data_disk/HDRData/1000hdr/HDRtest/a3609-IMG_1702.exr,/mnt/data_disk/ZQL/TIP_TMO_result/tradition/Raman/a3609.png,341,512,0.7881886099366714,0.9123920983244418,0.012802353854313397,0.31783010400691813,0.6356602080134973,3.3892260087979763e-13,0.14486195147037506
a3613,/mnt/data_disk/HDRData/1000hdr/HDRtest/a3613-_DSC3264.exr,/mnt/data_disk/ZQL/TIP_TMO_result/tradition/Raman/a3613.png,341,512,0.8191650203940584,0.7691274942744856,0.2745794685123034,0.36904877639666156,0.7380975527933222,8.961178029031944e-16,0.26691505312919617
a3623,/mnt/data_disk/HDRData/1000hdr/HDRtest/a3623-20051220_201437__MG_9239.exr,/mnt/data_disk/ZQL/TIP_TMO_result/tradition/Raman/a3623.png,341,512,0.8286320553420534,0.8564459344265354,0.20374340740700136,0.4234113143917706,0.8467913530621979,3.127572134335939e-05,0.26636454463005066
a3624,/mnt/data_disk/HDRData/1000hdr/HDRtest/a3624-DSC_0070.exr,/mnt/data_disk/ZQL/TIP_TMO_result/tradition/Raman/a3624.png,340,512,0.9406712296864151,0.9199621017821269,0.7333792860431874,0.4522870546655809,0.9008637681306095,0.0037103412005522903,0.1357969343662262
a3628,/mnt/data_disk/HDRData/1000hdr/HDRtest/a3628-_DSC9996.exr,/mnt/data_disk/ZQL/TIP_TMO_result/tradition/Raman/a3628.png,341,512,0.7934486262844471,0.7815898024458895,0.1434018483583734,0.29042381863577527,0.5808476372715505,7.462512259814023e-20,0.2323148548603058
a3633,/mnt/data_disk/HDRData/1000hdr/HDRtest/a3633-JI2E3892.exr,/mnt/data_disk/ZQL/TIP_TMO_result/tradition/Raman/a3633.png,341,512,0.7643270767804059,0.7820246648641276,0.041778170723912586,0.35452646689350886,0.7090529337870177,2.444005448911715e-18,0.14326362311840057
a3634,/mnt/data_disk/HDRData/1000hdr/HDRtest/a3634-IMG_4959.exr,/mnt/data_disk/ZQL/TIP_TMO_result/tradition/Raman/a3634.png,341,512,0.7226079695121517,0.6930033820092305,0.007310935421175873,0.2937544635844133,0.5875089271688266,3.715585429745267e-25,0.30553901195526123
a3635,/mnt/data_disk/HDRData/1000hdr/HDRtest/a3635-IMG_4031.exr,/mnt/data_disk/ZQL/TIP_TMO_result/tradition/Raman/a3635.png,341,512,0.7229396960090441,0.6787736779736502,0.01670229467387442,0.36740833561792424,0.7348166712358485,1.3397416567208004e-30,0.31473973393440247
a3636,/mnt/data_disk/HDRData/1000hdr/HDRtest/a3636-20041222_195608__E6B6989.exr,/mnt/data_disk/ZQL/TIP_TMO_result/tradition/Raman/a3636.png,341,512,0.7849434774319929,0.8560847447716118,0.0413363323705184,0.28471520658922217,0.5694304131784443,3.2676044194817015e-27,0.13645249605178833
a3641,/mnt/data_disk/HDRData/1000hdr/HDRtest/a3641-_DSC4628.exr,/mnt/data_disk/ZQL/TIP_TMO_result/tradition/Raman/a3641.png,341,512,0.9209037016793653,0.8224452479047805,0.7754928440174771,0.44557809935303844,0.8879366588457828,0.003219539860294131,0.3137158453464508
a3644,/mnt/data_disk/HDRData/1000hdr/HDRtest/a3644-jmac_MG_5959.exr,/mnt/data_disk/ZQL/TIP_TMO_result/tradition/Raman/a3644.png,341,512,0.7913732629076747,0.7867554737968103,0.12923018833673003,0.3930614894288422,0.7861229788576845,3.51818612142673e-21,0.27147015929222107
a3649,/mnt/data_disk/HDRData/1000hdr/HDRtest/a3649-WP_CRW_0691.exr,/mnt/data_disk/ZQL/TIP_TMO_result/tradition/Raman/a3649.png,341,512,0.8355364763256844,0.9553293770863929,0.12453923978174555,0.46243204861252013,0.9219705880177692,0.0028935092072710613,0.07308772951364517
a3654,/mnt/data_disk/HDRData/1000hdr/HDRtest/a3654-IMG_0777.exr,/mnt/data_disk/ZQL/TIP_TMO_result/tradition/Raman/a3654.png,341,512,0.7896832553133306,0.8058848363786145,0.10214014835181107,0.34169869916006335,0.6833973983201267,1.745990213479309e-18,0.21031159162521362
a3658,/mnt/data_disk/HDRData/1000hdr/HDRtest/a3658-jmac_MG_0418.exr,/mnt/data_disk/ZQL/TIP_TMO_result/tradition/Raman/a3658.png,341,512,0.7913079801008407,0.8346585672625847,0.07945300711558032,0.33443742597078585,0.6688748519415717,8.065039085261377e-18,0.16231152415275574
a3670,/mnt/data_disk/HDRData/1000hdr/HDRtest/a3670-jmac_MG_5917.exr,/mnt/data_disk/ZQL/TIP_TMO_result/tradition/Raman/a3670.png,341,512,0.7619853267341755,0.8137328581299483,0.013785804640099531,0.38069007070236305,0.7613801414047261,1.428750259963772e-30,0.16562433540821075
a3673,/mnt/data_disk/HDRData/1000hdr/HDRtest/a3673-_DSC1109.exr,/mnt/data_disk/ZQL/TIP_TMO_result/tradition/Raman/a3673.png,341,512,0.8822558328190585,0.8383120667051477,0.5077287050389773,0.9279710377312289,0.9041877024773733,0.9517543729850845,0.33249354362487793
a3677,/mnt/data_disk/HDRData/1000hdr/HDRtest/a3677-IMG_4696.exr,/mnt/data_disk/ZQL/TIP_TMO_result/tradition/Raman/a3677.png,341,512,0.8412245111115925,0.8285520038033233,0.2997493288668743,0.427868380008138,0.855736734049153,2.5967122977563235e-08,0.21510392427444458
a3686,/mnt/data_disk/HDRData/1000hdr/HDRtest/a3686-jmac_MG_0353.exr,/mnt/data_disk/ZQL/TIP_TMO_result/tradition/Raman/a3686.png,341,512,0.8460199419452177,0.8244137364903809,0.3298960337248953,0.4206826945738354,0.8413653858757602,3.271910615708883e-09,0.3367559313774109
a3688,/mnt/data_disk/HDRData/1000hdr/HDRtest/a3688-jmac_MG_1424.exr,/mnt/data_disk/ZQL/TIP_TMO_result/tradition/Raman/a3688.png,341,512,0.7747106826583883,0.8752229576823887,0.006150104047789416,0.3381972604802059,0.6763945209604117,5.800895524999477e-32,0.23247000575065613
a3689,/mnt/data_disk/HDRData/1000hdr/HDRtest/a3689-JI2E3798.exr,/mnt/data_disk/ZQL/TIP_TMO_result/tradition/Raman/a3689.png,341,512,0.7043777277326684,0.5262762033423825,0.12477569292898152,0.3345875660766594,0.6691751321474737,5.845107988993824e-12,0.14599938690662384
a3696,/mnt/data_disk/HDRData/1000hdr/HDRtest/a3696-jmac_DSC1242.exr,/mnt/data_disk/ZQL/TIP_TMO_result/tradition/Raman/a3696.png,343,512,0.9298349376332963,0.873985989926447,0.7416065452724748,0.7622818914875631,0.9102115378726918,0.6143522451024345,0.1853005737066269
a3697,/mnt/data_disk/HDRData/1000hdr/HDRtest/a3697-07-11-24-at-16h05m35s-_MG_6729.exr,/mnt/data_disk/ZQL/TIP_TMO_result/tradition/Raman/a3697.png,341,512,0.7584789171985272,0.7716112185130214,0.034068601408190055,0.38362276200793954,0.7672455240158791,1.1856974477572906e-25,0.20727989077568054
a3700,/mnt/data_disk/HDRData/1000hdr/HDRtest/a3700-tc_DSC1892.exr,/mnt/data_disk/ZQL/TIP_TMO_result/tradition/Raman/a3700.png,340,512,0.9381971417273629,0.8215973667262098,0.893480662262065,0.39107854514134927,0.7820282435233525,0.00012884675934595304,0.16347342729568481
a3706,/mnt/data_disk/HDRData/1000hdr/HDRtest/a3706-dgw_065.exr,/mnt/data_disk/ZQL/TIP_TMO_result/tradition/Raman/a3706.png,341,512,0.740895763655402,0.7237007655098737,0.02573480860334542,0.3829640220267491,0.7659280440534982,3.40963650047008e-34,0.37327197194099426
a3707,/mnt/data_disk/HDRData/1000hdr/HDRtest/a3707-NKIM_121.exr,/mnt/data_disk/ZQL/TIP_TMO_result/tradition/Raman/a3707.png,341,512,0.6999302659518234,0.591815304939608,0.0312486155222128,0.2761742575563621,0.5523485151127242,3.826712690196972e-27,0.2589800953865051
a3710,/mnt/data_disk/HDRData/1000hdr/HDRtest/a3710-07-11-20-at-16h52m05s-_MG_5742.exr,/mnt/data_disk/ZQL/TIP_TMO_result/tradition/Raman/a3710.png,341,512,0.852786787563365,0.8289097214624376,0.3585799138376411,0.4795868028493648,0.749688779388288,0.2094848263104415,0.09949729591608047
a3712,/mnt/data_disk/HDRData/1000hdr/HDRtest/a3712-IMG_4852.exr,/mnt/data_disk/ZQL/TIP_TMO_result/tradition/Raman/a3712.png,341,512,0.7914293090327593,0.8211876188957922,0.09289972005279355,0.3562178275840735,0.712435655168147,6.364191805443003e-24,0.18054859340190887
a3715,/mnt/data_disk/HDRData/1000hdr/HDRtest/a3715-_MG_7773.exr,/mnt/data_disk/ZQL/TIP_TMO_result/tradition/Raman/a3715.png,341,512,0.767965422647024,0.739727907797039,0.09349870365125836,0.2898767978065677,0.5797535956131354,3.422855612606282e-23,0.28366613388061523
a3716,/mnt/data_disk/HDRData/1000hdr/HDRtest/a3716-IMG_0301.exr,/mnt/data_disk/ZQL/TIP_TMO_result/tradition/Raman/a3716.png,341,512,0.87338215897884,0.7469778428214204,0.6116089890674209,0.3475028770877942,0.693644678802304,0.0013610753732844602,0.11866159737110138
a3719,/mnt/data_disk/HDRData/1000hdr/HDRtest/a3719-07-11-29-at-15h43m28s-_MG_8075.exr,/mnt/data_disk/ZQL/TIP_TMO_result/tradition/Raman/a3719.png,341,512,0.7814740025478385,0.8445537004647089,0.04044265730154814,0.4371851890019752,0.8743703780039505,4.9149541053290324e-32,0.3849552571773529
a3720,/mnt/data_disk/HDRData/1000hdr/HDRtest/a3720-jmac_MG_0851.exr,/mnt/data_disk/ZQL/TIP_TMO_result/tradition/Raman/a3720.png,341,512,0.828691567183779,0.9044021970297134,0.14930660940043367,0.38880257773227617,0.777555958667384,4.919679716825248e-05,0.17552293837070465
a3721,/mnt/data_disk/HDRData/1000hdr/HDRtest/a3721-KE_-01.exr,/mnt/data_disk/ZQL/TIP_TMO_result/tradition/Raman/a3721.png,340,512,0.7991742434247899,0.7905050556107953,0.15627624788972228,0.3548176424929562,0.7096352849812941,4.61828904736688e-12,0.26414743065834045
a3724,/mnt/data_disk/HDRData/1000hdr/HDRtest/a3724-20060101_092918__E6B0305.exr,/mnt/data_disk/ZQL/TIP_TMO_result/tradition/Raman/a3724.png,341,512,0.8979335828372824,0.881140353482955,0.5315749796159724,0.46136009654631305,0.8887490209688845,0.033971172123741525,0.28361451625823975
a3727,/mnt/data_disk/HDRData/1000hdr/HDRtest/a3727-2004-01-18 11-49-42 CRW_2889.exr,/mnt/data_disk/ZQL/TIP_TMO_result/tradition/Raman/a3727.png,341,512,0.8598697901832164,0.9296151453731167,0.25889478334221044,0.4537205615070283,0.8828042843686577,0.02463683864539892,0.15562763810157776
a3729,/mnt/data_disk/HDRData/1000hdr/HDRtest/a3729-07-11-24-at-21h39m19s-_MG_6853.exr,/mnt/data_disk/ZQL/TIP_TMO_result/tradition/Raman/a3729.png,341,512,0.7373583284863847,0.6591743008291115,0.07492421669630549,0.2995164611729579,0.5990329223459155,2.1374307041299838e-16,0.18832188844680786
a3730,/mnt/data_disk/HDRData/1000hdr/HDRtest/a3730-IMG_0113.exr,/mnt/data_disk/ZQL/TIP_TMO_result/tradition/Raman/a3730.png,341,512,0.7615745845268648,0.6732030765508056,0.1481263918376431,0.3151137430099605,0.630227486019921,5.414601847223586e-18,0.29007449746131897
a3732,/mnt/data_disk/HDRData/1000hdr/HDRtest/a3732-_DGW6272.exr,/mnt/data_disk/ZQL/TIP_TMO_result/tradition/Raman/a3732.png,341,512,0.8623135436863166,0.9263332925255935,0.27477334506778717,0.4592648755766492,0.9177570507677234,0.0007727003855750006,0.12452402710914612
a3733,/mnt/data_disk/HDRData/1000hdr/HDRtest/a3733-WP_CRW_4827.exr,/mnt/data_disk/ZQL/TIP_TMO_result/tradition/Raman/a3733.png,341,512,0.7828793142636125,0.7830008724813454,0.10122907562193569,0.30070806228132363,0.6014161245626473,1.9864831596849188e-17,0.21209530532360077
a3735,/mnt/data_disk/HDRData/1000hdr/HDRtest/a3735-_MG_7825.exr,/mnt/data_disk/ZQL/TIP_TMO_result/tradition/Raman/a3735.png,341,512,0.7910358685353878,0.7810727634820351,0.13436438096679965,0.41126275902919734,0.8225255180583947,1.7416766908427062e-25,0.2851620018482208
a3737,/mnt/data_disk/HDRData/1000hdr/HDRtest/a3737-dgw_022.exr,/mnt/data_disk/ZQL/TIP_TMO_result/tradition/Raman/a3737.png,341,512,0.7934125019137387,0.7673539815046986,0.16026107116163185,0.33739569960505406,0.6747913992101081,7.367801658156919e-23,0.2627949118614197
a3739,/mnt/data_disk/HDRData/1000hdr/HDRtest/a3739-KE_-0068.exr,/mnt/data_disk/ZQL/TIP_TMO_result/tradition/Raman/a3739.png,340,512,0.8427163530054577,0.8358192207607494,0.29713750911826187,0.8303553089201801,0.9197212432721262,0.7409893745682338,0.12337001413106918
a3740,/mnt/data_disk/HDRData/1000hdr/HDRtest/a3740-_DSC1411.exr,/mnt/data_disk/ZQL/TIP_TMO_result/tradition/Raman/a3740.png,341,512,0.8496223519273793,0.7822876752671389,0.4126638997267089,0.318785343512131,0.6375706101845809,7.683968104074385e-08,0.16417251527309418
a3742,/mnt/data_disk/HDRData/1000hdr/HDRtest/a3742-IMG_0206.exr,/mnt/data_disk/ZQL/TIP_TMO_result/tradition/Raman/a3742.png,341,512,0.785690436322663,0.6569605529029547,0.28044115412693593,0.35132484890997034,0.7026496978199407,5.3510208744941404e-17,0.32260408997535706
a3743,/mnt/data_disk/HDRData/1000hdr/HDRtest/a3743-DSC_0038.exr,/mnt/data_disk/ZQL/TIP_TMO_result/tradition/Raman/a3743.png,340,512,0.7804459391496872,0.8162101823969405,0.06076181624981088,0.3257429929524178,0.6514859859046972,1.384192433533138e-13,0.1356087177991867
a3744,/mnt/data_disk/HDRData/1000hdr/HDRtest/a3744-NKIM_MG_6757.exr,/mnt/data_disk/ZQL/TIP_TMO_result/tradition/Raman/a3744.png,341,512,0.852364843803475,0.6855681712429659,0.5986759862233381,0.36415497054836987,0.7283099410966785,6.131806356577085e-14,0.2417418509721756
a3749,/mnt/data_disk/HDRData/1000hdr/HDRtest/a3749-IMG_4592.exr,/mnt/data_disk/ZQL/TIP_TMO_result/tradition/Raman/a3749.png,341,512,0.816984270427288,0.648700678287319,0.46048870859127566,0.39092396838149357,0.781847936762977,1.0133535185384685e-14,0.2773369550704956
a3750,/mnt/data_disk/HDRData/1000hdr/HDRtest/a3750-IMG_4253.exr,/mnt/data_disk/ZQL/TIP_TMO_result/tradition/Raman/a3750.png,341,512,0.785470036300938,0.705328237758296,0.20696394490969666,0.279781482705724,0.5595629654114475,5.185511586691488e-16,0.23400670289993286
a3753,/mnt/data_disk/HDRData/1000hdr/HDRtest/a3753-dgw_073.exr,/mnt/data_disk/ZQL/TIP_TMO_result/tradition/Raman/a3753.png,341,512,0.7801483113302862,0.7930676135526469,0.08134323878288804,0.8807626287825654,0.8745323756799342,0.8869928818851964,0.41641512513160706
a3754,/mnt/data_disk/HDRData/1000hdr/HDRtest/a3754-050731_151704__I2E5362.exr,/mnt/data_disk/ZQL/TIP_TMO_result/tradition/Raman/a3754.png,341,512,0.7648557959199865,0.8337439302567239,0.008590002117342423,0.2875042858934737,0.5750085717869474,1.9636904901728452e-23,0.16929446160793304
a3756,/mnt/data_disk/HDRData/1000hdr/HDRtest/a3756-jmac_MG_5949.exr,/mnt/data_disk/ZQL/TIP_TMO_result/tradition/Raman/a3756.png,341,512,0.7767365341559108,0.8118369722145231,0.053130091756239964,0.3904738951019628,0.7809477902039256,1.0579117975216822e-18,0.1830451488494873
a3760,/mnt/data_disk/HDRData/1000hdr/HDRtest/a3760-IMG_2504.exr,/mnt/data_disk/ZQL/TIP_TMO_result/tradition/Raman/a3760.png,341,512,0.7974426674870277,0.9165150045279371,0.03175303812760322,0.3155880582664207,0.6311761165328414,1.2366356666711269e-29,0.14514629542827606
a3764,/mnt/data_disk/HDRData/1000hdr/HDRtest/a3764-20060618_093109__MG_8792.exr,/mnt/data_disk/ZQL/TIP_TMO_result/tradition/Raman/a3764.png,341,512,0.8364896262060764,0.904535694037778,0.18192279932321204,0.4622740697559269,0.9245469488468643,1.190664989475271e-06,0.17800095677375793
a3766,/mnt/data_disk/HDRData/1000hdr/HDRtest/a3766-20041219_194831__E6B5558.exr,/mnt/data_disk/ZQL/TIP_TMO_result/tradition/Raman/a3766.png,341,512,0.8136218796748396,0.6614662466116138,0.4183613374260464,0.3124300317861453,0.6248598397071133,2.2386517727909882e-07,0.12160701304674149
a3769,/mnt/data_disk/HDRData/1000hdr/HDRtest/a3769-IMG_3943.exr,/mnt/data_disk/ZQL/TIP_TMO_result/tradition/Raman/a3769.png,341,512,0.7953478583218009,0.8256359988741154,0.10254573659065053,0.3049487189325015,0.609897437865003,1.3188911617820144e-22,0.16085736453533173
a3771,/mnt/data_disk/HDRData/1000hdr/HDRtest/a3771-07-06-01-at-13h03m06-s_MG_1256.exr,/mnt/data_disk/ZQL/TIP_TMO_result/tradition/Raman/a3771.png,341,512,0.738504234548955,0.718511632481215,0.023796639730171255,0.3746613824502329,0.7493227649004658,8.281988163130903e-30,0.3141689896583557
a3772,/mnt/data_disk/HDRData/1000hdr/HDRtest/a3772-dgw_123.exr,/mnt/data_disk/ZQL/TIP_TMO_result/tradition/Raman/a3772.png,341,512,0.8007956343191939,0.8135082470931961,0.13631742109689085,0.32733141328717474,0.6546628265743495,9.574636527193271e-23,0.2866150438785553
a3774,/mnt/data_disk/HDRData/1000hdr/HDRtest/a3774-_DSC0017.exr,/mnt/data_disk/ZQL/TIP_TMO_result/tradition/Raman/a3774.png,340,512,0.7740924245268916,0.7950206996697458,0.0596866059505071,0.3381976197503469,0.6763952395006938,4.771097216011366e-25,0.205576092004776
a3778,/mnt/data_disk/HDRData/1000hdr/HDRtest/a3778-IMG_4838.exr,/mnt/data_disk/ZQL/TIP_TMO_result/tradition/Raman/a3778.png,341,512,0.7525071660684526,0.7532511503461887,0.03259055674637935,0.43894465425189105,0.8778893085037821,3.783311234059958e-30,0.3422272801399231
a3780,/mnt/data_disk/HDRData/1000hdr/HDRtest/a3780-JI2E3902.exr,/mnt/data_disk/ZQL/TIP_TMO_result/tradition/Raman/a3780.png,341,512,0.8158450367975139,0.9216012632609321,0.08390466474488317,0.4333891380421307,0.8667782718643602,4.219901224779304e-09,0.1356750875711441
a3781,/mnt/data_disk/HDRData/1000hdr/HDRtest/a3781-2004-06-24 06-45-08 CRW_2040.exr,/mnt/data_disk/ZQL/TIP_TMO_result/tradition/Raman/a3781.png,341,512,0.8378869493102288,0.838121031957605,0.27026705070832696,0.40524792738189497,0.8104958547637899,2.300611195060534e-19,0.13445724546909332
a3783,/mnt/data_disk/HDRData/1000hdr/HDRtest/a3783-KE_-0052.exr,/mnt/data_disk/ZQL/TIP_TMO_result/tradition/Raman/a3783.png,340,512,0.8147253394288357,0.7468776798993702,0.285081763303303,0.344865584152255,0.68973116830451,1.0045150881704283e-18,0.18383829295635223
a3786,/mnt/data_disk/HDRData/1000hdr/HDRtest/a3786-_I2E8191.exr,/mnt/data_disk/ZQL/TIP_TMO_result/tradition/Raman/a3786.png,341,512,0.8157944207342441,0.8543669205192251,0.15117636974450147,0.38463824373488087,0.7692764874697617,3.1670273844005454e-23,0.2435462772846222
a3796,/mnt/data_disk/HDRData/1000hdr/HDRtest/a3796-NKIM_MG_7319.exr,/mnt/data_disk/ZQL/TIP_TMO_result/tradition/Raman/a3796.png,341,512,0.8426626285456713,0.800624063243181,0.3472413286047009,0.3199189610589384,0.6398379178222863,4.2955905461466215e-09,0.29637178778648376
a3798,/mnt/data_disk/HDRData/1000hdr/HDRtest/a3798-IMG_2539.exr,/mnt/data_disk/ZQL/TIP_TMO_result/tradition/Raman/a3798.png,341,512,0.7630385202659188,0.8009066726987806,0.024221732651555385,0.3910723079357862,0.7821446158715724,1.7860258727788494e-30,0.2661341726779938
a3800,/mnt/data_disk/HDRData/1000hdr/HDRtest/a3800-dgw_090.exr,/mnt/data_disk/ZQL/TIP_TMO_result/tradition/Raman/a3800.png,341,512,0.7735618208040922,0.7286891382272942,0.1268115423679067,0.36563216551628513,0.7312643310325703,9.243387063968713e-21,0.2274758517742157
a3804,/mnt/data_disk/HDRData/1000hdr/HDRtest/a3804-_DSC3608.exr,/mnt/data_disk/ZQL/TIP_TMO_result/tradition/Raman/a3804.png,343,512,0.8251201248013981,0.6892128638453503,0.4327528107852354,0.40796182167545514,0.8159236433509099,3.719770840375642e-16,0.11997090280056
a3816,/mnt/data_disk/HDRData/1000hdr/HDRtest/a3816-jmac_DSC3118.exr,/mnt/data_disk/ZQL/TIP_TMO_result/tradition/Raman/a3816.png,340,512,0.9324021748642874,0.8955865343073292,0.7210509194546949,0.6560259964374705,0.9324077930740972,0.3796441998008439,0.158132404088974
a3820,/mnt/data_disk/HDRData/1000hdr/HDRtest/a3820-dgw_025.exr,/mnt/data_disk/ZQL/TIP_TMO_result/tradition/Raman/a3820.png,341,512,0.6081223610499216,0.39443935728371743,0.004959810473845824,0.3242009053471088,0.6484018106929411,1.2765570755974131e-12,0.09265046566724777
a3822,/mnt/data_disk/HDRData/1000hdr/HDRtest/a3822-07-11-21-at-09h53m21s-_MG_5852.exr,/mnt/data_disk/ZQL/TIP_TMO_result/tradition/Raman/a3822.png,341,512,0.8331862140747175,0.865484241202194,0.21321218202864248,0.4218897123159346,0.8437794246318692,7.766421800902031e-18,0.18882089853286743
a3827,/mnt/data_disk/HDRData/1000hdr/HDRtest/a3827-JI2E3823.exr,/mnt/data_disk/ZQL/TIP_TMO_result/tradition/Raman/a3827.png,341,512,0.75843482693516,0.5658913231052056,0.3005899379888158,0.37593508420577826,0.7437684086834788,0.008101759728077676,0.14891363680362701
a3830,/mnt/data_disk/HDRData/1000hdr/HDRtest/a3830-LS_060715_8670.exr,/mnt/data_disk/ZQL/TIP_TMO_result/tradition/Raman/a3830.png,341,512,0.7870611107535271,0.7570760853612241,0.14660515864594018,0.4124620548682098,0.8249241097364196,1.7364280837726446e-26,0.2597614526748657
a3832,/mnt/data_disk/HDRData/1000hdr/HDRtest/a3832-20060613_091536__MG_7749.exr,/mnt/data_disk/ZQL/TIP_TMO_result/tradition/Raman/a3832.png,341,512,0.9477797096508798,0.8587037485413397,0.8890879334168844,0.837742857529429,0.8598416916682763,0.8156440233905818,0.21769464015960693
a3833,/mnt/data_disk/HDRData/1000hdr/HDRtest/a3833-_DSC0003-2.exr,/mnt/data_disk/ZQL/TIP_TMO_result/tradition/Raman/a3833.png,340,512,0.8283325964203639,0.8612124939447077,0.19666816262218825,0.44637682557028796,0.8927536511405759,3.612239311962503e-22,0.1531001776456833
a3834,/mnt/data_disk/HDRData/1000hdr/HDRtest/a3834-IMG_0007.exr,/mnt/data_disk/ZQL/TIP_TMO_result/tradition/Raman/a3834.png,341,512,0.7669490851029714,0.6907390630374755,0.14727093596450652,0.4134088059779961,0.8268176119559922,6.231592134393223e-28,0.3021478056907654
a3846,/mnt/data_disk/HDRData/1000hdr/HDRtest/a3846-IMG_3087.exr,/mnt/data_disk/ZQL/TIP_TMO_result/tradition/Raman/a3846.png,341,512,0.8131080987325873,0.8239445382215681,0.17503122886829525,0.37456379352439667,0.7491275870487933,5.088754478539111e-21,0.1795850694179535
a3847,/mnt/data_disk/HDRData/1000hdr/HDRtest/a3847-NKIM_MG_6113.exr,/mnt/data_disk/ZQL/TIP_TMO_result/tradition/Raman/a3847.png,341,512,0.763330491111829,0.5106867240293439,0.4363053604510626,0.3565594375464254,0.713118875092296,5.54793950999321e-13,0.22978901863098145
a3848,/mnt/data_disk/HDRData/1000hdr/HDRtest/a3848-DSC_0024.exr,/mnt/data_disk/ZQL/TIP_TMO_result/tradition/Raman/a3848.png,340,512,0.7816401089711953,0.8281033757454596,0.05417826624488591,0.385636789611157,0.771273579222314,2.918912879704154e-18,0.12009643763303757
a3851,/mnt/data_disk/HDRData/1000hdr/HDRtest/a3851-IMG_3430.exr,/mnt/data_disk/ZQL/TIP_TMO_result/tradition/Raman/a3851.png,341,512,0.7700332436888788,0.7572770697277645,0.08241449448667819,0.2574913648187181,0.5149827296374362,9.063865225903924e-24,0.15338708460330963
a3862,/mnt/data_disk/HDRData/1000hdr/HDRtest/a3862-JI2E0423.exr,/mnt/data_disk/ZQL/TIP_TMO_result/tradition/Raman/a3862.png,341,512,0.7751519866252677,0.8066669140631171,0.05275985714525469,0.2842917747188509,0.5685835494377018,1.4140144350400562e-20,0.14333529770374298
a3863,/mnt/data_disk/HDRData/1000hdr/HDRtest/a3863-IMG_1159.exr,/mnt/data_disk/ZQL/TIP_TMO_result/tradition/Raman/a3863.png,341,512,0.8325972752384951,0.7360121393011236,0.39444406106097535,0.4068264227085217,0.8136528454170434,5.349325493105778e-18,0.24702206254005432
a3864,/mnt/data_disk/HDRData/1000hdr/HDRtest/a3864-_DSC1992.exr,/mnt/data_disk/ZQL/TIP_TMO_result/tradition/Raman/a3864.png,341,512,0.6229344364869057,0.41490985033152267,0.014858440384333484,0.32013785337487416,0.6402757067497483,1.1529485296399548e-18,0.14052169024944305
a3872,/mnt/data_disk/HDRData/1000hdr/HDRtest/a3872-IMG_4058.exr,/mnt/data_disk/ZQL/TIP_TMO_result/tradition/Raman/a3872.png,341,512,0.7615940129593943,0.7564113034867423,0.05580638811242822,0.321302105113633,0.642604210227266,1.6316382456791087e-23,0.26762184500694275
a3877,/mnt/data_disk/HDRData/1000hdr/HDRtest/a3877-KE_-0019.exr,/mnt/data_disk/ZQL/TIP_TMO_result/tradition/Raman/a3877.png,340,512,0.8427998981302303,0.8701397612350765,0.25199366219380087,0.37370979123752784,0.7474145404657917,5.042009263957188e-06,0.16851924359798431
a3879,/mnt/data_disk/HDRData/1000hdr/HDRtest/a3879-IMG_0091.exr,/mnt/data_disk/ZQL/TIP_TMO_result/tradition/Raman/a3879.png,341,512,0.7745709175696733,0.7988332261569592,0.05778717032566719,0.4401362748296061,0.8802725496592122,1.4902384886222043e-27,0.2565987706184387
a3890,/mnt/data_disk/HDRData/1000hdr/HDRtest/a3890-IMG_4308.exr,/mnt/data_disk/ZQL/TIP_TMO_result/tradition/Raman/a3890.png,341,512,0.8142266038662054,0.7169508628756694,0.3282042852665077,0.3044553908836568,0.6089107817672995,1.4110675419487705e-14,0.17570801079273224
a3893,/mnt/data_disk/HDRData/1000hdr/HDRtest/a3893-_DGW6301.exr,/mnt/data_disk/ZQL/TIP_TMO_result/tradition/Raman/a3893.png,341,512,0.7885210771740829,0.830790850416685,0.07369468260451136,0.38809821097428887,0.7761964219485777,1.114359431732396e-24,0.3071482479572296
a3899,/mnt/data_disk/HDRData/1000hdr/HDRtest/a3899-jmac_DSC2259.exr,/mnt/data_disk/ZQL/TIP_TMO_result/tradition/Raman/a3899.png,340,512,0.8365119779273663,0.8762560643788165,0.215167837154345,0.43076042200804265,0.8615208440008618,1.5223506642079962e-11,0.17628005146980286
a3900,/mnt/data_disk/HDRData/1000hdr/HDRtest/a3900-jmac_DSC5843.exr,/mnt/data_disk/ZQL/TIP_TMO_result/tradition/Raman/a3900.png,340,512,0.9163537300817307,0.9544823977654503,0.5281269555613234,0.5169023083052758,0.9000062938902166,0.13379832272033518,0.15081176161766052
a3902,/mnt/data_disk/HDRData/1000hdr/HDRtest/a3902-jmac_DSC3970.exr,/mnt/data_disk/ZQL/TIP_TMO_result/tradition/Raman/a3902.png,340,512,0.7466694751256607,0.71622707944687,0.04745712414572843,0.3649994749289682,0.7299989498579365,1.5896213978847972e-26,0.137483611702919
a3903,/mnt/data_disk/HDRData/1000hdr/HDRtest/a3903-IMG_2386.exr,/mnt/data_disk/ZQL/TIP_TMO_result/tradition/Raman/a3903.png,341,512,0.7528281406421606,0.7211601285903209,0.06156791932440779,0.272797379147066,0.545594758294132,2.8471526639513968e-27,0.17182806134223938
a3906,/mnt/data_disk/HDRData/1000hdr/HDRtest/a3906-LS051025_day_3_LL003.exr,/mnt/data_disk/ZQL/TIP_TMO_result/tradition/Raman/a3906.png,341,512,0.9425805027401333,0.8313952918386439,0.9048567184432553,0.38401135584257257,0.759684378882226,0.008338332802919192,0.20507223904132843
a3911,/mnt/data_disk/HDRData/1000hdr/HDRtest/a3911-07-07-01-at-10h50m55s-_MG_2028.exr,/mnt/data_disk/ZQL/TIP_TMO_result/tradition/Raman/a3911.png,341,512,0.8552792904366147,0.6730030650893419,0.6414458473593933,0.384629667096677,0.7692593341933296,2.447816731827321e-14,0.23291310667991638
a3913,/mnt/data_disk/HDRData/1000hdr/HDRtest/a3913-IMG_0289.exr,/mnt/data_disk/ZQL/TIP_TMO_result/tradition/Raman/a3913.png,341,512,0.7361811084631963,0.6749914524154078,0.05481937873640425,0.34979491145666436,0.6995898229133287,2.743156957740417e-18,0.12678946554660797
a3914,/mnt/data_disk/HDRData/1000hdr/HDRtest/a3914-DSC_0002-1.exr,/mnt/data_disk/ZQL/TIP_TMO_result/tradition/Raman/a3914.png,340,512,0.8764854389868261,0.8439440884714249,0.46560975082021117,0.5402022475081718,0.7536505010855711,0.32675399393077253,0.1551239937543869
a3919,/mnt/data_disk/HDRData/1000hdr/HDRtest/a3919-KE_-1608.exr,/mnt/data_disk/ZQL/TIP_TMO_result/tradition/Raman/a3919.png,340,512,0.8515478169658192,0.6829590192519047,0.5987491855401428,0.32786409575745545,0.6557281915128502,2.0606872643681836e-12,0.19543419778347015
a3923,/mnt/data_disk/HDRData/1000hdr/HDRtest/a3923-_DSC0095.exr,/mnt/data_disk/ZQL/TIP_TMO_result/tradition/Raman/a3923.png,340,512,0.927024207131864,0.8871941773464974,0.7007506865507288,0.9198822059059466,0.8617701273069166,0.9779942845049765,0.12379638850688934
a3924,/mnt/data_disk/HDRData/1000hdr/HDRtest/a3924-_DSC6358.exr,/mnt/data_disk/ZQL/TIP_TMO_result/tradition/Raman/a3924.png,341,512,0.7834937791743342,0.4144529670752731,0.8073925808406553,0.26504236100889694,0.5300847220177939,1.1256249283308492e-19,0.27350813150405884
a3926,/mnt/data_disk/HDRData/1000hdr/HDRtest/a3926-dgw_077.exr,/mnt/data_disk/ZQL/TIP_TMO_result/tradition/Raman/a3926.png,341,512,0.7474769662279536,0.57164063303859,0.23752710234190405,0.32219834072693815,0.6443966814538763,7.740540055310496e-21,0.23423360288143158
a3927,/mnt/data_disk/HDRData/1000hdr/HDRtest/a3927-IMG_6048.exr,/mnt/data_disk/ZQL/TIP_TMO_result/tradition/Raman/a3927.png,341,512,0.8275655320114694,0.6962910346689177,0.43395250454584383,0.396525465271947,0.7930504123959469,5.18147947140798e-07,0.24016806483268738
a3930,/mnt/data_disk/HDRData/1000hdr/HDRtest/a3930-IMG_5083.exr,/mnt/data_disk/ZQL/TIP_TMO_result/tradition/Raman/a3930.png,341,512,0.801707383341016,0.809376139647669,0.14464351053456656,0.3977927411076852,0.7955854822153704,1.4083639537215343e-18,0.2481057345867157
a3931,/mnt/data_disk/HDRData/1000hdr/HDRtest/a3931-_DGW6259.exr,/mnt/data_disk/ZQL/TIP_TMO_result/tradition/Raman/a3931.png,341,512,0.7487282821948024,0.6917257566991485,0.07805486607706431,0.33808430640470805,0.6761686128094161,6.261921621064489e-33,0.32556992769241333
a3940,/mnt/data_disk/HDRData/1000hdr/HDRtest/a3940-20050602_180025__MG_2820.exr,/mnt/data_disk/ZQL/TIP_TMO_result/tradition/Raman/a3940.png,341,512,0.7902737177877875,0.9409962252366522,0.0037316178039615558,0.41808007600296077,0.8361601520059215,2.9529730829169486e-37,0.16304318606853485
a3943,/mnt/data_disk/HDRData/1000hdr/HDRtest/a3943-_DSC0054.exr,/mnt/data_disk/ZQL/TIP_TMO_result/tradition/Raman/a3943.png,340,512,0.815088157579634,0.7784335407175333,0.2420903012522561,0.36750198730167377,0.7350039746031525,1.950197642105096e-13,0.1690320074558258
a3947,/mnt/data_disk/HDRData/1000hdr/HDRtest/a3947-jmac_MG_1444.exr,/mnt/data_disk/ZQL/TIP_TMO_result/tradition/Raman/a3947.png,341,512,0.7824885668086934,0.744207174256849,0.14361724727725778,0.36539947705297565,0.730798954103532,2.4193352800220382e-12,0.16476818919181824
a3948,/mnt/data_disk/HDRData/1000hdr/HDRtest/a3948-_DSC0045.exr,/mnt/data_disk/ZQL/TIP_TMO_result/tradition/Raman/a3948.png,340,512,0.7635973131939491,0.6642465156758774,0.16851161942765194,0.38038596601774616,0.7607719320354923,4.595967759033787e-18,0.23092634975910187
a3954,/mnt/data_disk/HDRData/1000hdr/HDRtest/a3954-_MG_0841.exr,/mnt/data_disk/ZQL/TIP_TMO_result/tradition/Raman/a3954.png,341,512,0.915570997230409,0.9120360888209746,0.5885263074186144,0.7394382250688026,0.7882938953969606,0.6905825547406447,0.21402175724506378
a3958,/mnt/data_disk/HDRData/1000hdr/HDRtest/a3958-_DSC3890.exr,/mnt/data_disk/ZQL/TIP_TMO_result/tradition/Raman/a3958.png,341,512,0.9367236676651421,0.9310033966739494,0.6897330209467422,0.5008585696782087,0.9140218053669414,0.08769533398947603,0.1012696623802185
a3961,/mnt/data_disk/HDRData/1000hdr/HDRtest/a3961-_DSC0049.exr,/mnt/data_disk/ZQL/TIP_TMO_result/tradition/Raman/a3961.png,340,512,0.8170985717767496,0.739904194223121,0.30731234380906297,0.595878728534273,0.8057966117770079,0.38596084529153823,0.10935254395008087
a3963,/mnt/data_disk/HDRData/1000hdr/HDRtest/a3963-jmac_DSC3835.exr,/mnt/data_disk/ZQL/TIP_TMO_result/tradition/Raman/a3963.png,340,512,0.8697690438948693,0.8406490535221572,0.4329481933842368,0.9483260048352615,0.9177747234643305,0.9788772862061924,0.17888781428337097
a3964,/mnt/data_disk/HDRData/1000hdr/HDRtest/a3964-NKIM_MG_6716.exr,/mnt/data_disk/ZQL/TIP_TMO_result/tradition/Raman/a3964.png,341,512,0.8787704331222249,0.6850951987077607,0.7671643446706644,0.3611775635658108,0.7223551269698296,1.617920508784156e-10,0.20837317407131195
a3970,/mnt/data_disk/HDRData/1000hdr/HDRtest/a3970-WP_Amanda_3rd_bday014.exr,/mnt/data_disk/ZQL/TIP_TMO_result/tradition/Raman/a3970.png,341,512,0.9194488976670445,0.7681716081217502,0.8698798607825098,0.38784512349370065,0.775690246961871,2.5530270781947878e-11,0.10298269242048264
a3973,/mnt/data_disk/HDRData/1000hdr/HDRtest/a3973-DSC_0068-2.exr,/mnt/data_disk/ZQL/TIP_TMO_result/tradition/Raman/a3973.png,340,512,0.9412375109077561,0.8727204851113903,0.8191184106802668,0.9347454845165014,0.9264893325744761,0.9430016364585267,0.09450925141572952
a3975,/mnt/data_disk/HDRData/1000hdr/HDRtest/a3975-jmac_MG_5721.exr,/mnt/data_disk/ZQL/TIP_TMO_result/tradition/Raman/a3975.png,341,512,0.7963454887661984,0.8594379945728934,0.07357790018463153,0.3924466346263546,0.7848932692527092,4.717553298800043e-21,0.17080451548099518
a3976,/mnt/data_disk/HDRData/1000hdr/HDRtest/a3976-Ja_Pe-10.exr,/mnt/data_disk/ZQL/TIP_TMO_result/tradition/Raman/a3976.png,288,512,0.8617904114148336,0.8674430394629689,0.35048769607379376,0.41469387293754423,0.8293877291601346,1.6714953819727278e-08,0.1957930475473404
a3991,/mnt/data_disk/HDRData/1000hdr/HDRtest/a3991-DSC_0005-2.exr,/mnt/data_disk/ZQL/TIP_TMO_result/tradition/Raman/a3991.png,340,512,0.794195923083853,0.8007991568939165,0.12455493704461237,0.3733822975316576,0.7467645950633118,3.3551894572622694e-15,0.18685922026634216
a3992,/mnt/data_disk/HDRData/1000hdr/HDRtest/a3992-KE_-0044.exr,/mnt/data_disk/ZQL/TIP_TMO_result/tradition/Raman/a3992.png,340,512,0.6419896552856368,0.47748784493571994,0.0018796544753943913,0.2915643819902647,0.5831287639805294,8.782531828058365e-25,0.07251814752817154
a3993,/mnt/data_disk/HDRData/1000hdr/HDRtest/a3993-IMG_2812.exr,/mnt/data_disk/ZQL/TIP_TMO_result/tradition/Raman/a3993.png,341,512,0.6732845976269173,0.48144517558102345,0.07603338150400894,0.35928993150185334,0.7185798562881134,6.715593251529086e-09,0.1689903736114502
a3995,/mnt/data_disk/HDRData/1000hdr/HDRtest/a3995-IMG_0187.exr,/mnt/data_disk/ZQL/TIP_TMO_result/tradition/Raman/a3995.png,341,512,0.788398886175188,0.7132376669774279,0.2091103621184829,0.3321551314793809,0.6643102629587618,3.604411453257956e-18,0.2162812501192093
a4001,/mnt/data_disk/HDRData/1000hdr/HDRtest/a4001-jn_20070824_0168.exr,/mnt/data_disk/ZQL/TIP_TMO_result/tradition/Raman/a4001.png,341,512,0.7176895290834673,0.6508579780481565,0.025442168995995114,0.3562220432431436,0.7124440864862872,3.627391444139386e-25,0.17461201548576355
a4003,/mnt/data_disk/HDRData/1000hdr/HDRtest/a4003-NKIM_MG_6603.exr,/mnt/data_disk/ZQL/TIP_TMO_result/tradition/Raman/a4003.png,341,512,0.7972701393555891,0.7982260538132046,0.13953841206720854,0.3126923977356067,0.6253847954682452,2.9681437931070172e-12,0.20689757168293
a4004,/mnt/data_disk/HDRData/1000hdr/HDRtest/a4004-050812_113412__MG_3770.exr,/mnt/data_disk/ZQL/TIP_TMO_result/tradition/Raman/a4004.png,341,512,0.8411891930488963,0.8782212325866161,0.23424204404159804,0.9405654839013071,0.9037141419529473,0.977416825849667,0.10476095974445343
a4007,/mnt/data_disk/HDRData/1000hdr/HDRtest/a4007-_MG_7167.exr,/mnt/data_disk/ZQL/TIP_TMO_result/tradition/Raman/a4007.png,341,512,0.7451830332289431,0.7425261297538193,0.022346578145184585,0.2931386377974087,0.5862772755948173,5.767036349465115e-31,0.29901209473609924
a4008,/mnt/data_disk/HDRData/1000hdr/HDRtest/a4008-dgw_019.exr,/mnt/data_disk/ZQL/TIP_TMO_result/tradition/Raman/a4008.png,341,512,0.825927036761717,0.8000339718197952,0.26408198227111934,0.3997115273471582,0.7994046695915161,1.8385102800248285e-05,0.22036151587963104
a4009,/mnt/data_disk/HDRData/1000hdr/HDRtest/a4009-jmac_MG_7717.exr,/mnt/data_disk/ZQL/TIP_TMO_result/tradition/Raman/a4009.png,341,512,0.961393036113673,0.873707310860009,0.955396242573143,0.8115514530599695,0.873757036595344,0.7493458695245949,0.2587408721446991
a4013,/mnt/data_disk/HDRData/1000hdr/HDRtest/a4013-_I2E6911.exr,/mnt/data_disk/ZQL/TIP_TMO_result/tradition/Raman/a4013.png,341,512,0.7733336243935358,0.7866708371297054,0.06487230107713597,0.2902439839834291,0.5804879679648569,2.0013321052790726e-12,0.2625413239002228
a4014,/mnt/data_disk/HDRData/1000hdr/HDRtest/a4014-JI2E4114.exr,/mnt/data_disk/ZQL/TIP_TMO_result/tradition/Raman/a4014.png,341,512,0.7782282960061085,0.8389764401594504,0.03575381918181934,0.31551562584281484,0.6310312516856297,4.6735546721179766e-27,0.26599398255348206
a4017,/mnt/data_disk/HDRData/1000hdr/HDRtest/a4017-DSC_0023.exr,/mnt/data_disk/ZQL/TIP_TMO_result/tradition/Raman/a4017.png,340,512,0.8160927953839249,0.9382134069321858,0.0703933895888938,0.39893838654359715,0.7978767705878425,2.4993518582556933e-09,0.1018010601401329
a4020,/mnt/data_disk/HDRData/1000hdr/HDRtest/a4020-IMG_3763.exr,/mnt/data_disk/ZQL/TIP_TMO_result/tradition/Raman/a4020.png,341,512,0.794433920914907,0.772325195044638,0.15845767464547567,0.43158526508770184,0.8631654871062018,5.043069201908368e-06,0.12427366524934769
a4025,/mnt/data_disk/HDRData/1000hdr/HDRtest/a4025-IMG_5601.exr,/mnt/data_disk/ZQL/TIP_TMO_result/tradition/Raman/a4025.png,341,512,0.8340396349177377,0.7440290033252408,0.3892050616013323,0.3865905032862351,0.7731810065724573,1.3020153444895882e-14,0.2543441653251648
a4026,/mnt/data_disk/HDRData/1000hdr/HDRtest/a4026-NKIM_MG_6632.exr,/mnt/data_disk/ZQL/TIP_TMO_result/tradition/Raman/a4026.png,341,512,0.7786311554153398,0.8848325678221456,0.008445298818457132,0.4592783571655879,0.9185567143307907,3.8511695730834835e-13,0.2029094696044922
a4027,/mnt/data_disk/HDRData/1000hdr/HDRtest/a4027-IMG_2393.exr,/mnt/data_disk/ZQL/TIP_TMO_result/tradition/Raman/a4027.png,341,512,0.9165339596061863,0.8055470969796117,0.7780562760763177,0.40509075779476644,0.8101798685320137,1.647057519121768e-06,0.18476489186286926
a4028,/mnt/data_disk/HDRData/1000hdr/HDRtest/a4028-060810_105728__MG_6096.exr,/mnt/data_disk/ZQL/TIP_TMO_result/tradition/Raman/a4028.png,341,512,0.8258933494932185,0.7773713803258052,0.29586600203553554,0.4026839608011635,0.805367921602327,1.9891414327093899e-19,0.2244473248720169
a4038,/mnt/data_disk/HDRData/1000hdr/HDRtest/a4038-Ja_Pe-20.exr,/mnt/data_disk/ZQL/TIP_TMO_result/tradition/Raman/a4038.png,288,512,0.9013401007469817,0.8043504316486275,0.681897665800841,0.4320903368034395,0.8641806627481561,1.0858722886134019e-08,0.21136333048343658
a4040,/mnt/data_disk/HDRData/1000hdr/HDRtest/a4040-IMG_0233.exr,/mnt/data_disk/ZQL/TIP_TMO_result/tradition/Raman/a4040.png,341,512,0.8573328717383661,0.7434239499198246,0.5215153082321197,0.4283114814356867,0.856622962844688,2.6685464735408322e-11,0.338818222284317
a4047,/mnt/data_disk/HDRData/1000hdr/HDRtest/a4047-IMG_1285.exr,/mnt/data_disk/ZQL/TIP_TMO_result/tradition/Raman/a4047.png,341,512,0.9162379123696542,0.9268491890702856,0.5693664212369853,0.4637676932465745,0.927534975165821,4.113273281400906e-07,0.11934845894575119
a4049,/mnt/data_disk/HDRData/1000hdr/HDRtest/a4049-_DSC3858.exr,/mnt/data_disk/ZQL/TIP_TMO_result/tradition/Raman/a4049.png,341,512,0.9252855839171966,0.7623907629604257,0.9216708340058161,0.5565744513101594,0.8589244696992563,0.25422443292106256,0.2918529510498047
a4051,/mnt/data_disk/HDRData/1000hdr/HDRtest/a4051-_DSC0018-3.exr,/mnt/data_disk/ZQL/TIP_TMO_result/tradition/Raman/a4051.png,340,512,0.8236151957068942,0.9183948115922345,0.11501999720306387,0.4519546075017873,0.9039087448439819,4.701595926957033e-07,0.11225465685129166
a4052,/mnt/data_disk/HDRData/1000hdr/HDRtest/a4052-20060620_165511__MG_9535.exr,/mnt/data_disk/ZQL/TIP_TMO_result/tradition/Raman/a4052.png,341,512,0.7975846772529399,0.8579021808394673,0.07913360634615728,0.3779223891552584,0.7558447783105168,4.160488308041391e-21,0.24237963557243347
a4060,/mnt/data_disk/HDRData/1000hdr/HDRtest/a4060-_DSC5597.exr,/mnt/data_disk/ZQL/TIP_TMO_result/tradition/Raman/a4060.png,341,512,0.770935475416799,0.6866231789194551,0.16920315794203938,0.34979541825323546,0.6995908365064709,7.212307981349563e-18,0.2878349721431732
a4064,/mnt/data_disk/HDRData/1000hdr/HDRtest/a4064-07-12-02-at-16h23m18s-_MG_9020.exr,/mnt/data_disk/ZQL/TIP_TMO_result/tradition/Raman/a4064.png,341,512,0.7648993833421425,0.8111405070086086,0.02176017127049617,0.3391592470355222,0.6783184940710444,4.37248622843423e-27,0.24625088274478912
a4068,/mnt/data_disk/HDRData/1000hdr/HDRtest/a4068-tc_DSC2612.exr,/mnt/data_disk/ZQL/TIP_TMO_result/tradition/Raman/a4068.png,340,512,0.771147018281428,0.7423088735060471,0.1021741329173669,0.2910261831734933,0.5820523663469866,7.00901187654954e-18,0.23457656800746918
a4075,/mnt/data_disk/HDRData/1000hdr/HDRtest/a4075-JI2E0444.exr,/mnt/data_disk/ZQL/TIP_TMO_result/tradition/Raman/a4075.png,341,512,0.7684597055666559,0.6549167788431264,0.20284420261225686,0.386494564643858,0.772989129287716,2.938087062273123e-20,0.34162256121635437
a4076,/mnt/data_disk/HDRData/1000hdr/HDRtest/a4076-_DGW6244.exr,/mnt/data_disk/ZQL/TIP_TMO_result/tradition/Raman/a4076.png,341,512,0.840610408245938,0.7710474037666999,0.3815284190255975,0.42717548873665134,0.8543509774534163,1.9886400999547825e-11,0.3609398901462555
a4080,/mnt/data_disk/HDRData/1000hdr/HDRtest/a4080-IMG_3765.exr,/mnt/data_disk/ZQL/TIP_TMO_result/tradition/Raman/a4080.png,341,512,0.9266814067802367,0.7964686857855896,0.8633498056133405,0.411854232740425,0.8236549078003657,5.355768048430207e-05,0.22979971766471863
a4085,/mnt/data_disk/HDRData/1000hdr/HDRtest/a4085-_MG_2385.exr,/mnt/data_disk/ZQL/TIP_TMO_result/tradition/Raman/a4085.png,341,512,0.8414140669205196,0.8175638674156317,0.3161670823047725,0.35038214348164304,0.7007642869631412,1.4491386009238869e-13,0.1900509148836136
a4087,/mnt/data_disk/HDRData/1000hdr/HDRtest/a4087-NKIM_MG_6395.exr,/mnt/data_disk/ZQL/TIP_TMO_result/tradition/Raman/a4087.png,341,512,0.7566970104758376,0.8106315390845666,0.005741061337376468,0.43114770742586467,0.8622954148517293,2.582188258237597e-41,0.3284718990325928
a4088,/mnt/data_disk/HDRData/1000hdr/HDRtest/a4088-dvf_041.exr,/mnt/data_disk/ZQL/TIP_TMO_result/tradition/Raman/a4088.png,341,512,0.8988601992971579,0.7597561996888869,0.7490583690386985,0.377706911037021,0.7554138220740007,4.134420621380531e-14,0.11376351863145828
a4091,/mnt/data_disk/HDRData/1000hdr/HDRtest/a4091-_DSC0041.exr,/mnt/data_disk/ZQL/TIP_TMO_result/tradition/Raman/a4091.png,340,512,0.8466246151395522,0.8151563318655193,0.3464500548090181,0.4224698819106654,0.8260699025992312,0.0188698612220997,0.1525544375181198
a4092,/mnt/data_disk/HDRData/1000hdr/HDRtest/a4092-07-12-03-at-09h35m54s-_MG_9192.exr,/mnt/data_disk/ZQL/TIP_TMO_result/tradition/Raman/a4092.png,341,512,0.9226179285629205,0.8600324266012555,0.719222059120268,0.9554105542378128,0.9139795827318907,0.9968415257437351,0.2827361226081848
a4093,/mnt/data_disk/HDRData/1000hdr/HDRtest/a4093-jn_20071117-031.exr,/mnt/data_disk/ZQL/TIP_TMO_result/tradition/Raman/a4093.png,341,512,0.8678050370117404,0.835653578535155,0.4296948324279676,0.7466940817252675,0.9025621171033258,0.5908260463472093,0.2788691222667694
a4096,/mnt/data_disk/HDRData/1000hdr/HDRtest/a4096-jmac_MG_0095.exr,/mnt/data_disk/ZQL/TIP_TMO_result/tradition/Raman/a4096.png,341,512,0.7872174734600074,0.7633731882781638,0.13974250275596758,0.28612444998099396,0.5718049886162109,0.00044391134577699624,0.1780386120080948
a4097,/mnt/data_disk/HDRData/1000hdr/HDRtest/a4097-20080623_at_14h52m36__MG_9904.exr,/mnt/data_disk/ZQL/TIP_TMO_result/tradition/Raman/a4097.png,341,512,0.7844014295494528,0.8886042102460103,0.017964235081952985,0.3504488468940853,0.7008976937881706,5.646172455321702e-28,0.17520898580551147
a4099,/mnt/data_disk/HDRData/1000hdr/HDRtest/a4099-_DSC0014-2.exr,/mnt/data_disk/ZQL/TIP_TMO_result/tradition/Raman/a4099.png,340,512,0.7954910763183566,0.8497514855002636,0.07956319176504445,0.4159678194065119,0.8319356388130238,1.1027864808484124e-26,0.16507123410701752
a4101,/mnt/data_disk/HDRData/1000hdr/HDRtest/a4101-IMG_5823.exr,/mnt/data_disk/ZQL/TIP_TMO_result/tradition/Raman/a4101.png,341,512,0.7628497650931657,0.7171257023914349,0.09982495632855033,0.28913007245202704,0.5781828514199777,7.72934840763544e-05,0.19065187871456146
a4102,/mnt/data_disk/HDRData/1000hdr/HDRtest/a4102-07-06-30-at-11h38m56s-_MG_1997.exr,/mnt/data_disk/ZQL/TIP_TMO_result/tradition/Raman/a4102.png,341,512,0.8719176918293863,0.846534144624194,0.4359103115256961,0.44465710543695497,0.8893142087279423,2.1459676363288533e-09,0.24019798636436462
a4104,/mnt/data_disk/HDRData/1000hdr/HDRtest/a4104-DSC_0260.exr,/mnt/data_disk/ZQL/TIP_TMO_result/tradition/Raman/a4104.png,340,512,0.7638573201597406,0.7663668289339657,0.05375498950676442,0.24104614968722654,0.4820922993744531,6.550684240261835e-27,0.125806525349617
a4105,/mnt/data_disk/HDRData/1000hdr/HDRtest/a4105-07-11-26-at-16h02m57s-_MG_7151.exr,/mnt/data_disk/ZQL/TIP_TMO_result/tradition/Raman/a4105.png,341,512,0.7538796232157082,0.7231328737676219,0.0629836647408411,0.38361357779329563,0.7672271555865913,1.1726498164058861e-19,0.2579928934574127
a4107,/mnt/data_disk/HDRData/1000hdr/HDRtest/a4107-dvf_018.exr,/mnt/data_disk/ZQL/TIP_TMO_result/tradition/Raman/a4107.png,341,512,0.8609850996569147,0.6207268412407885,0.7892938337454615,0.38181651723072524,0.7636330344495761,1.1874335448847692e-11,0.172153502702713
a4108,/mnt/data_disk/HDRData/1000hdr/HDRtest/a4108-MB_080329_057.exr,/mnt/data_disk/ZQL/TIP_TMO_result/tradition/Raman/a4108.png,341,512,0.7663404895500784,0.8327001038047529,0.01190083571150097,0.33631883468874224,0.6726376693774845,9.849898301580069e-32,0.3581106960773468
a4110,/mnt/data_disk/HDRData/1000hdr/HDRtest/a4110-dgw_069.exr,/mnt/data_disk/ZQL/TIP_TMO_result/tradition/Raman/a4110.png,341,512,0.9107160056431409,0.7723377603215236,0.8028408841041755,0.420413469144678,0.8396621206157432,0.0011648176736127895,0.31913578510284424
a4113,/mnt/data_disk/HDRData/1000hdr/HDRtest/a4113-IMG_2800.exr,/mnt/data_disk/ZQL/TIP_TMO_result/tradition/Raman/a4113.png,341,512,0.8222496174642759,0.8330654112317296,0.20389515649019063,0.3446990566298017,0.6893980933923695,1.9867234008206823e-08,0.1505245715379715
a4116,/mnt/data_disk/HDRData/1000hdr/HDRtest/a4116-IMG_2042.exr,/mnt/data_disk/ZQL/TIP_TMO_result/tradition/Raman/a4116.png,341,512,0.837382295429636,0.7500577045119078,0.39753709390011344,0.3533046280516921,0.7066092560883597,1.502452462665331e-11,0.1105274111032486
a4117,/mnt/data_disk/HDRData/1000hdr/HDRtest/a4117-050918_141526__MG_5987.exr,/mnt/data_disk/ZQL/TIP_TMO_result/tradition/Raman/a4117.png,341,512,0.7548970563256423,0.7414079858508301,0.04913024965384191,0.33759404456647263,0.6751880891329453,3.2472134691935423e-25,0.3161376118659973
a4124,/mnt/data_disk/HDRData/1000hdr/HDRtest/a4124-20080709_at_10h04m23__MG_4561.exr,/mnt/data_disk/ZQL/TIP_TMO_result/tradition/Raman/a4124.png,341,512,0.8059988043094527,0.7327561501540166,0.2632879193989903,0.3913992125497634,0.7827984250854308,1.4095972682834884e-11,0.22859859466552734
a4127,/mnt/data_disk/HDRData/1000hdr/HDRtest/a4127-DSC_0152.exr,/mnt/data_disk/ZQL/TIP_TMO_result/tradition/Raman/a4127.png,340,512,0.941162472519725,0.9303819162196506,0.7192000806086823,0.8889309773631311,0.941757231117147,0.836104723609115,0.10000117123126984
a4131,/mnt/data_disk/HDRData/1000hdr/HDRtest/a4131-DSC_0001-2.exr,/mnt/data_disk/ZQL/TIP_TMO_result/tradition/Raman/a4131.png,340,512,0.7834201060116128,0.76623553142455,0.12154687827646211,0.3726195286842825,0.7452390573679099,6.551078516128591e-13,0.1407390981912613
a4134,/mnt/data_disk/HDRData/1000hdr/HDRtest/a4134-IMG_0086.exr,/mnt/data_disk/ZQL/TIP_TMO_result/tradition/Raman/a4134.png,341,512,0.8460465432285197,0.8462749697010638,0.29939313771257176,0.4498691794293393,0.8997383588586786,2.219982057174651e-22,0.18575917184352875
a4142,/mnt/data_disk/HDRData/1000hdr/HDRtest/a4142-_DGW6275.exr,/mnt/data_disk/ZQL/TIP_TMO_result/tradition/Raman/a4142.png,341,512,0.8852868831367959,0.8482450468869568,0.509488130416265,0.4899416586755293,0.7958024459485439,0.1840808714025147,0.2357168346643448
a4143,/mnt/data_disk/HDRData/1000hdr/HDRtest/a4143-LSCRW_0029.exr,/mnt/data_disk/ZQL/TIP_TMO_result/tradition/Raman/a4143.png,384,512,0.8514993922664903,0.9446260202185426,0.20245023179041913,0.8955891892035805,0.8487859797836717,0.9423923986234894,0.08910365402698517
a4144,/mnt/data_disk/HDRData/1000hdr/HDRtest/a4144-050623_122602__MG_3246.exr,/mnt/data_disk/ZQL/TIP_TMO_result/tradition/Raman/a4144.png,341,512,0.9646679655173309,0.881578962928951,0.9636096763621593,0.4249826152304247,0.8499288363537231,3.639410712628646e-05,0.17294296622276306
a4150,/mnt/data_disk/HDRData/1000hdr/HDRtest/a4150-_DGW6309.exr,/mnt/data_disk/ZQL/TIP_TMO_result/tradition/Raman/a4150.png,341,512,0.7264052874437112,0.6683111917399881,0.03311615124372154,0.35551059344208363,0.7110211868841673,1.24906342831095e-29,0.373516321182251
a4151,/mnt/data_disk/HDRData/1000hdr/HDRtest/a4151-dvf_026.exr,/mnt/data_disk/ZQL/TIP_TMO_result/tradition/Raman/a4151.png,341,512,0.8113617914550868,0.6569538294713112,0.4140252196709451,0.3202368442778806,0.6404736885215361,3.4225042637180194e-11,0.28014013171195984
a4154,/mnt/data_disk/HDRData/1000hdr/HDRtest/a4154-IMG_4620.exr,/mnt/data_disk/ZQL/TIP_TMO_result/tradition/Raman/a4154.png,341,512,0.7677797999363912,0.7723715187790773,0.06042503245126752,0.3603819178155494,0.7207638356310988,4.475848750922093e-22,0.2292761355638504
a4155,/mnt/data_disk/HDRData/1000hdr/HDRtest/a4155-WP_CRW_0237.exr,/mnt/data_disk/ZQL/TIP_TMO_result/tradition/Raman/a4155.png,341,512,0.83329401843983,0.8036247150784047,0.2951461206253966,0.3838318424201962,0.7676636847633493,7.70430007191243e-11,0.19314755499362946
a4156,/mnt/data_disk/HDRData/1000hdr/HDRtest/a4156-IMG_0159.exr,/mnt/data_disk/ZQL/TIP_TMO_result/tradition/Raman/a4156.png,341,512,0.7632238929403176,0.72892762154329,0.08829428846442262,0.42372950727024666,0.8474590145404933,7.259626953535901e-25,0.2673807740211487
a4158,/mnt/data_disk/HDRData/1000hdr/HDRtest/a4158-WP_CRW_4109.exr,/mnt/data_disk/ZQL/TIP_TMO_result/tradition/Raman/a4158.png,341,512,0.7992474566979868,0.8234578564791891,0.11940373227994353,0.357786088491237,0.7155721769824727,1.3157677211367021e-15,0.17659315466880798
a4160,/mnt/data_disk/HDRData/1000hdr/HDRtest/a4160-jn_20070824_0167.exr,/mnt/data_disk/ZQL/TIP_TMO_result/tradition/Raman/a4160.png,341,512,0.8423646829095963,0.8023348724327184,0.3431546582710458,0.40911775908120873,0.8182355181624175,6.028294544672861e-22,0.3626663386821747
a4161,/mnt/data_disk/HDRData/1000hdr/HDRtest/a4161-tc_DSC2218.exr,/mnt/data_disk/ZQL/TIP_TMO_result/tradition/Raman/a4161.png,340,512,0.8388637506293852,0.9584435236099415,0.13449288223793424,0.4633972132471723,0.9267927125386712,1.7139556733832225e-06,0.1903301477432251
a4167,/mnt/data_disk/HDRData/1000hdr/HDRtest/a4167-IMG_0031.exr,/mnt/data_disk/ZQL/TIP_TMO_result/tradition/Raman/a4167.png,341,512,0.8193403696966233,0.8561218955052298,0.1638882450611365,0.41977717797642145,0.8395543559528429,1.0884562212041522e-21,0.2638571858406067
a4170,/mnt/data_disk/HDRData/1000hdr/HDRtest/a4170-jmac_DSC3333.exr,/mnt/data_disk/ZQL/TIP_TMO_result/tradition/Raman/a4170.png,343,512,0.8089584559763618,0.7109340240143973,0.3108357305931455,0.32862412384690315,0.6572482476938063,1.2813610863810698e-19,0.2232469916343689
a4174,/mnt/data_disk/HDRData/1000hdr/HDRtest/a4174-dgw_083.exr,/mnt/data_disk/ZQL/TIP_TMO_result/tradition/Raman/a4174.png,341,512,0.8978044736377122,0.8269370292472816,0.6199856956845331,0.4529741090363574,0.8928636345544557,0.013084583518259056,0.34890657663345337
a4177,/mnt/data_disk/HDRData/1000hdr/HDRtest/a4177-jmac_DSC1412.exr,/mnt/data_disk/ZQL/TIP_TMO_result/tradition/Raman/a4177.png,340,512,0.8533341594146219,0.9644825946055988,0.1884636099832129,0.5692927403357013,0.8522933256649805,0.28629215500642224,0.10178226232528687
a4178,/mnt/data_disk/HDRData/1000hdr/HDRtest/a4178-IMG_0487.exr,/mnt/data_disk/ZQL/TIP_TMO_result/tradition/Raman/a4178.png,341,512,0.8295550586477317,0.9640254237006104,0.09415806822742355,0.446147412429469,0.89228388263844,1.0942220497869105e-05,0.08167233318090439
a4184,/mnt/data_disk/HDRData/1000hdr/HDRtest/a4184-jmac_MG_5507.exr,/mnt/data_disk/ZQL/TIP_TMO_result/tradition/Raman/a4184.png,341,512,0.7680727006912378,0.7493854648510581,0.08373730800223464,0.34426799076912246,0.6885359815382449,4.321803197326432e-23,0.31932905316352844
a4185,/mnt/data_disk/HDRData/1000hdr/HDRtest/a4185-DSC_0055-2.exr,/mnt/data_disk/ZQL/TIP_TMO_result/tradition/Raman/a4185.png,340,512,0.778770097042308,0.830164259657956,0.044026340207131025,0.41961222310184787,0.8392244462036957,2.713661740691589e-29,0.24834014475345612
a4188,/mnt/data_disk/HDRData/1000hdr/HDRtest/a4188-_MG_1604.exr,/mnt/data_disk/ZQL/TIP_TMO_result/tradition/Raman/a4188.png,341,512,0.7563997266430681,0.7419594589629488,0.05312147213605631,0.29145971904964146,0.5829194380992829,3.3238206609283575e-25,0.3062591552734375
a4191,/mnt/data_disk/HDRData/1000hdr/HDRtest/a4191-IMG_4849.exr,/mnt/data_disk/ZQL/TIP_TMO_result/tradition/Raman/a4191.png,341,512,0.8176286065692401,0.8168645235839036,0.20344368954822994,0.33477277417840007,0.6695455483568001,7.176647437493722e-22,0.22891125082969666
a4194,/mnt/data_disk/HDRData/1000hdr/HDRtest/a4194-LS051026_day_1_arive50.exr,/mnt/data_disk/ZQL/TIP_TMO_result/tradition/Raman/a4194.png,341,512,0.7978120786163636,0.7508751938039079,0.20017568150649784,0.39434365276125094,0.7886873055225019,1.46545231824862e-22,0.22316648066043854
a4197,/mnt/data_disk/HDRData/1000hdr/HDRtest/a4197-_MG_6428.exr,/mnt/data_disk/ZQL/TIP_TMO_result/tradition/Raman/a4197.png,341,512,0.9182055471968388,0.9569441531551836,0.535400262848836,0.9868627840582573,0.9752064766656744,0.9985190914508403,0.0943077802658081
a4198,/mnt/data_disk/HDRData/1000hdr/HDRtest/a4198-_DSC6401.exr,/mnt/data_disk/ZQL/TIP_TMO_result/tradition/Raman/a4198.png,341,512,0.7916868455967686,0.6520139721849585,0.3184838839818572,0.4150625384476461,0.8216628292494624,0.008462247645829826,0.280112624168396
a4199,/mnt/data_disk/HDRData/1000hdr/HDRtest/a4199-jmac_MG_5003.exr,/mnt/data_disk/ZQL/TIP_TMO_result/tradition/Raman/a4199.png,341,512,0.8823430648709925,0.7918793690114937,0.5859977738364042,0.5260929329077947,0.8410141071217282,0.21117175869386115,0.31170326471328735
a4201,/mnt/data_disk/HDRData/1000hdr/HDRtest/a4201-_DSC0120.exr,/mnt/data_disk/ZQL/TIP_TMO_result/tradition/Raman/a4201.png,340,512,0.9050182387216282,0.8287137109354795,0.6618744426256328,0.8623684771479493,0.7623140600965398,0.9624228941993588,0.2503860294818878
a4202,/mnt/data_disk/HDRData/1000hdr/HDRtest/a4202-DSC_0439.exr,/mnt/data_disk/ZQL/TIP_TMO_result/tradition/Raman/a4202.png,343,512,0.7810356920930958,0.8103778533170045,0.06788843987588807,0.3743288837940798,0.7486577675881596,3.854133584422333e-24,0.22066742181777954
a4204,/mnt/data_disk/HDRData/1000hdr/HDRtest/a4204-_DGW7870.exr,/mnt/data_disk/ZQL/TIP_TMO_result/tradition/Raman/a4204.png,341,512,0.8786527271324148,0.8258971161687878,0.5067958677185089,0.93715660201226,0.8789136814154505,0.9953995226090696,0.10872029513120651
a4212,/mnt/data_disk/HDRData/1000hdr/HDRtest/a4212-Duggan_090321_5925.exr,/mnt/data_disk/ZQL/TIP_TMO_result/tradition/Raman/a4212.png,341,512,0.7504096429055641,0.721730762010152,0.05355621894422247,0.3405785180103632,0.6811570360207264,3.0983740773581027e-25,0.26790064573287964
a4214,/mnt/data_disk/HDRData/1000hdr/HDRtest/a4214-DSC_0267.exr,/mnt/data_disk/ZQL/TIP_TMO_result/tradition/Raman/a4214.png,343,512,0.8718359982211684,0.8635142482450964,0.4099365748457568,0.4381739136785863,0.8763478273571217,5.090659184226037e-14,0.19404196739196777
a4216,/mnt/data_disk/HDRData/1000hdr/HDRtest/a4216-DSC_0118.exr,/mnt/data_disk/ZQL/TIP_TMO_result/tradition/Raman/a4216.png,343,512,0.8007067068424814,0.8780171062045197,0.07146511419500373,0.41943362442538396,0.8388672488507679,2.5692594990857105e-30,0.20586729049682617
a4220,/mnt/data_disk/HDRData/1000hdr/HDRtest/a4220-Duggan_090305_5359.exr,/mnt/data_disk/ZQL/TIP_TMO_result/tradition/Raman/a4220.png,341,512,0.9513958599250658,0.8423138184800493,0.9450881498938541,0.4157947064609198,0.8313381691861462,0.0002512437356934141,0.22454947233200073
a4228,/mnt/data_disk/HDRData/1000hdr/HDRtest/a4228-DSC_0037-2.exr,/mnt/data_disk/ZQL/TIP_TMO_result/tradition/Raman/a4228.png,340,512,0.8838105529138792,0.9455558946906145,0.35889896696424617,0.9427337362647151,0.8870705789827987,0.9983968935466315,0.0875706598162651
a4230,/mnt/data_disk/HDRData/1000hdr/HDRtest/a4230-Duggan_090426_7798.exr,/mnt/data_disk/ZQL/TIP_TMO_result/tradition/Raman/a4230.png,341,512,0.8074636784164992,0.6746845260970856,0.36210915123128623,0.384823272417745,0.76964654483549,7.484416594081481e-25,0.27415817975997925
a4231,/mnt/data_disk/HDRData/1000hdr/HDRtest/a4231-Duggan_080326_5786.exr,/mnt/data_disk/ZQL/TIP_TMO_result/tradition/Raman/a4231.png,341,512,0.7378008488088896,0.5600558289059036,0.21236753900020985,0.3603911522463722,0.7207823044927444,2.918709283586832e-20,0.17515742778778076
a4232,/mnt/data_disk/HDRData/1000hdr/HDRtest/a4232-Duggan_090323_6181.exr,/mnt/data_disk/ZQL/TIP_TMO_result/tradition/Raman/a4232.png,341,512,0.8404092723572324,0.7990852732611473,0.33781440929212425,0.4100655487509492,0.8201310975018951,3.3033243881648277e-15,0.32875171303749084
a4235,/mnt/data_disk/HDRData/1000hdr/HDRtest/a4235-DSC_0433.exr,/mnt/data_disk/ZQL/TIP_TMO_result/tradition/Raman/a4235.png,343,512,0.820275965934333,0.8077619053565337,0.2270996499144313,0.3453409206921093,0.6906818413842104,8.221517797480978e-15,0.23289532959461212
a4236,/mnt/data_disk/HDRData/1000hdr/HDRtest/a4236-DSC_0384.exr,/mnt/data_disk/ZQL/TIP_TMO_result/tradition/Raman/a4236.png,343,512,0.7931189362799904,0.7987921995796389,0.12260589273816723,0.4002978927711527,0.8005957855423054,6.348867068995309e-23,0.19141267240047455
a4237,/mnt/data_disk/HDRData/1000hdr/HDRtest/a4237-20090417_at_18h06m01__MG_1955.exr,/mnt/data_disk/ZQL/TIP_TMO_result/tradition/Raman/a4237.png,341,512,0.8134328988821319,0.7985325506373796,0.2078970098409636,0.2937055594156119,0.5874111188312238,1.0768680088008741e-20,0.19918020069599152
a4238,/mnt/data_disk/HDRData/1000hdr/HDRtest/a4238-Duggan_090320_5609.exr,/mnt/data_disk/ZQL/TIP_TMO_result/tradition/Raman/a4238.png,341,512,0.8659788464115998,0.8336592157585897,0.4226404157160092,0.4143503987136002,0.8287007974165139,1.0686411315054004e-11,0.21310746669769287
a4239,/mnt/data_disk/HDRData/1000hdr/HDRtest/a4239-Duggan_080114_4429.exr,/mnt/data_disk/ZQL/TIP_TMO_result/tradition/Raman/a4239.png,341,512,0.7799738038992021,0.7771888466575938,0.09681471248698034,0.28764542556700184,0.5752908511340037,2.016537306641576e-23,0.18850772082805634
a4244,/mnt/data_disk/HDRData/1000hdr/HDRtest/a4244-Duggan_090504_8959.exr,/mnt/data_disk/ZQL/TIP_TMO_result/tradition/Raman/a4244.png,341,512,0.6754766641796364,0.5329981162706976,0.02372320837861801,0.3190300904945769,0.6380601809891538,3.2787294558000154e-19,0.22256410121917725
a4246,/mnt/data_disk/HDRData/1000hdr/HDRtest/a4246-Duggan_090330_6226.exr,/mnt/data_disk/ZQL/TIP_TMO_result/tradition/Raman/a4246.png,341,512,0.8080357874758585,0.6717486071028202,0.3701362031871107,0.3592174099696056,0.7184348131453161,6.793895146337426e-09,0.23948103189468384
a4249,/mnt/data_disk/HDRData/1000hdr/HDRtest/a4249-Duggan_090322_6001.exr,/mnt/data_disk/ZQL/TIP_TMO_result/tradition/Raman/a4249.png,341,512,0.7806392740862661,0.7771034289987645,0.09930599571626329,0.42235055718845455,0.8447011143769091,8.49828379658264e-31,0.29705414175987244
a4254,/mnt/data_disk/HDRData/1000hdr/HDRtest/a4254-DSC_0066.exr,/mnt/data_disk/ZQL/TIP_TMO_result/tradition/Raman/a4254.png,340,512,0.803400325980267,0.7665448730484865,0.20442898039550786,0.40855904376420615,0.8171170015120192,1.0860163931747748e-06,0.11706570535898209
a4258,/mnt/data_disk/HDRData/1000hdr/HDRtest/a4258-_DSC0012-4.exr,/mnt/data_disk/ZQL/TIP_TMO_result/tradition/Raman/a4258.png,340,512,0.7893763620360142,0.9083874609736993,0.017468092088020748,0.44271553637412064,0.8854310727481502,9.103840210836169e-14,0.05376020446419716
a4262,/mnt/data_disk/HDRData/1000hdr/HDRtest/a4262-DSC_0065.exr,/mnt/data_disk/ZQL/TIP_TMO_result/tradition/Raman/a4262.png,340,512,0.8668900898478489,0.820181044573683,0.4486318442350805,0.4169616462000538,0.7806402683032305,0.053283024096877095,0.12530045211315155
a4266,/mnt/data_disk/HDRData/1000hdr/HDRtest/a4266-DSC_0426.exr,/mnt/data_disk/ZQL/TIP_TMO_result/tradition/Raman/a4266.png,343,512,0.7416664102958104,0.6392120405719854,0.11366666544735998,0.3162764397643828,0.6325528795287656,2.2277902966893955e-24,0.2710353434085846
a4267,/mnt/data_disk/HDRData/1000hdr/HDRtest/a4267-20090414_at_23h13m08__MG_1367.exr,/mnt/data_disk/ZQL/TIP_TMO_result/tradition/Raman/a4267.png,341,512,0.7321443636182291,0.49164728648231065,0.3104277803239487,0.28669126608723394,0.5733825321725972,1.8707047762659862e-12,0.16876466572284698
a4271,/mnt/data_disk/HDRData/1000hdr/HDRtest/a4271-Duggan_090227_5232.exr,/mnt/data_disk/ZQL/TIP_TMO_result/tradition/Raman/a4271.png,341,512,0.9617870328689279,0.8764823037393095,0.9529525872770742,0.4560214106766063,0.9029788898064299,0.009063931546782627,0.23905198276042938
a4272,/mnt/data_disk/HDRData/1000hdr/HDRtest/a4272-DSC_0398.exr,/mnt/data_disk/ZQL/TIP_TMO_result/tradition/Raman/a4272.png,343,512,0.6123277741646216,0.40699033832085807,0.002749108435999469,0.2486009769449557,0.4972019538899114,5.300647434538819e-38,0.153026282787323
a4275,/mnt/data_disk/HDRData/1000hdr/HDRtest/a4275-09-05-12-at-17h46m31s-_MG_8890.exr,/mnt/data_disk/ZQL/TIP_TMO_result/tradition/Raman/a4275.png,341,512,0.7778641991686553,0.7700645788023351,0.09670251551480198,0.3259946154937484,0.6519892309874968,6.411464323640703e-25,0.2246774435043335
a4287,/mnt/data_disk/HDRData/1000hdr/HDRtest/a4287-_DSC0083.exr,/mnt/data_disk/ZQL/TIP_TMO_result/tradition/Raman/a4287.png,340,512,0.9320139111348094,0.8661006810364049,0.7697245310063909,0.5770894136488154,0.8915270938329567,0.262651733464674,0.13661590218544006
a4291,/mnt/data_disk/HDRData/1000hdr/HDRtest/a4291-20090417_at_18h46m58__MG_2026.exr,/mnt/data_disk/ZQL/TIP_TMO_result/tradition/Raman/a4291.png,341,512,0.7955595474412368,0.8972207781980138,0.040255585604279755,0.2977352953304969,0.5954705906609938,1.1493976159573217e-24,0.18397943675518036
a4297,/mnt/data_disk/HDRData/1000hdr/HDRtest/a4297-_DSC0034.exr,/mnt/data_disk/ZQL/TIP_TMO_result/tradition/Raman/a4297.png,340,512,0.8135330057461096,0.7418125009619723,0.28668612548650657,0.3631251573414388,0.7262503146828776,3.543791804586425e-18,0.1927071213722229
a4298,/mnt/data_disk/HDRData/1000hdr/HDRtest/a4298-Duggan_090504_9090.exr,/mnt/data_disk/ZQL/TIP_TMO_result/tradition/Raman/a4298.png,341,512,0.735436342221922,0.7386185972558004,0.005331652411689771,0.27766791730625684,0.5553358328930451,1.7194685306517395e-09,0.15089121460914612
a4302,/mnt/data_disk/HDRData/1000hdr/HDRtest/a4302-20090425_at_17h00m59__MG_0404.exr,/mnt/data_disk/ZQL/TIP_TMO_result/tradition/Raman/a4302.png,341,512,0.7516136059018025,0.7808589333795648,0.011832474020675263,0.32595278781125986,0.6519055756225197,1.2644372560212127e-33,0.30950579047203064
a4304,/mnt/data_disk/HDRData/1000hdr/HDRtest/a4304-09-05-19-at-18h03m17s-_MG_9540.exr,/mnt/data_disk/ZQL/TIP_TMO_result/tradition/Raman/a4304.png,341,512,0.7687803987471368,0.6980999137323451,0.14530997822305539,0.34591516965104774,0.6918303393007103,1.3852289844416142e-12,0.21916545927524567
a4307,/mnt/data_disk/HDRData/1000hdr/HDRtest/a4307-20050328_161219__MG_0628.exr,/mnt/data_disk/ZQL/TIP_TMO_result/tradition/Raman/a4307.png,341,512,0.9063057333781975,0.7884984467965636,0.7429569171823478,0.41744482853548626,0.8348896570709721,4.000744663815803e-16,0.12952668964862823
a4308,/mnt/data_disk/HDRData/1000hdr/HDRtest/a4308-Duggan_090209_4996.exr,/mnt/data_disk/ZQL/TIP_TMO_result/tradition/Raman/a4308.png,341,512,0.8680324254118447,0.8145371099385733,0.46403232295116625,0.39145228613252736,0.7819816350735667,0.0009229371914880083,0.2971121668815613
a4310,/mnt/data_disk/HDRData/1000hdr/HDRtest/a4310-DSC_0007.exr,/mnt/data_disk/ZQL/TIP_TMO_result/tradition/Raman/a4310.png,340,512,0.8184391414799522,0.8850956768634803,0.12869289513822857,0.4638323132292243,0.9276632384122571,1.3880461915828144e-06,0.11403729766607285
a4312,/mnt/data_disk/HDRData/1000hdr/HDRtest/a4312-20090417_at_16h32m44__MG_1867.exr,/mnt/data_disk/ZQL/TIP_TMO_result/tradition/Raman/a4312.png,341,512,0.8504976455142053,0.7068203211948756,0.5471554738100884,0.373079894517063,0.7461597890341249,1.0868376761717037e-15,0.33469530940055847
a4317,/mnt/data_disk/HDRData/1000hdr/HDRtest/a4317-DSC_0224.exr,/mnt/data_disk/ZQL/TIP_TMO_result/tradition/Raman/a4317.png,343,512,0.7992570103968057,0.7070612597165465,0.26878700890988166,0.33142570774379393,0.6628514154842782,3.309721250679449e-12,0.15148510038852692
a4318,/mnt/data_disk/HDRData/1000hdr/HDRtest/a4318-Duggan_090321_5920.exr,/mnt/data_disk/ZQL/TIP_TMO_result/tradition/Raman/a4318.png,341,512,0.822097066608971,0.9002456202166936,0.12735447342046766,0.42700757126436895,0.8540151425287104,2.7548908320026308e-14,0.1874425858259201
a4319,/mnt/data_disk/HDRData/1000hdr/HDRtest/a4319-DSC_0132.exr,/mnt/data_disk/ZQL/TIP_TMO_result/tradition/Raman/a4319.png,340,512,0.8117533811869424,0.8814954679316012,0.10689879014138987,0.40379565232900066,0.8075877475127629,3.5571452385198057e-06,0.14305926859378815
a4323,/mnt/data_disk/HDRData/1000hdr/HDRtest/a4323-DSC_0010.exr,/mnt/data_disk/ZQL/TIP_TMO_result/tradition/Raman/a4323.png,343,512,0.7857610085289437,0.7473147099522147,0.1531542199550868,0.3593040514632174,0.7186081029216436,4.791254353353386e-12,0.2702614963054657
a4324,/mnt/data_disk/HDRData/1000hdr/HDRtest/a4324-DSC_0002.exr,/mnt/data_disk/ZQL/TIP_TMO_result/tradition/Raman/a4324.png,343,512,0.7738532265823239,0.7738912508107376,0.07879321668630206,0.36730889719837223,0.7346177943965153,2.2917266258667796e-13,0.21472813189029694
a4326,/mnt/data_disk/HDRData/1000hdr/HDRtest/a4326-DSC_0461.exr,/mnt/data_disk/ZQL/TIP_TMO_result/tradition/Raman/a4326.png,343,512,0.8958645079961745,0.7428542160678996,0.7623803514462107,0.3410598217794685,0.6821192385657936,4.049931433085667e-07,0.17817790806293488
a4329,/mnt/data_disk/HDRData/1000hdr/HDRtest/a4329-DSC_0028.exr,/mnt/data_disk/ZQL/TIP_TMO_result/tradition/Raman/a4329.png,340,512,0.7511202751656896,0.7458273304457139,0.03477708109905344,0.3291959390904605,0.6583918781809209,5.833821966514105e-17,0.12094330042600632
a4331,/mnt/data_disk/HDRData/1000hdr/HDRtest/a4331-_DGW0241.exr,/mnt/data_disk/ZQL/TIP_TMO_result/tradition/Raman/a4331.png,341,512,0.7729811364161653,0.7086031736112774,0.1490745002936303,0.29110320114761035,0.5822064022952207,5.2225042966503915e-17,0.18182988464832306
a4335,/mnt/data_disk/HDRData/1000hdr/HDRtest/a4335-Duggan_090123_4520.exr,/mnt/data_disk/ZQL/TIP_TMO_result/tradition/Raman/a4335.png,341,512,0.8023901205798936,0.8266602988064736,0.12808972428867113,0.3548561215847827,0.7097122431695654,8.421841702579085e-27,0.32286006212234497
a4338,/mnt/data_disk/HDRData/1000hdr/HDRtest/a4338-DSC_0206.exr,/mnt/data_disk/ZQL/TIP_TMO_result/tradition/Raman/a4338.png,343,512,0.7784035386373365,0.7705341132158531,0.0981503954232707,0.3817511490194531,0.7635022980389049,1.3107922155418458e-15,0.13569523394107819
a4339,/mnt/data_disk/HDRData/1000hdr/HDRtest/a4339-Duggan_090111_4244.exr,/mnt/data_disk/ZQL/TIP_TMO_result/tradition/Raman/a4339.png,341,512,0.7614707141537049,0.6803904005097073,0.1384341533718382,0.388523246716262,0.777046493432524,5.887860747184423e-18,0.27902114391326904
a4340,/mnt/data_disk/HDRData/1000hdr/HDRtest/a4340-DSC_0441.exr,/mnt/data_disk/ZQL/TIP_TMO_result/tradition/Raman/a4340.png,343,512,0.6981271244120757,0.5598635731323734,0.058830860162221346,0.31127756468204487,0.6225551293640897,3.1447736059249976e-31,0.21649007499217987
a4342,/mnt/data_disk/HDRData/1000hdr/HDRtest/a4342-DSC_0043.exr,/mnt/data_disk/ZQL/TIP_TMO_result/tradition/Raman/a4342.png,340,512,0.7871630288925343,0.7039351116460923,0.2165676686465932,0.345783045582989,0.6915660911659779,7.049767339234696e-17,0.16399846971035004
a4345,/mnt/data_disk/HDRData/1000hdr/HDRtest/a4345-Duggan_080411_5976.exr,/mnt/data_disk/ZQL/TIP_TMO_result/tradition/Raman/a4345.png,341,512,0.8510539191076714,0.691900563073115,0.5785223726941391,0.3824880037315196,0.7649760074630318,7.328238471218683e-15,0.17968204617500305
a4354,/mnt/data_disk/HDRData/1000hdr/HDRtest/a4354-DSC_0347.exr,/mnt/data_disk/ZQL/TIP_TMO_result/tradition/Raman/a4354.png,343,512,0.9170527746160683,0.8506058952947698,0.6999527545976577,0.6187671966223445,0.8905389766095347,0.3469954166351541,0.24185892939567566
a4356,/mnt/data_disk/HDRData/1000hdr/HDRtest/a4356-_DSC1335.exr,/mnt/data_disk/ZQL/TIP_TMO_result/tradition/Raman/a4356.png,341,512,0.7167125590523972,0.5092073145505351,0.20383430921271517,0.7155802105790634,0.6265692763899744,0.8045911447681525,0.067487932741642
a4357,/mnt/data_disk/HDRData/1000hdr/HDRtest/a4357-Duggan_090124_4645.exr,/mnt/data_disk/ZQL/TIP_TMO_result/tradition/Raman/a4357.png,341,512,0.8138180655680612,0.8213382680167578,0.18120813207465308,0.3879258690506566,0.7758517381013132,1.1757105008838976e-17,0.2325182855129242
a4366,/mnt/data_disk/HDRData/1000hdr/HDRtest/a4366-DSC_0447.exr,/mnt/data_disk/ZQL/TIP_TMO_result/tradition/Raman/a4366.png,343,512,0.8010479414535607,0.8771606578359843,0.07334869925159931,0.3606857207200796,0.7213714414401592,1.272901707474777e-25,0.16237123310565948
a4368,/mnt/data_disk/HDRData/1000hdr/HDRtest/a4368-Duggan_090321_5857.exr,/mnt/data_disk/ZQL/TIP_TMO_result/tradition/Raman/a4368.png,341,512,0.8106400628108215,0.8177040772312834,0.1719591554733387,0.33134035680793356,0.6626807136158671,9.374362257828026e-21,0.25156909227371216
a4370,/mnt/data_disk/HDRData/1000hdr/HDRtest/a4370-DSC_0080.exr,/mnt/data_disk/ZQL/TIP_TMO_result/tradition/Raman/a4370.png,340,512,0.847897379524518,0.8049113172416679,0.3683677579394099,0.4068441916933392,0.8136883829611539,4.2552449438199725e-10,0.16481710970401764
a4374,/mnt/data_disk/HDRData/1000hdr/HDRtest/a4374-09-05-19-at-17h54m57s-_MG_9531.exr,/mnt/data_disk/ZQL/TIP_TMO_result/tradition/Raman/a4374.png,341,512,0.7736181118640978,0.7550684999259453,0.09732448892382083,0.3240081069206786,0.6480162138413572,2.1520969286015374e-20,0.1815943717956543
a4377,/mnt/data_disk/HDRData/1000hdr/HDRtest/a4377-IMG_4929.exr,/mnt/data_disk/ZQL/TIP_TMO_result/tradition/Raman/a4377.png,341,512,0.7696517693013056,0.8319318766472745,0.01932238223607236,0.35247604868710586,0.7049520973742117,1.8169051516208984e-30,0.190781369805336
a4382,/mnt/data_disk/HDRData/1000hdr/HDRtest/a4382-DSC_0261.exr,/mnt/data_disk/ZQL/TIP_TMO_result/tradition/Raman/a4382.png,343,512,0.7873085673130279,0.7693505241678164,0.13313046135507917,0.4086932677072271,0.8173865354144542,2.566371838249091e-23,0.24449637532234192
a4384,/mnt/data_disk/HDRData/1000hdr/HDRtest/a4384-DSC_0322.exr,/mnt/data_disk/ZQL/TIP_TMO_result/tradition/Raman/a4384.png,343,512,0.8506933478127141,0.7348291382827712,0.4978882637728397,0.3950822147821318,0.7901617502169025,2.679347361101617e-06,0.18100719153881073
a4385,/mnt/data_disk/HDRData/1000hdr/HDRtest/a4385-_DGW9650.exr,/mnt/data_disk/ZQL/TIP_TMO_result/tradition/Raman/a4385.png,341,512,0.7834417187068746,0.7704702410106896,0.11688750687273806,0.3577764297816017,0.7155528595632034,2.745145751502199e-19,0.25344136357307434
a4386,/mnt/data_disk/HDRData/1000hdr/HDRtest/a4386-Duggan_090124_4632.exr,/mnt/data_disk/ZQL/TIP_TMO_result/tradition/Raman/a4386.png,341,512,0.8187097107892206,0.8023617416979383,0.22694351815745195,0.3832246937448624,0.7664493874897235,1.3078452253727618e-15,0.184872567653656
a4392,/mnt/data_disk/HDRData/1000hdr/HDRtest/a4392-Duggan_090331_6554.exr,/mnt/data_disk/ZQL/TIP_TMO_result/tradition/Raman/a4392.png,341,512,0.8297933249590133,0.8694186060138501,0.19334441208856534,0.4546188097337281,0.9089647799794556,0.0002728394880006414,0.2355004996061325
a4394,/mnt/data_disk/HDRData/1000hdr/HDRtest/a4394-Duggan_090127_4837.exr,/mnt/data_disk/ZQL/TIP_TMO_result/tradition/Raman/a4394.png,341,512,0.8790857291860021,0.7131502942569705,0.7121319289261452,0.39234260569119145,0.784685192310629,1.9071753897417178e-08,0.23800502717494965
a4395,/mnt/data_disk/HDRData/1000hdr/HDRtest/a4395-Duggan_090503_8734.exr,/mnt/data_disk/ZQL/TIP_TMO_result/tradition/Raman/a4395.png,341,512,0.7579398953630146,0.7003744341598697,0.1008570679796762,0.5225524915897112,0.9095310648623784,0.13557391831704388,0.09866169095039368
a4396,/mnt/data_disk/HDRData/1000hdr/HDRtest/a4396-DSC_0073-2.exr,/mnt/data_disk/ZQL/TIP_TMO_result/tradition/Raman/a4396.png,340,512,0.9238217023463273,0.7989900241327395,0.8391096684388735,0.42965141741393087,0.8587624590065512,0.0005403758213105268,0.15351182222366333
a4398,/mnt/data_disk/HDRData/1000hdr/HDRtest/a4398-Duggan_050709_1062.exr,/mnt/data_disk/ZQL/TIP_TMO_result/tradition/Raman/a4398.png,341,512,0.8182197228486212,0.7363322314923385,0.31843209194340577,0.3645744123306646,0.7291488246613281,1.1538159706762013e-15,0.1850135773420334
a4399,/mnt/data_disk/HDRData/1000hdr/HDRtest/a4399-Duggan_080410_5879.exr,/mnt/data_disk/ZQL/TIP_TMO_result/tradition/Raman/a4399.png,341,512,0.7886919920046055,0.7333624226093761,0.18323966994985502,0.33599199672291474,0.6719839933700328,7.579666461541892e-11,0.15466053783893585
a4409,/mnt/data_disk/HDRData/1000hdr/HDRtest/a4409-Duggan_090503_8738.exr,/mnt/data_disk/ZQL/TIP_TMO_result/tradition/Raman/a4409.png,341,512,0.8139870273337374,0.9390146470772353,0.06294376934934015,0.4392202549983997,0.8777509381491879,0.0006895718476114245,0.20339536666870117
a4419,/mnt/data_disk/HDRData/1000hdr/HDRtest/a4419-_DGW0269.exr,/mnt/data_disk/ZQL/TIP_TMO_result/tradition/Raman/a4419.png,341,512,0.7332955172953941,0.7226744025675879,0.009936569295384648,0.2938824268336509,0.5877648536673018,4.2584220172553814e-26,0.21545347571372986
a4420,/mnt/data_disk/HDRData/1000hdr/HDRtest/a4420-DSC_0054.exr,/mnt/data_disk/ZQL/TIP_TMO_result/tradition/Raman/a4420.png,343,512,0.8477188732438168,0.7128471821648926,0.5197021901744959,0.26834461475603566,0.5366892295114899,5.81440745388272e-13,0.2235317975282669
a4421,/mnt/data_disk/HDRData/1000hdr/HDRtest/a4421-Duggan_090214_5129.exr,/mnt/data_disk/ZQL/TIP_TMO_result/tradition/Raman/a4421.png,341,512,0.7173524868827253,0.6885776597288193,0.001771233745476075,0.2848683032032306,0.5697366064064612,8.407480657055535e-31,0.1718757003545761
a4425,/mnt/data_disk/HDRData/1000hdr/HDRtest/a4425-DSC_0007.exr,/mnt/data_disk/ZQL/TIP_TMO_result/tradition/Raman/a4425.png,343,512,0.7123403453670599,0.6644029206506659,0.005475240218078316,0.36125648119800585,0.7225129623960117,2.1341789124317813e-35,0.24174901843070984
a4430,/mnt/data_disk/HDRData/1000hdr/HDRtest/a4430-09-05-19-at-19h04m03s-_MG_9559.exr,/mnt/data_disk/ZQL/TIP_TMO_result/tradition/Raman/a4430.png,341,512,0.6989357812448976,0.5553956586374508,0.06657671812826198,0.3401941931827904,0.6803883863655809,1.804379537586176e-17,0.1559697538614273
a4431,/mnt/data_disk/HDRData/1000hdr/HDRtest/a4431-Duggan_090330_6282.exr,/mnt/data_disk/ZQL/TIP_TMO_result/tradition/Raman/a4431.png,341,512,0.8419497550434011,0.9377372335034122,0.16859197868665113,0.5065034632886324,0.8200042896882369,0.19300263688902783,0.17515572905540466
a4432,/mnt/data_disk/HDRData/1000hdr/HDRtest/a4432-Duggan_081114_3124.exr,/mnt/data_disk/ZQL/TIP_TMO_result/tradition/Raman/a4432.png,341,512,0.8585102082254522,0.7165546745450377,0.5771770654983941,0.643317692558658,0.7498060641145147,0.5368293210028013,0.1733613759279251
a4433,/mnt/data_disk/HDRData/1000hdr/HDRtest/a4433-Duggan_090504_8957.exr,/mnt/data_disk/ZQL/TIP_TMO_result/tradition/Raman/a4433.png,341,512,0.9283295231287577,0.896533318653087,0.6933226962493697,0.81424679615293,0.9064325923022973,0.7220610000035629,0.17436347901821136
a4434,/mnt/data_disk/HDRData/1000hdr/HDRtest/a4434-20090414_at_23h05m38__MG_1365.exr,/mnt/data_disk/ZQL/TIP_TMO_result/tradition/Raman/a4434.png,341,512,0.6023950015197104,0.36961217160084575,0.016265787193939705,0.28020648734017006,0.5604129746803401,2.844741206326806e-20,0.08109457790851593
a4435,/mnt/data_disk/HDRData/1000hdr/HDRtest/a4435-WP_CRW_0591.exr,/mnt/data_disk/ZQL/TIP_TMO_result/tradition/Raman/a4435.png,341,512,0.7865531612983317,0.8104387129635078,0.0863819566679495,0.4035794367631682,0.8071588735263364,6.1229261965582406e-21,0.2719529867172241
a4436,/mnt/data_disk/HDRData/1000hdr/HDRtest/a4436-DSC_0153.exr,/mnt/data_disk/ZQL/TIP_TMO_result/tradition/Raman/a4436.png,343,512,0.9303768738884004,0.9043817330945148,0.6932403935322822,0.5855848324137177,0.8678922540818331,0.3032774107456024,0.15717428922653198
a4442,/mnt/data_disk/HDRData/1000hdr/HDRtest/a4442-Duggan_080629_9284.exr,/mnt/data_disk/ZQL/TIP_TMO_result/tradition/Raman/a4442.png,341,512,0.8559255687886541,0.7961477617863636,0.42541903918749463,0.3116740707650122,0.6233481415300233,1.0585272319366989e-15,0.20158886909484863
a4447,/mnt/data_disk/HDRData/1000hdr/HDRtest/a4447-Duggan_090321_5856.exr,/mnt/data_disk/ZQL/TIP_TMO_result/tradition/Raman/a4447.png,341,512,0.8577832722405285,0.7531106066326249,0.5072365415785239,0.37628962435802243,0.752579248397177,3.1886785998092536e-10,0.26505619287490845
a4448,/mnt/data_disk/HDRData/1000hdr/HDRtest/a4448-Duggan_080119_4778.exr,/mnt/data_disk/ZQL/TIP_TMO_result/tradition/Raman/a4448.png,341,512,0.8879523819923021,0.9120528902208719,0.42781935915561903,0.42546479738863235,0.8503753040860963,0.0005542906911683785,0.13922438025474548
a4449,/mnt/data_disk/HDRData/1000hdr/HDRtest/a4449-DSC_0030.exr,/mnt/data_disk/ZQL/TIP_TMO_result/tradition/Raman/a4449.png,343,512,0.8214892617391539,0.728323855231202,0.3477820902221698,0.33270366986181826,0.6654073397236283,8.179948852014515e-15,0.18542616069316864
a4452,/mnt/data_disk/HDRData/1000hdr/HDRtest/a4452-DSC_0084.exr,/mnt/data_disk/ZQL/TIP_TMO_result/tradition/Raman/a4452.png,340,512,0.8304427300975488,0.770103432994266,0.329599960572863,0.3980183282148313,0.7960366564280318,1.6307823108680409e-12,0.22917696833610535
a4455,/mnt/data_disk/HDRData/1000hdr/HDRtest/a4455-Duggan_080106_4325.exr,/mnt/data_disk/ZQL/TIP_TMO_result/tradition/Raman/a4455.png,341,512,0.8043825424632718,0.7919436514454467,0.17645684910208895,0.3226492946967383,0.6452985762675233,1.3125953325006617e-08,0.28450292348861694
a4456,/mnt/data_disk/HDRData/1000hdr/HDRtest/a4456-DSC_0472.exr,/mnt/data_disk/ZQL/TIP_TMO_result/tradition/Raman/a4456.png,343,512,0.8344287109266977,0.7309753345599347,0.41273160853364027,0.3764996129495186,0.752999224624536,1.2745012693443096e-09,0.2188025563955307
a4457,/mnt/data_disk/HDRData/1000hdr/HDRtest/a4457-_DSC0012-5.exr,/mnt/data_disk/ZQL/TIP_TMO_result/tradition/Raman/a4457.png,340,512,0.9432267043424605,0.8742226078909815,0.8297615512337727,0.8263363892808675,0.9117908462223808,0.7408819323393542,0.09467015415430069
a4465,/mnt/data_disk/HDRData/1000hdr/HDRtest/a4465-DSC_0051.exr,/mnt/data_disk/ZQL/TIP_TMO_result/tradition/Raman/a4465.png,340,512,0.7736236668568914,0.7316053535747299,0.12361904038545292,0.22677336028266337,0.45354672056532674,1.6472124188865776e-20,0.134855255484581
a4466,/mnt/data_disk/HDRData/1000hdr/HDRtest/a4466-20090327_at_11h08m58__MG_0964.exr,/mnt/data_disk/ZQL/TIP_TMO_result/tradition/Raman/a4466.png,341,512,0.7751398484912628,0.8059084143349999,0.05337212501744402,0.3300436040956881,0.6600872081913762,3.0402800770761906e-20,0.28357571363449097
a4467,/mnt/data_disk/HDRData/1000hdr/HDRtest/a4467-Duggan_090426_7873.exr,/mnt/data_disk/ZQL/TIP_TMO_result/tradition/Raman/a4467.png,341,512,0.8559556041860232,0.8025451829161219,0.4155245347160807,0.3989685253229186,0.7979365086128155,5.420330217027813e-07,0.2559794783592224
a4470,/mnt/data_disk/HDRData/1000hdr/HDRtest/a4470-Duggan_090123_4566.exr,/mnt/data_disk/ZQL/TIP_TMO_result/tradition/Raman/a4470.png,341,512,0.7788303032460717,0.8569594104153925,0.02470945867083577,0.38975657680020065,0.7795131536004013,3.432642895153581e-28,0.2532893419265747
a4471,/mnt/data_disk/HDRData/1000hdr/HDRtest/a4471-Duggan_090321_5859.exr,/mnt/data_disk/ZQL/TIP_TMO_result/tradition/Raman/a4471.png,341,512,0.810460217093077,0.8553506333539106,0.12876092911859646,0.3661591583926414,0.7323183167852828,8.745314419595128e-26,0.2737564146518707
a4472,/mnt/data_disk/HDRData/1000hdr/HDRtest/a4472-Duggan_090504_9026.exr,/mnt/data_disk/ZQL/TIP_TMO_result/tradition/Raman/a4472.png,341,512,0.9604592410595894,0.9150293743049117,0.8735849542310173,0.9454554398844173,0.8916074632888783,0.9993034164799561,0.2865014970302582
a4474,/mnt/data_disk/HDRData/1000hdr/HDRtest/a4474-09-05-19-at-18h56m31s-_MG_9553.exr,/mnt/data_disk/ZQL/TIP_TMO_result/tradition/Raman/a4474.png,341,512,0.8630453892242267,0.7860767917932198,0.4818520381578656,0.5341188076244476,0.8863956714142167,0.18184194383467847,0.13277876377105713
a4476,/mnt/data_disk/HDRData/1000hdr/HDRtest/a4476-IMG_4029.exr,/mnt/data_disk/ZQL/TIP_TMO_result/tradition/Raman/a4476.png,341,512,0.7413621573673795,0.6636511312021078,0.08356307841235582,0.38734648288860796,0.7746929657772159,2.68906201898574e-25,0.18476103246212006
a4477,/mnt/data_disk/HDRData/1000hdr/HDRtest/a4477-20090327_at_06h09m52__MG_0855.exr,/mnt/data_disk/ZQL/TIP_TMO_result/tradition/Raman/a4477.png,341,512,0.8092923356446159,0.7626881534916756,0.23652359178504603,0.3205353506561067,0.6410707013122003,1.3068747932553639e-14,0.23248586058616638
a4479,/mnt/data_disk/HDRData/1000hdr/HDRtest/a4479-09-05-19-at-18h39m42s-_MG_9545.exr,/mnt/data_disk/ZQL/TIP_TMO_result/tradition/Raman/a4479.png,341,512,0.8149740264219055,0.7644945917684767,0.260891414698859,0.3583993277902118,0.7167986555804226,1.0529952655864349e-15,0.27607735991477966
a4480,/mnt/data_disk/HDRData/1000hdr/HDRtest/a4480-Duggan_090201_4896.exr,/mnt/data_disk/ZQL/TIP_TMO_result/tradition/Raman/a4480.png,341,512,0.7926476713736147,0.696856595308474,0.25236249988098153,0.33748425187437114,0.6749685037487423,3.0985038210813306e-19,0.2783016562461853
a4487,/mnt/data_disk/HDRData/1000hdr/HDRtest/a4487-Duggan_090322_5971.exr,/mnt/data_disk/ZQL/TIP_TMO_result/tradition/Raman/a4487.png,341,512,0.7994235932093945,0.7287402274759939,0.23788828815536064,0.3506632872413184,0.7013265744826368,6.101985041826917e-25,0.22988922894001007
