id,hdr_path,ldr_path,height,width,tmqi_q,tmqi_s,tmqi_n,tmqi2_q,tmqi2_s,tmqi2_n,nlpd
a2808,/mnt/data_disk/HDRData/1000hdr/HDRtest/a2808-20080516_072208__MG_0018.exr,/mnt/data_disk/ZQL/TIP_TMO_result/tradition/Drago/a2808.png,341,512,0.9275900509479615,0.8479935093287129,0.7729857513390109,0.9125083114434076,0.8415271551049799,0.9834894677818354,0.19699279963970184
a2824,/mnt/data_disk/HDRData/1000hdr/HDRtest/a2824-dvf_035.exr,/mnt/data_disk/ZQL/TIP_TMO_result/tradition/Drago/a2824.png,341,512,0.8710175231637782,0.8099224354616639,0.48854232313370427,0.8316733816603981,0.8215948505795904,0.8417519127412058,0.12442851811647415
a2854,/mnt/data_disk/HDRData/1000hdr/HDRtest/a2854-NKIM_MG_7374.exr,/mnt/data_disk/ZQL/TIP_TMO_result/tradition/Drago/a2854.png,341,512,0.9054157110623083,0.9354114572605524,0.4925589620213338,0.7578868672977108,0.9248837357073645,0.5908899988880572,0.2935718297958374
a2861,/mnt/data_disk/HDRData/1000hdr/HDRtest/a2861-IMG_4397.exr,/mnt/data_disk/ZQL/TIP_TMO_result/tradition/Drago/a2861.png,341,512,nan,nan,0.08629718767712989,0.3267500171305411,0.6535000342610822,2.546286506349324e-19,0.18224653601646423
a2862,/mnt/data_disk/HDRData/1000hdr/HDRtest/a2862-_DSC0055.exr,/mnt/data_disk/ZQL/TIP_TMO_result/tradition/Drago/a2862.png,340,512,0.9614326849957193,0.8655862485668475,0.9710060064694322,0.952656523642726,0.9168510073689133,0.9884620399165388,0.18736664950847626
a2876,/mnt/data_disk/HDRData/1000hdr/HDRtest/a2876-jn_20080130_Las_Vegas_0082.exr,/mnt/data_disk/ZQL/TIP_TMO_result/tradition/Drago/a2876.png,341,512,0.7984477653949309,0.4950475942031018,0.682891588598054,0.8513910256379812,0.7155398588109892,0.9872421924649731,0.23989373445510864
a2883,/mnt/data_disk/HDRData/1000hdr/HDRtest/a2883-_DSC0008-2.exr,/mnt/data_disk/ZQL/TIP_TMO_result/tradition/Drago/a2883.png,340,512,0.8337324804036769,0.8278814036802051,0.26390407132003896,0.8498785272392642,0.7401836661967288,0.9595733882817995,0.06940937042236328
a2913,/mnt/data_disk/HDRData/1000hdr/HDRtest/a2913-IMG_0138.exr,/mnt/data_disk/ZQL/TIP_TMO_result/tradition/Drago/a2913.png,341,512,0.9217778730047064,0.7664176518138119,0.889320041519122,0.9418320830100502,0.8974014595833611,0.9862627064367393,0.22584927082061768
a2933,/mnt/data_disk/HDRData/1000hdr/HDRtest/a2933-_I2E7313.exr,/mnt/data_disk/ZQL/TIP_TMO_result/tradition/Drago/a2933.png,341,512,0.7224548992798103,0.42222708402091247,0.4135043614982597,0.3347745365988507,0.6695388287493318,1.0244448369635887e-05,0.22668993473052979
a2956,/mnt/data_disk/HDRData/1000hdr/HDRtest/a2956-KE_-0035.exr,/mnt/data_disk/ZQL/TIP_TMO_result/tradition/Drago/a2956.png,340,512,0.9623502800940005,0.885753589542612,0.9396311154201505,0.6481211291604221,0.7567308381040017,0.5395114202168424,0.1722274273633957
a2986,/mnt/data_disk/HDRData/1000hdr/HDRtest/a2986-_DGW6325.exr,/mnt/data_disk/ZQL/TIP_TMO_result/tradition/Drago/a2986.png,341,512,0.8237191034224519,0.7701892816807538,0.2954714893165333,0.8862960587234578,0.8565848494126939,0.9160072680342217,0.2636551260948181
a3267,/mnt/data_disk/HDRData/1000hdr/HDRtest/a3267-WP_CRW_0087.exr,/mnt/data_disk/ZQL/TIP_TMO_result/tradition/Drago/a3267.png,341,512,0.941614130954383,0.8266857475262848,0.9072221633762994,0.9320643082900408,0.8657145611754056,0.998414055404676,0.21091732382774353
a3285,/mnt/data_disk/HDRData/1000hdr/HDRtest/a3285-CRW_0291.exr,/mnt/data_disk/ZQL/TIP_TMO_result/tradition/Drago/a3285.png,341,512,0.9262727692814492,0.8296815628178456,0.797675447744885,0.9428059640217326,0.9007784275984864,0.9848335004449787,0.3355558514595032
a3288,/mnt/data_disk/HDRData/1000hdr/HDRtest/a3288-KE_-0049.exr,/mnt/data_disk/ZQL/TIP_TMO_result/tradition/Drago/a3288.png,340,512,0.8587014824843906,0.7414045902968193,0.5331474413845099,0.9090510341193416,0.8284532018753428,0.9896488663633404,0.18159806728363037
a3306,/mnt/data_disk/HDRData/1000hdr/HDRtest/a3306-IMG_4969.exr,/mnt/data_disk/ZQL/TIP_TMO_result/tradition/Drago/a3306.png,341,512,0.8546331026679717,0.7560982578833616,0.4838850535052642,0.7286351148105418,0.8235276265366066,0.6337426030844769,0.20454011857509613
a3312,/mnt/data_disk/HDRData/1000hdr/HDRtest/a3312-IMG_1063.exr,/mnt/data_disk/ZQL/TIP_TMO_result/tradition/Drago/a3312.png,341,512,0.8734031570610683,0.7050823184661639,0.691761958112915,0.4355842273299416,0.751811053279789,0.11935740138009426,0.2115311473608017
a3315,/mnt/data_disk/HDRData/1000hdr/HDRtest/a3315-MB_20030906_022.exr,/mnt/data_disk/ZQL/TIP_TMO_result/tradition/Drago/a3315.png,341,512,0.856540565642762,0.7812241267194591,0.45284174184694614,0.8977599698771659,0.8087130178063001,0.9868069219480317,0.30138376355171204
a3316,/mnt/data_disk/HDRData/1000hdr/HDRtest/a3316-20051225_163230__MG_1390.exr,/mnt/data_disk/ZQL/TIP_TMO_result/tradition/Drago/a3316.png,341,512,0.937290782256164,0.9313903881370296,0.6927148535628144,0.9313734595112548,0.9168681451313675,0.9458787738911422,0.12690772116184235
a3318,/mnt/data_disk/HDRData/1000hdr/HDRtest/a3318-JI2E5722.exr,/mnt/data_disk/ZQL/TIP_TMO_result/tradition/Drago/a3318.png,341,512,0.899010490062762,0.9060128444573833,0.49946742965560487,0.9237053735816707,0.8482476199111066,0.9991631272522347,0.12239226698875427
a3321,/mnt/data_disk/HDRData/1000hdr/HDRtest/a3321-DSC_0054.exr,/mnt/data_disk/ZQL/TIP_TMO_result/tradition/Drago/a3321.png,340,512,0.9749599970368739,0.9376297724093414,0.9334117593938777,0.7184703646961534,0.9493580692069236,0.48758266018538327,0.09582086652517319
a3325,/mnt/data_disk/HDRData/1000hdr/HDRtest/a3325-050819_154342__MG_5227.exr,/mnt/data_disk/ZQL/TIP_TMO_result/tradition/Drago/a3325.png,341,512,0.956976107833999,0.8420068213668682,0.9848727677927597,0.9420142167492773,0.8848687691615242,0.9991596643370305,0.10233672708272934
a3337,/mnt/data_disk/HDRData/1000hdr/HDRtest/a3337-dgw_112.exr,/mnt/data_disk/ZQL/TIP_TMO_result/tradition/Drago/a3337.png,341,512,0.7788803962910703,0.7107335239526256,0.1708730754093404,0.8737488994062622,0.7859506180445439,0.9615471807679805,0.34997400641441345
a3339,/mnt/data_disk/HDRData/1000hdr/HDRtest/a3339-_MG_7202.exr,/mnt/data_disk/ZQL/TIP_TMO_result/tradition/Drago/a3339.png,341,512,0.8985743790442529,0.7771507592115591,0.7141725348728022,0.43291828665645576,0.7638293486865055,0.10200722462640596,0.20619013905525208
a3341,/mnt/data_disk/HDRData/1000hdr/HDRtest/a3341-jmac_DSC2590.exr,/mnt/data_disk/ZQL/TIP_TMO_result/tradition/Drago/a3341.png,340,512,0.9098286203196625,0.7614893726241037,0.8181727770942895,0.6936874067293748,0.8182937498967582,0.5690810635619913,0.12515071034431458
a3344,/mnt/data_disk/HDRData/1000hdr/HDRtest/a3344-NKIM_MG_6348.exr,/mnt/data_disk/ZQL/TIP_TMO_result/tradition/Drago/a3344.png,341,512,0.9766076079921238,0.9267070804469514,0.9644905470998989,0.9258724743375154,0.8627563023624102,0.9889886463126206,0.06747898459434509
a3345,/mnt/data_disk/HDRData/1000hdr/HDRtest/a3345-20080514_105211__MG_9917.exr,/mnt/data_disk/ZQL/TIP_TMO_result/tradition/Drago/a3345.png,341,512,0.9131787178531076,0.8737495137590006,0.6360040972453088,0.5322008649826403,0.7792970962084083,0.28510463375687234,0.16844189167022705
a3351,/mnt/data_disk/HDRData/1000hdr/HDRtest/a3351-KE_-1722.exr,/mnt/data_disk/ZQL/TIP_TMO_result/tradition/Drago/a3351.png,340,512,0.8905736077997111,0.8114110572372416,0.6022899697304025,0.8006496389501352,0.7640085774483409,0.8372907004519293,0.13255055248737335
a3356,/mnt/data_disk/HDRData/1000hdr/HDRtest/a3356-_DSC9981.exr,/mnt/data_disk/ZQL/TIP_TMO_result/tradition/Drago/a3356.png,341,512,0.8870041640794571,0.7708951040475889,0.6522783364644169,0.457427921631108,0.6561368817084215,0.25871896155379454,0.1828889101743698
a3360,/mnt/data_disk/HDRData/1000hdr/HDRtest/a3360-IMG_0017.exr,/mnt/data_disk/ZQL/TIP_TMO_result/tradition/Drago/a3360.png,341,512,0.9017469498418218,0.8184864095735509,0.6592660910967051,0.887123988426755,0.9078100631926032,0.8664379136609068,0.18495340645313263
a3365,/mnt/data_disk/HDRData/1000hdr/HDRtest/a3365-jn_20071207_Xmas_House_0124.exr,/mnt/data_disk/ZQL/TIP_TMO_result/tradition/Drago/a3365.png,341,512,0.9045824744940074,0.7420679406738212,0.8217491156440689,0.8578660587554316,0.7798787432812048,0.9358533742296585,0.13400891423225403
a3366,/mnt/data_disk/HDRData/1000hdr/HDRtest/a3366-Ja_Pe-6.exr,/mnt/data_disk/ZQL/TIP_TMO_result/tradition/Drago/a3366.png,288,512,0.8890063083262567,0.7530640185952835,0.6982264916989728,0.8764544926176584,0.8689239403474193,0.8839850448878975,0.23718754947185516
a3369,/mnt/data_disk/HDRData/1000hdr/HDRtest/a3369-IMG_0004.exr,/mnt/data_disk/ZQL/TIP_TMO_result/tradition/Drago/a3369.png,341,512,0.8232238363306783,0.7813762403282445,0.27697218094802706,0.7075245422249894,0.8532403200421571,0.5618087644078218,0.26510360836982727
a3371,/mnt/data_disk/HDRData/1000hdr/HDRtest/a3371-07-12-01-at-11h32m58s-_MG_8498.exr,/mnt/data_disk/ZQL/TIP_TMO_result/tradition/Drago/a3371.png,341,512,0.9554173021354185,0.8650717741954494,0.9299153172246548,0.890646678138934,0.784384000735394,0.996909355542474,0.21541525423526764
a3382,/mnt/data_disk/HDRData/1000hdr/HDRtest/a3382-IMG_4032.exr,/mnt/data_disk/ZQL/TIP_TMO_result/tradition/Drago/a3382.png,341,512,0.9445091298948703,0.8581641311562335,0.8677382439833357,0.9409243940416954,0.8990532722970621,0.9827955157863287,0.15733292698860168
a3388,/mnt/data_disk/HDRData/1000hdr/HDRtest/a3388-jmac_DSC2214.exr,/mnt/data_disk/ZQL/TIP_TMO_result/tradition/Drago/a3388.png,340,512,0.9548757616122858,0.8826950946947825,0.8935423649905393,0.8969644386011235,0.7946608681955071,0.9992680090067401,0.1371268630027771
a3390,/mnt/data_disk/HDRData/1000hdr/HDRtest/a3390-dgw_070.exr,/mnt/data_disk/ZQL/TIP_TMO_result/tradition/Drago/a3390.png,341,512,0.8554901851711166,0.7012273811357965,0.5876767119992845,0.8639639443013656,0.8001287499360737,0.9277991386666574,0.24298670887947083
a3391,/mnt/data_disk/HDRData/1000hdr/HDRtest/a3391-050904_125814__I2E8654.exr,/mnt/data_disk/ZQL/TIP_TMO_result/tradition/Drago/a3391.png,341,512,0.8882149981960327,0.7240817200833187,0.7495201838469556,0.6338750856011443,0.8223090681941807,0.44544110300810785,0.22032639384269714
a3393,/mnt/data_disk/HDRData/1000hdr/HDRtest/a3393-_DSC0057.exr,/mnt/data_disk/ZQL/TIP_TMO_result/tradition/Drago/a3393.png,340,512,0.7933124669770198,0.8185142276530991,0.10238614379272995,0.9347378295999498,0.8847628037031411,0.9847128554967585,0.1448751837015152
a3394,/mnt/data_disk/HDRData/1000hdr/HDRtest/a3394-_DGW6419.exr,/mnt/data_disk/ZQL/TIP_TMO_result/tradition/Drago/a3394.png,341,512,0.8596540513685788,0.7375041579029286,0.5457576392904699,0.8075602003456839,0.733696443507227,0.8814239571841409,0.355703741312027
a3400,/mnt/data_disk/HDRData/1000hdr/HDRtest/a3400-07-11-04-at-17h36m14s-_MG_4004.exr,/mnt/data_disk/ZQL/TIP_TMO_result/tradition/Drago/a3400.png,341,512,0.8452282462438655,0.6723935118707622,0.5808588974361835,0.34066321379707115,0.6736209327033731,0.0077054948907692355,0.20252898335456848
a3401,/mnt/data_disk/HDRData/1000hdr/HDRtest/a3401-20061111_122429__E6B5415.exr,/mnt/data_disk/ZQL/TIP_TMO_result/tradition/Drago/a3401.png,341,512,0.9034901796116063,0.8818242705332251,0.5635787222480176,0.9565733110523784,0.9326950139803267,0.9804516081244302,0.11574042588472366
a3402,/mnt/data_disk/HDRData/1000hdr/HDRtest/a3402-jmac_DSC3153.exr,/mnt/data_disk/ZQL/TIP_TMO_result/tradition/Drago/a3402.png,340,512,0.9123842779886396,0.837079207940806,0.693860716898612,0.949751571530167,0.9017513671298274,0.9977517759305067,0.15794692933559418
a3413,/mnt/data_disk/HDRData/1000hdr/HDRtest/a3413-20041217_193556__E6B0485.exr,/mnt/data_disk/ZQL/TIP_TMO_result/tradition/Drago/a3413.png,341,512,0.894211231824181,0.7785576509715991,0.6836621914980856,0.5506853349503072,0.7877663320076628,0.31360433789295167,0.1558935046195984
a3414,/mnt/data_disk/HDRData/1000hdr/HDRtest/a3414-DSC_0002.exr,/mnt/data_disk/ZQL/TIP_TMO_result/tradition/Drago/a3414.png,340,512,0.950672411456274,0.8520314015234293,0.9215444265087023,0.7976710747847742,0.8671544111309051,0.7281877384386434,0.17601510882377625
a3415,/mnt/data_disk/HDRData/1000hdr/HDRtest/a3415-jmac_DSC6092.exr,/mnt/data_disk/ZQL/TIP_TMO_result/tradition/Drago/a3415.png,340,512,0.9613886812116951,0.9155887140047603,0.8789407169811329,0.9359252841665378,0.911134876344004,0.9607156919890715,0.11903493851423264
a3416,/mnt/data_disk/HDRData/1000hdr/HDRtest/a3416-IMG_4746.exr,/mnt/data_disk/ZQL/TIP_TMO_result/tradition/Drago/a3416.png,341,512,0.9182271048566306,0.7394914993798479,0.9200219879265109,0.8832830693145866,0.8471069862932719,0.9194591523359011,0.22224865853786469
a3418,/mnt/data_disk/HDRData/1000hdr/HDRtest/a3418-2004-02-07 16-53-50 CRW_3754.exr,/mnt/data_disk/ZQL/TIP_TMO_result/tradition/Drago/a3418.png,341,512,0.9173863033734342,0.8707946849354874,0.6673304273558331,0.8585382009082425,0.872454441664883,0.8446219601516021,0.08337616175413132
a3422,/mnt/data_disk/HDRData/1000hdr/HDRtest/a3422-WP_CRW_0302.exr,/mnt/data_disk/ZQL/TIP_TMO_result/tradition/Drago/a3422.png,341,512,0.9684802768614927,0.8799020181330448,0.9936472233471519,0.9392593855353091,0.8839774495929376,0.9945413214776806,0.15444812178611755
a3424,/mnt/data_disk/HDRData/1000hdr/HDRtest/a3424-CRW_0163.exr,/mnt/data_disk/ZQL/TIP_TMO_result/tradition/Drago/a3424.png,341,512,0.9368596845227686,0.8153151539815245,0.8963999913793582,0.8767013710150853,0.836655351414946,0.9167473906152247,0.25534191727638245
a3431,/mnt/data_disk/HDRData/1000hdr/HDRtest/a3431-_DSC0103-3.exr,/mnt/data_disk/ZQL/TIP_TMO_result/tradition/Drago/a3431.png,340,512,0.9236127717653887,0.804940361965494,0.8263126998401649,0.8785928776739069,0.901284585210188,0.8559011701376258,0.11523674428462982
a3432,/mnt/data_disk/HDRData/1000hdr/HDRtest/a3432-jmac_DSC3184.exr,/mnt/data_disk/ZQL/TIP_TMO_result/tradition/Drago/a3432.png,340,512,0.948221555978849,0.8347711297336128,0.9374616910161411,0.9505847007444943,0.9047432324022898,0.9964261690866989,0.12097584456205368
a3433,/mnt/data_disk/HDRData/1000hdr/HDRtest/a3433-NKIM_MG_8213.exr,/mnt/data_disk/ZQL/TIP_TMO_result/tradition/Drago/a3433.png,341,512,0.9077302459699415,0.8168874029072896,0.7000562452686322,0.9132639889987318,0.8630997133683677,0.963428264629096,0.23244667053222656
a3439,/mnt/data_disk/HDRData/1000hdr/HDRtest/a3439-IMG_3798.exr,/mnt/data_disk/ZQL/TIP_TMO_result/tradition/Drago/a3439.png,341,512,0.9022511124228504,0.7241606375769748,0.8425492475789709,0.9596417325037951,0.963741071299173,0.9555423937084173,0.1189674362540245
a3441,/mnt/data_disk/HDRData/1000hdr/HDRtest/a3441-dgw_064.exr,/mnt/data_disk/ZQL/TIP_TMO_result/tradition/Drago/a3441.png,341,512,0.9346693090321094,0.8192539613770919,0.873823131382035,0.9412720936656054,0.9005236158421936,0.982020571489017,0.24609559774398804
a3444,/mnt/data_disk/HDRData/1000hdr/HDRtest/a3444-WP_CRW_6313.exr,/mnt/data_disk/ZQL/TIP_TMO_result/tradition/Drago/a3444.png,341,512,0.8994062735719064,0.7959775617465487,0.6847700539290169,0.7294600970655258,0.7234933239891725,0.735426870141879,0.15857969224452972
a3446,/mnt/data_disk/HDRData/1000hdr/HDRtest/a3446-050730_134124__MG_3716.exr,/mnt/data_disk/ZQL/TIP_TMO_result/tradition/Drago/a3446.png,341,512,0.927506618614189,0.937145223160042,0.6220285537129497,0.9475185423487973,0.9028547884907048,0.9921822962068898,0.19644424319267273
a3448,/mnt/data_disk/HDRData/1000hdr/HDRtest/a3448-IMG_0113.exr,/mnt/data_disk/ZQL/TIP_TMO_result/tradition/Drago/a3448.png,341,512,0.8818215171458713,0.7324225098820627,0.6919087419951137,0.9352678059721586,0.8801960034424252,0.9903396085018922,0.22081348299980164
a3449,/mnt/data_disk/HDRData/1000hdr/HDRtest/a3449-jmac_DSC2669.exr,/mnt/data_disk/ZQL/TIP_TMO_result/tradition/Drago/a3449.png,340,512,0.9680233201568853,0.9294634206944781,0.8998816014049259,0.9077841690032522,0.9233204948797703,0.892247843126734,0.11631697416305542
a3451,/mnt/data_disk/HDRData/1000hdr/HDRtest/a3451-IMG_1088.exr,/mnt/data_disk/ZQL/TIP_TMO_result/tradition/Drago/a3451.png,341,512,0.9317497988916629,0.8272731474687196,0.8388221802615751,0.9274638419730057,0.868319910622763,0.9866077733232482,0.27049970626831055
a3452,/mnt/data_disk/HDRData/1000hdr/HDRtest/a3452-IMG_1205.exr,/mnt/data_disk/ZQL/TIP_TMO_result/tradition/Drago/a3452.png,341,512,0.8567770025512813,0.9617192864164444,0.2067625960011769,0.4759699078774867,0.9297995502267411,0.022140265528232384,0.06487708538770676
a3456,/mnt/data_disk/HDRData/1000hdr/HDRtest/a3456-DSC_0006-1-2.exr,/mnt/data_disk/ZQL/TIP_TMO_result/tradition/Drago/a3456.png,340,512,0.9555573366333693,0.8450634017900126,0.9689540589745343,0.96107343456065,0.9296565575376532,0.9924903115836468,0.13718652725219727
a3457,/mnt/data_disk/HDRData/1000hdr/HDRtest/a3457-NKIM_025.exr,/mnt/data_disk/ZQL/TIP_TMO_result/tradition/Drago/a3457.png,341,512,0.9590845186207914,0.8899462216386997,0.9092702864085216,0.9317996327600031,0.9077869695600221,0.9558122959599842,0.17148545384407043
a3460,/mnt/data_disk/HDRData/1000hdr/HDRtest/a3460-20080514_105637__MG_9928.exr,/mnt/data_disk/ZQL/TIP_TMO_result/tradition/Drago/a3460.png,341,512,0.9112922269001784,0.7901711136359243,0.7724474584588576,0.8943146266625004,0.8783544334319834,0.9102748198930175,0.1825600564479828
a3462,/mnt/data_disk/HDRData/1000hdr/HDRtest/a3462-dgw_051.exr,/mnt/data_disk/ZQL/TIP_TMO_result/tradition/Drago/a3462.png,341,512,0.921511614902792,0.7478525886724587,0.9254111112504887,0.8969792239979422,0.7999948261171983,0.9939636218786859,0.2734118103981018
a3464,/mnt/data_disk/HDRData/1000hdr/HDRtest/a3464-tc_DSC2199.exr,/mnt/data_disk/ZQL/TIP_TMO_result/tradition/Drago/a3464.png,340,512,0.9021969663029118,0.6917646896289552,0.9108364650461316,0.8963793854682165,0.8282021640965928,0.9645566068398402,0.15265008807182312
a3465,/mnt/data_disk/HDRData/1000hdr/HDRtest/a3465-20060619_114622__MG_9153.exr,/mnt/data_disk/ZQL/TIP_TMO_result/tradition/Drago/a3465.png,341,512,0.9071550461249216,0.8910774993912101,0.5708540506040589,0.9153281147709028,0.8645331057810957,0.96612312376071,0.1725919395685196
a3466,/mnt/data_disk/HDRData/1000hdr/HDRtest/a3466-IMG_3941.exr,/mnt/data_disk/ZQL/TIP_TMO_result/tradition/Drago/a3466.png,341,512,0.9537644080949494,0.8738168355347952,0.9022085100084262,0.9389162324594349,0.9143264554623294,0.9635060094565403,0.16778990626335144
a3468,/mnt/data_disk/HDRData/1000hdr/HDRtest/a3468-IMG_4793.exr,/mnt/data_disk/ZQL/TIP_TMO_result/tradition/Drago/a3468.png,341,512,0.9318019294118629,0.8625334990538679,0.7746708599514952,0.9507495330742717,0.905340904206415,0.9961581619421285,0.13467003405094147
a3470,/mnt/data_disk/HDRData/1000hdr/HDRtest/a3470-IMG_0835.exr,/mnt/data_disk/ZQL/TIP_TMO_result/tradition/Drago/a3470.png,341,512,0.8741276691704556,0.7443388758331545,0.6210727223436122,0.8940111725780404,0.8417308190875371,0.9462915260685437,0.2433517426252365
a3474,/mnt/data_disk/HDRData/1000hdr/HDRtest/a3474-jmac_MG_1125.exr,/mnt/data_disk/ZQL/TIP_TMO_result/tradition/Drago/a3474.png,341,512,0.938308165906712,0.9062016179214071,0.7412655268957538,0.927148876891067,0.9195859972827454,0.9347117564993886,0.103683702647686
a3477,/mnt/data_disk/HDRData/1000hdr/HDRtest/a3477-_DSC0048.exr,/mnt/data_disk/ZQL/TIP_TMO_result/tradition/Drago/a3477.png,340,512,0.8757279460875754,0.7692822376478258,0.5856126671197189,0.8252689119719456,0.8647483781437927,0.7857894458000986,0.18203520774841309
a3483,/mnt/data_disk/HDRData/1000hdr/HDRtest/a3483-_DSC0023-1.exr,/mnt/data_disk/ZQL/TIP_TMO_result/tradition/Drago/a3483.png,340,512,0.8923997415766585,0.8006581411542647,0.6323510938551746,0.931751901587333,0.901058591820871,0.9624452113537949,0.09496815502643585
a3486,/mnt/data_disk/HDRData/1000hdr/HDRtest/a3486-jmac_DSC3897.exr,/mnt/data_disk/ZQL/TIP_TMO_result/tradition/Drago/a3486.png,343,512,0.8470911343224545,0.7043726613714875,0.5314723529636909,0.7730370154545687,0.8715918624530408,0.6744821684560965,0.20944949984550476
a3491,/mnt/data_disk/HDRData/1000hdr/HDRtest/a3491-DSC_0091.exr,/mnt/data_disk/ZQL/TIP_TMO_result/tradition/Drago/a3491.png,340,512,0.9581812822124847,0.878530389427852,0.924019205537372,0.9434633181148604,0.8925099214021106,0.9944167148276101,0.16241003572940826
a3493,/mnt/data_disk/HDRData/1000hdr/HDRtest/a3493-IMG_0279.exr,/mnt/data_disk/ZQL/TIP_TMO_result/tradition/Drago/a3493.png,341,512,0.8739756579165967,0.7113656434678215,0.6830023291769634,0.4553437146303015,0.7963309182270093,0.11435651103359368,0.2205408662557602
a3499,/mnt/data_disk/HDRData/1000hdr/HDRtest/a3499-jn_2007_12_11__BU_CRUISE_019.exr,/mnt/data_disk/ZQL/TIP_TMO_result/tradition/Drago/a3499.png,341,512,0.9148315973429579,0.7168109727584756,0.9444008271805188,0.865253162782794,0.7707371910824485,0.9597691344831393,0.1465444266796112
a3503,/mnt/data_disk/HDRData/1000hdr/HDRtest/a3503-050731_155906__I2E5378.exr,/mnt/data_disk/ZQL/TIP_TMO_result/tradition/Drago/a3503.png,341,512,0.9409268680099754,0.8559453533350546,0.8475187066524741,0.882783247548412,0.769170106877036,0.9963963882197879,0.1658318191766739
a3504,/mnt/data_disk/HDRData/1000hdr/HDRtest/a3504-IMG_0903.exr,/mnt/data_disk/ZQL/TIP_TMO_result/tradition/Drago/a3504.png,341,512,0.9271457665957222,0.8851081019558231,0.7050755489120765,0.9366035630690841,0.937261376448155,0.9359457496900131,0.15893107652664185
a3505,/mnt/data_disk/HDRData/1000hdr/HDRtest/a3505-CRW_0288.exr,/mnt/data_disk/ZQL/TIP_TMO_result/tradition/Drago/a3505.png,341,512,0.9020575523169216,0.8571988480452984,0.5950019648077239,0.7959771593797225,0.9261491761986644,0.6658051425607805,0.22314000129699707
a3508,/mnt/data_disk/HDRData/1000hdr/HDRtest/a3508-NKIM_095.exr,/mnt/data_disk/ZQL/TIP_TMO_result/tradition/Drago/a3508.png,341,512,0.8946479130544049,0.7897618398361775,0.6659331816711357,0.9397306457697832,0.9007015130307601,0.9787597785088062,0.29907411336898804
a3509,/mnt/data_disk/HDRData/1000hdr/HDRtest/a3509-_DGW6337.exr,/mnt/data_disk/ZQL/TIP_TMO_result/tradition/Drago/a3509.png,341,512,0.9270839742338334,0.835588055815728,0.7921921143014194,0.9235157562369107,0.8621702177100742,0.9848612947637473,0.35000258684158325
a3510,/mnt/data_disk/HDRData/1000hdr/HDRtest/a3510-JI2E4365.exr,/mnt/data_disk/ZQL/TIP_TMO_result/tradition/Drago/a3510.png,341,512,0.9288418786461434,0.7635488791893934,0.9440306247174959,0.8546635011712282,0.7107595156524572,0.9985674866899993,0.25235435366630554
a3511,/mnt/data_disk/HDRData/1000hdr/HDRtest/a3511-jmac_MG_0542.exr,/mnt/data_disk/ZQL/TIP_TMO_result/tradition/Drago/a3511.png,341,512,0.8960783446057266,0.8241509403210208,0.6141327611825438,0.5814264969426814,0.8389240918377209,0.3239289020476421,0.1254143863916397
a3512,/mnt/data_disk/HDRData/1000hdr/HDRtest/a3512-LSstone_060805_9380.exr,/mnt/data_disk/ZQL/TIP_TMO_result/tradition/Drago/a3512.png,341,512,0.9352337031886823,0.8058864223930704,0.9035358065694065,0.9004677148806732,0.8314989581869775,0.9694364715743689,0.17541615664958954
a3521,/mnt/data_disk/HDRData/1000hdr/HDRtest/a3521-JI2E5091.exr,/mnt/data_disk/ZQL/TIP_TMO_result/tradition/Drago/a3521.png,341,512,0.8889703221117492,0.7218691945802443,0.7588806948826823,0.6404757317406033,0.8115828975526702,0.46936856592853654,0.1448614001274109
a3522,/mnt/data_disk/HDRData/1000hdr/HDRtest/a3522-IMG_4772.exr,/mnt/data_disk/ZQL/TIP_TMO_result/tradition/Drago/a3522.png,341,512,0.94188144453721,0.8676322898918316,0.8326217114224582,0.865830284644747,0.8586459875233722,0.8730145817661217,0.12250715494155884
a3525,/mnt/data_disk/HDRData/1000hdr/HDRtest/a3525-IMG_0713.exr,/mnt/data_disk/ZQL/TIP_TMO_result/tradition/Drago/a3525.png,341,512,0.9119413255820905,0.9539759343860905,0.5030549735624081,0.48774043379845594,0.9739350945712691,0.0015457730256427384,0.17851945757865906
a3529,/mnt/data_disk/HDRData/1000hdr/HDRtest/a3529-WP_CRW_0659.exr,/mnt/data_disk/ZQL/TIP_TMO_result/tradition/Drago/a3529.png,341,512,0.9592745916827208,0.8802582490090156,0.9284068127563914,0.9354356527370773,0.8830592635175657,0.9878120419565888,0.1599649339914322
a3531,/mnt/data_disk/HDRData/1000hdr/HDRtest/a3531-07-06-30-at-04h02m08s-_MG_1936.exr,/mnt/data_disk/ZQL/TIP_TMO_result/tradition/Drago/a3531.png,341,512,0.8750005957164979,0.686670385773582,0.7392655040794281,0.746186485767407,0.7230530647250174,0.7693199068097967,0.2198963463306427
a3540,/mnt/data_disk/HDRData/1000hdr/HDRtest/a3540-07-12-02-at-14h05m14s-_MG_8949.exr,/mnt/data_disk/ZQL/TIP_TMO_result/tradition/Drago/a3540.png,341,512,0.9255208167700272,0.8157230205242868,0.8186842645426802,0.8847196594424125,0.7802544667513813,0.9891848521334436,0.22288717329502106
a3541,/mnt/data_disk/HDRData/1000hdr/HDRtest/a3541-IMG_4107.exr,/mnt/data_disk/ZQL/TIP_TMO_result/tradition/Drago/a3541.png,341,512,0.8954303428209719,0.8494022033915566,0.5677179286921462,0.8979743212229881,0.798539056834349,0.9974095856116273,0.12347077578306198
a3545,/mnt/data_disk/HDRData/1000hdr/HDRtest/a3545-jmac_DSC0491.exr,/mnt/data_disk/ZQL/TIP_TMO_result/tradition/Drago/a3545.png,340,512,0.9610837535107646,0.8549849287700361,0.988810625815904,0.9429648974950973,0.9302867034466865,0.9556430915435081,0.09800796955823898
a3548,/mnt/data_disk/HDRData/1000hdr/HDRtest/a3548-CRW_0993.exr,/mnt/data_disk/ZQL/TIP_TMO_result/tradition/Drago/a3548.png,341,512,0.9427896704355085,0.8501786390172688,0.870839111604063,0.9196315257057295,0.931609710991495,0.907653340419964,0.12642718851566315
a3549,/mnt/data_disk/HDRData/1000hdr/HDRtest/a3549-KE_-2455.exr,/mnt/data_disk/ZQL/TIP_TMO_result/tradition/Drago/a3549.png,340,512,0.9831659943070352,0.9378339362262337,0.9906259756871685,0.9392975651081434,0.9112238477627627,0.9673712824535242,0.12241756916046143
a3557,/mnt/data_disk/HDRData/1000hdr/HDRtest/a3557-IMG_1507.exr,/mnt/data_disk/ZQL/TIP_TMO_result/tradition/Drago/a3557.png,341,512,0.8808807374136518,0.9408686816180862,0.3497786493683091,0.861036468152271,0.9065260509550104,0.8155468853495316,0.09257141500711441
a3563,/mnt/data_disk/HDRData/1000hdr/HDRtest/a3563-07-11-30-at-15h55m08s-_MG_8326.exr,/mnt/data_disk/ZQL/TIP_TMO_result/tradition/Drago/a3563.png,341,512,0.9047193987513754,0.857183512150608,0.6113317504272792,0.9223197715602673,0.857955200651127,0.9866843424694076,0.1885157972574234
a3571,/mnt/data_disk/HDRData/1000hdr/HDRtest/a3571-IMG_0290.exr,/mnt/data_disk/ZQL/TIP_TMO_result/tradition/Drago/a3571.png,341,512,0.8602886539795103,0.7717967024486303,0.48984372680820537,0.9113052267702606,0.8458103995449374,0.9768000539955837,0.0587434358894825
a3575,/mnt/data_disk/HDRData/1000hdr/HDRtest/a3575-IMG_0834.exr,/mnt/data_disk/ZQL/TIP_TMO_result/tradition/Drago/a3575.png,341,512,0.9132493436069979,0.7395444054808434,0.8856232263353392,0.8830169284652657,0.8337106884743191,0.9323231684562123,0.23160940408706665
a3576,/mnt/data_disk/HDRData/1000hdr/HDRtest/a3576-LS051026_day_15_LL003.exr,/mnt/data_disk/ZQL/TIP_TMO_result/tradition/Drago/a3576.png,341,512,0.899265385023613,0.8439649520218766,0.6000246895414093,0.9381104411604273,0.8838605945277701,0.9923602877930846,0.17150267958641052
a3585,/mnt/data_disk/HDRData/1000hdr/HDRtest/a3585-IMG_4211.exr,/mnt/data_disk/ZQL/TIP_TMO_result/tradition/Drago/a3585.png,341,512,0.7999889807055142,0.5979674337820425,0.4616768871318809,0.7534494475521287,0.6032919857024684,0.9036069094017891,0.14026379585266113
a3586,/mnt/data_disk/HDRData/1000hdr/HDRtest/a3586-IMG_4591.exr,/mnt/data_disk/ZQL/TIP_TMO_result/tradition/Drago/a3586.png,341,512,0.9376172996485492,0.7752140065042094,0.9816457537126008,0.8984675774517263,0.7972562100300118,0.9996789448734408,0.17040109634399414
a3588,/mnt/data_disk/HDRData/1000hdr/HDRtest/a3588-CRW_0983.exr,/mnt/data_disk/ZQL/TIP_TMO_result/tradition/Drago/a3588.png,341,512,0.9363591144620548,0.8565774268078902,0.8156425154055421,0.7543101950536801,0.9190543912223158,0.5895659988850444,0.16424845159053802
a3591,/mnt/data_disk/HDRData/1000hdr/HDRtest/a3591-07-11-30-at-16h19m33s-_MG_8384.exr,/mnt/data_disk/ZQL/TIP_TMO_result/tradition/Drago/a3591.png,341,512,0.9167189694942601,0.862352840217509,0.6775002964738153,0.8687713391060882,0.8109007836076405,0.9266418946045358,0.20676447451114655
a3593,/mnt/data_disk/HDRData/1000hdr/HDRtest/a3593-_DSC5689.exr,/mnt/data_disk/ZQL/TIP_TMO_result/tradition/Drago/a3593.png,341,512,0.8794948644632801,0.7452857311443641,0.6527068681180896,0.9161771139634014,0.8723941324467014,0.9599600954801014,0.2777474522590637
a3600,/mnt/data_disk/HDRData/1000hdr/HDRtest/a3600-JI2E3496.exr,/mnt/data_disk/ZQL/TIP_TMO_result/tradition/Drago/a3600.png,341,512,0.9485460024286307,0.8456772199211384,0.918853140380294,0.9165245338706427,0.8427313090544134,0.9903177586868719,0.2101801633834839
a3602,/mnt/data_disk/HDRData/1000hdr/HDRtest/a3602-_DSC9759.exr,/mnt/data_disk/ZQL/TIP_TMO_result/tradition/Drago/a3602.png,341,512,0.8985270534704267,0.8202653647749983,0.6360127630753256,0.8568064058112008,0.7143085559437123,0.9993042556786894,0.13906538486480713
a3605,/mnt/data_disk/HDRData/1000hdr/HDRtest/a3605-IMG_2772.exr,/mnt/data_disk/ZQL/TIP_TMO_result/tradition/Drago/a3605.png,341,512,0.9394820125465093,0.8291884598166727,0.8877707734069741,0.9528719872009994,0.9262634985798264,0.9794804758221726,0.11538145691156387
a3608,/mnt/data_disk/HDRData/1000hdr/HDRtest/a3608-NKIM_MG_7004.exr,/mnt/data_disk/ZQL/TIP_TMO_result/tradition/Drago/a3608.png,341,512,0.9649724472160429,0.8907114095720564,0.9487617165488543,0.8033852706243072,0.8429854842513487,0.7637850569972658,0.10899437963962555
a3609,/mnt/data_disk/HDRData/1000hdr/HDRtest/a3609-IMG_1702.exr,/mnt/data_disk/ZQL/TIP_TMO_result/tradition/Drago/a3609.png,341,512,0.8968625616639029,0.9188734751695218,0.4679180996383692,0.9141296395397907,0.8392104821634941,0.9890487969160872,0.14870652556419373
a3613,/mnt/data_disk/HDRData/1000hdr/HDRtest/a3613-_DSC3264.exr,/mnt/data_disk/ZQL/TIP_TMO_result/tradition/Drago/a3613.png,341,512,0.8917399101219264,0.7597251392960995,0.7030869820057036,0.5030077643392923,0.7138479886825352,0.29216753999604933,0.23102819919586182
a3623,/mnt/data_disk/HDRData/1000hdr/HDRtest/a3623-20051220_201437__MG_9239.exr,/mnt/data_disk/ZQL/TIP_TMO_result/tradition/Drago/a3623.png,341,512,0.8716722532728212,0.7622428556251897,0.5735798176467745,0.8418952942349862,0.8345339457575713,0.8492566427124011,0.28671470284461975
a3624,/mnt/data_disk/HDRData/1000hdr/HDRtest/a3624-DSC_0070.exr,/mnt/data_disk/ZQL/TIP_TMO_result/tradition/Drago/a3624.png,340,512,0.9784620637235937,0.9342594010464559,0.9639052009606335,0.9605392633280295,0.9421445958923857,0.9789339307636733,0.11796034872531891
a3628,/mnt/data_disk/HDRData/1000hdr/HDRtest/a3628-_DSC9996.exr,/mnt/data_disk/ZQL/TIP_TMO_result/tradition/Drago/a3628.png,341,512,0.8260065159835845,0.7107095226741891,0.40065221665648976,0.3015367960003238,0.6029838437457377,8.974825490990423e-05,0.20258724689483643
a3633,/mnt/data_disk/HDRData/1000hdr/HDRtest/a3633-JI2E3892.exr,/mnt/data_disk/ZQL/TIP_TMO_result/tradition/Drago/a3633.png,341,512,0.8503834970813078,0.7874940483967433,0.4085974471477696,0.8522694794681451,0.7401733287830163,0.964365630153274,0.12881770730018616
a3634,/mnt/data_disk/HDRData/1000hdr/HDRtest/a3634-IMG_4959.exr,/mnt/data_disk/ZQL/TIP_TMO_result/tradition/Drago/a3634.png,341,512,0.9403023135716048,0.8460562639953647,0.8615883381059651,0.8764954999423599,0.7754386489461428,0.977552350938577,0.2413908690214157
a3635,/mnt/data_disk/HDRData/1000hdr/HDRtest/a3635-IMG_4031.exr,/mnt/data_disk/ZQL/TIP_TMO_result/tradition/Drago/a3635.png,341,512,0.9421984546251508,0.7975695646328648,0.9684920713090971,0.9000737343526202,0.835296979147331,0.9648504895579094,0.24994729459285736
a3636,/mnt/data_disk/HDRData/1000hdr/HDRtest/a3636-20041222_195608__E6B6989.exr,/mnt/data_disk/ZQL/TIP_TMO_result/tradition/Drago/a3636.png,341,512,0.7988951567733258,0.7265942927912888,0.23847170801097536,0.3613270922294493,0.7222498401784351,0.0004043442804635943,0.1334056258201599
a3641,/mnt/data_disk/HDRData/1000hdr/HDRtest/a3641-_DSC4628.exr,/mnt/data_disk/ZQL/TIP_TMO_result/tradition/Drago/a3641.png,341,512,0.9017443948193811,0.8362714451771471,0.628338879554835,0.9434110715232269,0.9155937354660442,0.9712284075804097,0.28755393624305725
a3644,/mnt/data_disk/HDRData/1000hdr/HDRtest/a3644-jmac_MG_5959.exr,/mnt/data_disk/ZQL/TIP_TMO_result/tradition/Drago/a3644.png,341,512,0.9149889430875722,0.8123194609712029,0.7553273603830651,0.9459554936846299,0.9078505904961903,0.9840603968730696,0.21678338944911957
a3649,/mnt/data_disk/HDRData/1000hdr/HDRtest/a3649-WP_CRW_0691.exr,/mnt/data_disk/ZQL/TIP_TMO_result/tradition/Drago/a3649.png,341,512,0.9630291879958668,0.9287170674993945,0.8670086276176407,0.9570800549963627,0.9542629688808366,0.9598971411118888,0.08657757937908173
a3654,/mnt/data_disk/HDRData/1000hdr/HDRtest/a3654-IMG_0777.exr,/mnt/data_disk/ZQL/TIP_TMO_result/tradition/Drago/a3654.png,341,512,0.9505899466577044,0.8824159169660989,0.8647551092645712,0.9527916946191375,0.9102066899114761,0.995376699326799,0.17339497804641724
a3658,/mnt/data_disk/HDRData/1000hdr/HDRtest/a3658-jmac_MG_0418.exr,/mnt/data_disk/ZQL/TIP_TMO_result/tradition/Drago/a3658.png,341,512,0.9230328244795383,0.8967387619638113,0.6594373330895742,0.9221981360493988,0.8755847955753504,0.9688114765234472,0.12536965310573578
a3670,/mnt/data_disk/HDRData/1000hdr/HDRtest/a3670-jmac_MG_5917.exr,/mnt/data_disk/ZQL/TIP_TMO_result/tradition/Drago/a3670.png,341,512,0.9814770951501581,0.9328741690850059,0.9876483752081529,0.9390952622777307,0.8974513289857804,0.9807391955696808,0.10247598588466644
a3673,/mnt/data_disk/HDRData/1000hdr/HDRtest/a3673-_DSC1109.exr,/mnt/data_disk/ZQL/TIP_TMO_result/tradition/Drago/a3673.png,341,512,0.857762286323269,0.8368236689205084,0.3733133664486156,0.947040321861,0.8979743426362095,0.9961063010857903,0.3215256333351135
a3677,/mnt/data_disk/HDRData/1000hdr/HDRtest/a3677-IMG_4696.exr,/mnt/data_disk/ZQL/TIP_TMO_result/tradition/Drago/a3677.png,341,512,0.9381287247850388,0.8558156611219734,0.8288936524678785,0.9343913535548678,0.8782720942298938,0.9905106128798419,0.1652401238679886
a3686,/mnt/data_disk/HDRData/1000hdr/HDRtest/a3686-jmac_MG_0353.exr,/mnt/data_disk/ZQL/TIP_TMO_result/tradition/Drago/a3686.png,341,512,0.948526661404072,0.8421941749982554,0.9253485401263084,0.9280785207742321,0.8659995650095381,0.9901574765389262,0.30765414237976074
a3688,/mnt/data_disk/HDRData/1000hdr/HDRtest/a3688-jmac_MG_1424.exr,/mnt/data_disk/ZQL/TIP_TMO_result/tradition/Drago/a3688.png,341,512,0.9714689970437946,0.9269300491690233,0.9282042054586997,0.9428129445407643,0.9449674880063916,0.9406584010751368,0.17142951488494873
a3689,/mnt/data_disk/HDRData/1000hdr/HDRtest/a3689-JI2E3798.exr,/mnt/data_disk/ZQL/TIP_TMO_result/tradition/Drago/a3689.png,341,512,0.8667521480511962,0.6909361301696502,0.6776651747128124,0.918490348499295,0.8374697894126268,0.9995109075859631,0.10421179980039597
a3696,/mnt/data_disk/HDRData/1000hdr/HDRtest/a3696-jmac_DSC1242.exr,/mnt/data_disk/ZQL/TIP_TMO_result/tradition/Drago/a3696.png,343,512,0.9112242814326986,0.8795176208238641,0.6143591766435894,0.9232369483082019,0.9147010508196431,0.9317728457967608,0.16952818632125854
a3697,/mnt/data_disk/HDRData/1000hdr/HDRtest/a3697-07-11-24-at-16h05m35s-_MG_6729.exr,/mnt/data_disk/ZQL/TIP_TMO_result/tradition/Drago/a3697.png,341,512,0.9356509800790265,0.8522542611484863,0.818780241677517,0.9250244935947057,0.8565779700800625,0.9934710171093489,0.16841810941696167
a3700,/mnt/data_disk/HDRData/1000hdr/HDRtest/a3700-tc_DSC1892.exr,/mnt/data_disk/ZQL/TIP_TMO_result/tradition/Drago/a3700.png,340,512,0.9428928921314752,0.824894476301614,0.9195126106514756,0.8971244987668464,0.8136324977916038,0.980616499742089,0.14620789885520935
a3706,/mnt/data_disk/HDRData/1000hdr/HDRtest/a3706-dgw_065.exr,/mnt/data_disk/ZQL/TIP_TMO_result/tradition/Drago/a3706.png,341,512,0.8836231439214796,0.7780434792553422,0.6182966252342839,0.9292771863000253,0.8728660178852604,0.9856883547147901,0.30837956070899963
a3707,/mnt/data_disk/HDRData/1000hdr/HDRtest/a3707-NKIM_121.exr,/mnt/data_disk/ZQL/TIP_TMO_result/tradition/Drago/a3707.png,341,512,0.8340979458228152,0.557404490664155,0.7593473058950643,0.3476260056812552,0.5763497023573627,0.11890230900514767,0.21866808831691742
a3710,/mnt/data_disk/HDRData/1000hdr/HDRtest/a3710-07-11-20-at-16h52m05s-_MG_5742.exr,/mnt/data_disk/ZQL/TIP_TMO_result/tradition/Drago/a3710.png,341,512,0.8805993060166312,0.8379998304653715,0.49860441709181147,0.9348847288168414,0.8715256036952744,0.9982438539384084,0.09286286681890488
a3712,/mnt/data_disk/HDRData/1000hdr/HDRtest/a3712-IMG_4852.exr,/mnt/data_disk/ZQL/TIP_TMO_result/tradition/Drago/a3712.png,341,512,0.92210530335043,0.8758421462115284,0.6886588100052174,0.7136103468760078,0.8527538888300674,0.574466804921948,0.129186749458313
a3715,/mnt/data_disk/HDRData/1000hdr/HDRtest/a3715-_MG_7773.exr,/mnt/data_disk/ZQL/TIP_TMO_result/tradition/Drago/a3715.png,341,512,0.8445284630389498,0.7104927063157608,0.5053177726605899,0.3397962468456216,0.6705733034558317,0.009019190235411534,0.2539254128932953
a3716,/mnt/data_disk/HDRData/1000hdr/HDRtest/a3716-IMG_0301.exr,/mnt/data_disk/ZQL/TIP_TMO_result/tradition/Drago/a3716.png,341,512,0.9113392475278346,0.7784322944135429,0.7951829480695308,0.786787584809685,0.6104300747082096,0.9631450949111604,0.10690054297447205
a3719,/mnt/data_disk/HDRData/1000hdr/HDRtest/a3719-07-11-29-at-15h43m28s-_MG_8075.exr,/mnt/data_disk/ZQL/TIP_TMO_result/tradition/Drago/a3719.png,341,512,0.9155471738358429,0.8738081613403331,0.650688238179089,0.4653369843158364,0.9136557977574686,0.01701817087420422,0.34112027287483215
a3720,/mnt/data_disk/HDRData/1000hdr/HDRtest/a3720-jmac_MG_0851.exr,/mnt/data_disk/ZQL/TIP_TMO_result/tradition/Drago/a3720.png,341,512,0.9422833955128856,0.8895010737927685,0.7962698162763682,0.9020951802467831,0.8666638115272601,0.9375265489663063,0.1882341504096985
a3721,/mnt/data_disk/HDRData/1000hdr/HDRtest/a3721-KE_-01.exr,/mnt/data_disk/ZQL/TIP_TMO_result/tradition/Drago/a3721.png,340,512,0.9457375718321039,0.8088775926757874,0.9707790985989959,0.8693066830453406,0.7408618292122261,0.9977515368784552,0.22965708374977112
a3724,/mnt/data_disk/HDRData/1000hdr/HDRtest/a3724-20060101_092918__E6B0305.exr,/mnt/data_disk/ZQL/TIP_TMO_result/tradition/Drago/a3724.png,341,512,0.95009355273196,0.9053121756127548,0.8206159512625893,0.9297734958120097,0.9185239853260083,0.9410230062980112,0.2612488269805908
a3727,/mnt/data_disk/HDRData/1000hdr/HDRtest/a3727-2004-01-18 11-49-42 CRW_2889.exr,/mnt/data_disk/ZQL/TIP_TMO_result/tradition/Drago/a3727.png,341,512,0.8607795412163611,0.9395268925405091,0.25114489799374085,0.4777566698752785,0.9435668388351071,0.011946500915449932,0.15603627264499664
a3729,/mnt/data_disk/HDRData/1000hdr/HDRtest/a3729-07-11-24-at-21h39m19s-_MG_6853.exr,/mnt/data_disk/ZQL/TIP_TMO_result/tradition/Drago/a3729.png,341,512,0.863945263256114,0.7155390004462444,0.6122369096501654,0.657459671683357,0.5483741959668466,0.7665451473998672,0.15012376010417938
a3730,/mnt/data_disk/HDRData/1000hdr/HDRtest/a3730-IMG_0113.exr,/mnt/data_disk/ZQL/TIP_TMO_result/tradition/Drago/a3730.png,341,512,0.9068258052338377,0.8082345642970139,0.7098963447120527,0.9070495210185144,0.8551600271175501,0.9589390149194787,0.25706377625465393
a3732,/mnt/data_disk/HDRData/1000hdr/HDRtest/a3732-_DGW6272.exr,/mnt/data_disk/ZQL/TIP_TMO_result/tradition/Drago/a3732.png,341,512,0.9328160726356163,0.9177649621840313,0.6865810378482456,0.9462848335053495,0.9508757818594792,0.94169388515122,0.1245555654168129
a3733,/mnt/data_disk/HDRData/1000hdr/HDRtest/a3733-WP_CRW_4827.exr,/mnt/data_disk/ZQL/TIP_TMO_result/tradition/Drago/a3733.png,341,512,0.9272588860054418,0.8066297393661249,0.8476531020074297,0.899136561876978,0.799455396223858,0.998817727530098,0.1771392673254013
a3735,/mnt/data_disk/HDRData/1000hdr/HDRtest/a3735-_MG_7825.exr,/mnt/data_disk/ZQL/TIP_TMO_result/tradition/Drago/a3735.png,341,512,0.8174879857861421,0.7950901891566433,0.23088420654750355,0.908094561894683,0.8618007443599257,0.9543883794294402,0.20540441572666168
a3737,/mnt/data_disk/HDRData/1000hdr/HDRtest/a3737-dgw_022.exr,/mnt/data_disk/ZQL/TIP_TMO_result/tradition/Drago/a3737.png,341,512,0.9034630106679711,0.779517206131792,0.7413514155155089,0.7834172464442732,0.8054975217052572,0.7613369711832892,0.21109312772750854
a3739,/mnt/data_disk/HDRData/1000hdr/HDRtest/a3739-KE_-0068.exr,/mnt/data_disk/ZQL/TIP_TMO_result/tradition/Drago/a3739.png,340,512,0.8212424150643439,0.8450057002492927,0.1849588777055175,0.9493489411255136,0.9356898131902988,0.9630080690607284,0.11139753460884094
a3740,/mnt/data_disk/HDRData/1000hdr/HDRtest/a3740-_DSC1411.exr,/mnt/data_disk/ZQL/TIP_TMO_result/tradition/Drago/a3740.png,341,512,0.8850699516595555,0.7790071801709664,0.625508078948058,0.777045290891069,0.5945362103735872,0.9595543714085507,0.16054005920886993
a3742,/mnt/data_disk/HDRData/1000hdr/HDRtest/a3742-IMG_0206.exr,/mnt/data_disk/ZQL/TIP_TMO_result/tradition/Drago/a3742.png,341,512,0.8102039073652274,0.6779135085420934,0.3711479796141334,0.8641123662101274,0.7772800255613321,0.9509447068589227,0.2753430902957916
a3743,/mnt/data_disk/HDRData/1000hdr/HDRtest/a3743-DSC_0038.exr,/mnt/data_disk/ZQL/TIP_TMO_result/tradition/Drago/a3743.png,340,512,0.9077128422953626,0.9165540281701621,0.5343561783583981,0.9355547814278626,0.910316782561624,0.9607927802941012,0.11069147288799286
a3744,/mnt/data_disk/HDRData/1000hdr/HDRtest/a3744-NKIM_MG_6757.exr,/mnt/data_disk/ZQL/TIP_TMO_result/tradition/Drago/a3744.png,341,512,0.8542485261729444,0.6536901193209209,0.6743611167324668,0.5167164544303184,0.8086821858144204,0.22475072304621635,0.22309453785419464
a3749,/mnt/data_disk/HDRData/1000hdr/HDRtest/a3749-IMG_4592.exr,/mnt/data_disk/ZQL/TIP_TMO_result/tradition/Drago/a3749.png,341,512,0.8578921168226528,0.6643922944670032,0.6753305589323143,0.6207507954206528,0.831795215446955,0.40970637539435056,0.23090188205242157
a3750,/mnt/data_disk/HDRData/1000hdr/HDRtest/a3750-IMG_4253.exr,/mnt/data_disk/ZQL/TIP_TMO_result/tradition/Drago/a3750.png,341,512,0.8658628079542434,0.7045139710056411,0.6452909027077747,0.6750626546930119,0.749144121280683,0.6009811881053407,0.22594161331653595
a3753,/mnt/data_disk/HDRData/1000hdr/HDRtest/a3753-dgw_073.exr,/mnt/data_disk/ZQL/TIP_TMO_result/tradition/Drago/a3753.png,341,512,0.7638878091640646,0.7819238879417653,0.04062843504380042,0.9202827374171513,0.882258352757776,0.9583071220765266,0.40953460335731506
a3754,/mnt/data_disk/HDRData/1000hdr/HDRtest/a3754-050731_151704__I2E5362.exr,/mnt/data_disk/ZQL/TIP_TMO_result/tradition/Drago/a3754.png,341,512,0.9377331029660415,0.9233450895504838,0.7087845901427432,0.9167566640445559,0.8414713326664092,0.9920419954227028,0.12112356722354889
a3756,/mnt/data_disk/HDRData/1000hdr/HDRtest/a3756-jmac_MG_5949.exr,/mnt/data_disk/ZQL/TIP_TMO_result/tradition/Drago/a3756.png,341,512,0.9637634769331276,0.8839012932752696,0.9529374990121866,0.9437866101838746,0.8984818658295318,0.9890913545382174,0.1292702853679657
a3760,/mnt/data_disk/HDRData/1000hdr/HDRtest/a3760-IMG_2504.exr,/mnt/data_disk/ZQL/TIP_TMO_result/tradition/Drago/a3760.png,341,512,0.9494972896736963,0.9573607926015406,0.728764303083248,0.9676471310053543,0.9606629115591863,0.9746313504515222,0.08915462344884872
a3764,/mnt/data_disk/HDRData/1000hdr/HDRtest/a3764-20060618_093109__MG_8792.exr,/mnt/data_disk/ZQL/TIP_TMO_result/tradition/Drago/a3764.png,341,512,0.9168437859201286,0.8611407205270619,0.6803715272908122,0.7674666340207215,0.883606657471975,0.651326610569468,0.18651382625102997
a3766,/mnt/data_disk/HDRData/1000hdr/HDRtest/a3766-20041219_194831__E6B5558.exr,/mnt/data_disk/ZQL/TIP_TMO_result/tradition/Drago/a3766.png,341,512,0.6546074584178555,0.31587562028304045,0.32993029762703124,0.08659194897735273,0.173147397724019,3.650023068646759e-05,0.14929147064685822
a3769,/mnt/data_disk/HDRData/1000hdr/HDRtest/a3769-IMG_3943.exr,/mnt/data_disk/ZQL/TIP_TMO_result/tradition/Drago/a3769.png,341,512,0.9509986473441943,0.8833623163923312,0.8658222338513749,0.9657390994569873,0.9369183058047055,0.9945598931092692,0.11570516973733902
a3771,/mnt/data_disk/HDRData/1000hdr/HDRtest/a3771-07-06-01-at-13h03m06-s_MG_1256.exr,/mnt/data_disk/ZQL/TIP_TMO_result/tradition/Drago/a3771.png,341,512,0.904498200677122,0.8034058133009111,0.7037492744691308,0.939221622158172,0.8811157642351477,0.9973274800811963,0.23546303808689117
a3772,/mnt/data_disk/HDRData/1000hdr/HDRtest/a3772-dgw_123.exr,/mnt/data_disk/ZQL/TIP_TMO_result/tradition/Drago/a3772.png,341,512,0.9176809051866491,0.8499185240461176,0.7051774098375322,0.9224293796547062,0.8864755079080695,0.9583832514013428,0.22622543573379517
a3774,/mnt/data_disk/HDRData/1000hdr/HDRtest/a3774-_DSC0017.exr,/mnt/data_disk/ZQL/TIP_TMO_result/tradition/Drago/a3774.png,340,512,0.9544476825482778,0.8492363369749314,0.9531521356789535,0.9269201786737364,0.8559613742803421,0.9978789830671306,0.16915041208267212
a3778,/mnt/data_disk/HDRData/1000hdr/HDRtest/a3778-IMG_4838.exr,/mnt/data_disk/ZQL/TIP_TMO_result/tradition/Drago/a3778.png,341,512,0.9111312349192588,0.7954595217220117,0.7614263736904221,0.8951714909913635,0.7920303589102851,0.998312623072442,0.27295470237731934
a3780,/mnt/data_disk/HDRData/1000hdr/HDRtest/a3780-JI2E3902.exr,/mnt/data_disk/ZQL/TIP_TMO_result/tradition/Drago/a3780.png,341,512,0.9510253462878561,0.8770734698200474,0.8774398661374546,0.9515311961468294,0.90623404525394,0.9968283470397186,0.1437111496925354
a3781,/mnt/data_disk/HDRData/1000hdr/HDRtest/a3781-2004-06-24 06-45-08 CRW_2040.exr,/mnt/data_disk/ZQL/TIP_TMO_result/tradition/Drago/a3781.png,341,512,0.9304672516249697,0.8691437078737502,0.7542092385158056,0.9525222700138066,0.9285915771981926,0.9764529628294206,0.1099439486861229
a3783,/mnt/data_disk/HDRData/1000hdr/HDRtest/a3783-KE_-0052.exr,/mnt/data_disk/ZQL/TIP_TMO_result/tradition/Drago/a3783.png,340,512,0.9049306468344511,0.7478464830887801,0.8124983708738759,0.8148606863098863,0.8338593081476997,0.7958620644720729,0.1628747135400772
a3786,/mnt/data_disk/HDRData/1000hdr/HDRtest/a3786-_I2E8191.exr,/mnt/data_disk/ZQL/TIP_TMO_result/tradition/Drago/a3786.png,341,512,0.8129845340633688,0.8553535962421087,0.1387287252385938,0.920364152011665,0.8915921267145785,0.9491361773087513,0.17999814450740814
a3796,/mnt/data_disk/HDRData/1000hdr/HDRtest/a3796-NKIM_MG_7319.exr,/mnt/data_disk/ZQL/TIP_TMO_result/tradition/Drago/a3796.png,341,512,0.927076474548222,0.8313121187155935,0.8000081317792901,0.8582108000115491,0.7241924680744576,0.9922291319486407,0.2577238082885742
a3798,/mnt/data_disk/HDRData/1000hdr/HDRtest/a3798-IMG_2539.exr,/mnt/data_disk/ZQL/TIP_TMO_result/tradition/Drago/a3798.png,341,512,0.9574794543345146,0.8733969949665488,0.9286818185619642,0.9391562552468902,0.8832900347441572,0.995022475749623,0.2015189379453659
a3800,/mnt/data_disk/HDRData/1000hdr/HDRtest/a3800-dgw_090.exr,/mnt/data_disk/ZQL/TIP_TMO_result/tradition/Drago/a3800.png,341,512,0.9313101479966264,0.8185585911251191,0.852310622353604,0.8543059348830124,0.7817363815787529,0.9268754881872718,0.16742892563343048
a3804,/mnt/data_disk/HDRData/1000hdr/HDRtest/a3804-_DSC3608.exr,/mnt/data_disk/ZQL/TIP_TMO_result/tradition/Drago/a3804.png,343,512,0.8954523971373293,0.7122638657663716,0.8214018034462055,0.8036948629470522,0.8588173651590908,0.7485723607350135,0.11577412486076355
a3816,/mnt/data_disk/HDRData/1000hdr/HDRtest/a3816-jmac_DSC3118.exr,/mnt/data_disk/ZQL/TIP_TMO_result/tradition/Drago/a3816.png,340,512,0.9405512623147909,0.911303164439892,0.7472070747001004,0.9225955487876545,0.9304845657634508,0.9147065318118581,0.14011849462985992
a3820,/mnt/data_disk/HDRData/1000hdr/HDRtest/a3820-dgw_025.exr,/mnt/data_disk/ZQL/TIP_TMO_result/tradition/Drago/a3820.png,341,512,0.6980545818059759,0.5080747197088635,0.12750726447055696,0.37649908338239324,0.7529873979903694,1.0768774417130125e-05,0.12141384929418564
a3822,/mnt/data_disk/HDRData/1000hdr/HDRtest/a3822-07-11-21-at-09h53m21s-_MG_5852.exr,/mnt/data_disk/ZQL/TIP_TMO_result/tradition/Drago/a3822.png,341,512,0.9025888496595301,0.883117474649352,0.556112954599198,0.9158366758949172,0.8945569488259332,0.9371164029639014,0.15199100971221924
a3827,/mnt/data_disk/HDRData/1000hdr/HDRtest/a3827-JI2E3823.exr,/mnt/data_disk/ZQL/TIP_TMO_result/tradition/Drago/a3827.png,341,512,0.8692984549364401,0.7504225419435608,0.5804080500082464,0.9247779587408959,0.8500415210324819,0.9995143964493098,0.12205008417367935
a3830,/mnt/data_disk/HDRData/1000hdr/HDRtest/a3830-LS_060715_8670.exr,/mnt/data_disk/ZQL/TIP_TMO_result/tradition/Drago/a3830.png,341,512,0.8751119799368889,0.7058883743894304,0.7010749499136736,0.556729774371918,0.8624129560111077,0.25104659273272817,0.22765207290649414
a3832,/mnt/data_disk/HDRData/1000hdr/HDRtest/a3832-20060613_091536__MG_7749.exr,/mnt/data_disk/ZQL/TIP_TMO_result/tradition/Drago/a3832.png,341,512,0.9636615513105696,0.8745380250412932,0.9697550782925052,0.9248115881887311,0.8903454299281628,0.9592777464492994,0.2079794853925705
a3833,/mnt/data_disk/HDRData/1000hdr/HDRtest/a3833-_DSC0003-2.exr,/mnt/data_disk/ZQL/TIP_TMO_result/tradition/Drago/a3833.png,340,512,0.942409149073244,0.8667972366531379,0.8376905875625115,0.9107026625951544,0.9331114982599872,0.8882938269303218,0.12419939041137695
a3834,/mnt/data_disk/HDRData/1000hdr/HDRtest/a3834-IMG_0007.exr,/mnt/data_disk/ZQL/TIP_TMO_result/tradition/Drago/a3834.png,341,512,0.8214958189085533,0.6774887762988143,0.43333283550474094,0.8378684397942889,0.8335397105815165,0.8421971690070613,0.24048125743865967
a3846,/mnt/data_disk/HDRData/1000hdr/HDRtest/a3846-IMG_3087.exr,/mnt/data_disk/ZQL/TIP_TMO_result/tradition/Drago/a3846.png,341,512,0.9440110344878273,0.8736670665393845,0.8360410163930522,0.9487206437473563,0.9080561705538062,0.9893851169409066,0.12077032774686813
a3847,/mnt/data_disk/HDRData/1000hdr/HDRtest/a3847-NKIM_MG_6113.exr,/mnt/data_disk/ZQL/TIP_TMO_result/tradition/Drago/a3847.png,341,512,0.840544341738208,0.549291732372065,0.8218662927604785,0.7231930390805315,0.7874095579885071,0.6589765201725558,0.20836053788661957
a3848,/mnt/data_disk/HDRData/1000hdr/HDRtest/a3848-DSC_0024.exr,/mnt/data_disk/ZQL/TIP_TMO_result/tradition/Drago/a3848.png,340,512,0.9705292442718654,0.9053979038026642,0.9606244838818057,0.8494468721151047,0.9370049429138041,0.7618888013164054,0.08104503154754639
a3851,/mnt/data_disk/HDRData/1000hdr/HDRtest/a3851-IMG_3430.exr,/mnt/data_disk/ZQL/TIP_TMO_result/tradition/Drago/a3851.png,341,512,0.8857346950275822,0.8340040146748127,0.5351421541463277,0.5852747837149921,0.7160284608294853,0.4545211066004989,0.11299850791692734
a3862,/mnt/data_disk/HDRData/1000hdr/HDRtest/a3862-JI2E0423.exr,/mnt/data_disk/ZQL/TIP_TMO_result/tradition/Drago/a3862.png,341,512,0.9470993390814828,0.8801281216999588,0.8452214028468271,0.9410921496816381,0.8835016925544377,0.9986826068088386,0.09726230055093765
a3863,/mnt/data_disk/HDRData/1000hdr/HDRtest/a3863-IMG_1159.exr,/mnt/data_disk/ZQL/TIP_TMO_result/tradition/Drago/a3863.png,341,512,0.8899768523813076,0.7763985607243012,0.6608620266171392,0.8384969594376809,0.8685222883914115,0.8084716304839502,0.22144189476966858
a3864,/mnt/data_disk/HDRData/1000hdr/HDRtest/a3864-_DSC1992.exr,/mnt/data_disk/ZQL/TIP_TMO_result/tradition/Drago/a3864.png,341,512,0.8007266774932658,0.6690852044763763,0.3363294577131969,0.9069688665699911,0.8150435823138155,0.9988941508261667,0.10442750155925751
a3872,/mnt/data_disk/HDRData/1000hdr/HDRtest/a3872-IMG_4058.exr,/mnt/data_disk/ZQL/TIP_TMO_result/tradition/Drago/a3872.png,341,512,0.9494427313563233,0.8256463428510377,0.9637241545388584,0.9277554922246061,0.8570591142514767,0.9984518701977354,0.21365340054035187
a3877,/mnt/data_disk/HDRData/1000hdr/HDRtest/a3877-KE_-0019.exr,/mnt/data_disk/ZQL/TIP_TMO_result/tradition/Drago/a3877.png,340,512,0.839982567419332,0.713120832459652,0.47442804660960286,0.3364056237950438,0.6723317465122846,0.0004795010778030824,0.19891998171806335
a3879,/mnt/data_disk/HDRData/1000hdr/HDRtest/a3879-IMG_0091.exr,/mnt/data_disk/ZQL/TIP_TMO_result/tradition/Drago/a3879.png,341,512,0.9255697780056803,0.8334031643934688,0.7861676789090504,0.956825058761196,0.921227022104718,0.9924230954176738,0.1924556940793991
a3890,/mnt/data_disk/HDRData/1000hdr/HDRtest/a3890-IMG_4308.exr,/mnt/data_disk/ZQL/TIP_TMO_result/tradition/Drago/a3890.png,341,512,0.9209325009715337,0.7637022377327678,0.8889974599273358,0.8465922240556641,0.77498322571181,0.9182012223995183,0.15670190751552582
a3893,/mnt/data_disk/HDRData/1000hdr/HDRtest/a3893-_DGW6301.exr,/mnt/data_disk/ZQL/TIP_TMO_result/tradition/Drago/a3893.png,341,512,0.8815206828103248,0.7755423178943522,0.6098312875164216,0.41397722924509606,0.7741477740982153,0.053806684391976826,0.2633437514305115
a3899,/mnt/data_disk/HDRData/1000hdr/HDRtest/a3899-jmac_DSC2259.exr,/mnt/data_disk/ZQL/TIP_TMO_result/tradition/Drago/a3899.png,340,512,0.9516376517924053,0.8977639980891057,0.844323550166969,0.9462071975107005,0.917774421484758,0.9746399735366431,0.12836959958076477
a3900,/mnt/data_disk/HDRData/1000hdr/HDRtest/a3900-jmac_DSC5843.exr,/mnt/data_disk/ZQL/TIP_TMO_result/tradition/Drago/a3900.png,340,512,0.9509817100904866,0.9596055174248896,0.7347270809817538,0.7784145593723609,0.9353013110755203,0.6215278076692016,0.14223745465278625
a3902,/mnt/data_disk/HDRData/1000hdr/HDRtest/a3902-jmac_DSC3970.exr,/mnt/data_disk/ZQL/TIP_TMO_result/tradition/Drago/a3902.png,340,512,0.9359772672354162,0.8429701939542732,0.8380485693123154,0.9308417424182377,0.8810901230970448,0.9805933617394306,0.09904447942972183
a3903,/mnt/data_disk/HDRData/1000hdr/HDRtest/a3903-IMG_2386.exr,/mnt/data_disk/ZQL/TIP_TMO_result/tradition/Drago/a3903.png,341,512,0.9092224610935933,0.8172630401583417,0.7089431181611862,0.9031134139875574,0.8984955948258173,0.9077312331492975,0.12397456914186478
a3906,/mnt/data_disk/HDRData/1000hdr/HDRtest/a3906-LS051025_day_3_LL003.exr,/mnt/data_disk/ZQL/TIP_TMO_result/tradition/Drago/a3906.png,341,512,0.9364310950524917,0.8179314249084156,0.888410994615744,0.8863859718401406,0.8502415746787201,0.9225303690015612,0.1918155699968338
a3911,/mnt/data_disk/HDRData/1000hdr/HDRtest/a3911-07-07-01-at-10h50m55s-_MG_2028.exr,/mnt/data_disk/ZQL/TIP_TMO_result/tradition/Drago/a3911.png,341,512,0.8384145085772332,0.6592032065123987,0.5655167775347126,0.8169184549515917,0.8302715409497365,0.8035653689534468,0.20812197029590607
a3913,/mnt/data_disk/HDRData/1000hdr/HDRtest/a3913-IMG_0289.exr,/mnt/data_disk/ZQL/TIP_TMO_result/tradition/Drago/a3913.png,341,512,0.8555584152533651,0.7157927902274093,0.5608136036574224,0.8449084782660328,0.7819509674058238,0.9078659891262418,0.10718949884176254
a3914,/mnt/data_disk/HDRData/1000hdr/HDRtest/a3914-DSC_0002-1.exr,/mnt/data_disk/ZQL/TIP_TMO_result/tradition/Drago/a3914.png,340,512,0.9192439172455055,0.827667835051267,0.7550323661701348,0.9389916841342737,0.8800182125261451,0.9979651557424023,0.1620483547449112
a3919,/mnt/data_disk/HDRData/1000hdr/HDRtest/a3919-KE_-1608.exr,/mnt/data_disk/ZQL/TIP_TMO_result/tradition/Drago/a3919.png,340,512,0.8868037139071827,0.6921219357946868,0.8056115723685945,0.8772430552833997,0.8012006450797481,0.9532854654870514,0.18605920672416687
a3923,/mnt/data_disk/HDRData/1000hdr/HDRtest/a3923-_DSC0095.exr,/mnt/data_disk/ZQL/TIP_TMO_result/tradition/Drago/a3923.png,340,512,0.9516866399198496,0.839734607680881,0.9520819633216778,0.9426946807251948,0.8978500308524108,0.9875393305979787,0.13608549535274506
a3924,/mnt/data_disk/HDRData/1000hdr/HDRtest/a3924-_DSC6358.exr,/mnt/data_disk/ZQL/TIP_TMO_result/tradition/Drago/a3924.png,341,512,0.6890328778726396,0.3720713632142148,0.35897173224891926,0.28451561626497024,0.569031146825522,8.570441846771459e-08,0.263560026884079
a3926,/mnt/data_disk/HDRData/1000hdr/HDRtest/a3926-dgw_077.exr,/mnt/data_disk/ZQL/TIP_TMO_result/tradition/Drago/a3926.png,341,512,0.8510350259031249,0.627121481734634,0.7102366157369121,0.3429921561365914,0.661054216308453,0.024930095964729813,0.19015970826148987
a3927,/mnt/data_disk/HDRData/1000hdr/HDRtest/a3927-IMG_6048.exr,/mnt/data_disk/ZQL/TIP_TMO_result/tradition/Drago/a3927.png,341,512,0.8650360806870913,0.7889123624904325,0.4885993726630969,0.9306167889744383,0.8688992270265516,0.9923343509223251,0.18593131005764008
a3930,/mnt/data_disk/HDRData/1000hdr/HDRtest/a3930-IMG_5083.exr,/mnt/data_disk/ZQL/TIP_TMO_result/tradition/Drago/a3930.png,341,512,0.9134265306152881,0.833459020372023,0.7069346948696071,0.6989189257537775,0.8594165208502709,0.538421330657284,0.21040086448192596
a3931,/mnt/data_disk/HDRData/1000hdr/HDRtest/a3931-_DGW6259.exr,/mnt/data_disk/ZQL/TIP_TMO_result/tradition/Drago/a3931.png,341,512,0.7442862038427118,0.4269426110963562,0.5258397574399105,0.28981301471512416,0.5796256846159445,3.448143037669748e-07,0.32269904017448425
a3940,/mnt/data_disk/HDRData/1000hdr/HDRtest/a3940-20050602_180025__MG_2820.exr,/mnt/data_disk/ZQL/TIP_TMO_result/tradition/Drago/a3940.png,341,512,0.95745094942897,0.8854012340510857,0.9063133518518239,0.6100165087897833,0.938748648846042,0.2812843687335245,0.17007289826869965
a3943,/mnt/data_disk/HDRData/1000hdr/HDRtest/a3943-_DSC0054.exr,/mnt/data_disk/ZQL/TIP_TMO_result/tradition/Drago/a3943.png,340,512,0.9223927323224044,0.8228619262749075,0.7845537352251084,0.8918709170654073,0.8162382787655416,0.9675035553652732,0.13032829761505127
a3947,/mnt/data_disk/HDRData/1000hdr/HDRtest/a3947-jmac_MG_1444.exr,/mnt/data_disk/ZQL/TIP_TMO_result/tradition/Drago/a3947.png,341,512,0.9017273861250082,0.891810676145234,0.5372641590724967,0.9620738390977464,0.9277323690832309,0.996415309112262,0.14102745056152344
a3948,/mnt/data_disk/HDRData/1000hdr/HDRtest/a3948-_DSC0045.exr,/mnt/data_disk/ZQL/TIP_TMO_result/tradition/Drago/a3948.png,340,512,0.7854004401821884,0.6728467994121704,0.25415738128745247,0.915741602647874,0.841307970908603,0.990175234387145,0.17812812328338623
a3954,/mnt/data_disk/HDRData/1000hdr/HDRtest/a3954-_MG_0841.exr,/mnt/data_disk/ZQL/TIP_TMO_result/tradition/Drago/a3954.png,341,512,0.9586659533559314,0.9103782810411095,0.8696046207205377,0.8203708421694732,0.895330911291895,0.7454107730470514,0.23297671973705292
a3958,/mnt/data_disk/HDRData/1000hdr/HDRtest/a3958-_DSC3890.exr,/mnt/data_disk/ZQL/TIP_TMO_result/tradition/Drago/a3958.png,341,512,0.9572195354417408,0.9334782831732067,0.8195318260645177,0.9391148266693665,0.9431336237712935,0.9350960295674396,0.09505880624055862
a3961,/mnt/data_disk/HDRData/1000hdr/HDRtest/a3961-_DSC0049.exr,/mnt/data_disk/ZQL/TIP_TMO_result/tradition/Drago/a3961.png,340,512,0.8189078942009154,0.7659072235869876,0.2779342188388204,0.8809194915171212,0.8170996513735106,0.9447393316607319,0.1044766753911972
a3963,/mnt/data_disk/HDRData/1000hdr/HDRtest/a3963-jmac_DSC3835.exr,/mnt/data_disk/ZQL/TIP_TMO_result/tradition/Drago/a3963.png,340,512,0.8377063968417308,0.828115634853656,0.2829176591496315,0.9263545653143843,0.9087941290773426,0.9439150015514259,0.17687733471393585
a3964,/mnt/data_disk/HDRData/1000hdr/HDRtest/a3964-NKIM_MG_6716.exr,/mnt/data_disk/ZQL/TIP_TMO_result/tradition/Drago/a3964.png,341,512,0.8253198951473925,0.6487151231979558,0.5083539620788129,0.35950248989478706,0.7166110613796005,0.002393918409973578,0.2029009908437729
a3970,/mnt/data_disk/HDRData/1000hdr/HDRtest/a3970-WP_Amanda_3rd_bday014.exr,/mnt/data_disk/ZQL/TIP_TMO_result/tradition/Drago/a3970.png,341,512,0.9003765652383119,0.7955320873251381,0.6917573313369447,0.8626735101983838,0.8779967506444354,0.8473502697523321,0.12487670034170151
a3973,/mnt/data_disk/HDRData/1000hdr/HDRtest/a3973-DSC_0068-2.exr,/mnt/data_disk/ZQL/TIP_TMO_result/tradition/Drago/a3973.png,340,512,0.9658801886271846,0.8743620258263397,0.985729713753293,0.9266858125150987,0.943098393834374,0.9102732311958236,0.09615020453929901
a3975,/mnt/data_disk/HDRData/1000hdr/HDRtest/a3975-jmac_MG_5721.exr,/mnt/data_disk/ZQL/TIP_TMO_result/tradition/Drago/a3975.png,341,512,0.968307078797384,0.9094764115866184,0.9376491507547514,0.9503075782372759,0.9049071677716648,0.9957079887028868,0.1306384801864624
a3976,/mnt/data_disk/HDRData/1000hdr/HDRtest/a3976-Ja_Pe-10.exr,/mnt/data_disk/ZQL/TIP_TMO_result/tradition/Drago/a3976.png,288,512,0.9647494630061424,0.8831682358259112,0.9612121698257986,0.9645340224730448,0.9333665144671165,0.9957015304789731,0.1590840071439743
a3991,/mnt/data_disk/HDRData/1000hdr/HDRtest/a3991-DSC_0005-2.exr,/mnt/data_disk/ZQL/TIP_TMO_result/tradition/Drago/a3991.png,340,512,0.9590279829761674,0.8586808990223714,0.9672342895515437,0.9481532725793899,0.9012587556047389,0.9950477895540408,0.14090962707996368
a3992,/mnt/data_disk/HDRData/1000hdr/HDRtest/a3992-KE_-0044.exr,/mnt/data_disk/ZQL/TIP_TMO_result/tradition/Drago/a3992.png,340,512,0.7875682547867572,0.5754105491541746,0.43669708314222494,0.8915612698285558,0.8940023527984271,0.8891201868586844,0.09723707288503647
a3993,/mnt/data_disk/HDRData/1000hdr/HDRtest/a3993-IMG_2812.exr,/mnt/data_disk/ZQL/TIP_TMO_result/tradition/Drago/a3993.png,341,512,0.8243457845357106,0.5861293480519166,0.6311344416722642,0.8227240235126837,0.8424900207086974,0.80295802631667,0.12450183182954788
a3995,/mnt/data_disk/HDRData/1000hdr/HDRtest/a3995-IMG_0187.exr,/mnt/data_disk/ZQL/TIP_TMO_result/tradition/Drago/a3995.png,341,512,0.8942996489464385,0.7012453148868194,0.8366576968212069,0.8368869959687624,0.8559109317112463,0.8178630602262783,0.18358103930950165
a4001,/mnt/data_disk/HDRData/1000hdr/HDRtest/a4001-jn_20070824_0168.exr,/mnt/data_disk/ZQL/TIP_TMO_result/tradition/Drago/a4001.png,341,512,0.9331952036131607,0.8043489541178216,0.8925157243766854,0.919723906112074,0.8437251920317926,0.9957226201923554,0.11416101455688477
a4003,/mnt/data_disk/HDRData/1000hdr/HDRtest/a4003-NKIM_MG_6603.exr,/mnt/data_disk/ZQL/TIP_TMO_result/tradition/Drago/a4003.png,341,512,0.9514868852191893,0.8941165867265944,0.8498010339776523,0.950759454385419,0.9163871572913643,0.9851317514794736,0.17426282167434692
a4004,/mnt/data_disk/HDRData/1000hdr/HDRtest/a4004-050812_113412__MG_3770.exr,/mnt/data_disk/ZQL/TIP_TMO_result/tradition/Drago/a4004.png,341,512,0.8716187675496988,0.904697960223223,0.35016221441866957,0.9524982858872257,0.9569336915689122,0.9480628802055394,0.10186050087213516
a4007,/mnt/data_disk/HDRData/1000hdr/HDRtest/a4007-_MG_7167.exr,/mnt/data_disk/ZQL/TIP_TMO_result/tradition/Drago/a4007.png,341,512,0.9358586322180239,0.8226492827123227,0.8754534120068004,0.9463613687586456,0.9097971633902767,0.9829255741270146,0.233210027217865
a4008,/mnt/data_disk/HDRData/1000hdr/HDRtest/a4008-dgw_019.exr,/mnt/data_disk/ZQL/TIP_TMO_result/tradition/Drago/a4008.png,341,512,0.9202501732594559,0.8223925682884589,0.7712862929143116,0.8384623263014633,0.6986901682836596,0.9782344843192671,0.18785013258457184
a4009,/mnt/data_disk/HDRData/1000hdr/HDRtest/a4009-jmac_MG_7717.exr,/mnt/data_disk/ZQL/TIP_TMO_result/tradition/Drago/a4009.png,341,512,0.963265582885555,0.8840069844669318,0.9492587272184319,0.9337649020671752,0.8933761481736798,0.9741536559606706,0.2504298686981201
a4013,/mnt/data_disk/HDRData/1000hdr/HDRtest/a4013-_I2E6911.exr,/mnt/data_disk/ZQL/TIP_TMO_result/tradition/Drago/a4013.png,341,512,0.9284298976243788,0.8084290689802796,0.8521305260025479,0.3728085970762744,0.712917696175854,0.032699497976694754,0.28899696469306946
a4014,/mnt/data_disk/HDRData/1000hdr/HDRtest/a4014-JI2E4114.exr,/mnt/data_disk/ZQL/TIP_TMO_result/tradition/Drago/a4014.png,341,512,0.9538554988734593,0.864768418670399,0.9196492288900207,0.767880776786311,0.8730595997004972,0.6627019538721246,0.21366113424301147
a4017,/mnt/data_disk/HDRData/1000hdr/HDRtest/a4017-DSC_0023.exr,/mnt/data_disk/ZQL/TIP_TMO_result/tradition/Drago/a4017.png,340,512,0.9635774320901156,0.8713558574083102,0.9751713498989564,0.9514867866377716,0.9311167311031482,0.971856842172395,0.13223478198051453
a4020,/mnt/data_disk/HDRData/1000hdr/HDRtest/a4020-IMG_3763.exr,/mnt/data_disk/ZQL/TIP_TMO_result/tradition/Drago/a4020.png,341,512,0.8930034241513796,0.735629253438496,0.757888240292411,0.9248693279936071,0.852619227619217,0.9971194283679973,0.1313503235578537
a4025,/mnt/data_disk/HDRData/1000hdr/HDRtest/a4025-IMG_5601.exr,/mnt/data_disk/ZQL/TIP_TMO_result/tradition/Drago/a4025.png,341,512,0.8562562889722635,0.7784214461050717,0.4558244316870611,0.7989361500629406,0.788078094220232,0.8097942059056491,0.19547992944717407
a4026,/mnt/data_disk/HDRData/1000hdr/HDRtest/a4026-NKIM_MG_6632.exr,/mnt/data_disk/ZQL/TIP_TMO_result/tradition/Drago/a4026.png,341,512,0.7848760972716691,0.919605273267115,0.003860233307984438,0.5509935422489239,0.9473137745607063,0.1546733099371415,0.1393471211194992
a4027,/mnt/data_disk/HDRData/1000hdr/HDRtest/a4027-IMG_2393.exr,/mnt/data_disk/ZQL/TIP_TMO_result/tradition/Drago/a4027.png,341,512,0.9309548002754428,0.8252226350858906,0.8373152275104883,0.9472691613683096,0.903607401192789,0.9909309215438302,0.1502050757408142
a4028,/mnt/data_disk/HDRData/1000hdr/HDRtest/a4028-060810_105728__MG_6096.exr,/mnt/data_disk/ZQL/TIP_TMO_result/tradition/Drago/a4028.png,341,512,0.910932331990165,0.7888771851945976,0.7725283305635875,0.8930569805453443,0.8697250328491554,0.9163889282415332,0.18361181020736694
a4038,/mnt/data_disk/HDRData/1000hdr/HDRtest/a4038-Ja_Pe-20.exr,/mnt/data_disk/ZQL/TIP_TMO_result/tradition/Drago/a4038.png,288,512,0.8913048826786532,0.8059024994417621,0.6163555712344359,0.8944391297451507,0.8795721052955241,0.9093061541947773,0.18800604343414307
a4040,/mnt/data_disk/HDRData/1000hdr/HDRtest/a4040-IMG_0233.exr,/mnt/data_disk/ZQL/TIP_TMO_result/tradition/Drago/a4040.png,341,512,0.8767221265820102,0.7520791267932995,0.6228234653277498,0.8150518107991134,0.8637278052490032,0.7663758163492236,0.304323673248291
a4047,/mnt/data_disk/HDRData/1000hdr/HDRtest/a4047-IMG_1285.exr,/mnt/data_disk/ZQL/TIP_TMO_result/tradition/Drago/a4047.png,341,512,0.9561379764745992,0.9358707928342169,0.8082129255065521,0.9460698929325825,0.9673346776936076,0.9248051081715574,0.09969382733106613
a4049,/mnt/data_disk/HDRData/1000hdr/HDRtest/a4049-_DSC3858.exr,/mnt/data_disk/ZQL/TIP_TMO_result/tradition/Drago/a4049.png,341,512,0.8862360455566634,0.6979585473870407,0.7896508905549279,0.895639258911763,0.8260434286689713,0.9652350891545547,0.29208675026893616
a4051,/mnt/data_disk/HDRData/1000hdr/HDRtest/a4051-_DSC0018-3.exr,/mnt/data_disk/ZQL/TIP_TMO_result/tradition/Drago/a4051.png,340,512,0.9406283629364137,0.8560192376153165,0.8453648557625597,0.9260972052507386,0.9166766256152893,0.935517784886188,0.14000855386257172
a4052,/mnt/data_disk/HDRData/1000hdr/HDRtest/a4052-20060620_165511__MG_9535.exr,/mnt/data_disk/ZQL/TIP_TMO_result/tradition/Drago/a4052.png,341,512,0.9309923331412969,0.8727260718132418,0.7513517412876807,0.9132278598345172,0.883673306869452,0.9427824127995822,0.21054327487945557
a4060,/mnt/data_disk/HDRData/1000hdr/HDRtest/a4060-_DSC5597.exr,/mnt/data_disk/ZQL/TIP_TMO_result/tradition/Drago/a4060.png,341,512,0.907097905455649,0.7457690352312684,0.8311877043824981,0.8892822193019894,0.7991082894519981,0.9794561491519808,0.23669810593128204
a4064,/mnt/data_disk/HDRData/1000hdr/HDRtest/a4064-07-12-02-at-16h23m18s-_MG_9020.exr,/mnt/data_disk/ZQL/TIP_TMO_result/tradition/Drago/a4064.png,341,512,0.9463914144919711,0.8992059986481075,0.8065719813236043,0.9275733827071635,0.8573586847187542,0.9977880806955728,0.2013029009103775
a4068,/mnt/data_disk/HDRData/1000hdr/HDRtest/a4068-tc_DSC2612.exr,/mnt/data_disk/ZQL/TIP_TMO_result/tradition/Drago/a4068.png,340,512,0.8698072607395979,0.7420352434435841,0.5987704064012568,0.6682234164068257,0.5934199536236224,0.7430268791900289,0.1930958479642868
a4075,/mnt/data_disk/HDRData/1000hdr/HDRtest/a4075-JI2E0444.exr,/mnt/data_disk/ZQL/TIP_TMO_result/tradition/Drago/a4075.png,341,512,0.8213561960775005,0.6776549784746113,0.4322607358720663,0.7848583926465206,0.8330512709949687,0.7366655142980725,0.29568833112716675
a4076,/mnt/data_disk/HDRData/1000hdr/HDRtest/a4076-_DGW6244.exr,/mnt/data_disk/ZQL/TIP_TMO_result/tradition/Drago/a4076.png,341,512,0.8389481460517942,0.7036182489627354,0.48539106709783386,0.5831056372619801,0.8246857525783251,0.34152552194563496,0.32720205187797546
a4080,/mnt/data_disk/HDRData/1000hdr/HDRtest/a4080-IMG_3765.exr,/mnt/data_disk/ZQL/TIP_TMO_result/tradition/Drago/a4080.png,341,512,0.8986553741466463,0.815451631423565,0.6452347307384971,0.8961604374219694,0.8523938491227928,0.939927025721146,0.19273018836975098
a4085,/mnt/data_disk/HDRData/1000hdr/HDRtest/a4085-_MG_2385.exr,/mnt/data_disk/ZQL/TIP_TMO_result/tradition/Drago/a4085.png,341,512,0.9430173780273294,0.8518399783844843,0.8692998257071024,0.9092544056665073,0.8379721746970631,0.9805366366359515,0.14449691772460938
a4087,/mnt/data_disk/HDRData/1000hdr/HDRtest/a4087-NKIM_MG_6395.exr,/mnt/data_disk/ZQL/TIP_TMO_result/tradition/Drago/a4087.png,341,512,0.9399090138742053,0.8461069476203105,0.8588225642858596,0.8808263733447553,0.9100892661549226,0.8515634805345881,0.2657732367515564
a4088,/mnt/data_disk/HDRData/1000hdr/HDRtest/a4088-dvf_041.exr,/mnt/data_disk/ZQL/TIP_TMO_result/tradition/Drago/a4088.png,341,512,0.9059682501277253,0.8001901372616148,0.7190779905744044,0.8738081198824417,0.8799653812702564,0.8676508584946271,0.1246526688337326
a4091,/mnt/data_disk/HDRData/1000hdr/HDRtest/a4091-_DSC0041.exr,/mnt/data_disk/ZQL/TIP_TMO_result/tradition/Drago/a4091.png,340,512,0.8594982222480133,0.7826152746256915,0.46730369459850385,0.9042873957857371,0.8270244600927092,0.981550331478765,0.16817235946655273
a4092,/mnt/data_disk/HDRData/1000hdr/HDRtest/a4092-07-12-03-at-09h35m54s-_MG_9192.exr,/mnt/data_disk/ZQL/TIP_TMO_result/tradition/Drago/a4092.png,341,512,0.8989187577004376,0.8519588438915797,0.5845818807429564,0.9425170383519014,0.9032862684252984,0.9817478082785044,0.27984821796417236
a4093,/mnt/data_disk/HDRData/1000hdr/HDRtest/a4093-jn_20071117-031.exr,/mnt/data_disk/ZQL/TIP_TMO_result/tradition/Drago/a4093.png,341,512,0.9067682611097261,0.7934163404665839,0.73677964112004,0.8826652006444002,0.8669444849658676,0.8983859163229327,0.28973546624183655
a4096,/mnt/data_disk/HDRData/1000hdr/HDRtest/a4096-jmac_MG_0095.exr,/mnt/data_disk/ZQL/TIP_TMO_result/tradition/Drago/a4096.png,341,512,0.8233797860853288,0.7690297020353395,0.295472473099349,0.7269526002063392,0.6379380932852619,0.8159671071274166,0.18688270449638367
a4097,/mnt/data_disk/HDRData/1000hdr/HDRtest/a4097-20080623_at_14h52m36__MG_9904.exr,/mnt/data_disk/ZQL/TIP_TMO_result/tradition/Drago/a4097.png,341,512,0.9514384697558391,0.9151265957612359,0.81250636531653,0.9655021657906976,0.9372241375645062,0.993780194016889,0.1365458220243454
a4099,/mnt/data_disk/HDRData/1000hdr/HDRtest/a4099-_DSC0014-2.exr,/mnt/data_disk/ZQL/TIP_TMO_result/tradition/Drago/a4099.png,340,512,0.9458047106960789,0.8747818693126792,0.8461289164679346,0.9660539655557907,0.943342968250828,0.9887649628607534,0.1195937842130661
a4101,/mnt/data_disk/HDRData/1000hdr/HDRtest/a4101-IMG_5823.exr,/mnt/data_disk/ZQL/TIP_TMO_result/tradition/Drago/a4101.png,341,512,0.743791189243854,0.5777342207178857,0.21057776963087158,0.7312498886785923,0.560363801154604,0.9021359762025805,0.1828729212284088
a4102,/mnt/data_disk/HDRData/1000hdr/HDRtest/a4102-07-06-30-at-11h38m56s-_MG_1997.exr,/mnt/data_disk/ZQL/TIP_TMO_result/tradition/Drago/a4102.png,341,512,0.950510998288925,0.8560875904737542,0.912782772085633,0.9591755844975184,0.924868425057807,0.9934827439372298,0.1960386335849762
a4104,/mnt/data_disk/HDRData/1000hdr/HDRtest/a4104-DSC_0260.exr,/mnt/data_disk/ZQL/TIP_TMO_result/tradition/Drago/a4104.png,340,512,0.9204676572410107,0.8710728904976024,0.6863750179464446,0.6526122453656932,0.7878818113143858,0.5173426794170005,0.08733367174863815
a4105,/mnt/data_disk/HDRData/1000hdr/HDRtest/a4105-07-11-26-at-16h02m57s-_MG_7151.exr,/mnt/data_disk/ZQL/TIP_TMO_result/tradition/Drago/a4105.png,341,512,0.89002018199154,0.7377704273094562,0.7342370706891708,0.8714542069761217,0.7721891325323574,0.970719281419886,0.2275928556919098
a4107,/mnt/data_disk/HDRData/1000hdr/HDRtest/a4107-dvf_018.exr,/mnt/data_disk/ZQL/TIP_TMO_result/tradition/Drago/a4107.png,341,512,0.8017128870775894,0.5661105299305426,0.5373295658686674,0.404061976339331,0.7739171473038614,0.0342068053748006,0.19226905703544617
a4108,/mnt/data_disk/HDRData/1000hdr/HDRtest/a4108-MB_080329_057.exr,/mnt/data_disk/ZQL/TIP_TMO_result/tradition/Drago/a4108.png,341,512,0.9711244930994528,0.889293049742112,0.9946983076820697,0.9049264929133991,0.8104482130191256,0.9994047728076725,0.28958746790885925
a4110,/mnt/data_disk/HDRData/1000hdr/HDRtest/a4110-dgw_069.exr,/mnt/data_disk/ZQL/TIP_TMO_result/tradition/Drago/a4110.png,341,512,0.8674203848485489,0.770239223415411,0.5341460797736308,0.9131980052375726,0.8611882041080716,0.9652078063670736,0.29169052839279175
a4113,/mnt/data_disk/HDRData/1000hdr/HDRtest/a4113-IMG_2800.exr,/mnt/data_disk/ZQL/TIP_TMO_result/tradition/Drago/a4113.png,341,512,0.8680853865694806,0.8330379725253177,0.43527875651709863,0.48260827177020116,0.8716604476420398,0.09355609589836256,0.15299764275550842
a4116,/mnt/data_disk/HDRData/1000hdr/HDRtest/a4116-IMG_2042.exr,/mnt/data_disk/ZQL/TIP_TMO_result/tradition/Drago/a4116.png,341,512,0.9210720592563096,0.794950931794664,0.8283713514943188,0.9527586759585218,0.9125605453456399,0.9929568065714038,0.11132749170064926
a4117,/mnt/data_disk/HDRData/1000hdr/HDRtest/a4117-050918_141526__MG_5987.exr,/mnt/data_disk/ZQL/TIP_TMO_result/tradition/Drago/a4117.png,341,512,0.8677567393295077,0.7961783262159405,0.4922686376774708,0.9323081580419457,0.8651463657766281,0.9994699503072634,0.2433924376964569
a4124,/mnt/data_disk/HDRData/1000hdr/HDRtest/a4124-20080709_at_10h04m23__MG_4561.exr,/mnt/data_disk/ZQL/TIP_TMO_result/tradition/Drago/a4124.png,341,512,0.9279487443230293,0.7789872888391992,0.9065196174124163,0.9504087002212069,0.9037567474476617,0.9970606529947522,0.18038758635520935
a4127,/mnt/data_disk/HDRData/1000hdr/HDRtest/a4127-DSC_0152.exr,/mnt/data_disk/ZQL/TIP_TMO_result/tradition/Drago/a4127.png,340,512,0.9446617936924863,0.9205052551635953,0.7584666561055822,0.9535036094367042,0.9327200892042348,0.9742871296691736,0.10438369959592819
a4131,/mnt/data_disk/HDRData/1000hdr/HDRtest/a4131-DSC_0001-2.exr,/mnt/data_disk/ZQL/TIP_TMO_result/tradition/Drago/a4131.png,340,512,0.931776060620618,0.8467606049297228,0.8029358557800106,0.9453738179681559,0.8919050531858465,0.9988425827504653,0.11270686984062195
a4134,/mnt/data_disk/HDRData/1000hdr/HDRtest/a4134-IMG_0086.exr,/mnt/data_disk/ZQL/TIP_TMO_result/tradition/Drago/a4134.png,341,512,0.9011369862727723,0.8661584997384412,0.5746927192000242,0.9245264732632301,0.9165668607604397,0.9324860857660204,0.1280771791934967
a4142,/mnt/data_disk/HDRData/1000hdr/HDRtest/a4142-_DGW6275.exr,/mnt/data_disk/ZQL/TIP_TMO_result/tradition/Drago/a4142.png,341,512,0.9381290612007778,0.8792694857338844,0.7867587548512229,0.9277018678090273,0.9150634409166131,0.9403402947014415,0.22031950950622559
a4143,/mnt/data_disk/HDRData/1000hdr/HDRtest/a4143-LSCRW_0029.exr,/mnt/data_disk/ZQL/TIP_TMO_result/tradition/Drago/a4143.png,384,512,0.8991374461272211,0.9311695065489004,0.4628457871593983,0.8959022406411665,0.9038492513543904,0.8879552299279427,0.09823568910360336
a4144,/mnt/data_disk/HDRData/1000hdr/HDRtest/a4144-050623_122602__MG_3246.exr,/mnt/data_disk/ZQL/TIP_TMO_result/tradition/Drago/a4144.png,341,512,0.9579361483449369,0.9073495527906842,0.8700143625395081,0.9378317156107772,0.9220492698425964,0.953614161378958,0.14232562482357025
a4150,/mnt/data_disk/HDRData/1000hdr/HDRtest/a4150-_DGW6309.exr,/mnt/data_disk/ZQL/TIP_TMO_result/tradition/Drago/a4150.png,341,512,0.9066096835042753,0.7412740483437115,0.8369756128527867,0.9140874228884754,0.8293892684076585,0.9987855773692923,0.3020976483821869
a4151,/mnt/data_disk/HDRData/1000hdr/HDRtest/a4151-dvf_026.exr,/mnt/data_disk/ZQL/TIP_TMO_result/tradition/Drago/a4151.png,341,512,0.8952705999097246,0.7179189401692003,0.8085350830204793,0.7833073938657504,0.8335964023017833,0.7330183854297174,0.26368728280067444
a4154,/mnt/data_disk/HDRData/1000hdr/HDRtest/a4154-IMG_4620.exr,/mnt/data_disk/ZQL/TIP_TMO_result/tradition/Drago/a4154.png,341,512,0.9482688670345862,0.8529187094392401,0.9032645709313385,0.9236268642575983,0.8778291079198874,0.9694246205953092,0.1740798056125641
a4155,/mnt/data_disk/HDRData/1000hdr/HDRtest/a4155-WP_CRW_0237.exr,/mnt/data_disk/ZQL/TIP_TMO_result/tradition/Drago/a4155.png,341,512,0.9437816992014897,0.864043234408006,0.8519858607798237,0.9358779215148388,0.8996052569409307,0.9721505860887469,0.1567203253507614
a4156,/mnt/data_disk/HDRData/1000hdr/HDRtest/a4156-IMG_0159.exr,/mnt/data_disk/ZQL/TIP_TMO_result/tradition/Drago/a4156.png,341,512,0.8946898845502314,0.7234405638492964,0.7934139498114641,0.9439570210391846,0.892149745950281,0.995764296128088,0.21913160383701324
a4158,/mnt/data_disk/HDRData/1000hdr/HDRtest/a4158-WP_CRW_4109.exr,/mnt/data_disk/ZQL/TIP_TMO_result/tradition/Drago/a4158.png,341,512,0.9467449034513233,0.8437586112623804,0.9100403709785236,0.8426715187373619,0.7038173119092546,0.9815257255654694,0.12129302322864532
a4160,/mnt/data_disk/HDRData/1000hdr/HDRtest/a4160-jn_20070824_0167.exr,/mnt/data_disk/ZQL/TIP_TMO_result/tradition/Drago/a4160.png,341,512,0.8087231559747367,0.7987541267149587,0.18678460287819865,0.6329135312375647,0.8456856941321893,0.4201413683429399,0.29635921120643616
a4161,/mnt/data_disk/HDRData/1000hdr/HDRtest/a4161-tc_DSC2218.exr,/mnt/data_disk/ZQL/TIP_TMO_result/tradition/Drago/a4161.png,340,512,0.8415073636002172,0.965788684852544,0.1376780871082317,0.473377380976768,0.9467359041848836,1.8857768652412477e-05,0.18039830029010773
a4167,/mnt/data_disk/HDRData/1000hdr/HDRtest/a4167-IMG_0031.exr,/mnt/data_disk/ZQL/TIP_TMO_result/tradition/Drago/a4167.png,341,512,0.9309433781976794,0.8424268624671072,0.8053119660157716,0.8533943332315829,0.8646268286182129,0.8421618378449528,0.2221800982952118
a4170,/mnt/data_disk/HDRData/1000hdr/HDRtest/a4170-jmac_DSC3333.exr,/mnt/data_disk/ZQL/TIP_TMO_result/tradition/Drago/a4170.png,343,512,0.8749133015948208,0.7273778477087377,0.6578870535753686,0.7328656295988628,0.8582439156585023,0.6074873435392233,0.181507870554924
a4174,/mnt/data_disk/HDRData/1000hdr/HDRtest/a4174-dgw_083.exr,/mnt/data_disk/ZQL/TIP_TMO_result/tradition/Drago/a4174.png,341,512,0.9446496132436317,0.8373139077856854,0.9078279901915758,0.948253333818481,0.9063132534016368,0.9901934142353251,0.3240851163864136
a4177,/mnt/data_disk/HDRData/1000hdr/HDRtest/a4177-jmac_DSC1412.exr,/mnt/data_disk/ZQL/TIP_TMO_result/tradition/Drago/a4177.png,340,512,0.9535665949323604,0.9573491901988294,0.7552582353823369,0.7727609127463968,0.9547342342019781,0.5907875912908155,0.1097579374909401
a4178,/mnt/data_disk/HDRData/1000hdr/HDRtest/a4178-IMG_0487.exr,/mnt/data_disk/ZQL/TIP_TMO_result/tradition/Drago/a4178.png,341,512,0.9726236887036925,0.926936007703823,0.9362223031452954,0.9685729251814927,0.9658141738234338,0.9713316765395515,0.09793885797262192
a4184,/mnt/data_disk/HDRData/1000hdr/HDRtest/a4184-jmac_MG_5507.exr,/mnt/data_disk/ZQL/TIP_TMO_result/tradition/Drago/a4184.png,341,512,0.9212934508559496,0.7999641396307964,0.8202500620735931,0.9152878612465664,0.8358271166027202,0.9947486058904125,0.2681818902492523
a4185,/mnt/data_disk/HDRData/1000hdr/HDRtest/a4185-DSC_0055-2.exr,/mnt/data_disk/ZQL/TIP_TMO_result/tradition/Drago/a4185.png,340,512,0.8975819575309667,0.8477750343809041,0.5834079399722609,0.9385698514738425,0.8928513740622347,0.9842883288854504,0.18562597036361694
a4188,/mnt/data_disk/HDRData/1000hdr/HDRtest/a4188-_MG_1604.exr,/mnt/data_disk/ZQL/TIP_TMO_result/tradition/Drago/a4188.png,341,512,0.9088434272628436,0.7701505939834643,0.794643940093509,0.8760716758958681,0.7602412844657985,0.9919020673259377,0.2685634195804596
a4191,/mnt/data_disk/HDRData/1000hdr/HDRtest/a4191-IMG_4849.exr,/mnt/data_disk/ZQL/TIP_TMO_result/tradition/Drago/a4191.png,341,512,0.9259280006697155,0.8305213604417628,0.7938372003412152,0.900244147886475,0.8914580948761879,0.9090302008967621,0.18885564804077148
a4194,/mnt/data_disk/HDRData/1000hdr/HDRtest/a4194-LS051026_day_1_arive50.exr,/mnt/data_disk/ZQL/TIP_TMO_result/tradition/Drago/a4194.png,341,512,0.8881403335398563,0.7499229367819715,0.6986680177879958,0.8901694928678541,0.8637293239544486,0.9166096617812596,0.17163878679275513
a4197,/mnt/data_disk/HDRData/1000hdr/HDRtest/a4197-_MG_6428.exr,/mnt/data_disk/ZQL/TIP_TMO_result/tradition/Drago/a4197.png,341,512,0.9686574034319421,0.9492209248051576,0.8697345506095112,0.9286096166913966,0.9720174809310661,0.8852017524517272,0.09310876578092575
a4198,/mnt/data_disk/HDRData/1000hdr/HDRtest/a4198-_DSC6401.exr,/mnt/data_disk/ZQL/TIP_TMO_result/tradition/Drago/a4198.png,341,512,0.7853801839962029,0.5967733544782707,0.3833504215949386,0.6267912736673896,0.7877426708771658,0.46583987645761354,0.28725776076316833
a4199,/mnt/data_disk/HDRData/1000hdr/HDRtest/a4199-jmac_MG_5003.exr,/mnt/data_disk/ZQL/TIP_TMO_result/tradition/Drago/a4199.png,341,512,0.833372254093858,0.7693072890729147,0.3459616370981445,0.9116916596443316,0.8422574349390847,0.9811258843495787,0.29856741428375244
a4201,/mnt/data_disk/HDRData/1000hdr/HDRtest/a4201-_DSC0120.exr,/mnt/data_disk/ZQL/TIP_TMO_result/tradition/Drago/a4201.png,340,512,0.883847946492882,0.79963331001904,0.5816700249941468,0.8639041257885471,0.7530516911515851,0.9747565604255093,0.25794488191604614
a4202,/mnt/data_disk/HDRData/1000hdr/HDRtest/a4202-DSC_0439.exr,/mnt/data_disk/ZQL/TIP_TMO_result/tradition/Drago/a4202.png,343,512,0.9461067917190252,0.8477741573409366,0.898055290345366,0.9607123263926536,0.9227753601684416,0.9986492926168654,0.1720348596572876
a4204,/mnt/data_disk/HDRData/1000hdr/HDRtest/a4204-_DGW7870.exr,/mnt/data_disk/ZQL/TIP_TMO_result/tradition/Drago/a4204.png,341,512,0.8952610895683141,0.8236209124597291,0.610015906282653,0.9068931154934143,0.9022855957001101,0.9115006352867184,0.10931160300970078
a4212,/mnt/data_disk/HDRData/1000hdr/HDRtest/a4212-Duggan_090321_5925.exr,/mnt/data_disk/ZQL/TIP_TMO_result/tradition/Drago/a4212.png,341,512,0.9093103334858984,0.7636714999766959,0.8104099992475343,0.9510721093273585,0.9043128941666909,0.9978313244880261,0.19899404048919678
a4214,/mnt/data_disk/HDRData/1000hdr/HDRtest/a4214-DSC_0267.exr,/mnt/data_disk/ZQL/TIP_TMO_result/tradition/Drago/a4214.png,343,512,0.9167131125200595,0.870672422253663,0.6632945844788973,0.9705810258669878,0.9514048901628861,0.9897571615710894,0.17656636238098145
a4216,/mnt/data_disk/HDRData/1000hdr/HDRtest/a4216-DSC_0118.exr,/mnt/data_disk/ZQL/TIP_TMO_result/tradition/Drago/a4216.png,343,512,0.9566671367939312,0.879642003540441,0.9114851897201105,0.7482553257810408,0.9225433748280523,0.5739672767340294,0.1622820496559143
a4220,/mnt/data_disk/HDRData/1000hdr/HDRtest/a4220-Duggan_090305_5359.exr,/mnt/data_disk/ZQL/TIP_TMO_result/tradition/Drago/a4220.png,341,512,0.9267197194918084,0.8222766178817175,0.8144112568902173,0.4263391039277446,0.8343655499499534,0.018312657905535806,0.21783317625522614
a4228,/mnt/data_disk/HDRData/1000hdr/HDRtest/a4228-DSC_0037-2.exr,/mnt/data_disk/ZQL/TIP_TMO_result/tradition/Drago/a4228.png,340,512,0.9163049221963678,0.9215993177843256,0.5779404238429532,0.7136054839656403,0.9504836482172466,0.4767273197140339,0.09572555124759674
a4230,/mnt/data_disk/HDRData/1000hdr/HDRtest/a4230-Duggan_090426_7798.exr,/mnt/data_disk/ZQL/TIP_TMO_result/tradition/Drago/a4230.png,341,512,0.8057679458414531,0.6285018089293876,0.4353129907079669,0.4042675630742159,0.7959858853671715,0.012549240781260289,0.22649718821048737
a4231,/mnt/data_disk/HDRData/1000hdr/HDRtest/a4231-Duggan_080326_5786.exr,/mnt/data_disk/ZQL/TIP_TMO_result/tradition/Drago/a4231.png,341,512,0.9052783554420736,0.7458227571854856,0.8188703155522875,0.9181518098334343,0.8596868366832124,0.9766167829836561,0.11644677817821503
a4232,/mnt/data_disk/HDRData/1000hdr/HDRtest/a4232-Duggan_090323_6181.exr,/mnt/data_disk/ZQL/TIP_TMO_result/tradition/Drago/a4232.png,341,512,0.8170791975898425,0.8069596261454839,0.21353457902213596,0.875887334322476,0.8246465494399411,0.9271281192050109,0.2709904909133911
a4235,/mnt/data_disk/HDRData/1000hdr/HDRtest/a4235-DSC_0433.exr,/mnt/data_disk/ZQL/TIP_TMO_result/tradition/Drago/a4235.png,343,512,0.9097248714317636,0.8051483545342508,0.734253477886293,0.6486191214647072,0.7097126400541549,0.5875256028752596,0.19145676493644714
a4236,/mnt/data_disk/HDRData/1000hdr/HDRtest/a4236-DSC_0384.exr,/mnt/data_disk/ZQL/TIP_TMO_result/tradition/Drago/a4236.png,343,512,0.859757492815817,0.8457448981053729,0.3708653460126541,0.9623378598010383,0.928991733580957,0.9956839860211195,0.12375960499048233
a4237,/mnt/data_disk/HDRData/1000hdr/HDRtest/a4237-20090417_at_18h06m01__MG_1955.exr,/mnt/data_disk/ZQL/TIP_TMO_result/tradition/Drago/a4237.png,341,512,0.8357432441580468,0.7027087062596375,0.4686791137489939,0.35142930757003943,0.6848183285161814,0.01804028662389745,0.17989042401313782
a4238,/mnt/data_disk/HDRData/1000hdr/HDRtest/a4238-Duggan_090320_5609.exr,/mnt/data_disk/ZQL/TIP_TMO_result/tradition/Drago/a4238.png,341,512,0.937111170499639,0.859241438731998,0.8158351334759504,0.94129187598272,0.909381108595022,0.9732026433704181,0.16650761663913727
a4239,/mnt/data_disk/HDRData/1000hdr/HDRtest/a4239-Duggan_080114_4429.exr,/mnt/data_disk/ZQL/TIP_TMO_result/tradition/Drago/a4239.png,341,512,0.8418311561653894,0.8022669402214496,0.3404851168320483,0.4444623984753604,0.7548467476404447,0.13407804931027612,0.15847373008728027
a4244,/mnt/data_disk/HDRData/1000hdr/HDRtest/a4244-Duggan_090504_8959.exr,/mnt/data_disk/ZQL/TIP_TMO_result/tradition/Drago/a4244.png,341,512,0.9094020685409816,0.7473757114996055,0.8434778897110197,0.9120266073927141,0.8243820585601674,0.9996711562252608,0.16908575594425201
a4246,/mnt/data_disk/HDRData/1000hdr/HDRtest/a4246-Duggan_090330_6226.exr,/mnt/data_disk/ZQL/TIP_TMO_result/tradition/Drago/a4246.png,341,512,0.8444871469555767,0.7122651718001636,0.501891945707073,0.8185991426599951,0.7422866763321218,0.8949116089878685,0.18232135474681854
a4249,/mnt/data_disk/HDRData/1000hdr/HDRtest/a4249-Duggan_090322_6001.exr,/mnt/data_disk/ZQL/TIP_TMO_result/tradition/Drago/a4249.png,341,512,0.8725482493476578,0.7852916285975403,0.5386019860621138,0.7974064833512498,0.8590075346430124,0.7358054320594872,0.23746995627880096
a4254,/mnt/data_disk/HDRData/1000hdr/HDRtest/a4254-DSC_0066.exr,/mnt/data_disk/ZQL/TIP_TMO_result/tradition/Drago/a4254.png,340,512,0.9643051510259828,0.9055818784116173,0.9169251320339318,0.9100121640975811,0.8884285056378067,0.9315958225573556,0.08736070245504379
a4258,/mnt/data_disk/HDRData/1000hdr/HDRtest/a4258-_DSC0012-4.exr,/mnt/data_disk/ZQL/TIP_TMO_result/tradition/Drago/a4258.png,340,512,0.9362465465939537,0.8652819986519388,0.799172124466131,0.9284812548469008,0.9306555028918954,0.9263070068019064,0.06274928152561188
a4262,/mnt/data_disk/HDRData/1000hdr/HDRtest/a4262-DSC_0065.exr,/mnt/data_disk/ZQL/TIP_TMO_result/tradition/Drago/a4262.png,340,512,0.9410139204896264,0.8812051360699481,0.8024799318305542,0.9340412519048212,0.877529316632534,0.9905531871771085,0.10676378011703491
a4266,/mnt/data_disk/HDRData/1000hdr/HDRtest/a4266-DSC_0426.exr,/mnt/data_disk/ZQL/TIP_TMO_result/tradition/Drago/a4266.png,343,512,0.8575141677773204,0.7023591238303775,0.5978582015224123,0.9192270866800982,0.8688893742344742,0.9695647991257221,0.21697671711444855
a4267,/mnt/data_disk/HDRData/1000hdr/HDRtest/a4267-20090414_at_23h13m08__MG_1367.exr,/mnt/data_disk/ZQL/TIP_TMO_result/tradition/Drago/a4267.png,341,512,0.8113115681452134,0.5893166474644554,0.5450671602614684,0.5106130071001911,0.6060196120777955,0.4152064021225867,0.15340553224086761
a4271,/mnt/data_disk/HDRData/1000hdr/HDRtest/a4271-Duggan_090227_5232.exr,/mnt/data_disk/ZQL/TIP_TMO_result/tradition/Drago/a4271.png,341,512,0.9184994152507011,0.888500045219631,0.6446656911677714,0.9529489568785374,0.917129462691932,0.9887684510651429,0.2086201161146164
a4272,/mnt/data_disk/HDRData/1000hdr/HDRtest/a4272-DSC_0398.exr,/mnt/data_disk/ZQL/TIP_TMO_result/tradition/Drago/a4272.png,343,512,0.7754715031583788,0.5650213193057565,0.3908783469434831,0.7702642753614464,0.5508186262771128,0.9897099244457801,0.10646648705005646
a4275,/mnt/data_disk/HDRData/1000hdr/HDRtest/a4275-09-05-12-at-17h46m31s-_MG_8890.exr,/mnt/data_disk/ZQL/TIP_TMO_result/tradition/Drago/a4275.png,341,512,0.9457570598278832,0.8403479155452453,0.9096966900170921,0.9099807885163258,0.8335268219371726,0.9864347550954788,0.17028559744358063
a4287,/mnt/data_disk/HDRData/1000hdr/HDRtest/a4287-_DSC0083.exr,/mnt/data_disk/ZQL/TIP_TMO_result/tradition/Drago/a4287.png,340,512,0.9210455065320851,0.8450972826054906,0.7353931354126914,0.9169288584165172,0.8652816725325433,0.9685760443004909,0.14009423553943634
a4291,/mnt/data_disk/HDRData/1000hdr/HDRtest/a4291-20090417_at_18h46m58__MG_2026.exr,/mnt/data_disk/ZQL/TIP_TMO_result/tradition/Drago/a4291.png,341,512,0.9268443927636039,0.9155245617513299,0.6525428617548884,0.9139943355415273,0.886029431998867,0.9419592390841877,0.1412135511636734
a4297,/mnt/data_disk/HDRData/1000hdr/HDRtest/a4297-_DSC0034.exr,/mnt/data_disk/ZQL/TIP_TMO_result/tradition/Drago/a4297.png,340,512,0.8954115655206262,0.7693174506305924,0.7085378872247853,0.8662475538343053,0.8685995216020085,0.8638955860666021,0.1581951379776001
a4298,/mnt/data_disk/HDRData/1000hdr/HDRtest/a4298-Duggan_090504_9090.exr,/mnt/data_disk/ZQL/TIP_TMO_result/tradition/Drago/a4298.png,341,512,0.8664308969894888,0.9253285788276404,0.2963308622550536,0.6662003125427596,0.8890946170167385,0.4433060080687805,0.16609273850917816
a4302,/mnt/data_disk/HDRData/1000hdr/HDRtest/a4302-20090425_at_17h00m59__MG_0404.exr,/mnt/data_disk/ZQL/TIP_TMO_result/tradition/Drago/a4302.png,341,512,0.964237447083339,0.8641555378886515,0.9935339841767031,0.9435531291584855,0.8901222041963736,0.9969840541205974,0.25477135181427
a4304,/mnt/data_disk/HDRData/1000hdr/HDRtest/a4304-09-05-19-at-18h03m17s-_MG_9540.exr,/mnt/data_disk/ZQL/TIP_TMO_result/tradition/Drago/a4304.png,341,512,0.8788034723131031,0.6813348206967553,0.7752513785420552,0.8310781122351574,0.709153025198646,0.9530031992716688,0.19860374927520752
a4307,/mnt/data_disk/HDRData/1000hdr/HDRtest/a4307-20050328_161219__MG_0628.exr,/mnt/data_disk/ZQL/TIP_TMO_result/tradition/Drago/a4307.png,341,512,0.8779016420358763,0.8396315295817993,0.48046176741190094,0.889694101893024,0.8733442106211158,0.9060439931649321,0.12142457813024521
a4308,/mnt/data_disk/HDRData/1000hdr/HDRtest/a4308-Duggan_090209_4996.exr,/mnt/data_disk/ZQL/TIP_TMO_result/tradition/Drago/a4308.png,341,512,0.9486696068019986,0.8450359005518436,0.9209276348108805,0.9243904047715689,0.8499383388857629,0.9988424706573749,0.25841447710990906
a4310,/mnt/data_disk/HDRData/1000hdr/HDRtest/a4310-DSC_0007.exr,/mnt/data_disk/ZQL/TIP_TMO_result/tradition/Drago/a4310.png,340,512,0.9369246183103762,0.7797995852657161,0.9673768511860794,0.940338844127862,0.930120505963945,0.950557182291779,0.1455291509628296
a4312,/mnt/data_disk/HDRData/1000hdr/HDRtest/a4312-20090417_at_16h32m44__MG_1867.exr,/mnt/data_disk/ZQL/TIP_TMO_result/tradition/Drago/a4312.png,341,512,0.7912042447907961,0.6261846587100328,0.3605671614953726,0.4391160701736945,0.7507521948999911,0.12747994544739785,0.3242705464363098
a4317,/mnt/data_disk/HDRData/1000hdr/HDRtest/a4317-DSC_0224.exr,/mnt/data_disk/ZQL/TIP_TMO_result/tradition/Drago/a4317.png,343,512,0.8657991068359906,0.7431509804631037,0.5723971923957555,0.3637849958079246,0.7125159253026072,0.015054066313242017,0.14857855439186096
a4318,/mnt/data_disk/HDRData/1000hdr/HDRtest/a4318-Duggan_090321_5920.exr,/mnt/data_disk/ZQL/TIP_TMO_result/tradition/Drago/a4318.png,341,512,0.978162590724027,0.9181713264712343,0.9909884161805828,0.9585741838589423,0.9454502952711441,0.9716980724467406,0.13938048481941223
a4319,/mnt/data_disk/HDRData/1000hdr/HDRtest/a4319-DSC_0132.exr,/mnt/data_disk/ZQL/TIP_TMO_result/tradition/Drago/a4319.png,340,512,0.9448815181110717,0.8216522289440985,0.9396214692495775,0.8387343888511134,0.8781082621215921,0.7993605155806348,0.1738584339618683
a4323,/mnt/data_disk/HDRData/1000hdr/HDRtest/a4323-DSC_0010.exr,/mnt/data_disk/ZQL/TIP_TMO_result/tradition/Drago/a4323.png,343,512,0.9201752446703624,0.796847109187997,0.8187192299970363,0.8132735944548964,0.6969166670330823,0.9296305218767106,0.2179436981678009
a4324,/mnt/data_disk/HDRData/1000hdr/HDRtest/a4324-DSC_0002.exr,/mnt/data_disk/ZQL/TIP_TMO_result/tradition/Drago/a4324.png,343,512,0.9580258965240255,0.8398425996344066,0.9965193023112904,0.8540535641971853,0.7096537921351492,0.9984533362592213,0.16132596135139465
a4326,/mnt/data_disk/HDRData/1000hdr/HDRtest/a4326-DSC_0461.exr,/mnt/data_disk/ZQL/TIP_TMO_result/tradition/Drago/a4326.png,343,512,0.8713400094315402,0.6967544874240428,0.6952002419216032,0.38048220369317176,0.6163998978690901,0.14456450951725336,0.18196836113929749
a4329,/mnt/data_disk/HDRData/1000hdr/HDRtest/a4329-DSC_0028.exr,/mnt/data_disk/ZQL/TIP_TMO_result/tradition/Drago/a4329.png,340,512,0.9165300359224057,0.8702837710456411,0.6627995409061711,0.9396346831875676,0.9280676359349811,0.9512017304401541,0.08957747370004654
a4331,/mnt/data_disk/HDRData/1000hdr/HDRtest/a4331-_DGW0241.exr,/mnt/data_disk/ZQL/TIP_TMO_result/tradition/Drago/a4331.png,341,512,0.8483393927922047,0.8076944384212246,0.3665285197501039,0.6297378501160946,0.8010752650740509,0.4584004351581382,0.16378448903560638
a4335,/mnt/data_disk/HDRData/1000hdr/HDRtest/a4335-Duggan_090123_4520.exr,/mnt/data_disk/ZQL/TIP_TMO_result/tradition/Drago/a4335.png,341,512,0.889231830766382,0.7839119219850352,0.6425428255943001,0.41715998424859035,0.8051847946798982,0.02913517381728252,0.2755652070045471
a4338,/mnt/data_disk/HDRData/1000hdr/HDRtest/a4338-DSC_0206.exr,/mnt/data_disk/ZQL/TIP_TMO_result/tradition/Drago/a4338.png,343,512,0.931053620137069,0.8780502656026401,0.7424600186080633,0.7921946379548969,0.9061710652821187,0.6782182106276751,0.10631352663040161
a4339,/mnt/data_disk/HDRData/1000hdr/HDRtest/a4339-Duggan_090111_4244.exr,/mnt/data_disk/ZQL/TIP_TMO_result/tradition/Drago/a4339.png,341,512,0.897444739310662,0.7360413873153212,0.7863004046798671,0.5749028621235674,0.7818220026263049,0.3679837216208301,0.22660447657108307
a4340,/mnt/data_disk/HDRData/1000hdr/HDRtest/a4340-DSC_0441.exr,/mnt/data_disk/ZQL/TIP_TMO_result/tradition/Drago/a4340.png,343,512,0.8941053084623531,0.7010371172132867,0.8357866457302755,0.43117429285766623,0.775278483614422,0.08707010210091046,0.17112785577774048
a4342,/mnt/data_disk/HDRData/1000hdr/HDRtest/a4342-DSC_0043.exr,/mnt/data_disk/ZQL/TIP_TMO_result/tradition/Drago/a4342.png,340,512,0.9254618506472385,0.7734583602809728,0.90047238453907,0.8286493184998676,0.8599990719274901,0.7972995650722451,0.13136276602745056
a4345,/mnt/data_disk/HDRData/1000hdr/HDRtest/a4345-Duggan_080411_5976.exr,/mnt/data_disk/ZQL/TIP_TMO_result/tradition/Drago/a4345.png,341,512,0.8835154868703013,0.7080316235153353,0.7510974740221298,0.8403807232000524,0.8300302112036676,0.8507312351964372,0.17017121613025665
a4354,/mnt/data_disk/HDRData/1000hdr/HDRtest/a4354-DSC_0347.exr,/mnt/data_disk/ZQL/TIP_TMO_result/tradition/Drago/a4354.png,343,512,0.9598368550732617,0.849093779421289,0.9913591503374118,0.9171018010184028,0.844067797263957,0.9901358047728486,0.22542351484298706
a4356,/mnt/data_disk/HDRData/1000hdr/HDRtest/a4356-_DSC1335.exr,/mnt/data_disk/ZQL/TIP_TMO_result/tradition/Drago/a4356.png,341,512,0.7496768606615466,0.5307755231393342,0.3221092519959428,0.8484059027357312,0.697383560835119,0.9994282446363435,0.06173538789153099
a4357,/mnt/data_disk/HDRData/1000hdr/HDRtest/a4357-Duggan_090124_4645.exr,/mnt/data_disk/ZQL/TIP_TMO_result/tradition/Drago/a4357.png,341,512,0.9215175398453418,0.8158473586596425,0.7917783258132512,0.8882686713356541,0.8267769246439453,0.949760418027363,0.18970844149589539
a4366,/mnt/data_disk/HDRData/1000hdr/HDRtest/a4366-DSC_0447.exr,/mnt/data_disk/ZQL/TIP_TMO_result/tradition/Drago/a4366.png,343,512,0.9737319778476614,0.9245972886187818,0.9481525388196475,0.9636317269308812,0.9303556406846606,0.9969078131771019,0.10491128265857697
a4368,/mnt/data_disk/HDRData/1000hdr/HDRtest/a4368-Duggan_090321_5857.exr,/mnt/data_disk/ZQL/TIP_TMO_result/tradition/Drago/a4368.png,341,512,0.9129475952508763,0.8141970944755795,0.7385716921609835,0.5869450464037635,0.7936674448562636,0.3802226479512635,0.21875175833702087
a4370,/mnt/data_disk/HDRData/1000hdr/HDRtest/a4370-DSC_0080.exr,/mnt/data_disk/ZQL/TIP_TMO_result/tradition/Drago/a4370.png,340,512,0.9304628768597187,0.8101686213888156,0.8625883757582602,0.9152924650851547,0.8542835135197776,0.9763014166505318,0.15618325769901276
a4374,/mnt/data_disk/HDRData/1000hdr/HDRtest/a4374-09-05-19-at-17h54m57s-_MG_9531.exr,/mnt/data_disk/ZQL/TIP_TMO_result/tradition/Drago/a4374.png,341,512,0.943580094548935,0.8488673136218303,0.878680829721604,0.8749861201239909,0.7627337683729967,0.9872384718749851,0.1234494298696518
a4377,/mnt/data_disk/HDRData/1000hdr/HDRtest/a4377-IMG_4929.exr,/mnt/data_disk/ZQL/TIP_TMO_result/tradition/Drago/a4377.png,341,512,0.9714120999126308,0.8963032862633379,0.9836370974710127,0.9618837446028863,0.9385928808479054,0.9851746083578672,0.12469802796840668
a4382,/mnt/data_disk/HDRData/1000hdr/HDRtest/a4382-DSC_0261.exr,/mnt/data_disk/ZQL/TIP_TMO_result/tradition/Drago/a4382.png,343,512,0.8748261585268958,0.787668410791201,0.5480636447380944,0.9467755970985644,0.9020789307754649,0.991472263421664,0.1821761429309845
a4384,/mnt/data_disk/HDRData/1000hdr/HDRtest/a4384-DSC_0322.exr,/mnt/data_disk/ZQL/TIP_TMO_result/tradition/Drago/a4384.png,343,512,0.9053936775442477,0.7271006644722492,0.8577511202794288,0.934566519813324,0.8786199055350061,0.9905131340916419,0.1584407240152359
a4385,/mnt/data_disk/HDRData/1000hdr/HDRtest/a4385-_DGW9650.exr,/mnt/data_disk/ZQL/TIP_TMO_result/tradition/Drago/a4385.png,341,512,0.9128580680621945,0.7853771704904924,0.7919167344508518,0.8165532836757103,0.7635530471230909,0.8695535202283299,0.1958055943250656
a4386,/mnt/data_disk/HDRData/1000hdr/HDRtest/a4386-Duggan_090124_4632.exr,/mnt/data_disk/ZQL/TIP_TMO_result/tradition/Drago/a4386.png,341,512,0.9265686024498851,0.836410416625652,0.7872715784875537,0.898449637617964,0.8678485653123271,0.929050709923601,0.14457900822162628
a4392,/mnt/data_disk/HDRData/1000hdr/HDRtest/a4392-Duggan_090331_6554.exr,/mnt/data_disk/ZQL/TIP_TMO_result/tradition/Drago/a4392.png,341,512,0.8625995798316429,0.8131801408758438,0.4356301759486556,0.6629598675599764,0.8708888590156153,0.45503087610433757,0.2526558041572571
a4394,/mnt/data_disk/HDRData/1000hdr/HDRtest/a4394-Duggan_090127_4837.exr,/mnt/data_disk/ZQL/TIP_TMO_result/tradition/Drago/a4394.png,341,512,0.8927071395109947,0.7301853964339156,0.7667587377236885,0.7503630804318291,0.8527340268268467,0.6479921340368113,0.21914377808570862
a4395,/mnt/data_disk/HDRData/1000hdr/HDRtest/a4395-Duggan_090503_8734.exr,/mnt/data_disk/ZQL/TIP_TMO_result/tradition/Drago/a4395.png,341,512,0.7835518378865696,0.7571267632487534,0.13251181607367796,0.7648739599309464,0.9552248216298743,0.5745230982320185,0.09347357600927353
a4396,/mnt/data_disk/HDRData/1000hdr/HDRtest/a4396-DSC_0073-2.exr,/mnt/data_disk/ZQL/TIP_TMO_result/tradition/Drago/a4396.png,340,512,0.915365764451429,0.8178145696658199,0.7476924252037117,0.8343845211194243,0.8792919399610142,0.7894771022778344,0.13260726630687714
a4398,/mnt/data_disk/HDRData/1000hdr/HDRtest/a4398-Duggan_050709_1062.exr,/mnt/data_disk/ZQL/TIP_TMO_result/tradition/Drago/a4398.png,341,512,0.8872623690650526,0.7616057692434729,0.6710700538631533,0.8913214857405583,0.8256613490094324,0.9569816224716841,0.1686290204524994
a4399,/mnt/data_disk/HDRData/1000hdr/HDRtest/a4399-Duggan_080410_5879.exr,/mnt/data_disk/ZQL/TIP_TMO_result/tradition/Drago/a4399.png,341,512,0.9355495221904624,0.8479948700061952,0.8259016061891352,0.9252088344099045,0.8546453306896691,0.9957723381301401,0.12223123759031296
a4409,/mnt/data_disk/HDRData/1000hdr/HDRtest/a4409-Duggan_090503_8738.exr,/mnt/data_disk/ZQL/TIP_TMO_result/tradition/Drago/a4409.png,341,512,0.9529006879212718,0.9380319454699557,0.7830545983384845,0.9072268861186664,0.926589615896043,0.8878641563412898,0.2022450566291809
a4419,/mnt/data_disk/HDRData/1000hdr/HDRtest/a4419-_DGW0269.exr,/mnt/data_disk/ZQL/TIP_TMO_result/tradition/Drago/a4419.png,341,512,0.8616499501015465,0.8440241840143732,0.3834982683658052,0.916533897537953,0.8399660239186391,0.9931017711572669,0.18384939432144165
a4420,/mnt/data_disk/HDRData/1000hdr/HDRtest/a4420-DSC_0054.exr,/mnt/data_disk/ZQL/TIP_TMO_result/tradition/Drago/a4420.png,343,512,0.7918026186595486,0.5413942533528707,0.5325312118764867,0.30033682834282804,0.477345249212795,0.12332840747286113,0.22338594496250153
a4421,/mnt/data_disk/HDRData/1000hdr/HDRtest/a4421-Duggan_090214_5129.exr,/mnt/data_disk/ZQL/TIP_TMO_result/tradition/Drago/a4421.png,341,512,0.882521612547759,0.9491792445270436,0.3473318605294939,0.48118372355204536,0.9615822230685002,0.0007852240355905823,0.11683084815740585
a4425,/mnt/data_disk/HDRData/1000hdr/HDRtest/a4425-DSC_0007.exr,/mnt/data_disk/ZQL/TIP_TMO_result/tradition/Drago/a4425.png,343,512,0.9273573347108119,0.8246621436030472,0.8142190554147857,0.8383376930910235,0.8261175442919961,0.8505578418900508,0.17217208445072174
a4430,/mnt/data_disk/HDRData/1000hdr/HDRtest/a4430-09-05-19-at-19h04m03s-_MG_9559.exr,/mnt/data_disk/ZQL/TIP_TMO_result/tradition/Drago/a4430.png,341,512,0.8382756155210593,0.6927404291555475,0.5011943145971938,0.5811320419277821,0.6968748042193124,0.4653892796362519,0.11218374967575073
a4431,/mnt/data_disk/HDRData/1000hdr/HDRtest/a4431-Duggan_090330_6282.exr,/mnt/data_disk/ZQL/TIP_TMO_result/tradition/Drago/a4431.png,341,512,0.9200271493490493,0.9063269045659961,0.6250008523854069,0.9203967722139808,0.8436185471397305,0.9971749972882311,0.17920713126659393
a4432,/mnt/data_disk/HDRData/1000hdr/HDRtest/a4432-Duggan_081114_3124.exr,/mnt/data_disk/ZQL/TIP_TMO_result/tradition/Drago/a4432.png,341,512,0.8656943942554753,0.6840842187855771,0.6847230118086118,0.814573879322944,0.7185086685330848,0.9106390901128033,0.17906297743320465
a4433,/mnt/data_disk/HDRData/1000hdr/HDRtest/a4433-Duggan_090504_8957.exr,/mnt/data_disk/ZQL/TIP_TMO_result/tradition/Drago/a4433.png,341,512,0.939882413736086,0.9151689006852993,0.7363186626681733,0.7582744749578341,0.9426116325918382,0.5739373173238298,0.16968640685081482
a4434,/mnt/data_disk/HDRData/1000hdr/HDRtest/a4434-20090414_at_23h05m38__MG_1365.exr,/mnt/data_disk/ZQL/TIP_TMO_result/tradition/Drago/a4434.png,341,512,0.7579910181808516,0.6251136313278488,0.20040587570300894,0.9134294344353884,0.8279503983147187,0.9989084705560579,0.05218392238020897
a4435,/mnt/data_disk/HDRData/1000hdr/HDRtest/a4435-WP_CRW_0591.exr,/mnt/data_disk/ZQL/TIP_TMO_result/tradition/Drago/a4435.png,341,512,0.8871818023786888,0.829476175016099,0.5512018485994434,0.9342717668480496,0.8750653346945325,0.9934781990015665,0.2077575922012329
a4436,/mnt/data_disk/HDRData/1000hdr/HDRtest/a4436-DSC_0153.exr,/mnt/data_disk/ZQL/TIP_TMO_result/tradition/Drago/a4436.png,343,512,0.9482554632448632,0.8985578394117649,0.8201667044764485,0.9498218587955652,0.9148784389975128,0.9847652785936177,0.14671728014945984
a4442,/mnt/data_disk/HDRData/1000hdr/HDRtest/a4442-Duggan_080629_9284.exr,/mnt/data_disk/ZQL/TIP_TMO_result/tradition/Drago/a4442.png,341,512,0.9084426932211942,0.7930649564015233,0.7483315906094106,0.8656853183121629,0.8470243946476731,0.8843462419766527,0.17331726849079132
a4447,/mnt/data_disk/HDRData/1000hdr/HDRtest/a4447-Duggan_090321_5856.exr,/mnt/data_disk/ZQL/TIP_TMO_result/tradition/Drago/a4447.png,341,512,0.9136450991958387,0.7538254424099919,0.8591983741102607,0.9265498997243566,0.8933187130447396,0.9597810864039737,0.23045861721038818
a4448,/mnt/data_disk/HDRData/1000hdr/HDRtest/a4448-Duggan_080119_4778.exr,/mnt/data_disk/ZQL/TIP_TMO_result/tradition/Drago/a4448.png,341,512,0.9640279942271329,0.9355305691392117,0.8619254511301979,0.9533569568991438,0.9069625789189031,0.9997513348793844,0.10434992611408234
a4449,/mnt/data_disk/HDRData/1000hdr/HDRtest/a4449-DSC_0030.exr,/mnt/data_disk/ZQL/TIP_TMO_result/tradition/Drago/a4449.png,343,512,0.8771153479582781,0.6877438784164982,0.750825568640649,0.8656486278506385,0.8103813823920035,0.9209158733092734,0.1704472154378891
a4452,/mnt/data_disk/HDRData/1000hdr/HDRtest/a4452-DSC_0084.exr,/mnt/data_disk/ZQL/TIP_TMO_result/tradition/Drago/a4452.png,340,512,0.8581539512109032,0.7802213588220672,0.46360753944407607,0.9286494499056865,0.8645137101888463,0.9927851896225267,0.2137307971715927
a4455,/mnt/data_disk/HDRData/1000hdr/HDRtest/a4455-Duggan_080106_4325.exr,/mnt/data_disk/ZQL/TIP_TMO_result/tradition/Drago/a4455.png,341,512,0.9636018603235025,0.8777166460700258,0.963359697300852,0.8761918462569684,0.7537854537369955,0.9985982387769413,0.24149416387081146
a4456,/mnt/data_disk/HDRData/1000hdr/HDRtest/a4456-DSC_0472.exr,/mnt/data_disk/ZQL/TIP_TMO_result/tradition/Drago/a4456.png,343,512,0.8080682608282983,0.7434906222783046,0.2576942130504149,0.9004459658599753,0.8430522902881066,0.9578396414318439,0.18266907334327698
a4457,/mnt/data_disk/HDRData/1000hdr/HDRtest/a4457-_DSC0012-5.exr,/mnt/data_disk/ZQL/TIP_TMO_result/tradition/Drago/a4457.png,340,512,0.94269601038628,0.8638271300463625,0.845035887072306,0.9542342039895253,0.9114164217758607,0.99705198620319,0.09592103213071823
a4465,/mnt/data_disk/HDRData/1000hdr/HDRtest/a4465-DSC_0051.exr,/mnt/data_disk/ZQL/TIP_TMO_result/tradition/Drago/a4465.png,340,512,0.8901339038446905,0.8687071696336893,0.5053767306413236,0.7285333291145599,0.8191944497271142,0.6378722085020057,0.12326869368553162
a4466,/mnt/data_disk/HDRData/1000hdr/HDRtest/a4466-20090327_at_11h08m58__MG_0964.exr,/mnt/data_disk/ZQL/TIP_TMO_result/tradition/Drago/a4466.png,341,512,0.9556024934193894,0.8706164612735136,0.9208390816658147,0.9049816898624516,0.8228180312878389,0.9871453484370645,0.24617613852024078
a4467,/mnt/data_disk/HDRData/1000hdr/HDRtest/a4467-Duggan_090426_7873.exr,/mnt/data_disk/ZQL/TIP_TMO_result/tradition/Drago/a4467.png,341,512,0.940294455684527,0.8562853988583884,0.8426205958238938,0.6040225351161574,0.8564015428763249,0.35164352735599,0.22936341166496277
a4470,/mnt/data_disk/HDRData/1000hdr/HDRtest/a4470-Duggan_090123_4566.exr,/mnt/data_disk/ZQL/TIP_TMO_result/tradition/Drago/a4470.png,341,512,0.9515229095115233,0.8642625602026643,0.9044771030990739,0.9019493534352636,0.8427703242175414,0.9611283826529858,0.2060961127281189
a4471,/mnt/data_disk/HDRData/1000hdr/HDRtest/a4471-Duggan_090321_5859.exr,/mnt/data_disk/ZQL/TIP_TMO_result/tradition/Drago/a4471.png,341,512,0.9042847624833574,0.8324954931624154,0.6506780131488314,0.41569872336865293,0.8281427569215619,0.0032546898157439783,0.22383178770542145
a4472,/mnt/data_disk/HDRData/1000hdr/HDRtest/a4472-Duggan_090504_9026.exr,/mnt/data_disk/ZQL/TIP_TMO_result/tradition/Drago/a4472.png,341,512,0.9665030363906324,0.8924963508710181,0.9561699656196806,0.9042639086263149,0.9000941403118183,0.9084336769408115,0.2952374219894409
a4474,/mnt/data_disk/HDRData/1000hdr/HDRtest/a4474-09-05-19-at-18h56m31s-_MG_9553.exr,/mnt/data_disk/ZQL/TIP_TMO_result/tradition/Drago/a4474.png,341,512,0.8870527065939113,0.8260733386911694,0.5560888709431279,0.9552835335844911,0.9141704471791248,0.9963966199898574,0.12226439267396927
a4476,/mnt/data_disk/HDRData/1000hdr/HDRtest/a4476-IMG_4029.exr,/mnt/data_disk/ZQL/TIP_TMO_result/tradition/Drago/a4476.png,341,512,0.9152057763472756,0.8307037477815166,0.7233050276629177,0.891737841479003,0.8749520593884978,0.9085236235695082,0.14160355925559998
a4477,/mnt/data_disk/HDRData/1000hdr/HDRtest/a4477-20090327_at_06h09m52__MG_0855.exr,/mnt/data_disk/ZQL/TIP_TMO_result/tradition/Drago/a4477.png,341,512,0.9148931767936721,0.8057294736094591,0.7669147893920044,0.8902875087101308,0.7881617584695954,0.9924132589506663,0.20446588099002838
a4479,/mnt/data_disk/HDRData/1000hdr/HDRtest/a4479-09-05-19-at-18h39m42s-_MG_9545.exr,/mnt/data_disk/ZQL/TIP_TMO_result/tradition/Drago/a4479.png,341,512,0.8039568037274242,0.7991419727549232,0.16590806099097435,0.8380840469396326,0.7670667452875481,0.909101348591717,0.2040923535823822
a4480,/mnt/data_disk/HDRData/1000hdr/HDRtest/a4480-Duggan_090201_4896.exr,/mnt/data_disk/ZQL/TIP_TMO_result/tradition/Drago/a4480.png,341,512,0.8221374297329214,0.6899180497859452,0.415035069587238,0.3683733294907602,0.7209214230243614,0.01582523595715897,0.23702523112297058
a4487,/mnt/data_disk/HDRData/1000hdr/HDRtest/a4487-Duggan_090322_5971.exr,/mnt/data_disk/ZQL/TIP_TMO_result/tradition/Drago/a4487.png,341,512,0.8964908116012145,0.7376884670895034,0.7767164826179787,0.7361370335465414,0.8633949048966159,0.6088791621964669,0.18954229354858398
