id,hdr_path,ldr_path,height,width,tmqi_q,tmqi_s,tmqi_n,tmqi2_q,tmqi2_s,tmqi2_n,nlpd
a2808,/mnt/data_disk/HDRData/1000hdr/HDRtest/a2808-20080516_072208__MG_0018.exr,/mnt/data_disk/ZQL/TIP_TMO_result/tradition/Gamma/a2808.png,341,512,0.8483585202197933,0.8618261197595751,0.28983096953159215,0.36727295993177284,0.7077190256136326,0.02682689424991299,0.16473343968391418
a2824,/mnt/data_disk/HDRData/1000hdr/HDRtest/a2824-dvf_035.exr,/mnt/data_disk/ZQL/TIP_TMO_result/tradition/Gamma/a2824.png,341,512,0.6323225448929408,0.4593690410963977,3.947072679599013e-05,0.11468437745313595,0.2293687549062719,3.0417535224978325e-62,0.05284105986356735
a2854,/mnt/data_disk/HDRData/1000hdr/HDRtest/a2854-NKIM_MG_7374.exr,/mnt/data_disk/ZQL/TIP_TMO_result/tradition/Gamma/a2854.png,341,512,0.6417786860895597,0.4370842680346518,0.036724664322541005,0.21686381332586255,0.4337276266494775,2.2475637496870417e-12,0.3109244406223297
a2861,/mnt/data_disk/HDRData/1000hdr/HDRtest/a2861-IMG_4397.exr,/mnt/data_disk/ZQL/TIP_TMO_result/tradition/Gamma/a2861.png,341,512,0.7571968204616089,0.8260748589700554,0.0008241138923297718,0.21352589112498543,0.42705178224997087,2.6240743013265577e-47,0.13010917603969574
a2862,/mnt/data_disk/HDRData/1000hdr/HDRtest/a2862-_DSC0055.exr,/mnt/data_disk/ZQL/TIP_TMO_result/tradition/Gamma/a2862.png,340,512,0.847055841503944,0.9184713561665424,0.2126061425848179,0.4126942213804239,0.823660014641446,0.0017284281194018163,0.14745794236660004
a2876,/mnt/data_disk/HDRData/1000hdr/HDRtest/a2876-jn_20080130_Las_Vegas_0082.exr,/mnt/data_disk/ZQL/TIP_TMO_result/tradition/Gamma/a2876.png,341,512,0.6793587260530889,0.5792843215620744,0.0004997404853780767,0.18320441557008305,0.3664088311401661,1.1159035788559437e-41,0.14898547530174255
a2883,/mnt/data_disk/HDRData/1000hdr/HDRtest/a2883-_DSC0008-2.exr,/mnt/data_disk/ZQL/TIP_TMO_result/tradition/Gamma/a2883.png,340,512,0.8007997964583471,0.8722785213821358,0.07688689445682273,0.3836133168669542,0.657232812765357,0.10999382096855137,0.06381989270448685
a2913,/mnt/data_disk/HDRData/1000hdr/HDRtest/a2913-IMG_0138.exr,/mnt/data_disk/ZQL/TIP_TMO_result/tradition/Gamma/a2913.png,341,512,0.913760242086338,0.8374078130562937,0.7020748744343759,0.9262131841237266,0.8659804271520539,0.9864459410953992,0.19934387505054474
a2933,/mnt/data_disk/HDRData/1000hdr/HDRtest/a2933-_I2E7313.exr,/mnt/data_disk/ZQL/TIP_TMO_result/tradition/Gamma/a2933.png,341,512,0.7109408735876043,0.6724961226570016,0.0005287634182448779,0.23725548292439863,0.47451096584879726,8.869198796791845e-57,0.13761724531650543
a2956,/mnt/data_disk/HDRData/1000hdr/HDRtest/a2956-KE_-0035.exr,/mnt/data_disk/ZQL/TIP_TMO_result/tradition/Gamma/a2956.png,340,512,0.7946400529752824,0.8347296804431344,0.09092411658331019,0.2844859045786293,0.5689717984787563,1.0678502345665306e-08,0.12674863636493683
a2986,/mnt/data_disk/HDRData/1000hdr/HDRtest/a2986-_DGW6325.exr,/mnt/data_disk/ZQL/TIP_TMO_result/tradition/Gamma/a2986.png,341,512,0.7918829395866511,0.8570764538009796,0.061219059874927206,0.893769549483213,0.9191110398634902,0.8684280591029359,0.23130299150943756
a3267,/mnt/data_disk/HDRData/1000hdr/HDRtest/a3267-WP_CRW_0087.exr,/mnt/data_disk/ZQL/TIP_TMO_result/tradition/Gamma/a3267.png,341,512,0.8277658065733595,0.8925144148860612,0.15835697456525707,0.40073082867094406,0.8014532804367468,8.37690514134978e-06,0.1695857048034668
a3285,/mnt/data_disk/HDRData/1000hdr/HDRtest/a3285-CRW_0291.exr,/mnt/data_disk/ZQL/TIP_TMO_result/tradition/Gamma/a3285.png,341,512,0.8955277473463348,0.8637123285153453,0.5450314980530845,0.9053432861424016,0.8433264452690284,0.9673601270157748,0.3255699872970581
a3288,/mnt/data_disk/HDRData/1000hdr/HDRtest/a3288-KE_-0049.exr,/mnt/data_disk/ZQL/TIP_TMO_result/tradition/Gamma/a3288.png,340,512,0.782742644938496,0.8725175723774798,0.024015603783484506,0.3737324741208826,0.7474649482417652,9.115044520670979e-21,0.12493337690830231
a3306,/mnt/data_disk/HDRData/1000hdr/HDRtest/a3306-IMG_4969.exr,/mnt/data_disk/ZQL/TIP_TMO_result/tradition/Gamma/a3306.png,341,512,0.8002812677239206,0.8915325355507145,0.05860977078438394,0.38333030248496613,0.766660604969115,8.172631471870361e-13,0.15758664906024933
a3312,/mnt/data_disk/HDRData/1000hdr/HDRtest/a3312-IMG_1063.exr,/mnt/data_disk/ZQL/TIP_TMO_result/tradition/Gamma/a3312.png,341,512,0.7860360272765767,0.865033576952789,0.03764875982054237,0.32929281336876004,0.6585856267375201,3.3714783347423033e-21,0.13846349716186523
a3315,/mnt/data_disk/HDRData/1000hdr/HDRtest/a3315-MB_20030906_022.exr,/mnt/data_disk/ZQL/TIP_TMO_result/tradition/Gamma/a3315.png,341,512,0.8153248148179749,0.8229514961953797,0.18578033603496305,0.6381718094132964,0.7495118876614164,0.5268317311651766,0.26993611454963684
a3316,/mnt/data_disk/HDRData/1000hdr/HDRtest/a3316-20051225_163230__MG_1390.exr,/mnt/data_disk/ZQL/TIP_TMO_result/tradition/Gamma/a3316.png,341,512,0.8728085664150417,0.9698160417682664,0.27224945049944543,0.5965385630825178,0.7450530891222947,0.4480240370427409,0.1021445021033287
a3318,/mnt/data_disk/HDRData/1000hdr/HDRtest/a3318-JI2E5722.exr,/mnt/data_disk/ZQL/TIP_TMO_result/tradition/Gamma/a3318.png,341,512,0.8436531079849313,0.9465635294276573,0.16630690026993353,0.33389521107940234,0.6509505294613445,0.016839892697460272,0.09547466784715652
a3321,/mnt/data_disk/HDRData/1000hdr/HDRtest/a3321-DSC_0054.exr,/mnt/data_disk/ZQL/TIP_TMO_result/tradition/Gamma/a3321.png,340,512,0.8792490947748902,0.9384802344567508,0.34444396076517536,0.6947909545984373,0.910042857716395,0.4795390514804796,0.08741152286529541
a3325,/mnt/data_disk/HDRData/1000hdr/HDRtest/a3325-050819_154342__MG_5227.exr,/mnt/data_disk/ZQL/TIP_TMO_result/tradition/Gamma/a3325.png,341,512,0.7817625299181474,0.9079916256422874,0.003725958977822438,0.3746149353443472,0.7492298706886944,2.4251358259377524e-40,0.062043704092502594
a3337,/mnt/data_disk/HDRData/1000hdr/HDRtest/a3337-dgw_112.exr,/mnt/data_disk/ZQL/TIP_TMO_result/tradition/Gamma/a3337.png,341,512,0.7668922304639891,0.7788212996972168,0.05194064611130621,0.8428188487073363,0.819959528074584,0.8656781693400883,0.317457914352417
a3339,/mnt/data_disk/HDRData/1000hdr/HDRtest/a3339-_MG_7202.exr,/mnt/data_disk/ZQL/TIP_TMO_result/tradition/Gamma/a3339.png,341,512,0.8085471213823519,0.9061639749434056,0.07279590180548849,0.3658372690641027,0.7316745231016346,1.502657081004823e-08,0.14934328198432922
a3341,/mnt/data_disk/HDRData/1000hdr/HDRtest/a3341-jmac_DSC2590.exr,/mnt/data_disk/ZQL/TIP_TMO_result/tradition/Gamma/a3341.png,340,512,0.7553827487111359,0.8232092414110117,9.549325871365766e-05,0.2376774050868528,0.4753548101737056,7.632446819821808e-70,0.05551357939839363
a3344,/mnt/data_disk/HDRData/1000hdr/HDRtest/a3344-NKIM_MG_6348.exr,/mnt/data_disk/ZQL/TIP_TMO_result/tradition/Gamma/a3344.png,341,512,0.8040321518176321,0.9569031026477435,0.02251859141793751,0.3722501988709462,0.7445003977418924,3.704802730470858e-18,0.05801413208246231
a3345,/mnt/data_disk/HDRData/1000hdr/HDRtest/a3345-20080514_105211__MG_9917.exr,/mnt/data_disk/ZQL/TIP_TMO_result/tradition/Gamma/a3345.png,341,512,0.7979251558473706,0.8727938700274348,0.06695496742645873,0.2971942095605799,0.5943884090413407,1.0079819081895625e-08,0.12013673782348633
a3351,/mnt/data_disk/HDRData/1000hdr/HDRtest/a3351-KE_-1722.exr,/mnt/data_disk/ZQL/TIP_TMO_result/tradition/Gamma/a3351.png,340,512,0.7801752334853291,0.8524152329095684,0.03116845562033759,0.3794221976195842,0.7588443943603316,8.788368334398232e-10,0.09964807331562042
a3356,/mnt/data_disk/HDRData/1000hdr/HDRtest/a3356-_DSC9981.exr,/mnt/data_disk/ZQL/TIP_TMO_result/tradition/Gamma/a3356.png,341,512,0.7774462045397479,0.8320111208014568,0.03886975766959897,0.29086803009637313,0.5817360601927458,4.388934025135797e-16,0.13238926231861115
a3360,/mnt/data_disk/HDRData/1000hdr/HDRtest/a3360-IMG_0017.exr,/mnt/data_disk/ZQL/TIP_TMO_result/tradition/Gamma/a3360.png,341,512,0.822001064322598,0.9336836153498811,0.0946095705874142,0.47468100664952784,0.9493589195153357,3.093783719970527e-06,0.14129029214382172
a3365,/mnt/data_disk/HDRData/1000hdr/HDRtest/a3365-jn_20071207_Xmas_House_0124.exr,/mnt/data_disk/ZQL/TIP_TMO_result/tradition/Gamma/a3365.png,341,512,0.7482967607957071,0.7981143616764157,9.603205126916858e-05,0.20403982621144004,0.4080796524228801,6.754062459038118e-71,0.04552118852734566
a3366,/mnt/data_disk/HDRData/1000hdr/HDRtest/a3366-Ja_Pe-6.exr,/mnt/data_disk/ZQL/TIP_TMO_result/tradition/Gamma/a3366.png,288,512,0.8190523730329075,0.8636493491880701,0.15421492931914194,0.4174441384302874,0.8332987225657297,0.001589554294845057,0.19586430490016937
a3369,/mnt/data_disk/HDRData/1000hdr/HDRtest/a3369-IMG_0004.exr,/mnt/data_disk/ZQL/TIP_TMO_result/tradition/Gamma/a3369.png,341,512,0.8060483612062304,0.8915784092516358,0.07725142828465432,0.4549543586318386,0.8942317443095036,0.015676972954173578,0.22027158737182617
a3371,/mnt/data_disk/HDRData/1000hdr/HDRtest/a3371-07-12-01-at-11h32m58s-_MG_8498.exr,/mnt/data_disk/ZQL/TIP_TMO_result/tradition/Gamma/a3371.png,341,512,0.9203094348777932,0.8035259083240041,0.8069001109755166,0.8001698234964367,0.6178255338419939,0.9825141131508796,0.20880228281021118
a3382,/mnt/data_disk/HDRData/1000hdr/HDRtest/a3382-IMG_4032.exr,/mnt/data_disk/ZQL/TIP_TMO_result/tradition/Gamma/a3382.png,341,512,0.7985766039246346,0.8097465767957217,0.13174172722671695,0.40367492632024105,0.8070258400706073,0.0003240125698747732,0.1239062026143074
a3388,/mnt/data_disk/HDRData/1000hdr/HDRtest/a3388-jmac_DSC2214.exr,/mnt/data_disk/ZQL/TIP_TMO_result/tradition/Gamma/a3388.png,340,512,0.7834515656904635,0.8597521892517874,0.03453129344028097,0.31996477778672505,0.6399295555723005,1.1496620045358337e-12,0.09493149071931839
a3390,/mnt/data_disk/HDRData/1000hdr/HDRtest/a3390-dgw_070.exr,/mnt/data_disk/ZQL/TIP_TMO_result/tradition/Gamma/a3390.png,341,512,0.7832070632899519,0.7728709931400789,0.11334705752720146,0.326869070495323,0.6537360988833927,2.042107253330031e-06,0.1894863247871399
a3391,/mnt/data_disk/HDRData/1000hdr/HDRtest/a3391-050904_125814__I2E8654.exr,/mnt/data_disk/ZQL/TIP_TMO_result/tradition/Gamma/a3391.png,341,512,0.769267961968512,0.7882573045529562,0.050885590228884565,0.36187932175159865,0.7237585568365599,8.666663745640291e-08,0.18166802823543549
a3393,/mnt/data_disk/HDRData/1000hdr/HDRtest/a3393-_DSC0057.exr,/mnt/data_disk/ZQL/TIP_TMO_result/tradition/Gamma/a3393.png,340,512,0.7963173395596481,0.9468502394919687,0.011391847653417912,0.42933940627796346,0.8586788125559269,1.1975478848815763e-32,0.09363827109336853
a3394,/mnt/data_disk/HDRData/1000hdr/HDRtest/a3394-_DGW6419.exr,/mnt/data_disk/ZQL/TIP_TMO_result/tradition/Gamma/a3394.png,341,512,0.8265920853451084,0.7973401948784808,0.271012530514272,0.330642173585572,0.6158036394443283,0.04548070772681582,0.3118734061717987
a3400,/mnt/data_disk/HDRData/1000hdr/HDRtest/a3400-07-11-04-at-17h36m14s-_MG_4004.exr,/mnt/data_disk/ZQL/TIP_TMO_result/tradition/Gamma/a3400.png,341,512,0.8592826248587149,0.8781678534910089,0.32266026914776985,0.40206884263049986,0.8003569025911892,0.0037807826698105177,0.17108072340488434
a3401,/mnt/data_disk/HDRData/1000hdr/HDRtest/a3401-20061111_122429__E6B5415.exr,/mnt/data_disk/ZQL/TIP_TMO_result/tradition/Gamma/a3401.png,341,512,0.8130974616892903,0.9650345769494071,0.04065092931976737,0.4503504109693537,0.9007008219387068,5.019635558273993e-16,0.08978121727705002
a3402,/mnt/data_disk/HDRData/1000hdr/HDRtest/a3402-jmac_DSC3153.exr,/mnt/data_disk/ZQL/TIP_TMO_result/tradition/Gamma/a3402.png,340,512,0.8137378305671608,0.9280562353116044,0.07120108835181028,0.4314655362301415,0.862931072369847,9.043594904972587e-11,0.1189924106001854
a3413,/mnt/data_disk/HDRData/1000hdr/HDRtest/a3413-20041217_193556__E6B0485.exr,/mnt/data_disk/ZQL/TIP_TMO_result/tradition/Gamma/a3413.png,341,512,0.7892732670731796,0.917720921380998,0.012210706786652849,0.4006292059935059,0.8012584119870088,3.0283990140682376e-15,0.10179293900728226
a3414,/mnt/data_disk/HDRData/1000hdr/HDRtest/a3414-DSC_0002.exr,/mnt/data_disk/ZQL/TIP_TMO_result/tradition/Gamma/a3414.png,340,512,0.8075876349129312,0.9174805473203138,0.060218648402406004,0.36654694681586086,0.7330938936038798,2.7841986663692766e-11,0.13662230968475342
a3415,/mnt/data_disk/HDRData/1000hdr/HDRtest/a3415-jmac_DSC6092.exr,/mnt/data_disk/ZQL/TIP_TMO_result/tradition/Gamma/a3415.png,340,512,0.9414839559440803,0.9539848932315291,0.6828374640977699,0.8336052708395478,0.79791501457826,0.8692955271008356,0.10408375412225723
a3416,/mnt/data_disk/HDRData/1000hdr/HDRtest/a3416-IMG_4746.exr,/mnt/data_disk/ZQL/TIP_TMO_result/tradition/Gamma/a3416.png,341,512,0.8300652691332713,0.8196037881937229,0.2574011727760857,0.4590029509346827,0.8829267527727204,0.03507914909664505,0.20038771629333496
a3418,/mnt/data_disk/HDRData/1000hdr/HDRtest/a3418-2004-02-07 16-53-50 CRW_3754.exr,/mnt/data_disk/ZQL/TIP_TMO_result/tradition/Gamma/a3418.png,341,512,0.7859913830523537,0.9188403089352841,0.005829071592208719,0.35994915734005245,0.7198983146801049,2.1014153232611256e-25,0.0636417418718338
a3422,/mnt/data_disk/HDRData/1000hdr/HDRtest/a3422-WP_CRW_0302.exr,/mnt/data_disk/ZQL/TIP_TMO_result/tradition/Gamma/a3422.png,341,512,0.9728161637319177,0.9124444130313911,0.9637765447510573,0.6965641978562382,0.7151645280056121,0.6779638677068643,0.13477088510990143
a3424,/mnt/data_disk/HDRData/1000hdr/HDRtest/a3424-CRW_0163.exr,/mnt/data_disk/ZQL/TIP_TMO_result/tradition/Gamma/a3424.png,341,512,0.9095683521534884,0.8843076936922072,0.5963831093144225,0.8603470820388481,0.8494310970855082,0.8712630669921881,0.22387337684631348
a3431,/mnt/data_disk/HDRData/1000hdr/HDRtest/a3431-_DSC0103-3.exr,/mnt/data_disk/ZQL/TIP_TMO_result/tradition/Gamma/a3431.png,340,512,0.7840716597358772,0.9143201466362118,0.004679130055291921,0.37984719630130304,0.7596943926026061,6.486404778377733e-37,0.08150550723075867
a3432,/mnt/data_disk/HDRData/1000hdr/HDRtest/a3432-jmac_DSC3184.exr,/mnt/data_disk/ZQL/TIP_TMO_result/tradition/Gamma/a3432.png,340,512,0.7752409518396416,0.8877926992468966,0.002161659419050954,0.2636467211197454,0.5272934422394908,1.009474300170031e-38,0.07284427434206009
a3433,/mnt/data_disk/HDRData/1000hdr/HDRtest/a3433-NKIM_MG_8213.exr,/mnt/data_disk/ZQL/TIP_TMO_result/tradition/Gamma/a3433.png,341,512,0.8317724595519692,0.8130853801071056,0.27447842113198884,0.6731224643128688,0.8173544497165816,0.5288904789091562,0.19196133315563202
a3439,/mnt/data_disk/HDRData/1000hdr/HDRtest/a3439-IMG_3798.exr,/mnt/data_disk/ZQL/TIP_TMO_result/tradition/Gamma/a3439.png,341,512,0.8125325433796415,0.9058939622851627,0.08656896841049037,0.49271532377698524,0.9854292733681643,1.3741858061107727e-06,0.0964718833565712
a3441,/mnt/data_disk/HDRData/1000hdr/HDRtest/a3441-dgw_064.exr,/mnt/data_disk/ZQL/TIP_TMO_result/tradition/Gamma/a3441.png,341,512,0.9006333449939528,0.7598309269203226,0.7605077938740251,0.6057539678075909,0.8098185027272269,0.40168943288795506,0.2504606544971466
a3444,/mnt/data_disk/HDRData/1000hdr/HDRtest/a3444-WP_CRW_6313.exr,/mnt/data_disk/ZQL/TIP_TMO_result/tradition/Gamma/a3444.png,341,512,0.7705958614177206,0.844960201023427,0.013643316023929632,0.2743120423062515,0.548624084612503,1.0127782105672378e-20,0.10236502438783646
a3446,/mnt/data_disk/HDRData/1000hdr/HDRtest/a3446-050730_134124__MG_3716.exr,/mnt/data_disk/ZQL/TIP_TMO_result/tradition/Gamma/a3446.png,341,512,0.9062465465842784,0.8791459598284183,0.5845318477707216,0.7903414408397598,0.7922555054331171,0.7884273762464024,0.19032946228981018
a3448,/mnt/data_disk/HDRData/1000hdr/HDRtest/a3448-IMG_0113.exr,/mnt/data_disk/ZQL/TIP_TMO_result/tradition/Gamma/a3448.png,341,512,0.7885592976254931,0.8488935482227126,0.057808078879656236,0.4158760015834679,0.8317520031669297,6.143632251015323e-15,0.17513039708137512
a3449,/mnt/data_disk/HDRData/1000hdr/HDRtest/a3449-jmac_DSC2669.exr,/mnt/data_disk/ZQL/TIP_TMO_result/tradition/Gamma/a3449.png,340,512,0.8381158779712208,0.9527558421823046,0.1372100658101791,0.4093826587025636,0.8187507558198396,1.4561585287582926e-05,0.09129787236452103
a3451,/mnt/data_disk/HDRData/1000hdr/HDRtest/a3451-IMG_1088.exr,/mnt/data_disk/ZQL/TIP_TMO_result/tradition/Gamma/a3451.png,341,512,0.8536778450629802,0.8451365411439716,0.33982333727543734,0.4569320332791188,0.8083027878007282,0.10556127875750941,0.25562411546707153
a3452,/mnt/data_disk/HDRData/1000hdr/HDRtest/a3452-IMG_1205.exr,/mnt/data_disk/ZQL/TIP_TMO_result/tradition/Gamma/a3452.png,341,512,0.837174754812381,0.9684237316609923,0.11822251515662019,0.8898475523499113,0.8504363920911403,0.9292587126086823,0.062065355479717255
a3456,/mnt/data_disk/HDRData/1000hdr/HDRtest/a3456-DSC_0006-1-2.exr,/mnt/data_disk/ZQL/TIP_TMO_result/tradition/Gamma/a3456.png,340,512,0.7858288105825955,0.8861562366778349,0.022699836259415056,0.39194105067065566,0.783882101339989,1.32232854024871e-12,0.10565575212240219
a3457,/mnt/data_disk/HDRData/1000hdr/HDRtest/a3457-NKIM_025.exr,/mnt/data_disk/ZQL/TIP_TMO_result/tradition/Gamma/a3457.png,341,512,0.9370034137165444,0.9523040423957081,0.6572191240641184,0.9108694128345831,0.8970045454234605,0.9247342802457056,0.14695721864700317
a3460,/mnt/data_disk/HDRData/1000hdr/HDRtest/a3460-20080514_105637__MG_9928.exr,/mnt/data_disk/ZQL/TIP_TMO_result/tradition/Gamma/a3460.png,341,512,0.7940969203866233,0.9135701504780491,0.025257467691201664,0.38496540979502974,0.7699308195900595,1.013215413241868e-19,0.1307491511106491
a3462,/mnt/data_disk/HDRData/1000hdr/HDRtest/a3462-dgw_051.exr,/mnt/data_disk/ZQL/TIP_TMO_result/tradition/Gamma/a3462.png,341,512,0.8984883740803021,0.7769789912513091,0.7139406044258721,0.8822215611439765,0.7979036276025336,0.9665394946854194,0.2543444335460663
a3464,/mnt/data_disk/HDRData/1000hdr/HDRtest/a3464-tc_DSC2199.exr,/mnt/data_disk/ZQL/TIP_TMO_result/tradition/Gamma/a3464.png,340,512,0.7661049493615444,0.7846079885684484,0.0447087385113755,0.3729876794737347,0.7459753589474689,4.071270201908811e-16,0.11672116816043854
a3465,/mnt/data_disk/HDRData/1000hdr/HDRtest/a3465-20060619_114622__MG_9153.exr,/mnt/data_disk/ZQL/TIP_TMO_result/tradition/Gamma/a3465.png,341,512,0.9151596710925984,0.8944266777576483,0.6142381956356316,0.8772211549303348,0.7706988817366012,0.9837434281240683,0.15003781020641327
a3466,/mnt/data_disk/HDRData/1000hdr/HDRtest/a3466-IMG_3941.exr,/mnt/data_disk/ZQL/TIP_TMO_result/tradition/Gamma/a3466.png,341,512,0.8244458898105682,0.947184839177989,0.09107938629809903,0.3975484813432747,0.7950969588830071,3.8035422288535505e-09,0.12757764756679535
a3468,/mnt/data_disk/HDRData/1000hdr/HDRtest/a3468-IMG_4793.exr,/mnt/data_disk/ZQL/TIP_TMO_result/tradition/Gamma/a3468.png,341,512,0.829162299420477,0.9409487495934834,0.1141002262831761,0.46981793254701293,0.9396358015081427,6.358588311213616e-08,0.11149384826421738
a3470,/mnt/data_disk/HDRData/1000hdr/HDRtest/a3470-IMG_0835.exr,/mnt/data_disk/ZQL/TIP_TMO_result/tradition/Gamma/a3470.png,341,512,0.8135886133949936,0.8490959715543978,0.14804360149164505,0.3913902030320229,0.7827190462796424,6.135978440339974e-05,0.20531509816646576
a3474,/mnt/data_disk/HDRData/1000hdr/HDRtest/a3474-jmac_MG_1125.exr,/mnt/data_disk/ZQL/TIP_TMO_result/tradition/Gamma/a3474.png,341,512,0.8525838322078428,0.8936113940003785,0.2689353089787104,0.8283542591342244,0.7619745221350794,0.8947339961333695,0.09241180121898651
a3477,/mnt/data_disk/HDRData/1000hdr/HDRtest/a3477-_DSC0048.exr,/mnt/data_disk/ZQL/TIP_TMO_result/tradition/Gamma/a3477.png,340,512,0.7981598304617459,0.9214392855670751,0.030314346940603358,0.44559074138138544,0.8911814827627706,2.2176259189501101e-16,0.12801608443260193
a3483,/mnt/data_disk/HDRData/1000hdr/HDRtest/a3483-_DSC0023-1.exr,/mnt/data_disk/ZQL/TIP_TMO_result/tradition/Gamma/a3483.png,340,512,0.7406612983192101,0.736880009724392,0.016023470453608725,0.36993423441654216,0.7398684675746556,1.2584287255071818e-09,0.07409225404262543
a3486,/mnt/data_disk/HDRData/1000hdr/HDRtest/a3486-jmac_DSC3897.exr,/mnt/data_disk/ZQL/TIP_TMO_result/tradition/Gamma/a3486.png,343,512,0.7810364016957144,0.8709846901875382,0.020973153463856458,0.38525692234375775,0.7705138446875092,6.329536297227519e-15,0.1481361985206604
a3491,/mnt/data_disk/HDRData/1000hdr/HDRtest/a3491-DSC_0091.exr,/mnt/data_disk/ZQL/TIP_TMO_result/tradition/Gamma/a3491.png,340,512,0.8607320986746911,0.9398893905219854,0.2504815916694272,0.40827941020793523,0.7934249956609015,0.023133824754968897,0.13342095911502838
a3493,/mnt/data_disk/HDRData/1000hdr/HDRtest/a3493-IMG_0279.exr,/mnt/data_disk/ZQL/TIP_TMO_result/tradition/Gamma/a3493.png,341,512,0.7891472856098302,0.8516986438344409,0.05725712766583562,0.36029957667664525,0.7205991533532792,1.1324317433664336e-14,0.16332769393920898
a3499,/mnt/data_disk/HDRData/1000hdr/HDRtest/a3499-jn_2007_12_11__BU_CRUISE_019.exr,/mnt/data_disk/ZQL/TIP_TMO_result/tradition/Gamma/a3499.png,341,512,0.7541083973173253,0.7995759899221304,0.0066259309113719566,0.33980075622907574,0.6796015124581515,2.922591776337409e-38,0.09351813793182373
a3503,/mnt/data_disk/HDRData/1000hdr/HDRtest/a3503-050731_155906__I2E5378.exr,/mnt/data_disk/ZQL/TIP_TMO_result/tradition/Gamma/a3503.png,341,512,0.8734652123087547,0.8190602084942629,0.48782594438603105,0.5840714469842493,0.6398807819993007,0.5282621119691979,0.13737337291240692
a3504,/mnt/data_disk/HDRData/1000hdr/HDRtest/a3504-IMG_0903.exr,/mnt/data_disk/ZQL/TIP_TMO_result/tradition/Gamma/a3504.png,341,512,0.8346079002880095,0.9565419296010607,0.11979185824813582,0.4827148860936158,0.9654252886708605,4.483516371010562e-06,0.12516681849956512
a3505,/mnt/data_disk/HDRData/1000hdr/HDRtest/a3505-CRW_0288.exr,/mnt/data_disk/ZQL/TIP_TMO_result/tradition/Gamma/a3505.png,341,512,0.8037968454010282,0.8268454985380104,0.13340759268382343,0.3811524964278925,0.7623049890744301,3.7813548705306806e-09,0.22786688804626465
a3508,/mnt/data_disk/HDRData/1000hdr/HDRtest/a3508-NKIM_095.exr,/mnt/data_disk/ZQL/TIP_TMO_result/tradition/Gamma/a3508.png,341,512,0.8593803625633625,0.8365032140032055,0.38243585261494145,0.7701405340039502,0.8472131831144882,0.6930678848934123,0.28153491020202637
a3509,/mnt/data_disk/HDRData/1000hdr/HDRtest/a3509-_DGW6337.exr,/mnt/data_disk/ZQL/TIP_TMO_result/tradition/Gamma/a3509.png,341,512,0.8065492907753365,0.7327488165377644,0.2659512352287231,0.35721676949995634,0.701648815315661,0.01278472368425161,0.3533552587032318
a3510,/mnt/data_disk/HDRData/1000hdr/HDRtest/a3510-JI2E4365.exr,/mnt/data_disk/ZQL/TIP_TMO_result/tradition/Gamma/a3510.png,341,512,0.9084770410642057,0.7620193103917363,0.808097504587438,0.8270746189239767,0.662730814722126,0.9914184231258274,0.22997333109378815
a3511,/mnt/data_disk/HDRData/1000hdr/HDRtest/a3511-jmac_MG_0542.exr,/mnt/data_disk/ZQL/TIP_TMO_result/tradition/Gamma/a3511.png,341,512,0.7899826602896012,0.9237916834466094,0.010554031445515538,0.4642014900615373,0.9284029801230747,2.2779657652284288e-31,0.0849999487400055
a3512,/mnt/data_disk/HDRData/1000hdr/HDRtest/a3512-LSstone_060805_9380.exr,/mnt/data_disk/ZQL/TIP_TMO_result/tradition/Gamma/a3512.png,341,512,0.7679967797262783,0.8517944124504319,0.005544081580630153,0.2890528281501841,0.5781056563003683,4.250445315380815e-29,0.10395101457834244
a3521,/mnt/data_disk/HDRData/1000hdr/HDRtest/a3521-JI2E5091.exr,/mnt/data_disk/ZQL/TIP_TMO_result/tradition/Gamma/a3521.png,341,512,0.7829477976654545,0.7999254676338635,0.08422520086709218,0.40430437887872084,0.8086069427383982,1.8150190434781672e-06,0.11306899040937424
a3522,/mnt/data_disk/HDRData/1000hdr/HDRtest/a3522-IMG_4772.exr,/mnt/data_disk/ZQL/TIP_TMO_result/tradition/Gamma/a3522.png,341,512,0.7858594398571468,0.8911677709429942,0.01970399681918891,0.3731446666436686,0.7462893332873372,2.9536562228997443e-23,0.08730990439653397
a3525,/mnt/data_disk/HDRData/1000hdr/HDRtest/a3525-IMG_0713.exr,/mnt/data_disk/ZQL/TIP_TMO_result/tradition/Gamma/a3525.png,341,512,0.9740475692512968,0.9807042574310566,0.8528390498193187,0.7094838098474638,0.9384974627613395,0.4804701569335882,0.15852010250091553
a3529,/mnt/data_disk/HDRData/1000hdr/HDRtest/a3529-WP_CRW_0659.exr,/mnt/data_disk/ZQL/TIP_TMO_result/tradition/Gamma/a3529.png,341,512,0.8311638434586173,0.942072611745995,0.12062377427682251,0.3999006353844361,0.7994169002803736,0.00038437048849860304,0.1306966096162796
a3531,/mnt/data_disk/HDRData/1000hdr/HDRtest/a3531-07-06-30-at-04h02m08s-_MG_1936.exr,/mnt/data_disk/ZQL/TIP_TMO_result/tradition/Gamma/a3531.png,341,512,0.7366039909692095,0.7343354687483241,0.00949721469328957,0.22514682769772515,0.4502936553954503,5.630543073750015e-24,0.14284610748291016
a3540,/mnt/data_disk/HDRData/1000hdr/HDRtest/a3540-07-12-02-at-14h05m14s-_MG_8949.exr,/mnt/data_disk/ZQL/TIP_TMO_result/tradition/Gamma/a3540.png,341,512,0.921220511618544,0.8799674454157754,0.676043066728673,0.8023184776004251,0.7588605569115175,0.8457763982893327,0.19666460156440735
a3541,/mnt/data_disk/HDRData/1000hdr/HDRtest/a3541-IMG_4107.exr,/mnt/data_disk/ZQL/TIP_TMO_result/tradition/Gamma/a3541.png,341,512,0.8344334039509926,0.8945995544500414,0.18432040120054977,0.4028380822739452,0.738459222394646,0.0672169421532444,0.10979245603084564
a3545,/mnt/data_disk/HDRData/1000hdr/HDRtest/a3545-jmac_DSC0491.exr,/mnt/data_disk/ZQL/TIP_TMO_result/tradition/Gamma/a3545.png,340,512,0.8024357912166221,0.9156720553208506,0.04609406506896599,0.3815147959066411,0.7630295914219655,3.913167839875132e-10,0.0783269852399826
a3548,/mnt/data_disk/HDRData/1000hdr/HDRtest/a3548-CRW_0993.exr,/mnt/data_disk/ZQL/TIP_TMO_result/tradition/Gamma/a3548.png,341,512,0.786795284926026,0.9266188098904498,0.004015377922118097,0.3684525680516738,0.7369051361033476,5.755440011130885e-32,0.08699275553226471
a3549,/mnt/data_disk/HDRData/1000hdr/HDRtest/a3549-KE_-2455.exr,/mnt/data_disk/ZQL/TIP_TMO_result/tradition/Gamma/a3549.png,340,512,0.7921352978918192,0.8822357094624006,0.0417741940549611,0.37022617648047096,0.740452351584301,1.3766409165897183e-09,0.09196344763040543
a3557,/mnt/data_disk/HDRData/1000hdr/HDRtest/a3557-IMG_1507.exr,/mnt/data_disk/ZQL/TIP_TMO_result/tradition/Gamma/a3557.png,341,512,0.8067273883808332,0.9404252569158652,0.040209289862865955,0.4425992976190381,0.8841549697440484,0.0010436254940278224,0.07498645037412643
a3563,/mnt/data_disk/HDRData/1000hdr/HDRtest/a3563-07-11-30-at-15h55m08s-_MG_8326.exr,/mnt/data_disk/ZQL/TIP_TMO_result/tradition/Gamma/a3563.png,341,512,0.7700900542940793,0.8152553642833449,0.031702435431568705,0.21606597728575236,0.4320328777867712,9.907678473350608e-05,0.13823312520980835
a3571,/mnt/data_disk/HDRData/1000hdr/HDRtest/a3571-IMG_0290.exr,/mnt/data_disk/ZQL/TIP_TMO_result/tradition/Gamma/a3571.png,341,512,0.77351124795791,0.8657397486110997,0.008431100408675224,0.434429561072274,0.8688591221229595,2.1588468889364714e-11,0.04811178892850876
a3575,/mnt/data_disk/HDRData/1000hdr/HDRtest/a3575-IMG_0834.exr,/mnt/data_disk/ZQL/TIP_TMO_result/tradition/Gamma/a3575.png,341,512,0.8389046221988703,0.8513847104206631,0.2576409982833685,0.4196405721815068,0.838320830161167,0.000960314201846568,0.19017262756824493
a3576,/mnt/data_disk/HDRData/1000hdr/HDRtest/a3576-LS051026_day_15_LL003.exr,/mnt/data_disk/ZQL/TIP_TMO_result/tradition/Gamma/a3576.png,341,512,0.8420053961370308,0.9447664148668207,0.16131278908572477,0.4665517148770686,0.9324132712446561,0.0006901585094810639,0.14546804130077362
a3585,/mnt/data_disk/HDRData/1000hdr/HDRtest/a3585-IMG_4211.exr,/mnt/data_disk/ZQL/TIP_TMO_result/tradition/Gamma/a3585.png,341,512,0.7931138120397034,0.8678485039481898,0.05599157505151075,0.40265267250005654,0.8053052616742107,8.332590236143228e-08,0.11452088505029678
a3586,/mnt/data_disk/HDRData/1000hdr/HDRtest/a3586-IMG_4591.exr,/mnt/data_disk/ZQL/TIP_TMO_result/tradition/Gamma/a3586.png,341,512,0.9523423878996266,0.9072584043740215,0.8322990818462671,0.851187880606474,0.8312318868462608,0.8711438743666872,0.15431486070156097
a3588,/mnt/data_disk/HDRData/1000hdr/HDRtest/a3588-CRW_0983.exr,/mnt/data_disk/ZQL/TIP_TMO_result/tradition/Gamma/a3588.png,341,512,0.7814742436342685,0.8967864820778607,0.007887964363340662,0.2848502795333765,0.569700559066753,1.738774949428962e-24,0.10127310454845428
a3591,/mnt/data_disk/HDRData/1000hdr/HDRtest/a3591-07-11-30-at-16h19m33s-_MG_8384.exr,/mnt/data_disk/ZQL/TIP_TMO_result/tradition/Gamma/a3591.png,341,512,0.8158618430881596,0.8409645424005996,0.16669557084606326,0.45587442881078444,0.647807965790376,0.2639408918311929,0.19025962054729462
a3593,/mnt/data_disk/HDRData/1000hdr/HDRtest/a3593-_DSC5689.exr,/mnt/data_disk/ZQL/TIP_TMO_result/tradition/Gamma/a3593.png,341,512,0.7596213208476148,0.8004074018985675,0.016746301344811174,0.30880024315103305,0.6176004863020615,4.548922630560831e-15,0.2247866839170456
a3600,/mnt/data_disk/HDRData/1000hdr/HDRtest/a3600-JI2E3496.exr,/mnt/data_disk/ZQL/TIP_TMO_result/tradition/Gamma/a3600.png,341,512,0.9510229270706255,0.8280351503561292,0.9701530461541977,0.874455299835983,0.7724133652842592,0.9764972343877069,0.1930149644613266
a3602,/mnt/data_disk/HDRData/1000hdr/HDRtest/a3602-_DSC9759.exr,/mnt/data_disk/ZQL/TIP_TMO_result/tradition/Gamma/a3602.png,341,512,0.9236745042904952,0.9207084900544085,0.6244419994233658,0.9125203420057548,0.8283153924886958,0.996725291522814,0.1227492168545723
a3605,/mnt/data_disk/HDRData/1000hdr/HDRtest/a3605-IMG_2772.exr,/mnt/data_disk/ZQL/TIP_TMO_result/tradition/Gamma/a3605.png,341,512,0.7945618908484794,0.9115770439051779,0.027680749132736573,0.4527201973324309,0.9054403946648618,1.894981267911598e-18,0.08992946892976761
a3608,/mnt/data_disk/HDRData/1000hdr/HDRtest/a3608-NKIM_MG_7004.exr,/mnt/data_disk/ZQL/TIP_TMO_result/tradition/Gamma/a3608.png,341,512,0.8235903133590109,0.9235291833391394,0.10994290845828099,0.396827116925266,0.7916302761979714,0.002023957652560532,0.08473573625087738
a3609,/mnt/data_disk/HDRData/1000hdr/HDRtest/a3609-IMG_1702.exr,/mnt/data_disk/ZQL/TIP_TMO_result/tradition/Gamma/a3609.png,341,512,0.8917978365550988,0.9134324273912262,0.44726976782515826,0.8454444249944888,0.7019498555606577,0.9889389944283198,0.13706153631210327
a3613,/mnt/data_disk/HDRData/1000hdr/HDRtest/a3613-_DSC3264.exr,/mnt/data_disk/ZQL/TIP_TMO_result/tradition/Gamma/a3613.png,341,512,0.8103572300353417,0.8387781131853961,0.14642682049999736,0.32908220026393636,0.6581641221072627,2.784206099616696e-07,0.18318001925945282
a3623,/mnt/data_disk/HDRData/1000hdr/HDRtest/a3623-20051220_201437__MG_9239.exr,/mnt/data_disk/ZQL/TIP_TMO_result/tradition/Gamma/a3623.png,341,512,0.8340311105585393,0.848124236019859,0.23880682824383148,0.8371874537163237,0.853733959678076,0.8206409477545714,0.25348323583602905
a3624,/mnt/data_disk/HDRData/1000hdr/HDRtest/a3624-DSC_0070.exr,/mnt/data_disk/ZQL/TIP_TMO_result/tradition/Gamma/a3624.png,340,512,0.818004149758671,0.9709420672290126,0.0505542905491622,0.40256630737807236,0.8051326099098606,4.846284176996268e-09,0.08976635336875916
a3628,/mnt/data_disk/HDRData/1000hdr/HDRtest/a3628-_DSC9996.exr,/mnt/data_disk/ZQL/TIP_TMO_result/tradition/Gamma/a3628.png,341,512,0.8042443844225993,0.8340863076310375,0.12727869040017656,0.2985395497779493,0.5970789404857315,1.5907016701792722e-07,0.15762126445770264
a3633,/mnt/data_disk/HDRData/1000hdr/HDRtest/a3633-JI2E3892.exr,/mnt/data_disk/ZQL/TIP_TMO_result/tradition/Gamma/a3633.png,341,512,0.7792820516391125,0.8393336822890476,0.03835032127686517,0.25852986433259334,0.5170500454892956,9.683175891084972e-06,0.08740250021219254
a3634,/mnt/data_disk/HDRData/1000hdr/HDRtest/a3634-IMG_4959.exr,/mnt/data_disk/ZQL/TIP_TMO_result/tradition/Gamma/a3634.png,341,512,0.8161335311920433,0.6627739395439005,0.4298961373008458,0.23063769598952125,0.4556313577530225,0.005644034226019983,0.24147112667560577
a3635,/mnt/data_disk/HDRData/1000hdr/HDRtest/a3635-IMG_4031.exr,/mnt/data_disk/ZQL/TIP_TMO_result/tradition/Gamma/a3635.png,341,512,0.9354422876791908,0.82713296074934,0.8640920907970394,0.8290860187635509,0.7205417179586253,0.9376303195684765,0.23370565474033356
a3636,/mnt/data_disk/HDRData/1000hdr/HDRtest/a3636-20041222_195608__E6B6989.exr,/mnt/data_disk/ZQL/TIP_TMO_result/tradition/Gamma/a3636.png,341,512,0.7629106348777669,0.8478554886204541,0.000566609380065604,0.2492547530127393,0.4985095060254786,1.4621136408460326e-40,0.0871620774269104
a3641,/mnt/data_disk/HDRData/1000hdr/HDRtest/a3641-_DSC4628.exr,/mnt/data_disk/ZQL/TIP_TMO_result/tradition/Gamma/a3641.png,341,512,0.8617503434145226,0.8561177727910311,0.3664108596893274,0.9219214778947317,0.8711939821081003,0.972648973681363,0.2648923099040985
a3644,/mnt/data_disk/HDRData/1000hdr/HDRtest/a3644-jmac_MG_5959.exr,/mnt/data_disk/ZQL/TIP_TMO_result/tradition/Gamma/a3644.png,341,512,0.8443400540709045,0.8828902760426365,0.24315468944823354,0.44475384611564817,0.8856517915186808,0.003855900712615506,0.18630051612854004
a3649,/mnt/data_disk/HDRData/1000hdr/HDRtest/a3649-WP_CRW_0691.exr,/mnt/data_disk/ZQL/TIP_TMO_result/tradition/Gamma/a3649.png,341,512,0.8007315465759676,0.9585457409309588,0.01430935990140934,0.38737823196160476,0.7747564639231165,9.307059973412475e-14,0.06811521202325821
a3654,/mnt/data_disk/HDRData/1000hdr/HDRtest/a3654-IMG_0777.exr,/mnt/data_disk/ZQL/TIP_TMO_result/tradition/Gamma/a3654.png,341,512,0.8936605706158739,0.909381343277815,0.46373542887084324,0.8199828927148785,0.8297058417344916,0.8102599436952653,0.16672061383724213
a3658,/mnt/data_disk/HDRData/1000hdr/HDRtest/a3658-jmac_MG_0418.exr,/mnt/data_disk/ZQL/TIP_TMO_result/tradition/Gamma/a3658.png,341,512,0.8400331307679385,0.9011715451081281,0.20132952118424793,0.3932018854229268,0.6550309984045823,0.13137277244127127,0.10557937622070312
a3670,/mnt/data_disk/HDRData/1000hdr/HDRtest/a3670-jmac_MG_5917.exr,/mnt/data_disk/ZQL/TIP_TMO_result/tradition/Gamma/a3670.png,341,512,0.8789163936071946,0.9729068422674899,0.29854109407679325,0.5655209409510239,0.916276058528782,0.21476582337326572,0.0954660028219223
a3673,/mnt/data_disk/HDRData/1000hdr/HDRtest/a3673-_DSC1109.exr,/mnt/data_disk/ZQL/TIP_TMO_result/tradition/Gamma/a3673.png,341,512,0.7922016395243267,0.8312567160397896,0.08575700824117187,0.8013737235805118,0.8691067849902391,0.7336406621707846,0.30956172943115234
a3677,/mnt/data_disk/HDRData/1000hdr/HDRtest/a3677-IMG_4696.exr,/mnt/data_disk/ZQL/TIP_TMO_result/tradition/Gamma/a3677.png,341,512,0.8795396545111593,0.9240825949204041,0.36534625217273764,0.7794311289003659,0.9308978125439508,0.627964445256781,0.149473175406456
a3686,/mnt/data_disk/HDRData/1000hdr/HDRtest/a3686-jmac_MG_0353.exr,/mnt/data_disk/ZQL/TIP_TMO_result/tradition/Gamma/a3686.png,341,512,0.9290655521764143,0.8048798388039945,0.8632700000884723,0.8699946849861617,0.7533635870544033,0.98662578291792,0.2967017889022827
a3688,/mnt/data_disk/HDRData/1000hdr/HDRtest/a3688-jmac_MG_1424.exr,/mnt/data_disk/ZQL/TIP_TMO_result/tradition/Gamma/a3688.png,341,512,0.977228996668007,0.9571321005992753,0.9148739714597893,0.9387364714949678,0.9001614024661573,0.9773115405237783,0.14580924808979034
a3689,/mnt/data_disk/HDRData/1000hdr/HDRtest/a3689-JI2E3798.exr,/mnt/data_disk/ZQL/TIP_TMO_result/tradition/Gamma/a3689.png,341,512,0.8322022084307296,0.8100353094926291,0.28078402760781107,0.7678770786367459,0.8998828279723313,0.6358713293011605,0.09612061828374863
a3696,/mnt/data_disk/HDRData/1000hdr/HDRtest/a3696-jmac_DSC1242.exr,/mnt/data_disk/ZQL/TIP_TMO_result/tradition/Gamma/a3696.png,343,512,0.8700725556519504,0.947152316727133,0.2867442674316029,0.5507501147969036,0.9614431688944075,0.14005706069939963,0.14793412387371063
a3697,/mnt/data_disk/HDRData/1000hdr/HDRtest/a3697-07-11-24-at-16h05m35s-_MG_6729.exr,/mnt/data_disk/ZQL/TIP_TMO_result/tradition/Gamma/a3697.png,341,512,0.9261102798835686,0.8831675501016744,0.7017473854230969,0.8422428405709077,0.7467084352305849,0.9377772459112306,0.14261795580387115
a3700,/mnt/data_disk/HDRData/1000hdr/HDRtest/a3700-tc_DSC1892.exr,/mnt/data_disk/ZQL/TIP_TMO_result/tradition/Gamma/a3700.png,340,512,0.7681958709414111,0.8319874490112854,0.01609818461485727,0.3155204741284133,0.6310409482568266,1.3613867337996889e-27,0.09400320798158646
a3706,/mnt/data_disk/HDRData/1000hdr/HDRtest/a3706-dgw_065.exr,/mnt/data_disk/ZQL/TIP_TMO_result/tradition/Gamma/a3706.png,341,512,0.8450493837869214,0.7978827559926261,0.36388058952816815,0.9253898750285563,0.8534805914213616,0.997299158635751,0.29281118512153625
a3707,/mnt/data_disk/HDRData/1000hdr/HDRtest/a3707-NKIM_121.exr,/mnt/data_disk/ZQL/TIP_TMO_result/tradition/Gamma/a3707.png,341,512,0.9393527316609491,0.8166692229995789,0.9109554190922966,0.9007908601751914,0.8164171302030632,0.9851645901473196,0.1910708099603653
a3710,/mnt/data_disk/HDRData/1000hdr/HDRtest/a3710-07-11-20-at-16h52m05s-_MG_5742.exr,/mnt/data_disk/ZQL/TIP_TMO_result/tradition/Gamma/a3710.png,341,512,0.8175646612537253,0.8709416057626301,0.14019198238217245,0.48914917862655716,0.7974319386136821,0.18086641863943217,0.08320252597332001
a3712,/mnt/data_disk/HDRData/1000hdr/HDRtest/a3712-IMG_4852.exr,/mnt/data_disk/ZQL/TIP_TMO_result/tradition/Gamma/a3712.png,341,512,0.8067797328218114,0.9284556845326918,0.049144046953768936,0.39445741860139727,0.7889148372003777,2.416818634015698e-12,0.10140223801136017
a3715,/mnt/data_disk/HDRData/1000hdr/HDRtest/a3715-_MG_7773.exr,/mnt/data_disk/ZQL/TIP_TMO_result/tradition/Gamma/a3715.png,341,512,0.8077049070574073,0.8541592998005446,0.11936622943782117,0.36033379998084675,0.7206650331683795,2.566793313969361e-06,0.20714685320854187
a3716,/mnt/data_disk/HDRData/1000hdr/HDRtest/a3716-IMG_0301.exr,/mnt/data_disk/ZQL/TIP_TMO_result/tradition/Gamma/a3716.png,341,512,0.7398735354086581,0.7565965093214239,0.003947240561935846,0.2991140375658556,0.5982280751317112,6.8507841575404034e-34,0.05583440139889717
a3719,/mnt/data_disk/HDRData/1000hdr/HDRtest/a3719-07-11-29-at-15h43m28s-_MG_8075.exr,/mnt/data_disk/ZQL/TIP_TMO_result/tradition/Gamma/a3719.png,341,512,0.9280952415076946,0.8564814700075053,0.7610961444229306,0.9310271206979988,0.8813686587745483,0.9806855826214491,0.32995566725730896
a3720,/mnt/data_disk/HDRData/1000hdr/HDRtest/a3720-jmac_MG_0851.exr,/mnt/data_disk/ZQL/TIP_TMO_result/tradition/Gamma/a3720.png,341,512,0.9211330868049648,0.9203409915531902,0.6093586934710611,0.8568323194580002,0.8212532798165734,0.892411359099427,0.16162577271461487
a3721,/mnt/data_disk/HDRData/1000hdr/HDRtest/a3721-KE_-01.exr,/mnt/data_disk/ZQL/TIP_TMO_result/tradition/Gamma/a3721.png,340,512,0.9133718075618191,0.8600481501457691,0.6603105762329803,0.6198604267627119,0.7010506930882949,0.5386701604371288,0.18228408694267273
a3724,/mnt/data_disk/HDRData/1000hdr/HDRtest/a3724-20060101_092918__E6B0305.exr,/mnt/data_disk/ZQL/TIP_TMO_result/tradition/Gamma/a3724.png,341,512,0.915370579936531,0.8800361392970514,0.6391843177755777,0.6856062449994755,0.8209023203160942,0.5503101696828568,0.24625667929649353
a3727,/mnt/data_disk/HDRData/1000hdr/HDRtest/a3727-2004-01-18 11-49-42 CRW_2889.exr,/mnt/data_disk/ZQL/TIP_TMO_result/tradition/Gamma/a3727.png,341,512,0.7791642378830244,0.6951827117626271,0.1930472581942375,0.28512810369946984,0.5701922508807592,6.395651818045644e-05,0.1477600336074829
a3729,/mnt/data_disk/HDRData/1000hdr/HDRtest/a3729-07-11-24-at-21h39m19s-_MG_6853.exr,/mnt/data_disk/ZQL/TIP_TMO_result/tradition/Gamma/a3729.png,341,512,0.8366054277332208,0.8506739494713078,0.24763319994312885,0.3263969125210086,0.6418541835817047,0.010939641460312576,0.11666601896286011
a3730,/mnt/data_disk/HDRData/1000hdr/HDRtest/a3730-IMG_0113.exr,/mnt/data_disk/ZQL/TIP_TMO_result/tradition/Gamma/a3730.png,341,512,0.7902439166039527,0.834798209110114,0.07573575635200848,0.2833019670231048,0.5665876981259991,1.6235920210541233e-05,0.21827679872512817
a3732,/mnt/data_disk/HDRData/1000hdr/HDRtest/a3732-_DGW6272.exr,/mnt/data_disk/ZQL/TIP_TMO_result/tradition/Gamma/a3732.png,341,512,0.7887249187771856,0.8960277939801717,0.023376450828759523,0.35159486260205064,0.7031897252040687,3.256072307068392e-14,0.08757966011762619
a3733,/mnt/data_disk/HDRData/1000hdr/HDRtest/a3733-WP_CRW_4827.exr,/mnt/data_disk/ZQL/TIP_TMO_result/tradition/Gamma/a3733.png,341,512,0.7854875483422296,0.8508139312804924,0.04700034228568662,0.27984172500661386,0.5596834495515929,4.616348149931535e-10,0.13286691904067993
a3735,/mnt/data_disk/HDRData/1000hdr/HDRtest/a3735-_MG_7825.exr,/mnt/data_disk/ZQL/TIP_TMO_result/tradition/Gamma/a3735.png,341,512,0.8008357890784227,0.8751178301584764,0.07446015080718377,0.44302390342819875,0.881655588486539,0.0043922183698584805,0.16689226031303406
a3737,/mnt/data_disk/HDRData/1000hdr/HDRtest/a3737-dgw_022.exr,/mnt/data_disk/ZQL/TIP_TMO_result/tradition/Gamma/a3737.png,341,512,0.80156749897443,0.8471754827632574,0.10352523201419593,0.32645024536314415,0.6528994163485476,1.0743777406349774e-06,0.16843019425868988
a3739,/mnt/data_disk/HDRData/1000hdr/HDRtest/a3739-KE_-0068.exr,/mnt/data_disk/ZQL/TIP_TMO_result/tradition/Gamma/a3739.png,340,512,0.8215788190100088,0.9521051181754056,0.07690090127818065,0.4793088792938311,0.9586177583259335,2.617285891146216e-10,0.09302813559770584
a3740,/mnt/data_disk/HDRData/1000hdr/HDRtest/a3740-_DSC1411.exr,/mnt/data_disk/ZQL/TIP_TMO_result/tradition/Gamma/a3740.png,341,512,0.7373658447957931,0.7327603749392384,0.011838561309246863,0.21513912395205576,0.43027824790411046,1.0641733981960393e-15,0.09573201090097427
a3742,/mnt/data_disk/HDRData/1000hdr/HDRtest/a3742-IMG_0206.exr,/mnt/data_disk/ZQL/TIP_TMO_result/tradition/Gamma/a3742.png,341,512,0.7968964100363645,0.7852639990942358,0.15311056003633758,0.40872957979514973,0.81744319105364,1.5968536659393086e-05,0.23675961792469025
a3743,/mnt/data_disk/HDRData/1000hdr/HDRtest/a3743-DSC_0038.exr,/mnt/data_disk/ZQL/TIP_TMO_result/tradition/Gamma/a3743.png,340,512,0.7799919526195425,0.8400593910599632,0.03975780200840465,0.35264569787586336,0.7052141117478372,7.728400388954621e-05,0.08936624228954315
a3744,/mnt/data_disk/HDRData/1000hdr/HDRtest/a3744-NKIM_MG_6757.exr,/mnt/data_disk/ZQL/TIP_TMO_result/tradition/Gamma/a3744.png,341,512,0.742865848492456,0.7661470657161897,0.004197257720029565,0.30616540583179924,0.6123308116635985,1.7344526327911829e-34,0.16507971286773682
a3749,/mnt/data_disk/HDRData/1000hdr/HDRtest/a3749-IMG_4592.exr,/mnt/data_disk/ZQL/TIP_TMO_result/tradition/Gamma/a3749.png,341,512,0.8160697711976779,0.7995170354753995,0.21855770493258794,0.4463027369136467,0.8845730205103705,0.008032453316922929,0.20189402997493744
a3750,/mnt/data_disk/HDRData/1000hdr/HDRtest/a3750-IMG_4253.exr,/mnt/data_disk/ZQL/TIP_TMO_result/tradition/Gamma/a3750.png,341,512,0.7332888485343562,0.7205890482650397,0.011127111174441377,0.27034504662640835,0.5406900932528167,7.25676333465228e-22,0.16377410292625427
a3753,/mnt/data_disk/HDRData/1000hdr/HDRtest/a3753-dgw_073.exr,/mnt/data_disk/ZQL/TIP_TMO_result/tradition/Gamma/a3753.png,341,512,0.7317336721572554,0.7332266976041184,0.0024351323798078818,0.43954125988645765,0.8274441007810691,0.05163841899184619,0.41147616505622864
a3754,/mnt/data_disk/HDRData/1000hdr/HDRtest/a3754-050731_151704__I2E5362.exr,/mnt/data_disk/ZQL/TIP_TMO_result/tradition/Gamma/a3754.png,341,512,0.8659494030145617,0.9573118244937333,0.2543144369227317,0.41749044844633054,0.8071549978513861,0.02782589904127501,0.0968809723854065
a3756,/mnt/data_disk/HDRData/1000hdr/HDRtest/a3756-jmac_MG_5949.exr,/mnt/data_disk/ZQL/TIP_TMO_result/tradition/Gamma/a3756.png,341,512,0.8552660151894549,0.9234586045651393,0.24455602782737323,0.48167311699607807,0.8946387088295195,0.06870752516263673,0.11419446021318436
a3760,/mnt/data_disk/HDRData/1000hdr/HDRtest/a3760-IMG_2504.exr,/mnt/data_disk/ZQL/TIP_TMO_result/tradition/Gamma/a3760.png,341,512,0.8238391507973303,0.9849124145106172,0.05775426437880046,0.4450508075438087,0.8901010221313368,5.92956280653558e-07,0.07749780267477036
a3764,/mnt/data_disk/HDRData/1000hdr/HDRtest/a3764-20060618_093109__MG_8792.exr,/mnt/data_disk/ZQL/TIP_TMO_result/tradition/Gamma/a3764.png,341,512,0.8453788168525349,0.9254564243030785,0.19704030975557268,0.4803958661961668,0.9423149096009168,0.018476822791416797,0.16089318692684174
a3766,/mnt/data_disk/HDRData/1000hdr/HDRtest/a3766-20041219_194831__E6B5558.exr,/mnt/data_disk/ZQL/TIP_TMO_result/tradition/Gamma/a3766.png,341,512,0.6669728282480465,0.5471811804986034,6.0459078841478646e-05,0.2085387927114362,0.4170775854228724,1.3983103016406878e-70,0.07253894209861755
a3769,/mnt/data_disk/HDRData/1000hdr/HDRtest/a3769-IMG_3943.exr,/mnt/data_disk/ZQL/TIP_TMO_result/tradition/Gamma/a3769.png,341,512,0.8023689201447805,0.9547998286355175,0.0198998882133285,0.37303592695858134,0.7460718539171626,1.6644321023805338e-16,0.0853428840637207
a3771,/mnt/data_disk/HDRData/1000hdr/HDRtest/a3771-07-06-01-at-13h03m06-s_MG_1256.exr,/mnt/data_disk/ZQL/TIP_TMO_result/tradition/Gamma/a3771.png,341,512,0.8706668995778908,0.8612146774042524,0.4069454709731189,0.8057910729720918,0.8055833221984192,0.8059988237457646,0.21185241639614105
a3772,/mnt/data_disk/HDRData/1000hdr/HDRtest/a3772-dgw_123.exr,/mnt/data_disk/ZQL/TIP_TMO_result/tradition/Gamma/a3772.png,341,512,0.8325710617501816,0.9190279417364275,0.14960506733540702,0.3858640064257918,0.7708905710384113,0.0008374418131722015,0.18008963763713837
a3774,/mnt/data_disk/HDRData/1000hdr/HDRtest/a3774-_DSC0017.exr,/mnt/data_disk/ZQL/TIP_TMO_result/tradition/Gamma/a3774.png,340,512,0.8252244353237834,0.8925290072072954,0.14789912559412105,0.3932658843657608,0.7850126468015591,0.0015191219299624608,0.13862371444702148
a3778,/mnt/data_disk/HDRData/1000hdr/HDRtest/a3778-IMG_4838.exr,/mnt/data_disk/ZQL/TIP_TMO_result/tradition/Gamma/a3778.png,341,512,0.9134268672234561,0.8259996243121966,0.7202699814414255,0.8984680265242504,0.7984211074700233,0.9985149455784775,0.2630448341369629
a3780,/mnt/data_disk/HDRData/1000hdr/HDRtest/a3780-JI2E3902.exr,/mnt/data_disk/ZQL/TIP_TMO_result/tradition/Gamma/a3780.png,341,512,0.8689230180707288,0.9262429140809945,0.307631221523661,0.48115609948730004,0.8899151566503446,0.07239704232425544,0.12769930064678192
a3781,/mnt/data_disk/HDRData/1000hdr/HDRtest/a3781-2004-06-24 06-45-08 CRW_2040.exr,/mnt/data_disk/ZQL/TIP_TMO_result/tradition/Gamma/a3781.png,341,512,0.7831972604484008,0.916875128253393,0.00256728730536228,0.36190005055455243,0.7238001011091049,8.164429944634244e-41,0.06326781213283539
a3783,/mnt/data_disk/HDRData/1000hdr/HDRtest/a3783-KE_-0052.exr,/mnt/data_disk/ZQL/TIP_TMO_result/tradition/Gamma/a3783.png,340,512,0.7468088769320493,0.7827895019269705,0.0029497609211852206,0.2658563425277897,0.5317126850555794,1.7089233524081178e-39,0.09982094913721085
a3786,/mnt/data_disk/HDRData/1000hdr/HDRtest/a3786-_I2E8191.exr,/mnt/data_disk/ZQL/TIP_TMO_result/tradition/Gamma/a3786.png,341,512,0.8015739392047886,0.9462686642704395,0.023057066493101037,0.37642795726427336,0.7528559138752287,6.533180286181478e-10,0.12878304719924927
a3796,/mnt/data_disk/HDRData/1000hdr/HDRtest/a3796-NKIM_MG_7319.exr,/mnt/data_disk/ZQL/TIP_TMO_result/tradition/Gamma/a3796.png,341,512,0.840323953567859,0.7495470096238125,0.4144241568069257,0.5611100473538914,0.5010866267295696,0.6211334679782131,0.22860291600227356
a3798,/mnt/data_disk/HDRData/1000hdr/HDRtest/a3798-IMG_2539.exr,/mnt/data_disk/ZQL/TIP_TMO_result/tradition/Gamma/a3798.png,341,512,0.9091579877661332,0.9005727802534018,0.5678509815617375,0.9172610117335119,0.8452056783162925,0.9893163451507314,0.195826917886734
a3800,/mnt/data_disk/HDRData/1000hdr/HDRtest/a3800-dgw_090.exr,/mnt/data_disk/ZQL/TIP_TMO_result/tradition/Gamma/a3800.png,341,512,0.8345109794711396,0.9014163399216991,0.17692518540091032,0.41291947028831844,0.8258357964018593,3.1441747775813363e-06,0.12984724342823029
a3804,/mnt/data_disk/HDRData/1000hdr/HDRtest/a3804-_DSC3608.exr,/mnt/data_disk/ZQL/TIP_TMO_result/tradition/Gamma/a3804.png,343,512,0.7538903608794824,0.8127494196693594,0.0012334734389073316,0.3139478351896554,0.6278956703793108,5.2350698533533574e-42,0.06069421023130417
a3816,/mnt/data_disk/HDRData/1000hdr/HDRtest/a3816-jmac_DSC3118.exr,/mnt/data_disk/ZQL/TIP_TMO_result/tradition/Gamma/a3816.png,340,512,0.9203886924380451,0.9564837087184325,0.5490521562349501,0.7892669500507858,0.936756844393173,0.6417770557083987,0.13025805354118347
a3820,/mnt/data_disk/HDRData/1000hdr/HDRtest/a3820-dgw_025.exr,/mnt/data_disk/ZQL/TIP_TMO_result/tradition/Gamma/a3820.png,341,512,0.593281447068236,0.3689500300484287,0.001455295275356752,0.2688739135480353,0.5377478270960706,5.552937371815582e-18,0.08433500677347183
a3822,/mnt/data_disk/HDRData/1000hdr/HDRtest/a3822-07-11-21-at-09h53m21s-_MG_5852.exr,/mnt/data_disk/ZQL/TIP_TMO_result/tradition/Gamma/a3822.png,341,512,0.7942801496836116,0.9373806033147232,0.012115019414787377,0.4021203938191357,0.8042407876382714,2.129764468952686e-26,0.09221017360687256
a3827,/mnt/data_disk/HDRData/1000hdr/HDRtest/a3827-JI2E3823.exr,/mnt/data_disk/ZQL/TIP_TMO_result/tradition/Gamma/a3827.png,341,512,0.8914452184758604,0.8861864526566819,0.4859369095506166,0.9432414395330851,0.8948723047672994,0.9916105742988709,0.10946282744407654
a3830,/mnt/data_disk/HDRData/1000hdr/HDRtest/a3830-LS_060715_8670.exr,/mnt/data_disk/ZQL/TIP_TMO_result/tradition/Gamma/a3830.png,341,512,0.7952210483764981,0.8626432904563597,0.06705187794216139,0.4236021159721269,0.8472042314482451,4.960086769319637e-10,0.18021351099014282
a3832,/mnt/data_disk/HDRData/1000hdr/HDRtest/a3832-20060613_091536__MG_7749.exr,/mnt/data_disk/ZQL/TIP_TMO_result/tradition/Gamma/a3832.png,341,512,0.9177538775317935,0.8338272490168044,0.7341910689659333,0.4348662089931391,0.7961771982682655,0.07355521971801268,0.1934826672077179
a3833,/mnt/data_disk/HDRData/1000hdr/HDRtest/a3833-_DSC0003-2.exr,/mnt/data_disk/ZQL/TIP_TMO_result/tradition/Gamma/a3833.png,340,512,0.7874254901665622,0.9325807474687023,0.002796196459899784,0.3564077035862139,0.7128154071724278,2.099939979504835e-33,0.07644331455230713
a3834,/mnt/data_disk/HDRData/1000hdr/HDRtest/a3834-IMG_0007.exr,/mnt/data_disk/ZQL/TIP_TMO_result/tradition/Gamma/a3834.png,341,512,0.7861734067777435,0.8245370863946048,0.07168722945933971,0.45161245656599913,0.9032244723163235,4.408156747133685e-07,0.20311316847801208
a3846,/mnt/data_disk/HDRData/1000hdr/HDRtest/a3846-IMG_3087.exr,/mnt/data_disk/ZQL/TIP_TMO_result/tradition/Gamma/a3846.png,341,512,0.8010862429242206,0.9379775395919784,0.026986831677313965,0.3976750915866061,0.7953501831732122,3.769386969499108e-18,0.0890156626701355
a3847,/mnt/data_disk/HDRData/1000hdr/HDRtest/a3847-NKIM_MG_6113.exr,/mnt/data_disk/ZQL/TIP_TMO_result/tradition/Gamma/a3847.png,341,512,0.7527004871806157,0.7680934466259919,0.022189225454662405,0.4068616574935664,0.8137233149871328,3.971089015082418e-26,0.1573125272989273
a3848,/mnt/data_disk/HDRData/1000hdr/HDRtest/a3848-DSC_0024.exr,/mnt/data_disk/ZQL/TIP_TMO_result/tradition/Gamma/a3848.png,340,512,0.8107757434113706,0.9392965613745419,0.05278696077030327,0.3911687067790588,0.7823351267167187,2.2868413989301763e-06,0.06754054874181747
a3851,/mnt/data_disk/HDRData/1000hdr/HDRtest/a3851-IMG_3430.exr,/mnt/data_disk/ZQL/TIP_TMO_result/tradition/Gamma/a3851.png,341,512,0.7860720442604618,0.8862097036272316,0.023241517944370467,0.3174559245165926,0.6349118490331718,1.3423422764697777e-14,0.08606696873903275
a3862,/mnt/data_disk/HDRData/1000hdr/HDRtest/a3862-JI2E0423.exr,/mnt/data_disk/ZQL/TIP_TMO_result/tradition/Gamma/a3862.png,341,512,0.8037707439915172,0.9429977465976161,0.030536001813756986,0.36497876283293373,0.7299575256650531,8.143311498883491e-13,0.0734596848487854
a3863,/mnt/data_disk/HDRData/1000hdr/HDRtest/a3863-IMG_1159.exr,/mnt/data_disk/ZQL/TIP_TMO_result/tradition/Gamma/a3863.png,341,512,0.7946280319375995,0.8816907625435506,0.04938725366781261,0.4228796183229524,0.8457592364569096,1.8899519687176824e-10,0.1684081107378006
a3864,/mnt/data_disk/HDRData/1000hdr/HDRtest/a3864-_DSC1992.exr,/mnt/data_disk/ZQL/TIP_TMO_result/tradition/Gamma/a3864.png,341,512,0.7560952689032883,0.7409560494887893,0.05311255072110758,0.41951690233254846,0.8360964120436646,0.002937392621432293,0.08984129875898361
a3872,/mnt/data_disk/HDRData/1000hdr/HDRtest/a3872-IMG_4058.exr,/mnt/data_disk/ZQL/TIP_TMO_result/tradition/Gamma/a3872.png,341,512,0.8743771430995431,0.8553145680363164,0.4362560755369293,0.4881903494465394,0.7477474278193509,0.22863327107372794,0.18949462473392487
a3877,/mnt/data_disk/HDRData/1000hdr/HDRtest/a3877-KE_-0019.exr,/mnt/data_disk/ZQL/TIP_TMO_result/tradition/Gamma/a3877.png,340,512,0.7774707081782579,0.8639652157349518,0.017222304306198973,0.297658856025955,0.59531771205191,4.0138080947051125e-19,0.1522553563117981
a3879,/mnt/data_disk/HDRData/1000hdr/HDRtest/a3879-IMG_0091.exr,/mnt/data_disk/ZQL/TIP_TMO_result/tradition/Gamma/a3879.png,341,512,0.8622133452712465,0.923110481420227,0.278337943090724,0.5449782973207211,0.9556538325036638,0.1343027621377786,0.16499678790569305
a3890,/mnt/data_disk/HDRData/1000hdr/HDRtest/a3890-IMG_4308.exr,/mnt/data_disk/ZQL/TIP_TMO_result/tradition/Gamma/a3890.png,341,512,0.7757500641116799,0.8271935746835216,0.03788839935854584,0.31524202170972726,0.630484043419454,5.469939524920539e-16,0.10615555197000504
a3893,/mnt/data_disk/HDRData/1000hdr/HDRtest/a3893-_DGW6301.exr,/mnt/data_disk/ZQL/TIP_TMO_result/tradition/Gamma/a3893.png,341,512,0.9023214028653989,0.9217678407991579,0.4949364095895207,0.631888073973485,0.8677976524520754,0.39597849549489456,0.21838515996932983
a3899,/mnt/data_disk/HDRData/1000hdr/HDRtest/a3899-jmac_DSC2259.exr,/mnt/data_disk/ZQL/TIP_TMO_result/tradition/Gamma/a3899.png,340,512,0.8400412338160694,0.9602930979763451,0.13732220046649787,0.4421956410187891,0.884390802176134,4.79861444231828e-07,0.1064404770731926
a3900,/mnt/data_disk/HDRData/1000hdr/HDRtest/a3900-jmac_DSC5843.exr,/mnt/data_disk/ZQL/TIP_TMO_result/tradition/Gamma/a3900.png,340,512,0.9774755872607662,0.9695143245565371,0.8951944359367803,0.9324768653757984,0.8754578827227429,0.9894958480288539,0.13115748763084412
a3902,/mnt/data_disk/HDRData/1000hdr/HDRtest/a3902-jmac_DSC3970.exr,/mnt/data_disk/ZQL/TIP_TMO_result/tradition/Gamma/a3902.png,340,512,0.7559147949332592,0.8036050820437536,0.007737509612658864,0.34596623936850607,0.6919324787370121,3.7002068196368125e-23,0.06954426318407059
a3903,/mnt/data_disk/HDRData/1000hdr/HDRtest/a3903-IMG_2386.exr,/mnt/data_disk/ZQL/TIP_TMO_result/tradition/Gamma/a3903.png,341,512,0.7913585981795445,0.906043505254647,0.02338991879467182,0.3528845279935544,0.7057690559329824,5.412640743771383e-11,0.09479998797178268
a3906,/mnt/data_disk/HDRData/1000hdr/HDRtest/a3906-LS051025_day_3_LL003.exr,/mnt/data_disk/ZQL/TIP_TMO_result/tradition/Gamma/a3906.png,341,512,0.830993336836536,0.912866689836583,0.14968901429191825,0.4185613571551242,0.83711352072865,9.193581598409439e-06,0.15756037831306458
a3911,/mnt/data_disk/HDRData/1000hdr/HDRtest/a3911-07-07-01-at-10h50m55s-_MG_2028.exr,/mnt/data_disk/ZQL/TIP_TMO_result/tradition/Gamma/a3911.png,341,512,0.7604289857335196,0.80796173444864,0.013935170304917407,0.3450146837654162,0.6900293675308324,8.905452366026907e-22,0.13906876742839813
a3913,/mnt/data_disk/HDRData/1000hdr/HDRtest/a3913-IMG_0289.exr,/mnt/data_disk/ZQL/TIP_TMO_result/tradition/Gamma/a3913.png,341,512,0.788369280458056,0.9025679671666418,0.01860243881937351,0.41641338812409595,0.8328267762423174,5.874533552993393e-12,0.081739641726017
a3914,/mnt/data_disk/HDRData/1000hdr/HDRtest/a3914-DSC_0002-1.exr,/mnt/data_disk/ZQL/TIP_TMO_result/tradition/Gamma/a3914.png,340,512,0.7536904479165218,0.7977862698634259,0.006779132100671349,0.231374700029539,0.462749400059078,1.1930349464170018e-20,0.11257880926132202
a3919,/mnt/data_disk/HDRData/1000hdr/HDRtest/a3919-KE_-1608.exr,/mnt/data_disk/ZQL/TIP_TMO_result/tradition/Gamma/a3919.png,340,512,0.7270080419209265,0.7199792052502078,0.0016332026679525945,0.2036154485600804,0.4072308971201608,1.186826963689623e-38,0.11227269470691681
a3923,/mnt/data_disk/HDRData/1000hdr/HDRtest/a3923-_DSC0095.exr,/mnt/data_disk/ZQL/TIP_TMO_result/tradition/Gamma/a3923.png,340,512,0.8718388157162953,0.9201499925856277,0.3304647974748267,0.4248237251419493,0.7657789914585594,0.08386845882533926,0.11772122979164124
a3924,/mnt/data_disk/HDRData/1000hdr/HDRtest/a3924-_DSC6358.exr,/mnt/data_disk/ZQL/TIP_TMO_result/tradition/Gamma/a3924.png,341,512,0.7136091230377699,0.6791223111153453,0.0010043491171508982,0.23779259972694236,0.4755851994538847,2.8108793933064017e-56,0.1833769679069519
a3926,/mnt/data_disk/HDRData/1000hdr/HDRtest/a3926-dgw_077.exr,/mnt/data_disk/ZQL/TIP_TMO_result/tradition/Gamma/a3926.png,341,512,0.7727385207042531,0.7802953073285753,0.06890302785223378,0.37411594071416027,0.7482318814280692,2.513051050743461e-13,0.15233685076236725
a3927,/mnt/data_disk/HDRData/1000hdr/HDRtest/a3927-IMG_6048.exr,/mnt/data_disk/ZQL/TIP_TMO_result/tradition/Gamma/a3927.png,341,512,0.9050329601102021,0.870306143949034,0.5915493563375651,0.8308079561301709,0.8515906782879483,0.8100252339723936,0.15893127024173737
a3930,/mnt/data_disk/HDRData/1000hdr/HDRtest/a3930-IMG_5083.exr,/mnt/data_disk/ZQL/TIP_TMO_result/tradition/Gamma/a3930.png,341,512,0.8414486839565942,0.8675816863968249,0.2488506449476757,0.4092014044989628,0.6513261699761748,0.16707663902175085,0.18234971165657043
a3931,/mnt/data_disk/HDRData/1000hdr/HDRtest/a3931-_DGW6259.exr,/mnt/data_disk/ZQL/TIP_TMO_result/tradition/Gamma/a3931.png,341,512,0.7925874293577669,0.8026094621949122,0.11641748218291005,0.3390936569657603,0.6781873135612474,3.70273249945595e-10,0.24724961817264557
a3940,/mnt/data_disk/HDRData/1000hdr/HDRtest/a3940-20050602_180025__MG_2820.exr,/mnt/data_disk/ZQL/TIP_TMO_result/tradition/Gamma/a3940.png,341,512,0.8461362107552346,0.9468096576809191,0.1765860049872243,0.4843322530739992,0.9648691669533053,0.0037953391946930724,0.13969309628009796
a3943,/mnt/data_disk/HDRData/1000hdr/HDRtest/a3943-_DSC0054.exr,/mnt/data_disk/ZQL/TIP_TMO_result/tradition/Gamma/a3943.png,340,512,0.8086857298164122,0.9384456585963925,0.04723191572472258,0.4297550865972327,0.8595101731944653,7.058774895412436e-17,0.09100561589002609
a3947,/mnt/data_disk/HDRData/1000hdr/HDRtest/a3947-jmac_MG_1444.exr,/mnt/data_disk/ZQL/TIP_TMO_result/tradition/Gamma/a3947.png,341,512,0.793551085490817,0.8798813651486315,0.047638969504752146,0.4156647677136538,0.8302939483397096,0.0010355870875980255,0.13118842244148254
a3948,/mnt/data_disk/HDRData/1000hdr/HDRtest/a3948-_DSC0045.exr,/mnt/data_disk/ZQL/TIP_TMO_result/tradition/Gamma/a3948.png,340,512,0.781696610587209,0.8655137687295725,0.026048738117748268,0.43676202854604346,0.8735240570920869,4.609328286524264e-19,0.1269507110118866
a3954,/mnt/data_disk/HDRData/1000hdr/HDRtest/a3954-_MG_0841.exr,/mnt/data_disk/ZQL/TIP_TMO_result/tradition/Gamma/a3954.png,341,512,0.9228988159442657,0.8944378789395928,0.6624081393571644,0.6872623289671871,0.78558869017822,0.5889359677561542,0.21129393577575684
a3958,/mnt/data_disk/HDRData/1000hdr/HDRtest/a3958-_DSC3890.exr,/mnt/data_disk/ZQL/TIP_TMO_result/tradition/Gamma/a3958.png,341,512,0.7925794172689649,0.9365601109097436,0.009294434609929614,0.3921587087164702,0.7843174174329404,4.326320847929232e-18,0.07023970782756805
a3961,/mnt/data_disk/HDRData/1000hdr/HDRtest/a3961-_DSC0049.exr,/mnt/data_disk/ZQL/TIP_TMO_result/tradition/Gamma/a3961.png,340,512,0.7501018531442313,0.7580935759126203,0.023005090514343393,0.3821183355511861,0.7642360277546294,6.433477427575446e-07,0.08674333989620209
a3963,/mnt/data_disk/HDRData/1000hdr/HDRtest/a3963-jmac_DSC3835.exr,/mnt/data_disk/ZQL/TIP_TMO_result/tradition/Gamma/a3963.png,340,512,0.8418232905188165,0.9298877483972774,0.1766019040235271,0.515704614559674,0.9582843138833704,0.07312491523597749,0.15086773037910461
a3964,/mnt/data_disk/HDRData/1000hdr/HDRtest/a3964-NKIM_MG_6716.exr,/mnt/data_disk/ZQL/TIP_TMO_result/tradition/Gamma/a3964.png,341,512,0.7606758851975282,0.832890742236202,0.002543956262567131,0.27424394634924476,0.5484878926984895,5.606247442800124e-41,0.12999224662780762
a3970,/mnt/data_disk/HDRData/1000hdr/HDRtest/a3970-WP_Amanda_3rd_bday014.exr,/mnt/data_disk/ZQL/TIP_TMO_result/tradition/Gamma/a3970.png,341,512,0.7210138376746664,0.7065039116122905,8.993456669900911e-05,0.2007372066753858,0.4014744133507716,1.0786149476032302e-76,0.04640191048383713
a3973,/mnt/data_disk/HDRData/1000hdr/HDRtest/a3973-DSC_0068-2.exr,/mnt/data_disk/ZQL/TIP_TMO_result/tradition/Gamma/a3973.png,340,512,0.7793893133477255,0.8642220960705697,0.021376435896189334,0.39789281550077354,0.7957856310015423,4.791418389352096e-15,0.07374042272567749
a3975,/mnt/data_disk/HDRData/1000hdr/HDRtest/a3975-jmac_MG_5721.exr,/mnt/data_disk/ZQL/TIP_TMO_result/tradition/Gamma/a3975.png,341,512,0.8100383682899677,0.965218470840288,0.03225724368889172,0.4172829485471065,0.8345658970784032,1.5809775189884474e-11,0.08768410235643387
a3976,/mnt/data_disk/HDRData/1000hdr/HDRtest/a3976-Ja_Pe-10.exr,/mnt/data_disk/ZQL/TIP_TMO_result/tradition/Gamma/a3976.png,288,512,0.8182360711771133,0.9572860935600683,0.06174720821647836,0.4325358874778401,0.8650717677500573,7.205622904625689e-09,0.12592418491840363
a3991,/mnt/data_disk/HDRData/1000hdr/HDRtest/a3991-DSC_0005-2.exr,/mnt/data_disk/ZQL/TIP_TMO_result/tradition/Gamma/a3991.png,340,512,0.8113507163282332,0.9193592425224133,0.07072738855763154,0.39038676503234104,0.7807734905506711,3.951401091475843e-08,0.10741661489009857
a3992,/mnt/data_disk/HDRData/1000hdr/HDRtest/a3992-KE_-0044.exr,/mnt/data_disk/ZQL/TIP_TMO_result/tradition/Gamma/a3992.png,340,512,0.6660567362967353,0.5232657649979321,0.011328010828789398,0.34729914338850193,0.6945982867384715,3.853238577332404e-11,0.06808473914861679
a3993,/mnt/data_disk/HDRData/1000hdr/HDRtest/a3993-IMG_2812.exr,/mnt/data_disk/ZQL/TIP_TMO_result/tradition/Gamma/a3993.png,341,512,0.8411357801000239,0.6914995498372771,0.5201667017107753,0.4757493560611713,0.8586702633280686,0.09282844879427393,0.11667177826166153
a3995,/mnt/data_disk/HDRData/1000hdr/HDRtest/a3995-IMG_0187.exr,/mnt/data_disk/ZQL/TIP_TMO_result/tradition/Gamma/a3995.png,341,512,0.7836726904279152,0.8586495260499154,0.03592461844299265,0.41482936693544853,0.8296587338708971,1.5418843561417986e-17,0.13593246042728424
a4001,/mnt/data_disk/HDRData/1000hdr/HDRtest/a4001-jn_20070824_0168.exr,/mnt/data_disk/ZQL/TIP_TMO_result/tradition/Gamma/a4001.png,341,512,0.921929106891368,0.9430101793086405,0.5787742660011247,0.8867092757506156,0.8368203497532812,0.9365982017479502,0.09858450293540955
a4003,/mnt/data_disk/HDRData/1000hdr/HDRtest/a4003-NKIM_MG_6603.exr,/mnt/data_disk/ZQL/TIP_TMO_result/tradition/Gamma/a4003.png,341,512,0.9173178861296054,0.946237724936155,0.5461812070407667,0.8820311917496271,0.9114396349975339,0.8526227485017202,0.14953476190567017
a4004,/mnt/data_disk/HDRData/1000hdr/HDRtest/a4004-050812_113412__MG_3770.exr,/mnt/data_disk/ZQL/TIP_TMO_result/tradition/Gamma/a4004.png,341,512,0.857270352869253,0.9335391776681742,0.24180072704136815,0.9730438061083488,0.9523937843478066,0.9936938278688912,0.09117630124092102
a4007,/mnt/data_disk/HDRData/1000hdr/HDRtest/a4007-_MG_7167.exr,/mnt/data_disk/ZQL/TIP_TMO_result/tradition/Gamma/a4007.png,341,512,0.9051657210296216,0.8651500818519999,0.6008377062687867,0.9527377072069317,0.9137205617286446,0.9917548526852189,0.21237459778785706
a4008,/mnt/data_disk/HDRData/1000hdr/HDRtest/a4008-dgw_019.exr,/mnt/data_disk/ZQL/TIP_TMO_result/tradition/Gamma/a4008.png,341,512,0.9546136592426276,0.8846803725574031,0.8881207968487255,0.854060402035974,0.7590607635592242,0.9490600405127237,0.16667503118515015
a4009,/mnt/data_disk/HDRData/1000hdr/HDRtest/a4009-jmac_MG_7717.exr,/mnt/data_disk/ZQL/TIP_TMO_result/tradition/Gamma/a4009.png,341,512,0.9417367437499339,0.8725675152332599,0.8227385016132843,0.9164785979728558,0.8395750108485933,0.9933821850971184,0.24538956582546234
a4013,/mnt/data_disk/HDRData/1000hdr/HDRtest/a4013-_I2E6911.exr,/mnt/data_disk/ZQL/TIP_TMO_result/tradition/Gamma/a4013.png,341,512,0.8050995913319867,0.7885558613808636,0.18374077623060778,0.2953356425031432,0.5896879577701472,0.0009833272361392652,0.2571307122707367
a4014,/mnt/data_disk/HDRData/1000hdr/HDRtest/a4014-JI2E4114.exr,/mnt/data_disk/ZQL/TIP_TMO_result/tradition/Gamma/a4014.png,341,512,0.9325424757893641,0.924282566461611,0.6741607574570319,0.8586892079261861,0.8412146731242958,0.8761637427280763,0.18389654159545898
a4017,/mnt/data_disk/HDRData/1000hdr/HDRtest/a4017-DSC_0023.exr,/mnt/data_disk/ZQL/TIP_TMO_result/tradition/Gamma/a4017.png,340,512,0.8108209821080945,0.9449245077755797,0.04865786294647838,0.3858503871601019,0.771700774290684,2.951983587038641e-11,0.09875105321407318
a4020,/mnt/data_disk/HDRData/1000hdr/HDRtest/a4020-IMG_3763.exr,/mnt/data_disk/ZQL/TIP_TMO_result/tradition/Gamma/a4020.png,341,512,0.8088099140289816,0.8028638537726274,0.18208357116304677,0.4488135275389612,0.8938872634150646,0.003739791662857787,0.10964947938919067
a4025,/mnt/data_disk/HDRData/1000hdr/HDRtest/a4025-IMG_5601.exr,/mnt/data_disk/ZQL/TIP_TMO_result/tradition/Gamma/a4025.png,341,512,0.8271084769856685,0.9049638146969836,0.14229870122881574,0.4067473334946735,0.8134930265445309,1.6404448161504768e-06,0.14615561068058014
a4026,/mnt/data_disk/HDRData/1000hdr/HDRtest/a4026-NKIM_MG_6632.exr,/mnt/data_disk/ZQL/TIP_TMO_result/tradition/Gamma/a4026.png,341,512,0.8335246234416303,0.9738915131422938,0.0995822260133522,0.9780631626326888,0.9689646056458778,0.9871617196194996,0.1403682678937912
a4027,/mnt/data_disk/HDRData/1000hdr/HDRtest/a4027-IMG_2393.exr,/mnt/data_disk/ZQL/TIP_TMO_result/tradition/Gamma/a4027.png,341,512,0.8259992155760227,0.9162969888291628,0.12624118502050097,0.44353155624086593,0.8870191605789012,4.3951902830701726e-05,0.13122348487377167
a4028,/mnt/data_disk/HDRData/1000hdr/HDRtest/a4028-060810_105728__MG_6096.exr,/mnt/data_disk/ZQL/TIP_TMO_result/tradition/Gamma/a4028.png,341,512,0.7886153719599295,0.881487569974401,0.03274141288747411,0.38892438679903574,0.7778487735980714,1.6188758410567366e-16,0.139988511800766
a4038,/mnt/data_disk/HDRData/1000hdr/HDRtest/a4038-Ja_Pe-20.exr,/mnt/data_disk/ZQL/TIP_TMO_result/tradition/Gamma/a4038.png,288,512,0.7932007100965038,0.912588270927336,0.0237132684929326,0.45426530633989914,0.9085306126797803,1.7960511358599023e-14,0.14324511587619781
a4040,/mnt/data_disk/HDRData/1000hdr/HDRtest/a4040-IMG_0233.exr,/mnt/data_disk/ZQL/TIP_TMO_result/tradition/Gamma/a4040.png,341,512,0.8402486109750269,0.840675337361514,0.2783383582932523,0.6888523073478479,0.8913757255877712,0.48632888910792454,0.2766438126564026
a4047,/mnt/data_disk/HDRData/1000hdr/HDRtest/a4047-IMG_1285.exr,/mnt/data_disk/ZQL/TIP_TMO_result/tradition/Gamma/a4047.png,341,512,0.8043486079334116,0.9731038975768804,0.01426242130441775,0.4543770793855304,0.908754158771038,2.280905502783913e-14,0.07676280289888382
a4049,/mnt/data_disk/HDRData/1000hdr/HDRtest/a4049-_DSC3858.exr,/mnt/data_disk/ZQL/TIP_TMO_result/tradition/Gamma/a4049.png,341,512,0.8974897024806862,0.7779011820968549,0.7058043156426782,0.8909388807899661,0.789336860527473,0.9925409010524593,0.2615673243999481
a4051,/mnt/data_disk/HDRData/1000hdr/HDRtest/a4051-_DSC0018-3.exr,/mnt/data_disk/ZQL/TIP_TMO_result/tradition/Gamma/a4051.png,340,512,0.8017080464729373,0.94617841263347,0.02342964061529472,0.42521829452014404,0.8504365890402881,1.7992511132508636e-17,0.10120297223329544
a4052,/mnt/data_disk/HDRData/1000hdr/HDRtest/a4052-20060620_165511__MG_9535.exr,/mnt/data_disk/ZQL/TIP_TMO_result/tradition/Gamma/a4052.png,341,512,0.8218734608281636,0.8797591354138202,0.14805686701749715,0.31491808416696226,0.629728041128454,0.00010812720547044963,0.17789597809314728
a4060,/mnt/data_disk/HDRData/1000hdr/HDRtest/a4060-_DSC5597.exr,/mnt/data_disk/ZQL/TIP_TMO_result/tradition/Gamma/a4060.png,341,512,0.8174861968107971,0.8075036786615983,0.21468035009884268,0.3497329827639316,0.6991678699512148,0.00029809557664834356,0.19808220863342285
a4064,/mnt/data_disk/HDRData/1000hdr/HDRtest/a4064-07-12-02-at-16h23m18s-_MG_9020.exr,/mnt/data_disk/ZQL/TIP_TMO_result/tradition/Gamma/a4064.png,341,512,0.9232455952467669,0.8826805409317041,0.6843031425569409,0.6179371208583626,0.7348092898191403,0.5010649518975849,0.1932103931903839
a4068,/mnt/data_disk/HDRData/1000hdr/HDRtest/a4068-tc_DSC2612.exr,/mnt/data_disk/ZQL/TIP_TMO_result/tradition/Gamma/a4068.png,340,512,0.8165947975399878,0.8192678845567442,0.19586073272062893,0.35476142672472477,0.7094453968169177,7.745663253184122e-05,0.1600697934627533
a4075,/mnt/data_disk/HDRData/1000hdr/HDRtest/a4075-JI2E0444.exr,/mnt/data_disk/ZQL/TIP_TMO_result/tradition/Gamma/a4075.png,341,512,0.8120953931635483,0.7532989737306621,0.2629644529513255,0.38964420415299794,0.762432559791354,0.016855848514641877,0.25812965631484985
a4076,/mnt/data_disk/HDRData/1000hdr/HDRtest/a4076-_DGW6244.exr,/mnt/data_disk/ZQL/TIP_TMO_result/tradition/Gamma/a4076.png,341,512,0.8443020819437467,0.8486630072545059,0.2874834682848745,0.8212203730082264,0.8570484953911928,0.78539225062526,0.2899809777736664
a4080,/mnt/data_disk/HDRData/1000hdr/HDRtest/a4080-IMG_3765.exr,/mnt/data_disk/ZQL/TIP_TMO_result/tradition/Gamma/a4080.png,341,512,0.8632359206211158,0.8752515869589458,0.3470845971745041,0.47874966027857246,0.8304131102158128,0.1270862103413322,0.17324742674827576
a4085,/mnt/data_disk/HDRData/1000hdr/HDRtest/a4085-_MG_2385.exr,/mnt/data_disk/ZQL/TIP_TMO_result/tradition/Gamma/a4085.png,341,512,0.797635103815759,0.9248173147102257,0.026796922080651025,0.3436790590547574,0.6873581181095147,1.9612679781665607e-18,0.09617795795202255
a4087,/mnt/data_disk/HDRData/1000hdr/HDRtest/a4087-NKIM_MG_6395.exr,/mnt/data_disk/ZQL/TIP_TMO_result/tradition/Gamma/a4087.png,341,512,0.8324449915733217,0.8576830726315757,0.2194394962991047,0.4861907894530491,0.9088605961710408,0.06352098273505748,0.24425914883613586
a4088,/mnt/data_disk/HDRData/1000hdr/HDRtest/a4088-dvf_041.exr,/mnt/data_disk/ZQL/TIP_TMO_result/tradition/Gamma/a4088.png,341,512,0.7530650586427738,0.8134997612062138,0.0003371025012787965,0.26958799041107395,0.5391759808221479,2.8378146003104968e-61,0.054927412420511246
a4091,/mnt/data_disk/HDRData/1000hdr/HDRtest/a4091-_DSC0041.exr,/mnt/data_disk/ZQL/TIP_TMO_result/tradition/Gamma/a4091.png,340,512,0.7907624385443545,0.8833293720112405,0.03716802022175891,0.40432768276861747,0.8086553655372349,5.9432295406504534e-18,0.12237316370010376
a4092,/mnt/data_disk/HDRData/1000hdr/HDRtest/a4092-07-12-03-at-09h35m54s-_MG_9192.exr,/mnt/data_disk/ZQL/TIP_TMO_result/tradition/Gamma/a4092.png,341,512,0.8474645452757206,0.8680493589528564,0.2771767381857114,0.8977305119676474,0.894948243008511,0.9005127809267839,0.263601690530777
a4093,/mnt/data_disk/HDRData/1000hdr/HDRtest/a4093-jn_20071117-031.exr,/mnt/data_disk/ZQL/TIP_TMO_result/tradition/Gamma/a4093.png,341,512,0.850502197476202,0.8529713042002189,0.3125900293691605,0.56146928686984,0.908789956959668,0.21414861678001196,0.2693847119808197
a4096,/mnt/data_disk/HDRData/1000hdr/HDRtest/a4096-jmac_MG_0095.exr,/mnt/data_disk/ZQL/TIP_TMO_result/tradition/Gamma/a4096.png,341,512,0.6961529280884969,0.6187291136040176,0.003975257240737021,0.2222464218328585,0.444492843665717,3.472369075384739e-21,0.15393131971359253
a4097,/mnt/data_disk/HDRData/1000hdr/HDRtest/a4097-20080623_at_14h52m36__MG_9904.exr,/mnt/data_disk/ZQL/TIP_TMO_result/tradition/Gamma/a4097.png,341,512,0.8248272634174051,0.9580334104206231,0.0828659332348098,0.38455082544851416,0.7690827518657953,1.8899031232966662e-05,0.10413222759962082
a4099,/mnt/data_disk/HDRData/1000hdr/HDRtest/a4099-_DSC0014-2.exr,/mnt/data_disk/ZQL/TIP_TMO_result/tradition/Gamma/a4099.png,340,512,0.8018542554169612,0.9545413647176038,0.01888793975873018,0.4044292395492796,0.8088584790985592,2.345131022920725e-23,0.08192798495292664
a4101,/mnt/data_disk/HDRData/1000hdr/HDRtest/a4101-IMG_5823.exr,/mnt/data_disk/ZQL/TIP_TMO_result/tradition/Gamma/a4101.png,341,512,0.7489506380244533,0.7453519232740021,0.029492233157680944,0.3166019436775385,0.633203887355077,2.776062967655343e-20,0.13213308155536652
a4102,/mnt/data_disk/HDRData/1000hdr/HDRtest/a4102-07-06-30-at-11h38m56s-_MG_1997.exr,/mnt/data_disk/ZQL/TIP_TMO_result/tradition/Gamma/a4102.png,341,512,0.8575310736932581,0.9346965963215946,0.24163434362525227,0.4481364665846011,0.8930306721132154,0.003242261055986838,0.15180738270282745
a4104,/mnt/data_disk/HDRData/1000hdr/HDRtest/a4104-DSC_0260.exr,/mnt/data_disk/ZQL/TIP_TMO_result/tradition/Gamma/a4104.png,340,512,0.7558777210167964,0.8143853904866776,0.0030174942345760508,0.24162198712507596,0.4832439742501519,9.339678545926768e-28,0.06135813519358635
a4105,/mnt/data_disk/HDRData/1000hdr/HDRtest/a4105-07-11-26-at-16h02m57s-_MG_7151.exr,/mnt/data_disk/ZQL/TIP_TMO_result/tradition/Gamma/a4105.png,341,512,0.8764249250218733,0.6833188832046128,0.7554893294139481,0.744114509781878,0.5051108660219469,0.9831181535418091,0.1985555738210678
a4107,/mnt/data_disk/HDRData/1000hdr/HDRtest/a4107-dvf_018.exr,/mnt/data_disk/ZQL/TIP_TMO_result/tradition/Gamma/a4107.png,341,512,0.7129370931429588,0.6807461230595151,0.00010478090684022928,0.18720195200089837,0.37440390400179674,1.0448298846979007e-69,0.1110924631357193
a4108,/mnt/data_disk/HDRData/1000hdr/HDRtest/a4108-MB_080329_057.exr,/mnt/data_disk/ZQL/TIP_TMO_result/tradition/Gamma/a4108.png,341,512,0.9238727014209994,0.8158115188819595,0.8075056681064599,0.7384759154457925,0.6982051684378098,0.7787466624537753,0.2882631719112396
a4110,/mnt/data_disk/HDRData/1000hdr/HDRtest/a4110-dgw_069.exr,/mnt/data_disk/ZQL/TIP_TMO_result/tradition/Gamma/a4110.png,341,512,0.8347546155727747,0.83257843174347,0.2625449622285681,0.6973442801432924,0.8395535183046877,0.5551350419818971,0.2690003514289856
a4113,/mnt/data_disk/HDRData/1000hdr/HDRtest/a4113-IMG_2800.exr,/mnt/data_disk/ZQL/TIP_TMO_result/tradition/Gamma/a4113.png,341,512,0.719020063852073,0.6947088767331387,0.0014804200173634502,0.17618170801801053,0.35236341603602106,9.703128138813046e-26,0.10287261009216309
a4116,/mnt/data_disk/HDRData/1000hdr/HDRtest/a4116-IMG_2042.exr,/mnt/data_disk/ZQL/TIP_TMO_result/tradition/Gamma/a4116.png,341,512,0.7586113010615338,0.834093382040103,0.0002046086486800816,0.26269815387289014,0.5253963077457803,3.3736335685544343e-60,0.06490399688482285
a4117,/mnt/data_disk/HDRData/1000hdr/HDRtest/a4117-050918_141526__MG_5987.exr,/mnt/data_disk/ZQL/TIP_TMO_result/tradition/Gamma/a4117.png,341,512,0.8467080605806365,0.8654859293210012,0.27685692912243737,0.9396958176385473,0.9096455492354069,0.9697460860416878,0.21581563353538513
a4124,/mnt/data_disk/HDRData/1000hdr/HDRtest/a4124-20080709_at_10h04m23__MG_4561.exr,/mnt/data_disk/ZQL/TIP_TMO_result/tradition/Gamma/a4124.png,341,512,0.8440439923914695,0.8702094463608936,0.2578343272935517,0.4714137371081713,0.9250739273306118,0.017753546885730803,0.1548527628183365
a4127,/mnt/data_disk/HDRData/1000hdr/HDRtest/a4127-DSC_0152.exr,/mnt/data_disk/ZQL/TIP_TMO_result/tradition/Gamma/a4127.png,340,512,0.8127854645791637,0.9743064061791168,0.0335210442804002,0.48077640502905267,0.9615528100581053,7.032268410919997e-19,0.08311931788921356
a4131,/mnt/data_disk/HDRData/1000hdr/HDRtest/a4131-DSC_0001-2.exr,/mnt/data_disk/ZQL/TIP_TMO_result/tradition/Gamma/a4131.png,340,512,0.8087976032705652,0.9256344333464995,0.05743136164546257,0.3937124164453275,0.787422977838063,1.855052591944712e-06,0.09018806368112564
a4134,/mnt/data_disk/HDRData/1000hdr/HDRtest/a4134-IMG_0086.exr,/mnt/data_disk/ZQL/TIP_TMO_result/tradition/Gamma/a4134.png,341,512,0.7994374839018791,0.9500621066602636,0.016080385926910322,0.4537643550278179,0.9075287100556358,1.576378424347996e-27,0.09227857738733292
a4142,/mnt/data_disk/HDRData/1000hdr/HDRtest/a4142-_DGW6275.exr,/mnt/data_disk/ZQL/TIP_TMO_result/tradition/Gamma/a4142.png,341,512,0.8849284638628732,0.8551875346922387,0.4964006911530048,0.3725912661331989,0.740583617940402,0.0045989143259958275,0.21255920827388763
a4143,/mnt/data_disk/HDRData/1000hdr/HDRtest/a4143-LSCRW_0029.exr,/mnt/data_disk/ZQL/TIP_TMO_result/tradition/Gamma/a4143.png,384,512,0.8178941780131511,0.9260011730336266,0.08707581451448243,0.37504608291728614,0.6707498234864062,0.07934234234816602,0.08232953399419785
a4144,/mnt/data_disk/HDRData/1000hdr/HDRtest/a4144-050623_122602__MG_3246.exr,/mnt/data_disk/ZQL/TIP_TMO_result/tradition/Gamma/a4144.png,341,512,0.8463015219688687,0.9570542958933695,0.16630147610872045,0.4333626404127475,0.8658016851978703,0.0009235956276248266,0.11580348014831543
a4150,/mnt/data_disk/HDRData/1000hdr/HDRtest/a4150-_DGW6309.exr,/mnt/data_disk/ZQL/TIP_TMO_result/tradition/Gamma/a4150.png,341,512,0.911591155326133,0.7742762792981839,0.8049017490997926,0.8962149400240432,0.7935373727900937,0.9988925072579927,0.29292958974838257
a4151,/mnt/data_disk/HDRData/1000hdr/HDRtest/a4151-dvf_026.exr,/mnt/data_disk/ZQL/TIP_TMO_result/tradition/Gamma/a4151.png,341,512,0.7649283614567952,0.7791260271331574,0.045893141199230506,0.3044899273486823,0.6089798546739382,2.3426390565281088e-11,0.21133169531822205
a4154,/mnt/data_disk/HDRData/1000hdr/HDRtest/a4154-IMG_4620.exr,/mnt/data_disk/ZQL/TIP_TMO_result/tradition/Gamma/a4154.png,341,512,0.8765736236186197,0.8971059140065648,0.38702393421160364,0.5002828840516028,0.8364571096593434,0.16410865844386216,0.14817993342876434
a4155,/mnt/data_disk/HDRData/1000hdr/HDRtest/a4155-WP_CRW_0237.exr,/mnt/data_disk/ZQL/TIP_TMO_result/tradition/Gamma/a4155.png,341,512,0.8230103255128163,0.8902015428623258,0.14143745982779873,0.37857411450658957,0.756661961880704,0.0004862671324751723,0.131705179810524
a4156,/mnt/data_disk/HDRData/1000hdr/HDRtest/a4156-IMG_0159.exr,/mnt/data_disk/ZQL/TIP_TMO_result/tradition/Gamma/a4156.png,341,512,0.8308765201213265,0.8393476576383337,0.23533446442432962,0.42095360192407566,0.8414343237894423,0.00047288005870899937,0.18465659022331238
a4158,/mnt/data_disk/HDRData/1000hdr/HDRtest/a4158-WP_CRW_4109.exr,/mnt/data_disk/ZQL/TIP_TMO_result/tradition/Gamma/a4158.png,341,512,0.8060929120256725,0.9116964616345206,0.06024143718889846,0.36662105119917066,0.7332421023982236,1.1773583942611016e-13,0.09152842313051224
a4160,/mnt/data_disk/HDRData/1000hdr/HDRtest/a4160-jn_20070824_0167.exr,/mnt/data_disk/ZQL/TIP_TMO_result/tradition/Gamma/a4160.png,341,512,0.7919064574167489,0.883181128122671,0.04042808737977126,0.41153318736603134,0.8230620483226102,4.326409452469228e-06,0.2561933994293213
a4161,/mnt/data_disk/HDRData/1000hdr/HDRtest/a4161-tc_DSC2218.exr,/mnt/data_disk/ZQL/TIP_TMO_result/tradition/Gamma/a4161.png,340,512,0.8320362060972769,0.9876501846982441,0.08232022798266912,0.4641540569851377,0.9281362944698313,0.0001718195004441167,0.16588786244392395
a4167,/mnt/data_disk/HDRData/1000hdr/HDRtest/a4167-IMG_0031.exr,/mnt/data_disk/ZQL/TIP_TMO_result/tradition/Gamma/a4167.png,341,512,0.8225882016941366,0.909820956388727,0.11958361453912188,0.40100926227858713,0.8020139796872334,4.544869940822491e-06,0.1756175011396408
a4170,/mnt/data_disk/HDRData/1000hdr/HDRtest/a4170-jmac_DSC3333.exr,/mnt/data_disk/ZQL/TIP_TMO_result/tradition/Gamma/a4170.png,343,512,0.7662424756552555,0.8238089817653892,0.016790498561770496,0.3241491907254222,0.6482983814508444,3.43113780073068e-23,0.1280357390642166
a4174,/mnt/data_disk/HDRData/1000hdr/HDRtest/a4174-dgw_083.exr,/mnt/data_disk/ZQL/TIP_TMO_result/tradition/Gamma/a4174.png,341,512,0.8991507947432571,0.800596225784762,0.6747885038405949,0.8099879106539454,0.8110297027732025,0.8089461185346883,0.31743738055229187
a4177,/mnt/data_disk/HDRData/1000hdr/HDRtest/a4177-jmac_DSC1412.exr,/mnt/data_disk/ZQL/TIP_TMO_result/tradition/Gamma/a4177.png,340,512,0.8896518358585206,0.9714253705599303,0.35542222836960197,0.8751049714196923,0.8712550211766439,0.8789549216627408,0.09690128266811371
a4178,/mnt/data_disk/HDRData/1000hdr/HDRtest/a4178-IMG_0487.exr,/mnt/data_disk/ZQL/TIP_TMO_result/tradition/Gamma/a4178.png,341,512,0.8135575841111132,0.9744978973249417,0.035449715875614005,0.41748394342889206,0.8349678867342939,1.234902292868245e-10,0.07868125289678574
a4184,/mnt/data_disk/HDRData/1000hdr/HDRtest/a4184-jmac_MG_5507.exr,/mnt/data_disk/ZQL/TIP_TMO_result/tradition/Gamma/a4184.png,341,512,0.8845617868235807,0.8084953393636356,0.570771866733887,0.708138641753435,0.7214236452437158,0.6948536382631542,0.24610599875450134
a4185,/mnt/data_disk/HDRData/1000hdr/HDRtest/a4185-DSC_0055-2.exr,/mnt/data_disk/ZQL/TIP_TMO_result/tradition/Gamma/a4185.png,340,512,0.8522490860656207,0.9423398660940585,0.20840638724545868,0.4513673994344012,0.9020846689871155,0.0006501298816869257,0.1498049944639206
a4188,/mnt/data_disk/HDRData/1000hdr/HDRtest/a4188-_MG_1604.exr,/mnt/data_disk/ZQL/TIP_TMO_result/tradition/Gamma/a4188.png,341,512,0.8460935026461496,0.7953661286590055,0.37323890623972295,0.44144306104194153,0.5705486364004352,0.31233748568344794,0.24261349439620972
a4191,/mnt/data_disk/HDRData/1000hdr/HDRtest/a4191-IMG_4849.exr,/mnt/data_disk/ZQL/TIP_TMO_result/tradition/Gamma/a4191.png,341,512,0.8047865099193167,0.9061943126773352,0.06064438847191243,0.37352065837367426,0.7470413164027637,3.445848221994972e-10,0.14214949309825897
a4194,/mnt/data_disk/HDRData/1000hdr/HDRtest/a4194-LS051026_day_1_arive50.exr,/mnt/data_disk/ZQL/TIP_TMO_result/tradition/Gamma/a4194.png,341,512,0.7962760125574805,0.8707592252691075,0.06342106997050569,0.40094687898383935,0.8018937579676412,3.755556029486889e-14,0.1291975975036621
a4197,/mnt/data_disk/HDRData/1000hdr/HDRtest/a4197-_MG_6428.exr,/mnt/data_disk/ZQL/TIP_TMO_result/tradition/Gamma/a4197.png,341,512,0.907334234947998,0.9798706459749928,0.4399229193839861,0.9722811547703908,0.9889067638914794,0.9556555456493022,0.08898580074310303
a4198,/mnt/data_disk/HDRData/1000hdr/HDRtest/a4198-_DSC6401.exr,/mnt/data_disk/ZQL/TIP_TMO_result/tradition/Gamma/a4198.png,341,512,0.7573904905117095,0.7466237296435198,0.05189679296259981,0.4369348392512323,0.8738696737115931,4.790871451658438e-09,0.2546328008174896
a4199,/mnt/data_disk/HDRData/1000hdr/HDRtest/a4199-jmac_MG_5003.exr,/mnt/data_disk/ZQL/TIP_TMO_result/tradition/Gamma/a4199.png,341,512,0.8022526420242897,0.8457647001887191,0.10747631341639226,0.9453647321396956,0.8996922858267984,0.9910371784525928,0.2666283845901489
a4201,/mnt/data_disk/HDRData/1000hdr/HDRtest/a4201-_DSC0120.exr,/mnt/data_disk/ZQL/TIP_TMO_result/tradition/Gamma/a4201.png,340,512,0.8497754214304086,0.8766115332161363,0.27724073197394367,0.34745618188088323,0.6058254070578268,0.08908695670393961,0.2112671285867691
a4202,/mnt/data_disk/HDRData/1000hdr/HDRtest/a4202-DSC_0439.exr,/mnt/data_disk/ZQL/TIP_TMO_result/tradition/Gamma/a4202.png,343,512,0.8087885474074684,0.9206930633510576,0.06137898302741303,0.42255140119719836,0.8451027933435168,9.050879937942048e-09,0.13878139853477478
a4204,/mnt/data_disk/HDRData/1000hdr/HDRtest/a4204-_DGW7870.exr,/mnt/data_disk/ZQL/TIP_TMO_result/tradition/Gamma/a4204.png,341,512,0.8529368698419295,0.9049103081027958,0.25635876116687467,0.8517716968754359,0.8406209890433153,0.8629224047075565,0.09923384338617325
a4212,/mnt/data_disk/HDRData/1000hdr/HDRtest/a4212-Duggan_090321_5925.exr,/mnt/data_disk/ZQL/TIP_TMO_result/tradition/Gamma/a4212.png,341,512,0.8745143691795234,0.8490016579514504,0.4466544440150777,0.7324994266080256,0.9299480549707757,0.5350507982452755,0.17460818588733673
a4214,/mnt/data_disk/HDRData/1000hdr/HDRtest/a4214-DSC_0267.exr,/mnt/data_disk/ZQL/TIP_TMO_result/tradition/Gamma/a4214.png,343,512,0.7909302638138076,0.9444421460136204,0.0034293381398147115,0.39111803040313253,0.7822360608062651,1.359500704880577e-22,0.121377132833004
a4216,/mnt/data_disk/HDRData/1000hdr/HDRtest/a4216-DSC_0118.exr,/mnt/data_disk/ZQL/TIP_TMO_result/tradition/Gamma/a4216.png,343,512,0.8058361658694355,0.9489258468690803,0.03198914471956536,0.4131441718343811,0.8262883436255772,4.3185039826304396e-11,0.1172715574502945
a4220,/mnt/data_disk/HDRData/1000hdr/HDRtest/a4220-Duggan_090305_5359.exr,/mnt/data_disk/ZQL/TIP_TMO_result/tradition/Gamma/a4220.png,341,512,0.8760638108230351,0.8641596413804257,0.43229749188907896,0.610760002460701,0.7671218196720835,0.45439818524931846,0.18455825746059418
a4228,/mnt/data_disk/HDRData/1000hdr/HDRtest/a4228-DSC_0037-2.exr,/mnt/data_disk/ZQL/TIP_TMO_result/tradition/Gamma/a4228.png,340,512,0.8655017280619931,0.9481091213682484,0.26329176975953994,0.9156981381960576,0.8835787061390392,0.947817570253076,0.08571302145719528
a4230,/mnt/data_disk/HDRData/1000hdr/HDRtest/a4230-Duggan_090426_7798.exr,/mnt/data_disk/ZQL/TIP_TMO_result/tradition/Gamma/a4230.png,341,512,0.7645932398467772,0.8127318767082383,0.02002329905465679,0.42145665750825184,0.8429133150165037,1.2081994821745065e-22,0.17274387180805206
a4231,/mnt/data_disk/HDRData/1000hdr/HDRtest/a4231-Duggan_080326_5786.exr,/mnt/data_disk/ZQL/TIP_TMO_result/tradition/Gamma/a4231.png,341,512,0.7257781098054461,0.6896726264857653,0.015371829812888633,0.3678323625652602,0.7356647251305204,1.3253866952503788e-22,0.08436194807291031
a4232,/mnt/data_disk/HDRData/1000hdr/HDRtest/a4232-Duggan_090323_6181.exr,/mnt/data_disk/ZQL/TIP_TMO_result/tradition/Gamma/a4232.png,341,512,0.7945297352482873,0.8821087406798539,0.04876884634950353,0.6475274762977323,0.8914330735792293,0.4036218790162354,0.23709295690059662
a4235,/mnt/data_disk/HDRData/1000hdr/HDRtest/a4235-DSC_0433.exr,/mnt/data_disk/ZQL/TIP_TMO_result/tradition/Gamma/a4235.png,343,512,0.800386711859687,0.882222632700541,0.06676647974492163,0.29189135871256744,0.5837827173504352,7.469968312547304e-11,0.1399678736925125
a4236,/mnt/data_disk/HDRData/1000hdr/HDRtest/a4236-DSC_0384.exr,/mnt/data_disk/ZQL/TIP_TMO_result/tradition/Gamma/a4236.png,343,512,0.8033575040955636,0.9494283219982204,0.02541864722600185,0.460085432630851,0.920170865261702,4.2052835396428155e-23,0.09242842346429825
a4237,/mnt/data_disk/HDRData/1000hdr/HDRtest/a4237-20090417_at_18h06m01__MG_1955.exr,/mnt/data_disk/ZQL/TIP_TMO_result/tradition/Gamma/a4237.png,341,512,0.7614829672588233,0.8193552026642408,0.009740998490463103,0.2525945897110581,0.5051891794221162,7.005314472014339e-24,0.133829265832901
a4238,/mnt/data_disk/HDRData/1000hdr/HDRtest/a4238-Duggan_090320_5609.exr,/mnt/data_disk/ZQL/TIP_TMO_result/tradition/Gamma/a4238.png,341,512,0.8704325542977138,0.9316046238734014,0.3082969950633762,0.6638856605020068,0.9527662830229826,0.3750050379810311,0.14600269496440887
a4239,/mnt/data_disk/HDRData/1000hdr/HDRtest/a4239-Duggan_080114_4429.exr,/mnt/data_disk/ZQL/TIP_TMO_result/tradition/Gamma/a4239.png,341,512,0.772918300078933,0.8675694445406582,0.006578207623290044,0.30738866837223067,0.6147773367444613,4.835501407222804e-22,0.12509086728096008
a4244,/mnt/data_disk/HDRData/1000hdr/HDRtest/a4244-Duggan_090504_8959.exr,/mnt/data_disk/ZQL/TIP_TMO_result/tradition/Gamma/a4244.png,341,512,0.9650113136964759,0.9053622759609269,0.9222134077730089,0.8734207984106059,0.7604556582533567,0.9863859385678553,0.1476517915725708
a4246,/mnt/data_disk/HDRData/1000hdr/HDRtest/a4246-Duggan_090330_6226.exr,/mnt/data_disk/ZQL/TIP_TMO_result/tradition/Gamma/a4246.png,341,512,0.8153618941370957,0.8365463296821023,0.16973001769775165,0.4160621866063312,0.8321243731218083,9.085410139311598e-11,0.14947818219661713
a4249,/mnt/data_disk/HDRData/1000hdr/HDRtest/a4249-Duggan_090322_6001.exr,/mnt/data_disk/ZQL/TIP_TMO_result/tradition/Gamma/a4249.png,341,512,0.8259506449340961,0.8748238763341631,0.17047966487593286,0.46058150884496246,0.912523627379526,0.008639390310398934,0.20740538835525513
a4254,/mnt/data_disk/HDRData/1000hdr/HDRtest/a4254-DSC_0066.exr,/mnt/data_disk/ZQL/TIP_TMO_result/tradition/Gamma/a4254.png,340,512,0.8704482223517656,0.949918432991323,0.2851441468011717,0.609180157838053,0.8959854414189977,0.32237487425710837,0.08327525109052658
a4258,/mnt/data_disk/HDRData/1000hdr/HDRtest/a4258-_DSC0012-4.exr,/mnt/data_disk/ZQL/TIP_TMO_result/tradition/Gamma/a4258.png,340,512,0.782463346449953,0.8965894388653747,0.009749625110092013,0.42382145593290044,0.8476429118658009,1.0769525752258737e-17,0.053442198783159256
a4262,/mnt/data_disk/HDRData/1000hdr/HDRtest/a4262-DSC_0065.exr,/mnt/data_disk/ZQL/TIP_TMO_result/tradition/Gamma/a4262.png,340,512,0.7994188367228948,0.9067502077314776,0.044096063815619334,0.37032557431703217,0.7406511486141701,1.9894252624149142e-11,0.08471550047397614
a4266,/mnt/data_disk/HDRData/1000hdr/HDRtest/a4266-DSC_0426.exr,/mnt/data_disk/ZQL/TIP_TMO_result/tradition/Gamma/a4266.png,343,512,0.7927170056411493,0.8241539396177496,0.09453284561205567,0.36622152774766664,0.7324410329088469,2.0225864863844774e-06,0.17306752502918243
a4267,/mnt/data_disk/HDRData/1000hdr/HDRtest/a4267-20090414_at_23h13m08__MG_1367.exr,/mnt/data_disk/ZQL/TIP_TMO_result/tradition/Gamma/a4267.png,341,512,0.6374339218408844,0.46859087721455,0.0009404907381905225,0.2445492535427511,0.4890985070855022,5.974245558044835e-50,0.1155075803399086
a4271,/mnt/data_disk/HDRData/1000hdr/HDRtest/a4271-Duggan_090227_5232.exr,/mnt/data_disk/ZQL/TIP_TMO_result/tradition/Gamma/a4271.png,341,512,0.8624552497547738,0.9522177326167047,0.24385008174887454,0.5367479142178501,0.9110565964139075,0.16243923202179272,0.17429746687412262
a4272,/mnt/data_disk/HDRData/1000hdr/HDRtest/a4272-DSC_0398.exr,/mnt/data_disk/ZQL/TIP_TMO_result/tradition/Gamma/a4272.png,343,512,0.8523414224540053,0.8481892852821501,0.3286165397497654,0.8627751435459976,0.7259485233971165,0.9996017636948787,0.10143136978149414
a4275,/mnt/data_disk/HDRData/1000hdr/HDRtest/a4275-09-05-12-at-17h46m31s-_MG_8890.exr,/mnt/data_disk/ZQL/TIP_TMO_result/tradition/Gamma/a4275.png,341,512,0.8112913215564008,0.8756574571694948,0.11098050240335251,0.3779062740928866,0.7558106637416919,1.8844440812625915e-06,0.14529600739479065
a4287,/mnt/data_disk/HDRData/1000hdr/HDRtest/a4287-_DSC0083.exr,/mnt/data_disk/ZQL/TIP_TMO_result/tradition/Gamma/a4287.png,340,512,0.8121573869185387,0.9351562941380178,0.06028182288988764,0.44362974158864815,0.8872594831772631,3.318073018396234e-14,0.10168131440877914
a4291,/mnt/data_disk/HDRData/1000hdr/HDRtest/a4291-20090417_at_18h46m58__MG_2026.exr,/mnt/data_disk/ZQL/TIP_TMO_result/tradition/Gamma/a4291.png,341,512,0.8289952227125781,0.9386307724236841,0.11570110770694406,0.40311176792878917,0.805591196698291,0.0006323391592873189,0.11298311501741409
a4297,/mnt/data_disk/HDRData/1000hdr/HDRtest/a4297-_DSC0034.exr,/mnt/data_disk/ZQL/TIP_TMO_result/tradition/Gamma/a4297.png,340,512,0.7845060943487793,0.8906367671456503,0.017017479114960463,0.37380254333545665,0.7476050866709132,1.4329455171060753e-16,0.1091151237487793
a4298,/mnt/data_disk/HDRData/1000hdr/HDRtest/a4298-Duggan_090504_9090.exr,/mnt/data_disk/ZQL/TIP_TMO_result/tradition/Gamma/a4298.png,341,512,0.8194769878669557,0.8895834416277628,0.12809837729421053,0.8184868615835859,0.7331625003214848,0.903811222845687,0.15472102165222168
a4302,/mnt/data_disk/HDRData/1000hdr/HDRtest/a4302-20090425_at_17h00m59__MG_0404.exr,/mnt/data_disk/ZQL/TIP_TMO_result/tradition/Gamma/a4302.png,341,512,0.9572736159860721,0.8520144464428477,0.9676510130640085,0.8588982874284887,0.7879548159808847,0.9298417588760927,0.25225830078125
a4304,/mnt/data_disk/HDRData/1000hdr/HDRtest/a4304-09-05-19-at-18h03m17s-_MG_9540.exr,/mnt/data_disk/ZQL/TIP_TMO_result/tradition/Gamma/a4304.png,341,512,0.798611523826961,0.8358323745320846,0.1041315605542787,0.33826199700119053,0.6765237764830171,2.1751936396780867e-07,0.15429413318634033
a4307,/mnt/data_disk/HDRData/1000hdr/HDRtest/a4307-20050328_161219__MG_0628.exr,/mnt/data_disk/ZQL/TIP_TMO_result/tradition/Gamma/a4307.png,341,512,0.7832440786371612,0.9222730617570356,0.0010607315772042886,0.44230163345210965,0.8846032669042193,3.9677295819931676e-52,0.0699242651462555
a4308,/mnt/data_disk/HDRData/1000hdr/HDRtest/a4308-Duggan_090209_4996.exr,/mnt/data_disk/ZQL/TIP_TMO_result/tradition/Gamma/a4308.png,341,512,0.9448071254035926,0.8336180887086037,0.9159772406023927,0.884649656422027,0.7774310559360522,0.9918682569080016,0.250350683927536
a4310,/mnt/data_disk/HDRData/1000hdr/HDRtest/a4310-DSC_0007.exr,/mnt/data_disk/ZQL/TIP_TMO_result/tradition/Gamma/a4310.png,340,512,0.7984623703185392,0.9142344252003596,0.03602024694390901,0.42880532375694014,0.8576106475138764,3.841334849318419e-15,0.10743508487939835
a4312,/mnt/data_disk/HDRData/1000hdr/HDRtest/a4312-20090417_at_16h32m44__MG_1867.exr,/mnt/data_disk/ZQL/TIP_TMO_result/tradition/Gamma/a4312.png,341,512,0.7696247914313447,0.8175357195954521,0.028867634536460688,0.31296517043347516,0.6259303408668617,8.863674775795904e-14,0.24852539598941803
a4317,/mnt/data_disk/HDRData/1000hdr/HDRtest/a4317-DSC_0224.exr,/mnt/data_disk/ZQL/TIP_TMO_result/tradition/Gamma/a4317.png,343,512,0.7513357841291898,0.7871373600168452,0.00796857880671825,0.23576073377878848,0.47152146754660235,1.0974586160142171e-11,0.08527471125125885
a4318,/mnt/data_disk/HDRData/1000hdr/HDRtest/a4318-Duggan_090321_5920.exr,/mnt/data_disk/ZQL/TIP_TMO_result/tradition/Gamma/a4318.png,341,512,0.8473492351791626,0.972252223066149,0.15482314676266415,0.4154093368375405,0.8306823244751799,0.00013634919990110009,0.1117175742983818
a4319,/mnt/data_disk/HDRData/1000hdr/HDRtest/a4319-DSC_0132.exr,/mnt/data_disk/ZQL/TIP_TMO_result/tradition/Gamma/a4319.png,340,512,0.7976939968732027,0.9122843174663015,0.0353173499153149,0.35513900021586114,0.7102780004233593,8.362926307570695e-12,0.12577158212661743
a4323,/mnt/data_disk/HDRData/1000hdr/HDRtest/a4323-DSC_0010.exr,/mnt/data_disk/ZQL/TIP_TMO_result/tradition/Gamma/a4323.png,343,512,0.8381081554555434,0.8615510291198708,0.24078580830604673,0.3494003781372538,0.6987202345992138,8.052167529367633e-05,0.17451050877571106
a4324,/mnt/data_disk/HDRData/1000hdr/HDRtest/a4324-DSC_0002.exr,/mnt/data_disk/ZQL/TIP_TMO_result/tradition/Gamma/a4324.png,343,512,0.8560033310902881,0.926569447969006,0.2442539407233137,0.38066889902816303,0.7613283654484834,9.432607842642773e-06,0.12484612315893173
a4326,/mnt/data_disk/HDRData/1000hdr/HDRtest/a4326-DSC_0461.exr,/mnt/data_disk/ZQL/TIP_TMO_result/tradition/Gamma/a4326.png,343,512,0.7190449282225228,0.6853621000092731,0.00544519393451019,0.2879844442023208,0.5759688884046416,2.7792418273220645e-39,0.11671611666679382
a4329,/mnt/data_disk/HDRData/1000hdr/HDRtest/a4329-DSC_0028.exr,/mnt/data_disk/ZQL/TIP_TMO_result/tradition/Gamma/a4329.png,340,512,0.7810588624217586,0.8738484440527009,0.019275690108014845,0.4066204677245445,0.8132409262786846,9.170404432935876e-09,0.06801069527864456
a4331,/mnt/data_disk/HDRData/1000hdr/HDRtest/a4331-_DGW0241.exr,/mnt/data_disk/ZQL/TIP_TMO_result/tradition/Gamma/a4331.png,341,512,0.69201475279239,0.6089049728152981,0.0029258662488570735,0.23441588318755927,0.46883176637511853,4.0147123216748798e-19,0.1155962273478508
a4335,/mnt/data_disk/HDRData/1000hdr/HDRtest/a4335-Duggan_090123_4520.exr,/mnt/data_disk/ZQL/TIP_TMO_result/tradition/Gamma/a4335.png,341,512,0.8267185850572503,0.88378647087546,0.16363525963060502,0.34894574724854965,0.6959985609191793,0.001892933577919942,0.21974970400333405
a4338,/mnt/data_disk/HDRData/1000hdr/HDRtest/a4338-DSC_0206.exr,/mnt/data_disk/ZQL/TIP_TMO_result/tradition/Gamma/a4338.png,343,512,0.8083190974495561,0.8838265139346463,0.09220587848982552,0.42642558494852484,0.817591719369435,0.035259450527614665,0.08947233855724335
a4339,/mnt/data_disk/HDRData/1000hdr/HDRtest/a4339-Duggan_090111_4244.exr,/mnt/data_disk/ZQL/TIP_TMO_result/tradition/Gamma/a4339.png,341,512,0.8967458308870724,0.8478741800246636,0.5781781161958433,0.7154091751640107,0.8320818570087599,0.5987364933192615,0.19811706244945526
a4340,/mnt/data_disk/HDRData/1000hdr/HDRtest/a4340-DSC_0441.exr,/mnt/data_disk/ZQL/TIP_TMO_result/tradition/Gamma/a4340.png,343,512,0.7388089585365379,0.6560642726928074,0.0832843216506736,0.38748884139420864,0.7749768393291554,8.434592618906745e-07,0.12367279082536697
a4342,/mnt/data_disk/HDRData/1000hdr/HDRtest/a4342-DSC_0043.exr,/mnt/data_disk/ZQL/TIP_TMO_result/tradition/Gamma/a4342.png,340,512,0.7679838173304402,0.833309813205189,0.014878276521161528,0.28395278554149994,0.5679055710829999,1.4226152092695522e-20,0.08899537473917007
a4345,/mnt/data_disk/HDRData/1000hdr/HDRtest/a4345-Duggan_080411_5976.exr,/mnt/data_disk/ZQL/TIP_TMO_result/tradition/Gamma/a4345.png,341,512,0.7599778490460369,0.827861390936845,0.003456107051280845,0.33664402558227935,0.6732880511645587,5.871262420520806e-38,0.11020141839981079
a4354,/mnt/data_disk/HDRData/1000hdr/HDRtest/a4354-DSC_0347.exr,/mnt/data_disk/ZQL/TIP_TMO_result/tradition/Gamma/a4354.png,343,512,0.9287637102287528,0.8905299672676787,0.7062336008865251,0.6717221666734225,0.7226226968795051,0.6208216364673401,0.18739022314548492
a4356,/mnt/data_disk/HDRData/1000hdr/HDRtest/a4356-_DSC1335.exr,/mnt/data_disk/ZQL/TIP_TMO_result/tradition/Gamma/a4356.png,341,512,0.6999874108461672,0.5723852981118942,0.0506748737999177,0.3738715988458748,0.7321127339563437,0.015630463735405865,0.066495381295681
a4357,/mnt/data_disk/HDRData/1000hdr/HDRtest/a4357-Duggan_090124_4645.exr,/mnt/data_disk/ZQL/TIP_TMO_result/tradition/Gamma/a4357.png,341,512,0.8296835424325933,0.9218953050373185,0.13501114246724136,0.40262514454027015,0.8052457375985265,4.551482013839808e-06,0.15088637173175812
a4366,/mnt/data_disk/HDRData/1000hdr/HDRtest/a4366-DSC_0447.exr,/mnt/data_disk/ZQL/TIP_TMO_result/tradition/Gamma/a4366.png,343,512,0.801740471956494,0.9404768443209681,0.027029232849598378,0.39169740932883323,0.7833948186576664,1.662094936975588e-16,0.08179241418838501
a4368,/mnt/data_disk/HDRData/1000hdr/HDRtest/a4368-Duggan_090321_5857.exr,/mnt/data_disk/ZQL/TIP_TMO_result/tradition/Gamma/a4368.png,341,512,0.8046889890102397,0.8916390686742741,0.07266146234822693,0.3964527044047971,0.7929054087684049,4.1189270234682294e-11,0.18317852914333344
a4370,/mnt/data_disk/HDRData/1000hdr/HDRtest/a4370-DSC_0080.exr,/mnt/data_disk/ZQL/TIP_TMO_result/tradition/Gamma/a4370.png,340,512,0.7787924376540512,0.8974452158684089,0.0034417839830457224,0.3184661706623443,0.6369323413246886,1.1539038126412546e-45,0.0805322602391243
a4374,/mnt/data_disk/HDRData/1000hdr/HDRtest/a4374-09-05-19-at-17h54m57s-_MG_9531.exr,/mnt/data_disk/ZQL/TIP_TMO_result/tradition/Gamma/a4374.png,341,512,0.8211196860020124,0.9208274414413422,0.1033857120818508,0.39339674604735264,0.7867934838187448,8.275960479403894e-09,0.0967404693365097
a4377,/mnt/data_disk/HDRData/1000hdr/HDRtest/a4377-IMG_4929.exr,/mnt/data_disk/ZQL/TIP_TMO_result/tradition/Gamma/a4377.png,341,512,0.8537042787589121,0.9579994173776565,0.19723667988724009,0.4515690189220733,0.901740503869047,0.0013975339750995374,0.10519246757030487
a4382,/mnt/data_disk/HDRData/1000hdr/HDRtest/a4382-DSC_0261.exr,/mnt/data_disk/ZQL/TIP_TMO_result/tradition/Gamma/a4382.png,343,512,0.8050605894985421,0.8896906816283427,0.07561205725025236,0.4588795360821863,0.9177590717503218,4.1405074132097856e-10,0.144265815615654
a4384,/mnt/data_disk/HDRData/1000hdr/HDRtest/a4384-DSC_0322.exr,/mnt/data_disk/ZQL/TIP_TMO_result/tradition/Gamma/a4384.png,343,512,0.7752665416533503,0.8799218826783349,0.005053240276124396,0.3813535841989375,0.762707168397875,1.1391121093203623e-33,0.10196438431739807
a4385,/mnt/data_disk/HDRData/1000hdr/HDRtest/a4385-_DGW9650.exr,/mnt/data_disk/ZQL/TIP_TMO_result/tradition/Gamma/a4385.png,341,512,0.845946834848823,0.9121773979080651,0.21498126030027978,0.41637516079173936,0.8326940987471431,5.622283633569599e-05,0.15895074605941772
a4386,/mnt/data_disk/HDRData/1000hdr/HDRtest/a4386-Duggan_090124_4632.exr,/mnt/data_disk/ZQL/TIP_TMO_result/tradition/Gamma/a4386.png,341,512,0.7981750704644358,0.9422524247592444,0.017632558476279942,0.36301203876224114,0.7260240775244823,1.5006311740572585e-27,0.08991679549217224
a4392,/mnt/data_disk/HDRData/1000hdr/HDRtest/a4392-Duggan_090331_6554.exr,/mnt/data_disk/ZQL/TIP_TMO_result/tradition/Gamma/a4392.png,341,512,0.8146615378077341,0.8974034410372891,0.10210595162394465,0.45904339383402565,0.9167566951394849,0.0013300925285663785,0.21693415939807892
a4394,/mnt/data_disk/HDRData/1000hdr/HDRtest/a4394-Duggan_090127_4837.exr,/mnt/data_disk/ZQL/TIP_TMO_result/tradition/Gamma/a4394.png,341,512,0.7333044420426579,0.67774460453051,0.04372717404077718,0.3335998859062524,0.6671997716391317,1.7337305927898523e-10,0.17264318466186523
a4395,/mnt/data_disk/HDRData/1000hdr/HDRtest/a4395-Duggan_090503_8734.exr,/mnt/data_disk/ZQL/TIP_TMO_result/tradition/Gamma/a4395.png,341,512,0.8172178649380137,0.8291986140978906,0.18644063938241356,0.9402322060844093,0.9329622062709,0.9475022058979186,0.08259973675012589
a4396,/mnt/data_disk/HDRData/1000hdr/HDRtest/a4396-DSC_0073-2.exr,/mnt/data_disk/ZQL/TIP_TMO_result/tradition/Gamma/a4396.png,340,512,0.7943858242378323,0.911109364108519,0.02754520763833384,0.4105257066458352,0.8210514132916704,1.845595870919704e-20,0.09823816269636154
a4398,/mnt/data_disk/HDRData/1000hdr/HDRtest/a4398-Duggan_050709_1062.exr,/mnt/data_disk/ZQL/TIP_TMO_result/tradition/Gamma/a4398.png,341,512,0.763047045151769,0.8403100413806869,0.0029533500352990814,0.24708161684111343,0.49416323368222687,4.528575062395578e-27,0.11184225231409073
a4399,/mnt/data_disk/HDRData/1000hdr/HDRtest/a4399-Duggan_080410_5879.exr,/mnt/data_disk/ZQL/TIP_TMO_result/tradition/Gamma/a4399.png,341,512,0.7733148472103183,0.8588437870298818,0.011522904170137054,0.3573226678614171,0.7146453357228342,1.5865833850530513e-18,0.07994503527879715
a4409,/mnt/data_disk/HDRData/1000hdr/HDRtest/a4409-Duggan_090503_8738.exr,/mnt/data_disk/ZQL/TIP_TMO_result/tradition/Gamma/a4409.png,341,512,0.9475022473034806,0.8954858163842551,0.8205375111574974,0.5082020166733292,0.8213607682703102,0.19504326507634817,0.19439639151096344
a4419,/mnt/data_disk/HDRData/1000hdr/HDRtest/a4419-_DGW0269.exr,/mnt/data_disk/ZQL/TIP_TMO_result/tradition/Gamma/a4419.png,341,512,0.8990963783808292,0.7623033802232416,0.7456977288419215,0.8349542184171383,0.7390464949103439,0.9308619419239329,0.15784446895122528
a4420,/mnt/data_disk/HDRData/1000hdr/HDRtest/a4420-DSC_0054.exr,/mnt/data_disk/ZQL/TIP_TMO_result/tradition/Gamma/a4420.png,343,512,0.7039571124639582,0.6453756916137315,0.002455353248845086,0.22111038698411065,0.4422207739682213,3.401548923457659e-47,0.1397775560617447
a4421,/mnt/data_disk/HDRData/1000hdr/HDRtest/a4421-Duggan_090214_5129.exr,/mnt/data_disk/ZQL/TIP_TMO_result/tradition/Gamma/a4421.png,341,512,0.9428860542243354,0.9842847518969773,0.644073128270205,0.47456388449833137,0.7312934079631812,0.21783436103348155,0.11314292252063751
a4425,/mnt/data_disk/HDRData/1000hdr/HDRtest/a4425-DSC_0007.exr,/mnt/data_disk/ZQL/TIP_TMO_result/tradition/Gamma/a4425.png,343,512,0.9371631792963656,0.9127044536104439,0.7228590954246051,0.950791455000555,0.9046723993971594,0.9969105106039505,0.15457625687122345
a4430,/mnt/data_disk/HDRData/1000hdr/HDRtest/a4430-09-05-19-at-19h04m03s-_MG_9559.exr,/mnt/data_disk/ZQL/TIP_TMO_result/tradition/Gamma/a4430.png,341,512,0.823095642288445,0.9053287887788493,0.12605806388417043,0.39244677596756017,0.7848885027992886,5.049135831776071e-06,0.09313330054283142
a4431,/mnt/data_disk/HDRData/1000hdr/HDRtest/a4431-Duggan_090330_6282.exr,/mnt/data_disk/ZQL/TIP_TMO_result/tradition/Gamma/a4431.png,341,512,0.954471355142196,0.9151207434182189,0.8328507354746044,0.6985510116000753,0.8113584204495933,0.5857436027505571,0.1647738814353943
a4432,/mnt/data_disk/HDRData/1000hdr/HDRtest/a4432-Duggan_081114_3124.exr,/mnt/data_disk/ZQL/TIP_TMO_result/tradition/Gamma/a4432.png,341,512,0.7823288744677003,0.8114612870714919,0.07111155290564766,0.3738088863310645,0.7476165737604794,1.1989016496763419e-06,0.14013729989528656
a4433,/mnt/data_disk/HDRData/1000hdr/HDRtest/a4433-Duggan_090504_8957.exr,/mnt/data_disk/ZQL/TIP_TMO_result/tradition/Gamma/a4433.png,341,512,0.8304849890846097,0.9430954330246035,0.11704020742399601,0.36139009490636564,0.7227801898106291,2.1022346950582755e-12,0.15024617314338684
a4434,/mnt/data_disk/HDRData/1000hdr/HDRtest/a4434-20090414_at_23h05m38__MG_1365.exr,/mnt/data_disk/ZQL/TIP_TMO_result/tradition/Gamma/a4434.png,341,512,0.6739495235244437,0.5575618329739981,0.0031511690668265826,0.3745376904162542,0.7490753808324259,8.246584975326771e-14,0.04579205438494682
a4435,/mnt/data_disk/HDRData/1000hdr/HDRtest/a4435-WP_CRW_0591.exr,/mnt/data_disk/ZQL/TIP_TMO_result/tradition/Gamma/a4435.png,341,512,0.8322501532108019,0.9213585093002868,0.14584965304700406,0.40390554455690314,0.807779716292325,3.137282148120188e-05,0.15537066757678986
a4436,/mnt/data_disk/HDRData/1000hdr/HDRtest/a4436-DSC_0153.exr,/mnt/data_disk/ZQL/TIP_TMO_result/tradition/Gamma/a4436.png,343,512,0.8309965502063794,0.9469641291870055,0.1152566281624727,0.35284582016638383,0.7056433826482826,4.825768448498827e-05,0.11383481323719025
a4442,/mnt/data_disk/HDRData/1000hdr/HDRtest/a4442-Duggan_080629_9284.exr,/mnt/data_disk/ZQL/TIP_TMO_result/tradition/Gamma/a4442.png,341,512,0.759685256232299,0.8175180238582518,0.007465115764097361,0.2400101081202676,0.4800202162405352,8.681642789659728e-21,0.11427058279514313
a4447,/mnt/data_disk/HDRData/1000hdr/HDRtest/a4447-Duggan_090321_5856.exr,/mnt/data_disk/ZQL/TIP_TMO_result/tradition/Gamma/a4447.png,341,512,0.8324761327439795,0.8497169527489611,0.22955051862621847,0.41929561507542185,0.8264869355416627,0.012104294609180975,0.19843436777591705
a4448,/mnt/data_disk/HDRData/1000hdr/HDRtest/a4448-Duggan_080119_4778.exr,/mnt/data_disk/ZQL/TIP_TMO_result/tradition/Gamma/a4448.png,341,512,0.830557378410022,0.9494348390787221,0.11124904777977404,0.40635521423325155,0.8127104282135119,2.5299118930134547e-10,0.08549133688211441
a4449,/mnt/data_disk/HDRData/1000hdr/HDRtest/a4449-DSC_0030.exr,/mnt/data_disk/ZQL/TIP_TMO_result/tradition/Gamma/a4449.png,343,512,0.7540956847533933,0.8042248844214519,0.004538479971247948,0.2944794142998842,0.5889588285997684,5.443004388545074e-29,0.1140807569026947
a4452,/mnt/data_disk/HDRData/1000hdr/HDRtest/a4452-DSC_0084.exr,/mnt/data_disk/ZQL/TIP_TMO_result/tradition/Gamma/a4452.png,340,512,0.7895844929952015,0.9063156208496886,0.019126005734484253,0.32459827115805084,0.6491965423161016,5.8505683986361e-17,0.13019569218158722
a4455,/mnt/data_disk/HDRData/1000hdr/HDRtest/a4455-Duggan_080106_4325.exr,/mnt/data_disk/ZQL/TIP_TMO_result/tradition/Gamma/a4455.png,341,512,0.8652588286877367,0.6400907509396945,0.7744965619792652,0.6410787511571745,0.5065970310470189,0.7755604712673302,0.2352147102355957
a4456,/mnt/data_disk/HDRData/1000hdr/HDRtest/a4456-DSC_0472.exr,/mnt/data_disk/ZQL/TIP_TMO_result/tradition/Gamma/a4456.png,343,512,0.7736487046794481,0.8522229931279336,0.015858616377998434,0.34380976932618357,0.6876195386523671,2.004782591556543e-23,0.12263421714305878
a4457,/mnt/data_disk/HDRData/1000hdr/HDRtest/a4457-_DSC0012-5.exr,/mnt/data_disk/ZQL/TIP_TMO_result/tradition/Gamma/a4457.png,340,512,0.796887591100932,0.9381004691832497,0.01713146262243775,0.43336400909341266,0.8667280181868253,2.8130734579923206e-28,0.07494136691093445
a4465,/mnt/data_disk/HDRData/1000hdr/HDRtest/a4465-DSC_0051.exr,/mnt/data_disk/ZQL/TIP_TMO_result/tradition/Gamma/a4465.png,340,512,0.7148936985379493,0.685043364952589,0.0004849340473554026,0.167236534425294,0.334473068850588,3.312489260753342e-27,0.0783236101269722
a4466,/mnt/data_disk/HDRData/1000hdr/HDRtest/a4466-20090327_at_11h08m58__MG_0964.exr,/mnt/data_disk/ZQL/TIP_TMO_result/tradition/Gamma/a4466.png,341,512,0.9148347714337512,0.7797120274701955,0.8160003737114323,0.812217607100401,0.686178445012252,0.9382567691885499,0.24706897139549255
a4467,/mnt/data_disk/HDRData/1000hdr/HDRtest/a4467-Duggan_090426_7873.exr,/mnt/data_disk/ZQL/TIP_TMO_result/tradition/Gamma/a4467.png,341,512,0.9483928628703542,0.8478801437011168,0.9136183081551068,0.8766785717971701,0.7603904140611225,0.9929667295332179,0.21493734419345856
a4470,/mnt/data_disk/HDRData/1000hdr/HDRtest/a4470-Duggan_090123_4566.exr,/mnt/data_disk/ZQL/TIP_TMO_result/tradition/Gamma/a4470.png,341,512,0.8823248347037447,0.9406983787796971,0.3575779742224182,0.44904699684843924,0.8217717084030174,0.0763222852938611,0.1685790866613388
a4471,/mnt/data_disk/HDRData/1000hdr/HDRtest/a4471-Duggan_090321_5859.exr,/mnt/data_disk/ZQL/TIP_TMO_result/tradition/Gamma/a4471.png,341,512,0.8504201880688131,0.9356452885493592,0.20785818047101326,0.4137362667475707,0.8267543270293837,0.0007182064657577332,0.17975634336471558
a4472,/mnt/data_disk/HDRData/1000hdr/HDRtest/a4472-Duggan_090504_9026.exr,/mnt/data_disk/ZQL/TIP_TMO_result/tradition/Gamma/a4472.png,341,512,0.8498809024610032,0.8170063946737608,0.36079632117054267,0.38710357669589757,0.7741397406580759,6.741273371922567e-05,0.2933863401412964
a4474,/mnt/data_disk/HDRData/1000hdr/HDRtest/a4474-09-05-19-at-18h56m31s-_MG_9553.exr,/mnt/data_disk/ZQL/TIP_TMO_result/tradition/Gamma/a4474.png,341,512,0.8768691573568973,0.9021330007025125,0.38151825797202504,0.9220763687457012,0.8563627322187265,0.987790005272676,0.10930313915014267
a4476,/mnt/data_disk/HDRData/1000hdr/HDRtest/a4476-IMG_4029.exr,/mnt/data_disk/ZQL/TIP_TMO_result/tradition/Gamma/a4476.png,341,512,0.7568009750936133,0.7776982375919759,0.025284279696773576,0.4281742863962913,0.856348572635991,1.565916783633774e-10,0.11093486100435257
a4477,/mnt/data_disk/HDRData/1000hdr/HDRtest/a4477-20090327_at_06h09m52__MG_0855.exr,/mnt/data_disk/ZQL/TIP_TMO_result/tradition/Gamma/a4477.png,341,512,0.774575482505542,0.8330371324168554,0.030465403244830113,0.27940227304019055,0.5588045459967644,8.361663277972344e-11,0.1746441274881363
a4479,/mnt/data_disk/HDRData/1000hdr/HDRtest/a4479-09-05-19-at-18h39m42s-_MG_9545.exr,/mnt/data_disk/ZQL/TIP_TMO_result/tradition/Gamma/a4479.png,341,512,0.8408772483179454,0.8613861996540741,0.25408102062259846,0.39584252326224195,0.7815853459436537,0.010099700580830233,0.17390184104442596
a4480,/mnt/data_disk/HDRData/1000hdr/HDRtest/a4480-Duggan_090201_4896.exr,/mnt/data_disk/ZQL/TIP_TMO_result/tradition/Gamma/a4480.png,341,512,0.7862544654223451,0.8394128575235901,0.05873292586253099,0.37480058351600865,0.7496011665954241,4.365931524734832e-10,0.20520824193954468
a4487,/mnt/data_disk/HDRData/1000hdr/HDRtest/a4487-Duggan_090322_5971.exr,/mnt/data_disk/ZQL/TIP_TMO_result/tradition/Gamma/a4487.png,341,512,0.7697786939621649,0.8344938360029438,0.018024605013168764,0.3542011042554402,0.7084022085108804,1.26519920609259e-19,0.1486605405807495
